CASE_ID,ACCIDENT_YEAR,PROC_DATE,JURIS,COLLISION_DATE,COLLISION_TIME,OFFICER_ID,REPORTING_DISTRICT,DAY_OF_WEEK,CHP_SHIFT,POPULATION,CNTY_CITY_LOC,SPECIAL_COND,BEAT_TYPE,CHP_BEAT_TYPE,CITY_DIVISION_LAPD,CHP_BEAT_CLASS,BEAT_NUMBER,PRIMARY_RD,SECONDARY_RD,DISTANCE,DIRECTION,INTERSECTION,WEATHER_1,WEATHER_2,STATE_HWY_IND,CALTRANS_COUNTY,CALTRANS_DISTRICT,STATE_ROUTE,ROUTE_SUFFIX,POSTMILE_PREFIX,POSTMILE,LOCATION_TYPE,RAMP_INTERSECTION,SIDE_OF_HWY,TOW_AWAY,COLLISION_SEVERITY,NUMBER_KILLED,NUMBER_INJURED,PARTY_COUNT,PRIMARY_COLL_FACTOR,PCF_CODE_OF_VIOL,PCF_VIOL_CATEGORY,PCF_VIOLATION,PCF_VIOL_SUBSECTION,HIT_AND_RUN,TYPE_OF_COLLISION,MVIW,PED_ACTION,ROAD_SURFACE,ROAD_COND_1,ROAD_COND_2,LIGHTING,CONTROL_DEVICE,CHP_ROAD_TYPE,PEDESTRIAN_ACCIDENT,BICYCLE_ACCIDENT,MOTORCYCLE_ACCIDENT,TRUCK_ACCIDENT,NOT_PRIVATE_PROPERTY,ALCOHOL_INVOLVED,STWD_VEHTYPE_AT_FAULT,CHP_VEHTYPE_AT_FAULT,COUNT_SEVERE_INJ,COUNT_VISIBLE_INJ,COUNT_COMPLAINT_PAIN,COUNT_PED_KILLED,COUNT_PED_INJURED,COUNT_BICYCLIST_KILLED,COUNT_BICYCLIST_INJURED,COUNT_MC_KILLED,COUNT_MC_INJURED,PRIMARY_RAMP,SECONDARY_RAMP,LATITUDE,LONGITUDE,COUNTY,CITY,POINT_X,POINT_Y
8363461,2017,2017-05-16,3015,2017-04-29,0231,1515,25E,6,5,6,3015,0,0,0,NA,0,001,N BATAVIA ST,W BARKLEY ST,1,S,N,A,-,N,NA,NA,NA,NA,NA,NA,NA,NA,NA,Y,3,0,1,2,A,-,01,23152,A,N,C,C,A,A,H,-,C,D,0,NA,NA,NA,NA,Y,Y,A,01,0,1,0,0,0,0,0,0,0,-,-,NA,NA,ORANGE,ORANGE,-117.86183,33.80140726
8364470,2017,2017-05-24,3019,2017-04-29,1143,2098,SE,6,5,7,3019,0,0,0,NA,0,005,WARNER,GRAND,180,E,N,A,-,N,NA,NA,NA,NA,NA,NA,NA,NA,NA,Y,2,0,1,1,A,-,03,22350,NA,N,-,A,A,A,H,-,A,A,0,NA,NA,Y,NA,Y,NA,C,02,1,0,0,0,0,0,0,0,1,-,-,NA,NA,ORANGE,SANTA ANA,-117.84998952,33.7159
8365867,2017,2017-06-13,3002,2017-04-18,1100,6844,740D4,2,5,5,3025,0,0,0,NA,0,002,YORBA LINDA BL,FAIRMONT BL,200,W,N,A,-,N,NA,NA,NA,NA,NA,NA,NA,NA,NA,N,4,0,1,2,D,-,00,NA,NA,N,G,B,F,A,H,-,A,D,0,Y,NA,NA,NA,Y,NA,-,-,0,0,1,0,1,0,0,0,0,-,-,NA,NA,ORANGE,YORBA LINDA,-117.79120365,33.88871
8367385,2017,2017-05-24,3010,2017-04-23,1444,1118,188,7,5,6,3010,0,0,0,NA,0,007,SPRINGDALE,SLATER,0,NA,Y,A,-,N,NA,NA,NA,NA,NA,NA,NA,NA,NA,Y,3,0,4,2,A,-,09,21801,A,N,D,C,A,A,H,-,A,A,0,NA,NA,NA,NA,Y,NA,A,07,0,1,3,0,0,0,0,0,0,-,-,NA,NA,ORANGE,HUNTINGTON BEACH,-118.02385,33.70818007
8367572,2017,2017-05-23,3024,2017-03-31,1720,420,P01,5,5,5,3024,0,0,0,NA,0,WEST,BOLSA CHICA RD,OLD BOLSA CHICA RD,0,NA,Y,A,-,N,NA,NA,NA,NA,NA,NA,NA,NA,NA,Y,3,0,2,3,A,-,03,22350,NA,F,C,C,A,A,H,-,A,A,0,NA,NA,Y,NA,Y,Y,A,01,0,1,1,0,0,0,0,0,1,-,-,NA,NA,ORANGE,WESTMINSTER,-118.04218012,33.77039004
8367951,2017,2017-05-24,3008,2017-01-30,0807,1158,NA,1,5,6,3008,0,0,0,NA,0,NA,HARBOR BL,LAMBERT RD,0,NA,Y,A,-,N,NA,NA,NA,NA,NA,NA,NA,NA,NA,Y,4,0,2,2,A,-,15,26453,NA,N,D,C,A,A,H,-,-,A,0,NA,NA,NA,NA,Y,NA,A,07,0,0,2,0,0,0,0,0,0,-,-,NA,NA,ORANGE,FULLERTON,-117.93306005,33.92462005
8368089,2017,2017-05-18,3019,2017-04-14,1927,3424,WE,5,5,7,3019,0,0,0,NA,0,001,EUCLID ST,LUCKY WY,48,N,N,A,-,N,NA,NA,NA,NA,NA,NA,NA,NA,NA,N,4,0,1,2,A,-,03,22350,NA,N,C,C,A,A,H,-,B,D,0,NA,NA,NA,NA,Y,NA,A,01,0,0,1,0,0,0,0,0,0,-,-,33.74308,-117.93763,ORANGE,SANTA ANA,-117.93745,33.7430116
8368109,2017,2017-05-18,3019,2017-04-13,0949,3489,SC,4,5,7,3019,0,0,0,NA,0,003,MCFADDEN AV,GENOA DR,10,W,N,A,-,N,NA,NA,NA,NA,NA,NA,NA,NA,NA,N,2,0,1,2,A,-,08,22107,NA,N,H,G,A,A,H,-,A,D,0,NA,Y,NA,NA,Y,NA,L,04,1,0,0,0,0,0,1,0,0,-,-,33.73826,-117.93544,ORANGE,SANTA ANA,-117.93524282,33.73819
8368222,2017,2017-05-24,3000,2017-05-04,1510,6717,891H2,4,5,5,3050,0,0,0,NA,0,18760,SERRANO RD,WINDING WY,55,S,N,A,-,N,NA,NA,NA,NA,NA,NA,NA,NA,NA,Y,4,0,1,2,A,-,09,21801,A,N,F,C,A,A,H,-,A,D,0,NA,NA,NA,NA,Y,NA,A,01,0,0,1,0,0,0,0,0,0,-,-,33.38475,-117.41243,ORANGE,LAKE FOREST,-117.69008986,33.6465752
8368411,2017,2017-05-23,3019,2017-05-03,2116,3249,SE,3,5,7,3019,0,0,0,NA,0,003,1ST ST,CYPRESS AV,0,NA,Y,A,-,N,NA,NA,NA,NA,NA,NA,NA,NA,NA,Y,4,0,1,2,A,-,09,21800,D,M,D,C,A,A,H,-,E,B,0,NA,NA,NA,NA,Y,NA,A,01,0,0,1,0,0,0,0,0,0,-,-,NA,NA,ORANGE,SANTA ANA,-117.86647004,33.74541007
8368618,2017,2017-05-22,3000,2017-04-18,1321,5805,862C5,2,5,5,3050,0,0,0,NA,0,764,LAKE FOREST DR,TOWNE CENTRE DR,20,E,N,A,-,N,NA,NA,NA,NA,NA,NA,NA,NA,NA,Y,4,0,2,2,A,-,12,21453,A,N,D,C,A,A,H,-,A,A,0,NA,NA,NA,NA,Y,NA,A,01,0,0,2,0,0,0,0,0,0,-,-,NA,NA,ORANGE,LAKE FOREST,-117.65966937,33.67370302
8369612,2017,2017-05-31,3000,2017-05-04,0635,1056,892B5,4,5,5,3028,0,0,0,NA,0,051,VIA CUERVO,CALLE ALCALA,492,S,N,B,-,N,NA,NA,NA,NA,NA,NA,NA,NA,NA,Y,4,0,1,3,A,-,08,22107,NA,N,B,E,A,A,H,-,A,D,0,NA,NA,NA,NA,Y,NA,A,07,0,0,1,0,0,0,0,0,0,-,-,33.62498,-117.66738,ORANGE,MISSION VIEJO,-117.66650333,33.62530141
8370099,2017,2017-05-22,3019,2017-05-05,1449,2771,SE,5,5,7,3019,0,0,0,NA,0,003,MAIN ST,BISHOP ST,84,N,N,A,-,N,NA,NA,NA,NA,NA,NA,NA,NA,NA,Y,3,0,3,1,A,-,00,23153,F,F,E,I,A,A,H,-,A,D,0,NA,NA,NA,NA,Y,NA,A,07,0,1,2,0,0,0,0,0,0,-,-,33.73932,-117.8676,ORANGE,SANTA ANA,-117.86770812,33.73968026
8372280,2017,2017-05-30,3001,2017-04-02,1353,A1555,D-2,7,5,7,3001,0,0,0,NA,0,022,LOARA ST,CRESCENT AV,0,NA,Y,A,-,N,NA,NA,NA,NA,NA,NA,NA,NA,NA,Y,3,0,5,2,A,-,09,21801,A,N,A,C,A,A,H,-,A,A,0,NA,NA,NA,NA,Y,NA,A,08,0,4,1,0,0,0,0,0,0,-,-,NA,NA,ORANGE,ANAHEIM,-117.93726,33.83980001
8373765,2017,2017-06-07,3010,2017-05-17,1340,1059,158,3,5,6,3010,0,0,0,NA,0,007,SPRINGDALE ST,EDINGER AV,50,S,N,A,-,N,NA,NA,NA,NA,NA,NA,NA,NA,NA,Y,4,0,1,2,A,-,06,21755,NA,N,B,C,A,A,H,-,A,A,0,NA,NA,NA,Y,Y,NA,A,01,0,0,1,0,0,0,0,0,0,-,-,NA,NA,ORANGE,HUNTINGTON BEACH,-118.02414748,33.72983369
8374444,2017,2017-06-02,3024,2017-04-28,1318,161,P 33,5,5,5,3024,0,0,0,NA,0,EAST,MAGNOLIA ST,BOLSA AV,605,S,N,A,-,N,NA,NA,NA,NA,NA,NA,NA,NA,NA,Y,3,0,2,2,A,-,09,21801,A,N,D,C,A,A,H,-,A,D,0,NA,NA,NA,NA,Y,NA,A,01,0,1,1,0,0,0,0,0,0,-,-,NA,NA,ORANGE,WESTMINSTER,-117.97225423,33.74317127
8374446,2017,2017-06-06,3008,2017-02-07,1521,1297,NA,2,5,6,3008,0,0,0,NA,0,ZONE2,LEMON AV,VALENCIA AV,0,NA,Y,B,-,N,NA,NA,NA,NA,NA,NA,NA,NA,NA,N,3,0,1,2,A,-,12,21453,A,N,-,G,A,A,H,-,A,A,0,NA,Y,NA,NA,Y,Y,L,04,0,1,0,0,0,0,1,0,0,-,-,NA,NA,ORANGE,FULLERTON,-117.91989005,33.86621008
8374454,2017,2017-06-06,3008,2017-02-03,1542,1297,NA,5,5,6,3008,0,0,0,NA,0,0Z1,BASTANCHURY RD,MALVERN AV,0,NA,Y,B,-,N,NA,NA,NA,NA,NA,NA,NA,NA,NA,N,4,0,1,2,A,-,03,22350,NA,N,C,C,A,A,H,-,A,A,0,NA,NA,NA,NA,Y,NA,A,01,0,0,1,0,0,0,0,0,0,-,-,NA,NA,ORANGE,FULLERTON,-117.95776009,33.87662006
8375028,2017,2017-06-08,3026,2017-05-18,1412,4779,CROSS,4,5,6,3026,0,0,0,NA,0,004,CULVER DR,BARRANCA PKWY,345,N,N,A,-,N,NA,NA,NA,NA,NA,NA,NA,NA,NA,N,4,0,1,2,A,-,03,22350,NA,N,C,C,A,A,H,-,A,A,0,NA,NA,NA,NA,Y,NA,D,22,0,0,1,0,0,0,0,0,0,-,-,33.68424,-117.80848,ORANGE,IRVINE,-117.80767779,33.68481221
8375069,2017,2017-06-02,3009,2017-05-15,1740,3397,72,1,5,6,3009,0,0,0,NA,0,012,DALE AV,HOPI RD,152,N,N,A,-,N,NA,NA,NA,NA,NA,NA,NA,NA,NA,Y,4,0,1,2,A,-,03,22350,NA,N,C,C,A,A,H,-,A,D,0,NA,NA,NA,NA,Y,NA,A,01,0,0,1,0,0,0,0,0,0,-,-,NA,NA,ORANGE,GARDEN GROVE,-117.98421,33.79419675
8375348,2017,2017-06-07,3012,2017-05-10,1733,571,48,3,5,5,3012,0,0,0,NA,0,004,IMPERIAL HWY,VILLAGE DR,2,W,N,A,-,N,NA,NA,NA,NA,NA,NA,NA,NA,NA,N,4,0,1,2,A,-,05,21650,1,N,D,G,A,A,H,-,A,A,0,NA,Y,NA,NA,Y,NA,L,04,0,0,1,0,0,0,1,0,0,-,-,NA,NA,ORANGE,LA HABRA,-117.93736658,33.91737996
8375361,2017,2017-06-07,3026,2017-05-09,1032,4779,C,2,5,6,3026,0,0,0,NA,0,00C,CULVER DR,WARNER AV,28,S,N,B,-,N,NA,NA,NA,NA,NA,NA,NA,NA,NA,Y,3,0,1,2,A,-,07,21658,A,N,B,C,A,A,H,-,A,A,0,NA,NA,NA,NA,Y,NA,A,01,0,1,0,0,0,0,0,0,0,-,-,NA,NA,ORANGE,IRVINE,-117.80416794,33.68833045
8375630,2017,2017-06-09,3003,2017-05-24,1322,665,23,3,5,5,3003,0,0,0,NA,0,008,STANTON AV,AUTO CENTER DR,164,S,N,A,-,N,NA,NA,NA,NA,NA,NA,NA,NA,NA,N,4,0,1,2,A,-,03,22350,NA,N,C,C,A,A,H,-,A,A,0,NA,NA,NA,NA,Y,NA,A,01,0,0,1,0,0,0,0,0,0,-,-,33.8641,-117.9937,ORANGE,BUENA PARK,-117.99380405,33.86481039
8376170,2017,2017-06-05,3004,2017-03-22,0941,3317,NA,3,5,6,3004,0,0,0,NA,0,NA,MACARTHUR BL,HARBOR BL,50,W,N,B,-,N,NA,NA,NA,NA,NA,NA,NA,NA,NA,N,4,0,1,2,A,-,03,22350,NA,N,C,C,A,A,H,-,A,A,0,NA,NA,NA,NA,Y,NA,A,07,0,0,1,0,0,0,0,0,0,-,-,33.70218,-117.92006,ORANGE,COSTA MESA,-117.91981401,33.70202
8376420,2017,2018-04-04,3004,2017-05-14,0729,P527,20,7,5,6,3004,0,0,0,NA,0,008,FAIRVIEW RD,RT 405,0,NA,Y,A,-,Y,ORA,12,405,-,-,10.933,R,4,S,Y,4,0,1,2,A,-,12,21453,A,N,D,C,A,A,H,-,A,A,0,NA,NA,NA,NA,Y,NA,-,-,0,0,1,0,0,0,0,0,0,-,-,33.68734,-117.90796,ORANGE,COSTA MESA,-117.91031646,33.68776488
8376596,2017,2018-03-30,3012,2017-05-10,1512,288,12,3,5,5,3012,0,0,0,NA,0,0NW,WHITTIER BL,HACIENDA RD,0,NA,Y,A,-,Y,ORA,12,39,-,-,20.88,I,5,S,N,3,0,1,2,A,-,09,21801,A,N,D,C,A,A,H,-,A,A,0,NA,NA,Y,NA,Y,NA,A,01,0,1,0,0,0,0,0,0,1,-,-,NA,NA,ORANGE,LA HABRA,-117.96449467,33.939608
8379323,2017,2017-07-07,3000,2017-04-23,2051,9681,892C5,7,5,5,3028,0,0,0,NA,0,754,TRABUCO RD,VIA MADRIGAL,169,N,N,A,-,N,NA,NA,NA,NA,NA,NA,NA,NA,NA,Y,4,0,1,2,A,-,05,21651,A,N,D,C,A,A,H,-,C,D,0,NA,NA,NA,NA,Y,NA,A,01,0,0,1,0,0,0,0,0,0,-,-,NA,NA,ORANGE,MISSION VIEJO,-117.66162617,33.62583608
8379331,2017,2017-07-07,3019,2017-04-19,1712,3198,NE,3,5,7,3019,0,0,0,NA,0,002,8TH ST,BUSH ST,0,NA,Y,A,-,N,NA,NA,NA,NA,NA,NA,NA,NA,NA,Y,3,0,1,2,A,-,09,21802,A,N,D,C,A,A,H,-,A,A,0,NA,NA,NA,NA,Y,NA,A,01,0,1,0,0,0,0,0,0,0,-,-,33.75163,-117.86673,ORANGE,SANTA ANA,-117.86660005,33.75142004
8380373,2017,2017-06-02,3015,2017-04-20,2032,1515,137,4,5,6,3015,0,0,0,NA,0,741,E SERRANO AV,N APACHE CREEK RD,0,NA,Y,A,-,N,NA,NA,NA,NA,NA,NA,NA,NA,NA,NA,3,0,5,2,A,-,03,22350,A,N,C,C,A,A,H,-,D,A,0,NA,NA,NA,NA,Y,Y,A,01,0,2,3,0,0,0,0,0,0,-,-,NA,NA,ORANGE,ORANGE,-117.77714002,33.82610004
8381683,2017,2017-06-13,3014,2017-05-26,1848,1494,RD33,5,5,5,3014,0,0,0,NA,0,0A3,JAMBOREE RD,BAYVIEW WY,14,N,N,A,-,N,NA,NA,NA,NA,NA,NA,NA,NA,NA,Y,4,0,2,3,A,-,08,22100,A,N,B,C,A,A,H,-,A,A,0,NA,NA,NA,NA,Y,NA,A,01,0,0,2,0,0,0,0,0,0,-,-,33.6531,-117.86681,ORANGE,NEWPORT BEACH,-117.86672595,33.65293654
8382008,2017,2017-06-14,3013,2017-05-19,1610,121,NA,5,5,3,3013,0,0,0,NA,0,SOUTH,KATELLA AV,WALLINGSFORD RD,121,W,N,A,-,N,NA,NA,NA,NA,NA,NA,NA,NA,NA,N,4,0,2,2,A,-,03,22350,NA,N,C,C,A,A,H,-,A,A,0,NA,NA,NA,NA,Y,NA,I,11,0,0,2,0,0,0,0,0,0,-,-,NA,NA,ORANGE,LOS ALAMITOS,-118.07483743,33.80303
8382136,2017,2017-06-15,3000,2017-05-13,1300,2849,862B5,6,5,5,3050,0,0,0,NA,0,762,BAKE PKWY,TOWNE CENTRE DR,440,W,N,B,-,N,NA,NA,NA,NA,NA,NA,NA,NA,NA,Y,4,0,3,2,A,-,07,21658,A,N,C,C,A,A,H,-,A,D,0,NA,NA,NA,NA,Y,NA,A,01,0,0,3,0,0,0,0,0,0,-,-,NA,NA,ORANGE,LAKE FOREST,-117.66542194,33.67422428
8382315,2017,2017-06-13,3014,2017-05-30,0714,1179,RD29,2,5,5,3014,0,0,0,NA,0,0A2,IRVINE AV,BAYCREST RD,33,N,N,B,-,N,NA,NA,NA,NA,NA,NA,NA,NA,NA,Y,3,0,2,1,A,-,08,22107,NA,N,E,I,A,A,H,-,A,D,0,NA,NA,NA,NA,Y,NA,A,01,0,1,1,0,0,0,0,0,0,-,-,33.63772,-117.89917,ORANGE,NEWPORT BEACH,-117.8994106,33.6377594
8383259,2017,2017-06-05,3004,2017-04-30,1556,P542,18,7,5,6,3004,0,0,0,NA,0,015,ELM AV,ROYAL PALM DR,39,E,N,A,-,N,NA,NA,NA,NA,NA,NA,NA,NA,NA,Y,4,0,1,4,A,-,08,22107,NA,N,B,E,A,A,H,-,A,D,0,NA,NA,NA,NA,Y,NA,A,01,0,0,1,0,0,0,0,0,0,-,-,33.6742,-117.9218,ORANGE,COSTA MESA,-117.92203,33.67439
8383615,2017,2017-06-08,3024,2017-05-24,1153,329,P17,3,5,5,3024,0,0,0,NA,0,WEST,GOLDENWEST ST,SPRUCE ST,0,NA,Y,A,-,N,NA,NA,NA,NA,NA,NA,NA,NA,NA,Y,4,0,1,2,A,-,09,21801,A,N,D,C,A,A,H,-,A,D,0,NA,NA,NA,NA,Y,NA,A,07,0,0,1,0,0,0,0,0,0,-,-,NA,NA,ORANGE,WESTMINSTER,-118.00713002,33.75729007
8383749,2017,2017-06-09,3015,2017-04-29,1506,1098,47E,6,5,6,3015,0,0,0,NA,0,731,NORTH GLASSELL ST,EAST LINCOLN AV,202,N,N,A,-,N,NA,NA,NA,NA,NA,NA,NA,NA,NA,N,3,0,1,3,A,-,08,22107,NA,N,B,E,A,A,H,-,A,D,0,NA,NA,NA,NA,Y,NA,A,01,0,1,0,0,0,0,0,0,0,-,-,NA,NA,ORANGE,ORANGE,-117.85248,33.83616229
8384180,2017,2017-06-26,3009,2017-05-25,0919,4438,117,4,5,6,3009,0,0,0,NA,0,2-3,LAKE ST,MORNIGNSIDE DR,0,NA,N,B,-,N,NA,NA,NA,NA,NA,NA,NA,NA,NA,Y,4,0,1,2,A,-,05,21650,NA,N,B,D,A,A,H,-,A,D,0,NA,NA,NA,NA,Y,NA,A,01,0,0,1,0,0,0,0,0,0,-,-,NA,NA,ORANGE,GARDEN GROVE,-117.94428004,33.75641004
8384274,2017,2017-06-29,3001,2017-05-11,1455,2227,NA,4,5,7,3001,0,0,0,NA,0,0D1,NORTH MAGNOLIA AV,WEST GLENCREST AV,240,N,N,A,-,N,NA,NA,NA,NA,NA,NA,NA,NA,NA,Y,4,0,1,4,A,-,08,22107,NA,N,C,E,A,A,H,-,A,D,0,NA,NA,NA,NA,Y,NA,D,22,0,0,1,0,0,0,0,0,0,-,-,NA,NA,ORANGE,ANAHEIM,-117.9760851,33.84093799
8384986,2017,2017-07-06,3014,2017-06-22,1426,1418,RD29,4,5,5,3014,0,0,0,NA,0,0A2,IRVINE AV,FRANCISCO DR,0,NA,Y,A,-,N,NA,NA,NA,NA,NA,NA,NA,NA,NA,Y,3,0,2,2,A,-,00,22108,A,N,D,C,A,A,H,-,A,D,0,NA,NA,NA,NA,Y,NA,A,01,0,1,1,0,0,0,0,0,0,-,-,33.6402,-117.8968,ORANGE,NEWPORT BEACH,-117.89694011,33.64021009
8386084,2017,2017-07-13,3020,2017-05-29,1211,246,NA,1,5,4,3020,0,0,0,NA,0,SOUTH,SEAL BEACH BL,MARLIN AV,7,S,N,B,-,N,NA,NA,NA,NA,NA,NA,NA,NA,NA,N,3,0,1,2,A,-,09,21801,A,N,D,G,A,A,H,-,A,D,0,NA,Y,NA,NA,Y,NA,A,01,0,1,0,0,0,0,1,0,0,-,-,NA,NA,ORANGE,SEAL BEACH,-118.09441167,33.74237347
8386462,2017,2018-03-22,3014,2017-05-13,0626,1253,RD15,6,5,5,3014,0,0,0,NA,0,0A1,RT 55,VIA LIDO,0,NA,Y,A,-,Y,ORA,12,55,-,-,0.17,H,-,N,Y,4,0,1,2,A,-,12,21453,A,N,D,C,A,A,H,-,A,A,0,NA,NA,NA,NA,Y,NA,A,01,0,0,1,0,0,0,0,0,0,-,-,33.61859,-117.92995,ORANGE,NEWPORT BEACH,-117.92987137,33.61966094
8386505,2017,2018-04-02,3010,2017-05-22,2052,1231,462,1,5,6,3010,0,0,0,NA,0,002,RT 1,TWIN DOLPHIN,244,E,N,A,-,Y,ORA,12,1,-,-,24.004,H,-,S,Y,4,0,3,4,A,-,08,22107,NA,N,B,C,A,A,H,-,C,D,0,NA,NA,NA,NA,Y,NA,A,01,0,0,3,0,0,0,0,0,0,-,-,NA,NA,ORANGE,HUNTINGTON BEACH,-117.99195099,33.65086871
8386518,2017,2018-04-23,3010,2017-05-25,0708,1176,162,4,5,6,3010,0,0,0,NA,0,008,RT 1,24TH ST,46,S,N,B,-,Y,ORA,12,1,-,-,30.97,H,-,S,Y,4,0,4,3,A,-,09,21804,A,N,D,C,A,A,H,-,A,D,0,NA,NA,NA,NA,Y,NA,A,01,0,0,4,0,0,0,0,0,0,-,-,NA,NA,ORANGE,HUNTINGTON BEACH,-118.07602302,33.72309383
8386933,2017,2018-03-30,3010,2017-06-06,1524,1176,293,2,5,6,3010,0,0,0,NA,0,006,RT 39,SPEER,150,S,N,B,-,Y,ORA,12,39,-,-,4.001,I,5,N,N,4,0,2,4,A,-,03,22350,NA,N,C,C,A,A,H,-,A,D,0,NA,NA,NA,NA,Y,NA,A,01,0,0,2,0,0,0,0,0,0,-,-,NA,NA,ORANGE,HUNTINGTON BEACH,-117.98913153,33.70661689
8388133,2017,2017-06-13,3001,2017-04-11,1100,0705,NA,2,5,7,3001,0,0,0,NA,0,0D3,EAST LA PALMA AV,SEQUOIA AV,11,NA,N,A,-,N,NA,NA,NA,NA,NA,NA,NA,NA,NA,N,4,0,1,2,A,-,10,21950,A,N,G,B,C,A,H,-,A,D,0,Y,NA,NA,NA,Y,NA,A,01,0,0,1,0,1,0,0,0,0,-,-,NA,NA,ORANGE,ANAHEIM,NA,NA
8389155,2017,2018-04-23,3000,2017-05-13,1250,3358,972D1,6,5,4,3018,0,0,0,NA,0,731,RT 74,AVE LOS CERRITOS,120,W,N,A,-,Y,ORA,12,74,-,-,0.05,H,-,E,N,4,0,1,2,A,-,03,22350,NA,N,C,C,A,A,H,-,A,A,0,NA,NA,NA,NA,Y,NA,D,22,0,0,1,0,0,0,0,0,0,-,-,NA,NA,ORANGE,SAN JUAN CAPISTRANO,-117.65774742,33.5026897
8389202,2017,2017-06-26,3004,2017-05-01,0825,P462,33,1,5,6,3004,0,0,0,NA,0,005,BRISTOL ST,ANTON BL,0,NA,Y,A,-,N,NA,NA,NA,NA,NA,NA,NA,NA,NA,Y,4,0,2,2,A,-,12,21453,A,N,D,C,A,A,H,-,A,A,0,NA,NA,NA,NA,Y,NA,D,22,0,0,2,0,0,0,0,0,0,-,-,33.6902,-117.8858,ORANGE,COSTA MESA,-117.8856301,33.69022003
8389602,2017,2017-06-16,3010,2017-05-18,1754,1176,442,4,5,6,3010,0,0,0,NA,0,003,ADAMS,COLDWATER,0,NA,Y,A,-,N,NA,NA,NA,NA,NA,NA,NA,NA,NA,NA,4,0,1,2,A,-,09,21801,A,N,D,C,A,A,H,-,A,A,0,NA,NA,NA,NA,Y,NA,A,07,0,0,1,0,0,0,0,0,0,-,-,NA,NA,ORANGE,HUNTINGTON BEACH,-117.98581007,33.67227009
8390221,2017,2017-06-19,3001,2017-04-18,1943,1410,NA,2,5,7,3001,0,0,0,NA,0,D-3,DISNEYLAND DR,WEST KATELLA AV,755,N,N,A,-,N,NA,NA,NA,NA,NA,NA,NA,NA,NA,N,4,0,1,2,A,-,11,21456,B,N,G,B,B,A,H,-,B,A,0,Y,NA,NA,NA,Y,NA,N,60,0,0,1,0,1,0,0,0,0,-,-,NA,NA,ORANGE,ANAHEIM,-117.92408,33.80547989
8390531,2017,2017-08-09,3026,2017-05-25,1524,8929,UNIVE,4,5,6,3026,0,0,0,NA,0,003,BERKELEY,HARVARD AV,7,S,N,A,-,N,NA,NA,NA,NA,NA,NA,NA,NA,NA,N,3,0,1,2,A,-,-,NA,NA,N,H,G,A,A,H,-,A,D,0,NA,Y,NA,NA,Y,NA,L,04,0,1,0,0,0,0,1,0,0,-,-,33.65114,-117.83515,ORANGE,IRVINE,-117.83512522,33.65126131
8391219,2017,2017-06-23,3019,2017-05-20,2155,3410,NE,6,5,7,3019,0,0,0,NA,0,004,MAIN ST,18TH ST,110,N,N,A,-,N,NA,NA,NA,NA,NA,NA,NA,NA,NA,N,4,0,1,2,A,-,03,22350,NA,F,C,C,A,A,H,-,C,D,0,NA,NA,NA,NA,Y,NA,D,22,0,0,1,0,0,0,0,0,0,-,-,33.76141,-117.86754,ORANGE,SANTA ANA,-117.86755443,33.76145146
8391472,2017,2017-06-20,3022,2017-06-02,2112,1255,NA,5,5,5,3022,0,0,0,NA,0,NA,JAMBOREE RD,PORTOLA PKWY,0,NA,Y,A,-,N,NA,NA,NA,NA,NA,NA,NA,NA,NA,Y,3,0,1,2,A,-,12,21453,A,N,D,C,A,A,H,-,C,A,0,NA,NA,NA,NA,Y,NA,A,01,0,1,0,0,0,0,0,0,0,-,-,33.74387,-117.77148,ORANGE,TUSTIN,-117.77141004,33.74390006
8391867,2017,2017-06-20,3019,2017-05-18,2203,3325,SC,4,5,7,3019,0,0,0,NA,0,003,1ST ST,PACIFIC AV,238,E,N,A,-,N,NA,NA,NA,NA,NA,NA,NA,NA,NA,N,4,0,1,2,A,-,09,21804,A,N,D,G,A,A,H,-,C,D,0,NA,Y,NA,NA,Y,NA,L,04,0,0,1,0,0,0,1,0,0,-,-,33.74527,-117.88841,ORANGE,SANTA ANA,-117.88770914,33.74545178
8392697,2017,2017-06-22,3001,2017-04-20,1927,415,NA,4,5,7,3001,0,0,0,NA,0,0D3,CERTLEY DR,CLIFFWOOD AV,1,N,N,A,-,N,NA,NA,NA,NA,NA,NA,NA,NA,NA,N,4,0,1,2,A,-,09,21802,A,N,D,G,A,A,H,-,A,A,0,NA,Y,NA,NA,Y,NA,A,01,0,0,1,0,0,0,1,0,0,-,-,NA,NA,ORANGE,ANAHEIM,-117.910221,33.794373
8392701,2017,2017-06-22,3001,2017-04-20,2015,A1854,NA,4,5,7,3001,0,0,0,NA,0,0D2,WEST LA PALMA AV,N CITRON ST,0,NA,Y,A,-,N,NA,NA,NA,NA,NA,NA,NA,NA,NA,N,3,0,1,2,A,-,12,21453,A,N,G,B,B,A,H,-,-,A,0,Y,NA,NA,NA,Y,NA,A,01,0,1,0,0,1,0,0,0,0,-,-,NA,NA,ORANGE,ANAHEIM,-117.92862005,33.84717005
8393552,2017,2017-06-19,3019,2017-04-29,1703,3440,SC,6,5,7,3019,0,0,0,NA,0,NA,MC FADDEN,TOWNSEND ST,170,W,N,A,-,N,NA,NA,NA,NA,NA,NA,NA,NA,NA,N,3,0,1,2,A,-,03,22350,NA,M,D,C,A,A,H,-,A,D,0,NA,NA,NA,NA,Y,NA,A,01,0,1,0,0,0,0,0,0,0,-,-,NA,NA,ORANGE,SANTA ANA,-117.89596773,33.73449155
8393893,2017,2017-06-21,3022,2017-06-08,0731,1154,NORTH,4,5,5,3022,0,0,0,NA,0,NA,FARMINGTON RD,SAN JUAN ST,2,N,N,A,-,N,NA,NA,NA,NA,NA,NA,NA,NA,NA,N,3,0,1,2,A,-,05,21650,1,N,H,G,A,A,H,-,A,D,0,NA,Y,NA,NA,Y,NA,L,04,0,1,0,0,0,0,1,0,0,-,-,33.73383,-117.80897,ORANGE,TUSTIN,-117.80895582,33.73372422
8394422,2017,2017-06-23,3004,2017-06-10,1407,P550,07,6,5,6,3004,0,0,0,NA,0,015,SANTA ANA AV,ROBIN HOOD LN,25,S,N,A,-,N,NA,NA,NA,NA,NA,NA,NA,NA,NA,N,3,0,1,4,A,-,08,22107,NA,N,C,E,A,A,H,-,A,D,0,NA,NA,NA,NA,Y,NA,A,07,0,1,0,0,0,0,0,0,0,-,-,33.64302,-117.90557,ORANGE,COSTA MESA,-117.90546324,33.6430079