CASE_ID,ACCIDENT_YEAR,PROC_DATE,JURIS,COLLISION_DATE,COLLISION_TIME,OFFICER_ID,REPORTING_DISTRICT,DAY_OF_WEEK,CHP_SHIFT,POPULATION,CNTY_CITY_LOC,SPECIAL_COND,BEAT_TYPE,CHP_BEAT_TYPE,CITY_DIVISION_LAPD,CHP_BEAT_CLASS,BEAT_NUMBER,PRIMARY_RD,SECONDARY_RD,DISTANCE,DIRECTION,INTERSECTION,WEATHER_1,WEATHER_2,STATE_HWY_IND,CALTRANS_COUNTY,CALTRANS_DISTRICT,STATE_ROUTE,ROUTE_SUFFIX,POSTMILE_PREFIX,POSTMILE,LOCATION_TYPE,RAMP_INTERSECTION,SIDE_OF_HWY,TOW_AWAY,COLLISION_SEVERITY,NUMBER_KILLED,NUMBER_INJURED,PARTY_COUNT,PRIMARY_COLL_FACTOR,PCF_CODE_OF_VIOL,PCF_VIOL_CATEGORY,PCF_VIOLATION,PCF_VIOL_SUBSECTION,HIT_AND_RUN,TYPE_OF_COLLISION,MVIW,PED_ACTION,ROAD_SURFACE,ROAD_COND_1,ROAD_COND_2,LIGHTING,CONTROL_DEVICE,CHP_ROAD_TYPE,PEDESTRIAN_ACCIDENT,BICYCLE_ACCIDENT,MOTORCYCLE_ACCIDENT,TRUCK_ACCIDENT,NOT_PRIVATE_PROPERTY,ALCOHOL_INVOLVED,STWD_VEHTYPE_AT_FAULT,CHP_VEHTYPE_AT_FAULT,COUNT_SEVERE_INJ,COUNT_VISIBLE_INJ,COUNT_COMPLAINT_PAIN,COUNT_PED_KILLED,COUNT_PED_INJURED,COUNT_BICYCLIST_KILLED,COUNT_BICYCLIST_INJURED,COUNT_MC_KILLED,COUNT_MC_INJURED,PRIMARY_RAMP,SECONDARY_RAMP,LATITUDE,LONGITUDE,COUNTY,CITY,POINT_X,POINT_Y
8394457,2017,2017-06-23,3015,2017-05-12,1118,1386,16E,5,5,6,3015,0,0,0,NA,0,711,TUSTIN ST,MAYFAIR AV,0,NA,Y,A,-,N,NA,NA,NA,NA,NA,NA,NA,NA,NA,N,4,0,1,2,A,-,09,21804,A,N,D,G,A,A,H,-,A,A,0,NA,Y,NA,NA,Y,NA,L,04,0,0,1,0,0,0,1,0,0,-,-,NA,NA,ORANGE,ORANGE,-117.83566007,33.79904012
8395216,2017,2018-03-30,3001,2017-05-13,0614,1410,NA,6,5,7,3001,0,0,0,NA,0,0D1,RT 39,WEST BALL RD,0,NA,Y,B,-,Y,ORA,12,39,-,-,11.681,I,5,S,Y,3,0,2,2,A,-,01,23152,A,N,D,C,A,A,H,-,A,A,0,NA,NA,NA,NA,Y,Y,A,01,0,1,1,0,0,0,0,0,0,-,-,NA,NA,ORANGE,ANAHEIM,-117.99340487,33.81750025
8395860,2017,2017-07-10,3001,2017-05-24,1830,2125,D3,3,5,7,3001,0,0,0,NA,0,031,SOUTH WALNUT ST,KATELLA AV,1,N,N,A,-,N,NA,NA,NA,NA,NA,NA,NA,NA,NA,N,4,0,1,2,A,-,05,21650,1,N,A,G,A,A,H,-,A,A,0,NA,Y,NA,NA,Y,NA,L,04,0,0,1,0,0,0,1,0,0,-,-,NA,NA,ORANGE,ANAHEIM,-117.92838005,33.80337274
8395931,2017,2017-07-11,3001,2017-05-25,1132,1825,NA,4,5,7,3001,0,0,0,NA,0,0D2,E LINCOLN AV,N LA PLAZA,157,E,N,B,-,N,NA,NA,NA,NA,NA,NA,NA,NA,NA,Y,4,0,1,2,A,-,09,21804,A,N,D,C,A,A,H,-,A,D,0,NA,NA,NA,NA,Y,NA,A,01,0,0,1,0,0,0,0,0,0,-,-,NA,NA,ORANGE,ANAHEIM,-117.89811452,33.8391396
8396242,2017,2017-07-12,3026,2017-06-15,1343,8929,CROSS,4,5,6,3026,0,0,0,NA,0,005,BARRANCA PKWY,WEST YALE LOOP,741,E,N,A,-,N,NA,NA,NA,NA,NA,NA,NA,NA,NA,Y,4,0,1,2,A,-,09,21804,A,N,D,C,A,A,H,-,A,A,0,NA,NA,NA,NA,Y,NA,A,01,0,0,1,0,0,0,0,0,0,-,-,NA,NA,ORANGE,IRVINE,-117.80398112,33.68124148
8396400,2017,2017-07-13,3000,2017-06-28,0735,9684,921G4,3,5,4,3045,0,0,0,NA,0,745,ALICIA PKWY,MOULTON PKWY,0,NA,Y,B,-,N,NA,NA,NA,NA,NA,NA,NA,NA,NA,Y,4,0,2,3,A,-,09,21453,C,N,D,C,A,A,H,-,A,A,0,NA,NA,NA,NA,Y,NA,A,07,0,0,2,0,0,0,0,0,0,-,-,NA,NA,ORANGE,LAGUNA HILLS,-117.70689008,33.58359012
8396854,2017,2017-06-26,3016,2017-06-09,0156,1237,39,5,5,5,3016,0,0,0,NA,0,002,ORCHARD DR,VAN BUREN ST,606,W,N,A,-,N,NA,NA,NA,NA,NA,NA,NA,NA,NA,Y,4,0,2,1,A,-,03,22350,NA,N,E,I,A,A,H,-,C,D,0,NA,NA,NA,NA,Y,NA,A,01,0,0,2,0,0,0,0,0,0,-,-,NA,NA,ORANGE,PLACENTIA,-117.83332422,33.87108975
8397693,2017,2018-04-16,3010,2017-06-20,1135,1211,423,2,5,6,3010,0,0,0,NA,0,003,RT 39,OWENS ST,122,S,N,A,-,Y,ORA,12,39,-,-,2.31,H,-,S,Y,4,0,3,4,A,-,07,21658,A,N,B,C,A,A,H,-,A,D,0,NA,NA,NA,Y,Y,NA,A,01,0,0,3,0,0,0,0,0,0,-,-,NA,NA,ORANGE,HUNTINGTON BEACH,-117.98881965,33.68190234
8398109,2017,2017-06-29,3002,2017-04-25,1755,5013,379J4,2,5,5,3025,0,0,0,NA,0,001,YORBA LINDA BL,VAN BUREN ST,14,W,N,A,-,N,NA,NA,NA,NA,NA,NA,NA,NA,NA,N,3,0,1,2,A,-,10,21950,A,N,G,B,B,A,H,-,A,A,0,Y,NA,NA,NA,Y,NA,A,01,0,1,0,0,1,0,0,0,0,-,-,NA,NA,ORANGE,YORBA LINDA,-117.83162602,33.88851
8398295,2017,2017-06-29,3014,2017-06-18,1650,1253,RD24,7,5,5,3014,0,0,0,NA,0,0A2,PLACENTIA AV,HOSPITAL RD,0,NA,Y,A,-,N,NA,NA,NA,NA,NA,NA,NA,NA,NA,Y,3,0,2,2,A,-,12,21453,A,N,D,C,A,A,H,-,A,A,0,NA,NA,NA,NA,Y,NA,A,01,0,1,1,0,0,0,0,0,0,-,-,33.6257,-117.9307,ORANGE,NEWPORT BEACH,-117.93072008,33.62571006
83983080,2024,2024-08-09,3019,2024-08-02,1621,3931,NA,5,5,7,3019,0,0,0,NA,0,004,1ST STREET,CENTER STREET,115,E,N,A,-,N,NA,NA,NA,NA,NA,NA,NA,NA,NA,Y,4,0,1,2,A,-,09,21804,A,N,D,C,A,A,H,-,A,D,0,NA,NA,NA,NA,Y,NA,D,22,0,0,1,0,0,0,0,0,0,-,-,33.74489974975586,-117.89824676513672,ORANGE,SANTA ANA,-117.89772033691406,33.745330810546875
8398737,2017,2017-07-03,3022,2017-06-02,1405,1297,NA,5,5,5,3022,0,0,0,NA,0,NA,WILLIAMS AV,ALLIANCE AV,529,N,N,A,-,N,NA,NA,NA,NA,NA,NA,NA,NA,NA,N,4,0,1,2,A,-,00,21760,A,N,B,G,A,A,H,-,A,D,0,NA,Y,NA,NA,Y,NA,A,07,0,0,1,0,0,0,1,0,0,-,-,33.73667,-117.8394,ORANGE,TUSTIN,-117.83948427,33.73810017
8399790,2017,2017-07-05,3019,2017-06-16,0734,2875,SE,5,5,7,3019,0,0,0,NA,0,003,CHESTNUT AV,ORANGE AV,0,NA,N,A,-,N,NA,NA,NA,NA,NA,NA,NA,NA,NA,N,4,0,1,2,A,-,10,21950,A,N,G,B,B,A,H,-,A,A,0,Y,NA,NA,NA,Y,NA,A,07,0,0,1,0,1,0,0,0,0,-,-,33.74231,-117.86489,ORANGE,SANTA ANA,-117.86509,33.74245003
8399819,2017,2017-07-06,3001,2017-05-17,2104,2187,NA,3,5,7,3001,0,0,0,NA,0,024,W LINCOLN AV,SOUTH ANAHEIM BL,0,NA,Y,A,-,N,NA,NA,NA,NA,NA,NA,NA,NA,NA,N,3,0,3,2,A,-,12,21453,A,N,D,C,A,A,H,-,C,A,0,NA,NA,NA,NA,Y,NA,A,01,0,1,2,0,0,0,0,0,0,-,-,NA,NA,ORANGE,ANAHEIM,-117.91427007,33.83653005
8400719,2017,2017-07-10,3019,2017-06-07,1639,3317,SE,3,5,7,3019,0,0,0,NA,0,003,GRAND AV,HOTEL TER DR,190,N,N,B,-,N,NA,NA,NA,NA,NA,NA,NA,NA,NA,Y,2,0,1,2,A,-,05,21650,NA,N,B,C,A,A,H,-,A,D,0,NA,NA,NA,NA,Y,NA,A,01,1,0,0,0,0,0,0,0,0,-,-,33.71219,-117.85073,ORANGE,SANTA ANA,-117.85060707,33.71277086
8400955,2017,2017-07-10,3026,2017-06-08,0953,548,UNIVE,4,5,6,3026,0,0,0,NA,0,002,VON KARMAN AV,DUPONT DR,97,N,N,B,-,N,NA,NA,NA,NA,NA,NA,NA,NA,NA,Y,4,0,1,2,A,-,08,22107,NA,N,D,C,A,A,H,-,A,A,0,NA,NA,NA,NA,Y,NA,A,01,0,0,1,0,0,0,0,0,0,-,-,33.67265,-117.8561,ORANGE,IRVINE,-117.856196,33.67271401
8401475,2017,2017-07-21,3010,2017-06-26,1321,205,412,1,5,6,3010,0,0,0,NA,0,005,ELLIS,DELAWARE,0,NA,N,A,-,N,NA,NA,NA,NA,NA,NA,NA,NA,NA,Y,3,0,2,2,A,-,12,22450,A,N,-,C,A,A,H,-,A,-,0,NA,NA,NA,NA,Y,NA,A,01,0,1,1,0,0,0,0,0,0,-,-,NA,NA,ORANGE,HUNTINGTON BEACH,-117.99315004,33.69391011
8401799,2017,2017-07-28,3008,2017-02-14,1337,1117,NA,2,5,6,3008,0,0,0,NA,0,0Z2,HARBOR BL,SANTA FE AV,100,S,N,A,-,N,NA,NA,NA,NA,NA,NA,NA,NA,NA,Y,4,0,1,2,A,-,08,22107,NA,N,B,C,A,A,H,-,A,D,0,NA,NA,NA,NA,Y,NA,A,01,0,0,1,0,0,0,0,0,0,-,-,NA,NA,ORANGE,FULLERTON,-117.92431,33.86913584
84019723,2024,2024-08-09,3014,2024-07-28,1152,1418,NA,7,5,5,3014,0,0,0,NA,0,A4,MACARTHUR BLVD,FORD RD,33,S,N,A,-,N,NA,NA,NA,NA,NA,NA,NA,NA,NA,Y,2,0,1,3,A,-,03,22350,NA,N,B,C,A,A,H,-,A,D,0,NA,NA,Y,NA,Y,NA,C,02,1,0,0,0,0,0,0,0,1,-,-,33.62910079956055,-117.86238861083984,ORANGE,NEWPORT BEACH,-117.86271667480467,33.629329681396484
8402019,2017,2017-07-19,3024,2017-07-03,1441,155,P-35,1,5,5,3024,0,0,0,NA,0,EAST,BUSHARD ST,BISHOP PL,0,NA,Y,A,-,N,NA,NA,NA,NA,NA,NA,NA,NA,NA,Y,4,0,2,2,D,-,00,NA,NA,N,D,C,A,A,H,-,A,A,0,NA,NA,NA,NA,Y,NA,-,-,0,0,2,0,0,0,0,0,0,-,-,33.74139,-117.96343,ORANGE,WESTMINSTER,-117.96347006,33.74127002
84020233,2024,2024-08-12,3022,2024-07-19,1928,1308,NA,5,5,5,3022,0,0,0,NA,0,NA,WARNER AV,ARMSTRONG AV,0,NA,Y,A,-,N,NA,NA,NA,NA,NA,NA,NA,NA,NA,Y,2,0,4,2,A,-,12,21453,A,N,D,C,A,A,H,-,B,A,0,NA,NA,NA,NA,Y,NA,A,01,1,3,0,0,0,0,0,0,0,-,-,33.70772933959961,-117.83363342285156,ORANGE,TUSTIN,-117.83319854736328,33.7077522277832
8404105,2017,2017-07-13,3002,2017-06-11,1310,1655,B220,7,5,4,3002,0,0,0,NA,0,012,KRAEMER BL,BIRCH HILLS MALL,15,S,N,A,-,N,NA,NA,NA,NA,NA,NA,NA,NA,NA,N,4,0,1,2,A,-,03,22350,NA,N,C,B,F,A,H,-,A,-,0,Y,Y,NA,NA,Y,NA,L,04,0,0,1,0,1,0,0,0,0,-,-,NA,NA,ORANGE,BREA,-117.863798,33.912658
8404486,2017,2019-04-09,3014,2017-07-15,0119,1503,RD25,6,5,5,3014,0,0,0,NA,0,0A2,RT 55,INDUSTRIAL WY,647,S,N,A,-,Y,ORA,12,55,-,-,0.89,H,-,N,Y,1,1,1,3,A,-,01,23152,A,F,C,G,A,A,H,-,D,D,0,NA,Y,NA,NA,Y,Y,A,07,0,0,1,0,0,1,1,0,0,-,-,33.6286,-117.9269,ORANGE,NEWPORT BEACH,-117.92614471,33.62967397
8404771,2018,2018-06-21,3026,2018-05-16,1959,6352,NA,3,5,6,3026,0,0,0,NA,0,00U,RIDGELINE DR,HILLSBOROUGH,187,S,N,B,-,N,NA,NA,NA,NA,NA,NA,NA,NA,NA,Y,1,1,4,5,A,-,01,23152,A,N,E,I,F,A,H,-,B,-,0,Y,NA,NA,NA,Y,Y,A,07,2,0,2,1,3,0,0,0,0,-,-,NA,NA,ORANGE,IRVINE,-117.80276489257813,33.64333724975586
8404882,2017,2018-06-27,3000,2017-11-21,0235,3329,891G3,2,5,5,3050,0,0,0,NA,0,062,LAKE FOREST DR,JERONIMO RD,0,NA,Y,A,-,N,NA,NA,NA,NA,NA,NA,NA,NA,NA,Y,1,1,0,2,A,-,12,21453,A,N,D,G,A,A,H,-,C,A,0,NA,Y,NA,NA,Y,NA,L,04,0,0,0,0,0,1,0,0,0,-,-,33.38262,-117.42114,ORANGE,LAKE FOREST,-117.70333,33.64064011
8407114,2016,2018-04-02,3024,2016-05-21,1340,312,P31,6,5,5,3024,0,0,0,NA,0,EAST,RT 39,BISHOP AV,0,NA,Y,A,-,Y,ORA,12,39,-,-,6.38,I,5,N,Y,3,0,1,2,A,-,12,22450,A,N,D,C,A,A,H,-,A,A,0,NA,NA,NA,NA,Y,NA,A,01,0,1,0,0,0,0,0,0,0,-,-,NA,NA,ORANGE,WESTMINSTER,-117.98936968,33.74093357
8407159,2017,2018-04-16,3001,2017-06-01,1202,1410,NA,4,5,7,3001,0,0,0,NA,0,001,RT 39,WEST ORANGE AV,345,S,N,B,-,Y,ORA,12,39,-,-,12.11,H,-,S,Y,3,0,2,2,A,-,03,22350,NA,N,C,C,A,A,H,-,A,D,0,NA,NA,NA,NA,Y,NA,A,01,0,1,1,0,0,0,0,0,0,-,-,NA,NA,ORANGE,ANAHEIM,-117.99342813,33.82373685
8407190,2017,2017-09-05,3008,2017-02-23,1520,1117,NA,4,5,6,3008,0,0,0,NA,0,0Z1,BROOKHURST RD,ROBERTA AV,0,NA,Y,A,-,N,NA,NA,NA,NA,NA,NA,NA,NA,NA,N,4,0,1,2,A,-,10,21950,A,N,G,B,B,A,H,-,A,A,0,Y,NA,NA,NA,Y,NA,A,08,0,0,1,0,1,0,0,0,0,-,-,NA,NA,ORANGE,FULLERTON,-117.95927005,33.85618002
8407202,2017,2017-07-20,3010,2017-06-27,1445,1176,139,2,5,6,3010,0,0,0,NA,0,009,BOLSA,VICTORIA,0,NA,Y,A,-,N,NA,NA,NA,NA,NA,NA,NA,NA,NA,Y,4,0,2,2,A,-,12,21453,A,N,D,C,A,A,H,-,A,A,0,NA,NA,NA,NA,Y,NA,A,07,0,0,2,0,0,0,0,0,0,-,-,NA,NA,ORANGE,HUNTINGTON BEACH,-118.01145005,33.74448001
8409539,2017,2017-07-24,3008,2017-07-14,1422,1297,NA,5,5,6,3008,0,0,0,NA,0,003,YORBA LINDA BL,ASSOCIATED AV,186,W,N,-,-,N,NA,NA,NA,NA,NA,NA,NA,NA,NA,Y,3,0,1,1,C,-,18,NA,NA,N,E,I,A,A,H,-,A,D,0,NA,NA,NA,NA,Y,NA,-,-,0,1,0,0,0,0,0,0,0,-,-,NA,NA,ORANGE,FULLERTON,-117.88618107,33.88894279
8409741,2017,2017-07-31,3010,2017-07-05,1736,2061,349,3,5,6,3010,0,0,0,NA,0,004,17TH ST,OLIVE,0,NA,Y,A,-,N,NA,NA,NA,NA,NA,NA,NA,NA,NA,Y,4,0,3,2,A,-,09,21802,A,N,D,C,A,A,H,-,A,A,0,NA,NA,NA,NA,Y,NA,A,01,0,0,3,0,0,0,0,0,0,-,-,NA,NA,ORANGE,HUNTINGTON BEACH,-118.01075012,33.6664501
8410115,2017,2017-07-26,3000,2017-07-01,0015,2849,892B1,6,5,5,3050,0,0,0,NA,0,762,LAKE FOREST DR,VINTAGE WOODS RD,0,NA,Y,A,-,N,NA,NA,NA,NA,NA,NA,NA,NA,NA,Y,2,0,1,2,A,-,11,21453,D,N,G,B,D,A,H,-,C,A,0,Y,NA,NA,NA,Y,NA,N,60,1,0,0,0,1,0,0,0,0,-,-,NA,NA,ORANGE,LAKE FOREST,-117.67234001,33.65680008
8410369,2017,2017-07-26,3000,2017-06-29,1820,1920,891J7,4,5,5,3028,0,0,0,NA,0,755,ALICIA PKWY,ALTHEA AV,85,W,N,A,-,N,NA,NA,NA,NA,NA,NA,NA,NA,NA,Y,3,0,3,5,A,-,03,22350,NA,N,C,C,A,A,H,-,A,D,0,NA,NA,NA,NA,Y,NA,A,01,0,2,1,0,0,0,0,0,0,-,-,NA,NA,ORANGE,MISSION VIEJO,-117.68419897,33.61169602
8410378,2017,2017-07-26,3026,2017-07-15,1345,8929,CROSS,6,5,6,3026,0,0,0,NA,0,004,CULVER DR,WALNUT AV,328,N,N,A,-,N,NA,NA,NA,NA,NA,NA,NA,NA,NA,N,4,0,2,2,A,-,09,21801,A,N,E,I,A,A,H,-,A,D,0,NA,NA,NA,NA,Y,NA,A,01,0,0,2,0,0,0,0,0,0,-,-,33.70467,-117.78798,ORANGE,IRVINE,-117.78707613,33.70544387
8410382,2017,2017-07-26,3026,2017-07-12,1635,519,CROSS,3,5,6,3026,0,0,0,NA,0,005,JEFFREY RD,IRVINE CENTER DR,380,N,N,A,-,N,NA,NA,NA,NA,NA,NA,NA,NA,NA,Y,3,0,2,2,A,-,17,21209,A,N,D,C,A,A,H,-,A,D,0,NA,NA,NA,NA,Y,NA,A,01,0,2,0,0,0,0,0,0,0,-,-,33.6794,-117.77857,ORANGE,IRVINE,-117.77807987,33.68032224
8410389,2017,2018-03-24,3026,2017-06-29,1255,7094,UNIVE,4,5,6,3026,0,0,0,NA,0,002,JAMBOREE RD,RT 405,0,NA,Y,A,-,Y,ORA,12,405,-,-,6.717,R,4,N,Y,4,0,1,2,A,-,12,21453,A,N,D,C,A,A,H,-,A,A,0,NA,NA,NA,NA,Y,NA,A,01,0,0,1,0,0,0,0,0,0,-,-,NA,NA,ORANGE,IRVINE,-117.84035001,33.67561884
8410589,2017,2017-07-28,3014,2017-07-08,1629,1415,RD39,6,5,5,3014,0,0,0,NA,0,0A3,NEWPORT CENTER DR,SANTA CRUZ DR,3,E,N,A,-,N,NA,NA,NA,NA,NA,NA,NA,NA,NA,N,2,0,2,3,A,-,10,21950,A,N,G,B,-,A,H,-,A,A,0,Y,NA,NA,NA,Y,NA,A,01,1,1,0,0,2,0,0,0,0,-,-,33.6191,-117.8758,ORANGE,NEWPORT BEACH,-117.87605017,33.61927014
8411244,2017,2017-07-31,3019,2017-06-15,0730,3155,NA,4,5,7,3019,0,0,0,NA,0,NA,JACKSON ST,MCFADDEN AV,235,N,N,A,-,N,NA,NA,NA,NA,NA,NA,NA,NA,NA,N,4,0,1,2,A,-,21,22106,NA,M,G,B,D,A,H,-,A,D,0,Y,NA,NA,NA,Y,NA,D,22,0,0,1,0,1,0,0,0,0,-,-,33.73848,-117.91577,ORANGE,SANTA ANA,-117.9157,33.73899427
8411418,2017,2017-07-25,3001,2017-07-04,1508,704,NA,2,5,7,3001,0,0,0,NA,0,016,SOUTH BROOKHURST ST,WEST ORANGE AV,148,S,N,A,-,N,NA,NA,NA,NA,NA,NA,NA,NA,NA,N,4,0,1,3,A,-,07,21658,A,N,B,C,A,A,H,-,-,D,0,NA,NA,NA,NA,Y,NA,A,01,0,0,1,0,0,0,0,0,0,-,-,NA,NA,ORANGE,ANAHEIM,-117.95894,33.82462423
8411434,2017,2017-07-25,3001,2017-07-14,0522,1410,NA,5,5,7,3001,0,0,0,NA,0,0D1,NORTH MONTEREY ST,WEST GRAYSON AV,445,N,N,A,-,N,NA,NA,NA,NA,NA,NA,NA,NA,NA,N,3,0,1,1,A,-,13,22515,A,N,H,A,A,A,H,-,B,D,0,NA,NA,NA,NA,Y,NA,A,08,0,1,0,0,0,0,0,0,0,-,-,NA,NA,ORANGE,ANAHEIM,-117.96270975,33.8508998
8411556,2017,2017-07-28,3019,2017-06-28,0818,3316,WE,3,5,7,3019,0,0,0,NA,0,001,LA VETA AV,RT 22,655,N,N,A,-,N,NA,NA,NA,NA,NA,NA,NA,NA,NA,N,4,0,1,2,A,-,03,22350,NA,N,C,C,A,A,H,-,A,A,0,NA,NA,NA,NA,Y,NA,A,01,0,0,1,0,0,0,0,0,0,-,WF,33.78008,-117.88151,ORANGE,SANTA ANA,-117.88209744,33.78001085
8411787,2017,2017-12-13,3019,2017-11-03,1731,3450,WE,5,5,7,3019,0,0,0,NA,0,001,1ST ST,HARBOR,230,W,N,A,-,N,NA,NA,NA,NA,NA,NA,NA,NA,NA,N,3,0,1,1,A,-,01,23152,A,N,E,I,A,A,H,-,A,A,0,NA,NA,NA,NA,Y,Y,A,01,0,1,0,0,0,0,0,0,0,-,-,NA,NA,ORANGE,SANTA ANA,-117.92093481,33.74515
8412350,2017,2017-08-30,3001,2017-08-13,1510,A1252,NA,7,5,7,3001,0,0,0,NA,0,0D1,SOUTH KNOTT AV,WEST ORANGE AV,74,N,N,A,-,N,NA,NA,NA,NA,NA,NA,NA,NA,NA,N,4,0,1,2,B,-,22,NA,NA,N,D,C,A,A,H,-,A,D,0,NA,NA,NA,NA,Y,NA,D,22,0,0,1,0,0,0,0,0,0,-,-,NA,NA,ORANGE,ANAHEIM,-118.01088286,33.82478288
8412542,2017,2017-08-30,3026,2017-08-11,2211,522,NA,5,5,6,3026,0,0,0,NA,0,00C,GATEWAY,IRVINE CENTER DR,0,NA,Y,A,-,N,NA,NA,NA,NA,NA,NA,NA,NA,NA,Y,4,0,1,2,A,-,09,21801,A,N,A,C,A,A,H,-,C,A,0,NA,NA,NA,NA,Y,NA,A,01,0,0,1,0,0,0,0,0,0,-,-,NA,NA,ORANGE,IRVINE,-117.74945008,33.65772004
8413103,2017,2018-05-25,3010,2017-07-08,1804,205,349,6,5,6,3010,0,0,0,NA,0,004,RT 1,GOLDENWEST,300,N,N,A,-,Y,ORA,12,1,-,-,25.95,H,-,S,Y,4,0,1,2,A,-,04,21703,NA,F,C,C,A,A,H,-,A,D,0,NA,NA,NA,NA,Y,NA,A,01,0,0,1,0,0,0,0,0,0,-,-,NA,NA,ORANGE,HUNTINGTON BEACH,-118.0181933,33.66876417
8413516,2017,2017-07-25,3010,2017-06-30,0802,1118,486,5,5,6,3010,0,0,0,NA,0,002,BANNING,BUSHARD,0,NA,Y,B,-,N,NA,NA,NA,NA,NA,NA,NA,NA,NA,Y,4,0,2,2,D,-,00,NA,NA,N,D,C,A,A,H,-,A,A,0,NA,NA,NA,NA,Y,NA,-,-,0,0,2,0,0,0,0,0,0,-,-,NA,NA,ORANGE,HUNTINGTON BEACH,-117.96212006,33.64327
8413573,2017,2017-07-24,3001,2017-06-26,0941,A1555,NA,1,5,7,3001,0,0,0,NA,0,0D3,BROOKHURST ST,KATELLA AV,0,NA,Y,A,-,N,NA,NA,NA,NA,NA,NA,NA,NA,NA,Y,4,0,1,2,A,-,12,21453,A,N,D,C,A,A,H,-,A,A,0,NA,NA,NA,NA,Y,NA,A,01,0,0,1,0,0,0,0,0,0,-,-,NA,NA,ORANGE,ANAHEIM,-117.95887003,33.80311003
8413768,2017,2017-08-15,3001,2017-07-19,1348,415,NA,3,5,7,3001,0,0,0,NA,0,0D2,SOUTH EAST ST,E LINCOLN AV,195,S,N,A,-,N,NA,NA,NA,NA,NA,NA,NA,NA,NA,N,4,0,2,3,A,-,03,22350,NA,M,C,C,A,A,H,-,A,A,0,NA,NA,NA,Y,Y,NA,F,26,0,0,2,0,0,0,0,0,0,-,-,NA,NA,ORANGE,ANAHEIM,-117.90253095,33.83757436
8413839,2017,2017-08-08,3001,2017-07-21,1402,2187,NA,5,5,7,3001,0,0,0,NA,0,0D1,SOUTH BEACH BL,BALL RD,282,N,N,A,-,N,NA,NA,NA,NA,NA,NA,NA,NA,NA,Y,4,0,1,3,A,-,03,22350,NA,N,C,C,A,A,H,-,A,A,0,NA,NA,NA,NA,Y,NA,D,22,0,0,1,0,0,0,0,0,0,-,-,NA,NA,ORANGE,ANAHEIM,-117.99339,33.81820318
8414154,2017,2017-08-11,3015,2017-07-15,0211,1563,575,6,5,6,3015,0,0,0,NA,0,121,NORTH TUSTIN ST,SANTA ANA CANYON RD,0,S,N,A,-,N,NA,NA,NA,NA,NA,NA,NA,NA,NA,Y,3,0,1,1,A,-,01,23152,A,N,F,I,A,A,H,-,C,D,0,NA,NA,NA,NA,Y,Y,A,01,0,1,0,0,0,0,0,0,0,-,-,NA,NA,ORANGE,ORANGE,-117.83302009,33.8425901
8415251,2018,2018-03-09,3024,2018-02-20,1313,329,P27,2,5,5,3024,0,0,0,NA,0,EAST,BOLSA AV,MAGNOLIA ST,0,NA,Y,A,-,N,NA,NA,NA,NA,NA,NA,NA,NA,NA,Y,4,0,1,2,A,-,08,22107,NA,N,B,C,A,A,H,-,A,A,0,NA,NA,NA,NA,Y,NA,D,22,0,0,1,0,0,0,0,0,0,-,-,33.74483108520508,-117.97222137451172,ORANGE,WESTMINSTER,-117.97225952148438,33.74483108520508
8416958,2017,2017-08-03,3010,2017-07-22,1156,1208,169,6,5,6,3010,0,0,0,NA,0,007,HEIL,REDLANDS LN,10,W,N,A,-,N,NA,NA,NA,NA,NA,NA,NA,NA,NA,N,3,0,1,2,A,-,05,21650,1,N,A,G,A,A,H,-,A,A,0,NA,Y,NA,NA,Y,NA,L,04,0,1,0,0,0,0,1,0,0,-,-,NA,NA,ORANGE,HUNTINGTON BEACH,-118.01176281,33.72279949
8417001,2017,2017-07-28,3008,2017-02-12,1410,1526,NA,7,5,6,3008,0,0,0,NA,0,001,COMMONWEALTH AV,EUCLID ST,0,W,N,A,-,N,NA,NA,NA,NA,NA,NA,NA,NA,NA,N,4,0,3,2,A,-,07,21658,A,N,B,C,A,A,H,-,A,D,0,NA,NA,NA,NA,Y,NA,A,01,0,0,3,0,0,0,0,0,0,-,-,NA,NA,ORANGE,FULLERTON,-117.9419601,33.87022001
8417009,2017,2017-07-28,3008,2017-02-27,1954,1468,21,1,5,6,3008,0,0,0,NA,0,NA,EUCLID ST,LAKEVIEW DR,0,NA,Y,A,-,N,NA,NA,NA,NA,NA,NA,NA,NA,NA,Y,4,0,1,2,D,-,00,NA,NA,N,D,C,A,A,H,-,C,A,0,NA,NA,NA,NA,Y,NA,-,-,0,0,1,0,0,0,0,0,0,-,-,NA,NA,ORANGE,FULLERTON,-117.94095003,33.90406011
8417097,2017,2017-09-27,3008,2017-06-01,1609,1539,NA,4,5,6,3008,0,0,0,NA,0,001,BASQUE AV,BAKER ST,0,NA,Y,A,-,N,NA,NA,NA,NA,NA,NA,NA,NA,NA,Y,4,0,2,2,A,-,12,22450,A,N,D,D,A,A,H,-,A,A,0,NA,NA,NA,NA,Y,NA,A,01,0,0,2,0,0,0,0,0,0,-,-,NA,NA,ORANGE,FULLERTON,-117.94990006,33.85685011
8417300,2017,2017-07-28,3009,2017-07-23,1730,44539,111,7,5,6,3009,0,0,0,NA,0,2   1,KATELLA AV,EUCLID ST,150,W,N,A,-,N,NA,NA,NA,NA,NA,NA,NA,NA,NA,N,4,0,2,2,A,-,03,22350,NA,M,C,C,A,A,H,-,A,A,0,NA,NA,NA,NA,Y,NA,A,07,0,0,2,0,0,0,0,0,0,-,-,NA,NA,ORANGE,GARDEN GROVE,-117.94200232,33.80309
84176216,2024,2024-08-13,3001,2024-07-25,2038,A2941,NA,4,5,7,3001,0,0,0,NA,0,D-2,ANAHEIM BOULEVARD,LA PALMA AVENUE,38,S,N,A,-,N,NA,NA,NA,NA,NA,NA,NA,NA,NA,Y,4,0,1,2,A,-,12,21453,A,M,D,C,A,A,H,-,C,A,0,NA,NA,NA,NA,Y,NA,I,11,0,0,1,0,0,0,0,0,0,-,-,33.8471794128418,-117.91797637939452,ORANGE,ANAHEIM,-117.91983032226563,33.84733963012695
84176325,2024,2024-08-13,3008,2024-06-24,1403,1700,NA,1,5,6,3008,0,0,0,NA,0,NA,STATE COLLEGE BLVD,KIMBERLY AVE,0,NA,Y,A,-,N,NA,NA,NA,NA,NA,NA,NA,NA,NA,N,4,0,1,2,A,-,09,21804,B,N,D,C,A,A,H,-,A,A,0,NA,NA,NA,NA,Y,NA,A,01,0,0,1,0,0,0,0,0,0,-,-,NA,NA,ORANGE,FULLERTON,-117.8894500732422,33.86322784423828