CASE_ID,ACCIDENT_YEAR,PROC_DATE,JURIS,COLLISION_DATE,COLLISION_TIME,OFFICER_ID,REPORTING_DISTRICT,DAY_OF_WEEK,CHP_SHIFT,POPULATION,CNTY_CITY_LOC,SPECIAL_COND,BEAT_TYPE,CHP_BEAT_TYPE,CITY_DIVISION_LAPD,CHP_BEAT_CLASS,BEAT_NUMBER,PRIMARY_RD,SECONDARY_RD,DISTANCE,DIRECTION,INTERSECTION,WEATHER_1,WEATHER_2,STATE_HWY_IND,CALTRANS_COUNTY,CALTRANS_DISTRICT,STATE_ROUTE,ROUTE_SUFFIX,POSTMILE_PREFIX,POSTMILE,LOCATION_TYPE,RAMP_INTERSECTION,SIDE_OF_HWY,TOW_AWAY,COLLISION_SEVERITY,NUMBER_KILLED,NUMBER_INJURED,PARTY_COUNT,PRIMARY_COLL_FACTOR,PCF_CODE_OF_VIOL,PCF_VIOL_CATEGORY,PCF_VIOLATION,PCF_VIOL_SUBSECTION,HIT_AND_RUN,TYPE_OF_COLLISION,MVIW,PED_ACTION,ROAD_SURFACE,ROAD_COND_1,ROAD_COND_2,LIGHTING,CONTROL_DEVICE,CHP_ROAD_TYPE,PEDESTRIAN_ACCIDENT,BICYCLE_ACCIDENT,MOTORCYCLE_ACCIDENT,TRUCK_ACCIDENT,NOT_PRIVATE_PROPERTY,ALCOHOL_INVOLVED,STWD_VEHTYPE_AT_FAULT,CHP_VEHTYPE_AT_FAULT,COUNT_SEVERE_INJ,COUNT_VISIBLE_INJ,COUNT_COMPLAINT_PAIN,COUNT_PED_KILLED,COUNT_PED_INJURED,COUNT_BICYCLIST_KILLED,COUNT_BICYCLIST_INJURED,COUNT_MC_KILLED,COUNT_MC_INJURED,PRIMARY_RAMP,SECONDARY_RAMP,LATITUDE,LONGITUDE,COUNTY,CITY,POINT_X,POINT_Y
84467182,2024,2024-11-13,3019,2024-11-11,631,2801,NA,1,5,7,3019,0,0,0,NA,0,002,MAIN STREET,CIVIC CENTER DRIVE,0,NA,Y,A,-,N,NA,NA,NA,NA,NA,NA,NA,NA,NA,Y,3,0,1,3,A,-,12,21453,A,N,D,C,A,A,H,-,B,A,0,NA,NA,NA,NA,Y,NA,D,22,0,1,0,0,0,0,0,0,0,-,-,33.75083923339844,-117.86776733398438,ORANGE,SANTA ANA,-117.86760711669922,33.75062942504883
8447167,2017,2018-05-04,3004,2017-08-08,1634,P542,13,2,5,6,3004,0,0,0,NA,0,002,NEWPORT BL,VICTORIA ST,49,N,N,A,-,N,NA,NA,55,NA,NA,NA,NA,NA,NA,N,4,0,2,2,A,-,21,22106,NA,N,H,C,A,A,H,-,A,A,0,NA,NA,NA,NA,Y,NA,-,NA,0,0,2,0,0,0,0,0,0,-,-,33.6521,-117.9086,ORANGE,COSTA MESA,-117.90848014,33.65196161
84472585,2024,2024-11-18,3008,2024-10-05,1712,1666,NA,6,5,6,3008,0,0,0,NA,0,NA,COMMONWEALTH AVE,ROOSEVELT AVE,114,E,N,A,-,N,NA,NA,NA,NA,NA,NA,NA,NA,NA,N,4,0,1,2,A,-,09,21804,A,N,D,G,A,A,H,-,A,A,0,NA,Y,NA,NA,Y,NA,A,07,0,0,1,0,0,0,1,0,0,-,-,33.870208740234375,-117.94062042236328,ORANGE,FULLERTON,-117.9404754638672,33.87023162841797
84475253,2024,2024-11-19,3014,2024-11-15,1051,1374,NA,5,5,5,3014,0,0,0,NA,0,A3,MESA DR,BIRCH ST,50,N,N,G,-,N,NA,NA,NA,NA,NA,NA,NA,NA,NA,Y,4,0,2,3,A,-,08,22107,NA,N,B,C,A,A,H,-,A,D,0,NA,NA,NA,NA,Y,NA,A,01,0,0,2,0,0,0,0,0,0,-,-,33.65547180175781,-117.8795928955078,ORANGE,NEWPORT BEACH,-117.8796615600586,33.655513763427734
84476359,2024,2024-11-20,3008,2024-10-06,1502,1582,NA,7,5,6,3008,0,0,0,NA,0,NA,EUCLID ST,LAGUNA TER,255,N,N,A,-,N,NA,NA,NA,NA,NA,NA,NA,NA,NA,N,2,0,1,1,A,-,03,22350,NA,N,E,I,A,A,H,-,A,A,0,NA,Y,NA,NA,Y,Y,L,04,1,0,0,0,0,0,1,0,0,-,-,33.89501953125,-117.94390869140624,ORANGE,FULLERTON,-117.94374084472656,33.89572525024414
84477913,2024,2024-11-21,3008,2024-10-08,1209,1582,NA,2,5,6,3008,0,0,0,NA,0,NA,SKYLINE DR,RIDGE VIEW TER,59,N,N,A,-,N,NA,NA,NA,NA,NA,NA,NA,NA,NA,Y,4,0,1,2,A,-,07,21658,A,N,C,E,A,A,H,-,A,A,0,NA,NA,NA,NA,Y,NA,A,01,0,0,1,0,0,0,0,0,0,-,-,33.887088775634766,-117.91294097900392,ORANGE,FULLERTON,-117.91261291503906,33.88719177246094
8447813,2017,2018-01-02,3008,2017-03-03,1546,1482,FPD,5,5,6,3008,0,0,0,NA,0,022,RT 90,MERVYNS WY,0,NA,Y,A,-,Y,ORA,12,90,-,-,2.72,H,-,W,N,4,0,2,2,A,-,03,22350,A,N,C,C,A,A,H,-,A,A,0,NA,NA,NA,NA,Y,NA,A,01,0,0,2,0,0,0,0,0,0,-,-,NA,NA,ORANGE,FULLERTON,-117.92919342,33.91745728
8447854,2017,2018-04-09,3012,2017-08-31,1408,568,38,4,5,5,3012,0,0,0,NA,0,003,IMPERIAL HWY,MARKET PL,213,E,N,A,-,Y,ORA,12,90,-,-,0.71,H,-,W,N,4,0,1,3,A,-,21,22106,NA,N,C,C,A,A,H,-,A,A,0,NA,NA,NA,NA,Y,NA,A,01,0,0,1,0,0,0,0,0,0,-,-,NA,NA,ORANGE,LA HABRA,-117.9639798,33.91738799
8447884,2017,2018-07-05,3003,2017-11-13,0731,750,NA,1,5,5,3003,0,0,0,NA,0,NA,BEACH BL,FRANKLIN ST,440,S,N,A,-,Y,ORA,12,39,-,-,15.69,H,-,S,Y,3,0,1,2,A,-,07,21658,A,N,B,C,A,A,H,-,A,D,0,NA,NA,NA,Y,Y,NA,-,NA,0,1,0,0,0,0,0,0,0,-,-,33.8758,-117.9983,ORANGE,BUENA PARK,-117.99834339,33.8751889
8447934,2017,2018-05-29,3002,2017-08-24,1953,1408,532W,4,5,4,3002,0,0,0,NA,0,B12,IMPERIAL HWY,VALENCIA AV,60,W,N,A,-,Y,ORA,12,90,-,-,7.26,H,-,E,Y,4,0,2,2,A,-,09,21804,A,N,D,C,A,A,H,-,C,A,0,NA,NA,NA,NA,Y,NA,A,01,0,0,2,0,0,0,0,0,0,-,-,NA,NA,ORANGE,BREA,-117.85252291,33.90973847
8448306,2017,2017-09-29,3003,2017-08-06,1634,1184,NA,7,5,5,3003,0,0,0,NA,0,NA,COMMONWEALTH AV,AUTO CENTER DR,0,NA,Y,A,-,N,NA,NA,NA,NA,NA,NA,NA,NA,NA,Y,4,0,1,3,A,-,12,21453,A,N,D,C,A,A,H,-,A,A,0,NA,NA,NA,NA,Y,Y,A,01,0,0,1,0,0,0,0,0,0,-,-,33.8696,-118.0015,ORANGE,BUENA PARK,-118.00168004,33.86938004
84483437,2024,2024-11-26,3019,2024-11-20,2035,3931,NA,3,5,7,3019,0,0,0,NA,0,001,FAIRVIEW STREET,CIVIC CENTER DRIVE,10,N,N,A,-,N,NA,NA,NA,NA,NA,NA,NA,NA,NA,Y,4,0,1,2,A,-,03,22350,NA,N,C,C,A,A,H,-,C,A,0,NA,NA,NA,NA,Y,NA,A,01,0,0,1,0,0,0,0,0,0,-,-,33.75117874145508,-117.90312957763672,ORANGE,SANTA ANA,-117.90321350097656,33.75151443481445
84485087,2024,2024-11-27,3022,2024-10-27,959,1435,NA,7,5,5,3022,0,0,0,NA,0,NA,RED HILL AV,SERVICE RD,0,NA,Y,A,-,N,NA,NA,NA,NA,NA,NA,NA,NA,NA,Y,3,0,2,2,A,-,09,21804,A,N,D,C,A,A,H,-,A,A,0,NA,NA,NA,NA,Y,NA,A,01,0,2,0,0,0,0,0,0,0,-,-,33.72370147705078,-117.82536315917967,ORANGE,TUSTIN,-117.82535552978516,33.723655700683594
84486888,2024,2024-11-28,3022,2024-11-14,750,1109,NA,4,5,5,3022,0,0,0,NA,0,NA,MYRTLE AV,NEWPORT AV,16,W,N,A,-,N,NA,NA,NA,NA,NA,NA,NA,NA,NA,N,4,0,1,2,A,-,10,21950,A,M,G,B,B,A,H,-,A,D,0,Y,NA,NA,NA,Y,NA,A,01,0,0,1,0,1,0,0,0,0,-,-,NA,NA,ORANGE,TUSTIN,-117.82955932617188,33.730777740478516
84486917,2024,2024-11-28,3001,2024-10-30,1746,A2339,NA,3,5,7,3001,0,0,0,NA,0,NA,DIANA AVENUE,DOVER STREET,180,W,N,A,-,N,NA,NA,NA,NA,NA,NA,NA,NA,NA,N,4,0,1,2,B,-,22,NA,NA,N,H,C,A,A,H,-,A,D,0,NA,NA,NA,NA,Y,NA,J,48,0,0,1,0,0,0,0,0,0,-,-,NA,NA,ORANGE,ANAHEIM,-117.8910675048828,33.830596923828125
84487369,2024,2024-11-29,3019,2024-11-15,1426,3445,NA,5,5,7,3019,0,0,0,NA,0,001,1ST STREET,MAIN STREET,15,E,N,A,-,N,NA,NA,NA,NA,NA,NA,NA,NA,NA,N,4,0,1,2,A,-,09,21801,A,F,D,G,A,A,H,-,A,A,0,NA,Y,NA,NA,Y,NA,A,01,0,0,1,0,0,0,1,0,0,-,-,33.7453498840332,-117.867431640625,ORANGE,SANTA ANA,-117.86759948730467,33.745418548583984
84488143,2024,2024-12-02,3016,2024-10-28,1218,2217,NA,1,5,5,3016,0,0,0,NA,0,002,ORANGETHORPE AVENUE,TAFOLLA STREET,10,N,N,A,-,N,NA,NA,NA,NA,NA,NA,NA,NA,NA,N,4,0,1,2,A,-,17,21228,NA,N,D,C,A,A,H,-,A,D,0,NA,NA,Y,Y,Y,NA,C,03,0,0,1,0,0,0,0,0,1,-,-,33.861751556396484,-117.8756866455078,ORANGE,PLACENTIA,-117.87565612792967,33.861698150634766
84489678,2024,2024-12-03,3026,2024-11-22,718,602,NA,5,5,6,3026,0,0,0,NA,0,007,MARKETPLACE,LAS PALMAS (W),18,N,N,A,-,N,NA,NA,NA,NA,NA,NA,NA,NA,NA,Y,4,0,1,2,A,-,08,22107,NA,F,E,I,A,A,H,-,A,D,0,NA,NA,NA,NA,Y,Y,-,99,0,0,1,0,0,0,0,0,0,-,-,33.72513961791992,-117.7873306274414,ORANGE,IRVINE,-117.78729248046876,33.72498321533203
84494252,2024,2024-12-06,3019,2024-11-24,1651,3609,NA,7,5,7,3019,0,0,0,NA,0,004,EDINGER AVENUE,FAIRVIEW STREET,852,W,N,A,-,N,NA,NA,NA,NA,NA,NA,NA,NA,NA,Y,4,0,1,2,A,-,03,22350,NA,N,C,C,A,A,H,-,B,D,0,NA,NA,NA,NA,Y,NA,A,01,0,0,1,0,0,0,0,0,0,-,-,33.72732162475586,-117.90615844726563,ORANGE,SANTA ANA,-117.90894317626952,33.72748565673828
84494257,2024,2024-12-06,3019,2024-12-04,135,3675,NA,3,5,7,3019,0,0,0,NA,0,004,WARNER AVENUE,YALE STREET (W),200,W,N,A,-,N,NA,NA,NA,NA,NA,NA,NA,NA,NA,Y,2,0,1,1,A,-,08,22107,NA,N,E,I,A,A,H,-,C,D,0,NA,NA,NA,NA,Y,NA,A,01,1,0,0,0,0,0,0,0,0,-,-,33.71403884887695,-117.91689300537108,ORANGE,SANTA ANA,-117.91733551025392,33.71390914916992
84495397,2024,2024-12-09,3001,2024-11-05,1833,A1397,NA,2,5,7,3001,0,0,0,NA,0,D-4,GLASSELL STREET,FRONTERA STREET,0,NA,Y,A,-,N,NA,NA,NA,NA,NA,NA,NA,NA,NA,Y,4,0,2,2,A,-,09,21801,A,N,D,C,A,A,H,-,C,A,0,NA,NA,NA,NA,Y,NA,A,01,0,0,2,0,0,0,0,0,0,-,-,NA,NA,ORANGE,ANAHEIM,-117.85449981689452,33.84629821777344
8449646,2015,2017-09-23,3006,2015-07-29,2359,312,41,3,5,3,3006,0,0,0,NA,0,002,CRESCENT AV,SUMNER,159,E,N,A,-,N,NA,NA,NA,NA,NA,NA,NA,NA,NA,Y,3,0,1,2,A,-,07,21658,A,N,C,E,A,A,H,-,C,D,0,NA,NA,NA,NA,Y,NA,A,01,0,1,0,0,0,0,0,0,0,-,-,NA,NA,ORANGE,LA PALMA,-118.04979755,33.83893
8449663,2015,2017-09-23,3006,2015-05-20,1357,255,50,3,5,3,3006,0,0,0,NA,0,TWO,LA PALMA AV,WALKER ST,0,NA,Y,A,-,N,NA,NA,NA,NA,NA,NA,NA,NA,NA,N,4,0,1,3,A,-,03,22350,NA,N,C,C,A,A,H,-,A,A,0,NA,NA,NA,NA,Y,NA,A,01,0,0,1,0,0,0,0,0,0,-,-,NA,NA,ORANGE,LA PALMA,-118.03724009,33.84641007
8449665,2015,2017-09-23,3006,2015-10-09,1311,310,32,5,5,3,3006,0,0,0,NA,0,002,MOODY ST,LA PALMA,117,S,N,A,-,N,NA,NA,NA,NA,NA,NA,NA,NA,NA,Y,3,0,2,3,A,-,03,22350,NA,N,C,C,A,A,H,-,A,A,0,NA,NA,NA,NA,Y,NA,-,NA,0,1,1,0,0,0,0,0,0,-,-,NA,NA,ORANGE,LA PALMA,-118.04608551,33.84602923
8449675,2015,2017-09-23,3006,2015-05-12,1628,219,NA,2,5,3,3006,0,0,0,NA,0,002,WALKER ST,LA PALMA,246,S,N,A,-,N,NA,NA,NA,NA,NA,NA,NA,NA,NA,N,3,0,1,2,A,-,09,21802,A,N,D,G,A,A,H,-,A,D,0,NA,Y,NA,NA,Y,NA,A,07,0,1,0,0,0,0,1,0,0,-,-,NA,NA,ORANGE,LA PALMA,-118.03723,33.84573557
8449774,2017,2017-09-29,3003,2017-08-23,1544,1056,NA,3,5,5,3003,0,0,0,NA,0,NA,ARTESIA BL,STANTON AV,56,E,N,A,-,N,NA,NA,NA,NA,NA,NA,NA,NA,NA,N,4,0,3,3,A,-,08,22107,NA,N,B,C,A,A,H,-,A,A,0,NA,NA,NA,NA,Y,NA,A,01,0,0,3,0,0,0,0,0,0,-,-,33.5224,-117.5937,ORANGE,BUENA PARK,-117.99370593,33.87349
8449880,2016,2017-09-16,3006,2016-12-31,1650,320,4,6,5,3,3006,0,0,0,NA,0,001,VALLEY VIEW,CENTERPOINTE,0,NA,Y,A,-,N,NA,NA,NA,NA,NA,NA,NA,NA,NA,Y,4,0,1,2,A,-,12,21453,A,N,H,C,A,A,H,-,C,A,0,NA,NA,NA,NA,Y,NA,D,22,0,0,1,0,0,0,0,0,0,-,-,NA,NA,ORANGE,LA PALMA,-118.02878009,33.86086011
8449925,2016,2017-09-23,3006,2016-09-30,1322,309,34,5,5,3,3006,0,0,0,NA,0,002,LA PALMA AV,VALLEY VIEW ST,158,W,N,A,-,N,NA,NA,NA,NA,NA,NA,NA,NA,NA,N,4,0,1,2,A,-,03,22350,NA,N,C,C,A,A,H,-,A,A,0,NA,NA,NA,NA,Y,NA,A,01,0,0,1,0,0,0,0,0,0,-,-,NA,NA,ORANGE,LA PALMA,-118.02912914,33.84647375
84499391,2024,2024-12-13,3022,2024-11-21,1229,1404,NA,4,5,5,3022,0,0,0,NA,0,NA,ALLIANCE AV,WILLIAMS ST,144,E,N,A,-,N,NA,NA,NA,NA,NA,NA,NA,NA,NA,Y,3,0,1,2,A,-,08,22107,NA,N,B,C,A,A,H,-,A,D,0,NA,NA,NA,NA,Y,NA,A,08,0,1,0,0,0,0,0,0,0,-,-,33.736671447753906,-117.8394012451172,ORANGE,TUSTIN,-117.83900451660156,33.73666000366211
84499418,2024,2024-12-13,3001,2024-11-28,112,A2523,NA,4,5,7,3001,0,0,0,NA,0,D-2,ANAHEIM BOULEVARD,WATER STREET,341,N,N,A,-,N,NA,NA,NA,NA,NA,NA,NA,NA,NA,Y,4,0,1,2,A,-,01,23152,A,N,C,E,A,A,H,-,C,D,0,NA,NA,NA,NA,Y,Y,D,22,0,0,1,0,0,0,0,0,0,-,-,33.82872009277344,-117.91184997558594,ORANGE,ANAHEIM,-117.91201782226563,33.82984161376953
84499488,2024,2024-12-13,3019,2024-12-09,1310,3737,NA,1,5,7,3019,0,0,0,NA,0,004,HARBOR BOULEVARD,CENTRAL AVENUE,145,S,N,A,-,N,NA,NA,NA,NA,NA,NA,NA,NA,NA,N,4,0,2,2,A,-,09,21802,A,N,D,C,A,A,H,-,A,D,0,NA,NA,NA,NA,Y,NA,A,01,0,0,2,0,0,0,0,0,0,-,-,33.71268081665039,-117.9199676513672,ORANGE,SANTA ANA,-117.91961669921876,33.712074279785156
84501136,2024,2024-12-16,3008,2024-10-30,1716,1706,NA,3,5,6,3008,0,0,0,NA,0,NA,ORANGETHORPE AVE,PACIFIC DR,100,W,N,A,-,N,NA,NA,NA,NA,NA,NA,NA,NA,NA,Y,4,0,1,2,A,-,09,21804,A,N,D,C,A,A,H,-,A,A,0,NA,NA,Y,NA,Y,NA,A,01,0,0,1,0,0,0,0,0,1,-,-,33.85942840576172,-117.95677185058594,ORANGE,FULLERTON,-117.95677185058594,33.8590202331543
84501727,2024,2024-12-13,3026,2024-11-27,1340,12434,NA,3,5,6,3026,0,0,0,NA,0,001,VON KARMAN AVE,NORTH CURB 16702 VON KARMAN AVE,37,S,N,A,-,N,NA,NA,NA,NA,NA,NA,NA,NA,NA,Y,2,0,2,2,A,-,09,21801,A,N,D,C,A,A,H,-,A,D,0,NA,NA,NA,NA,Y,NA,A,01,1,1,0,0,0,0,0,0,0,-,-,33.698509216308594,-117.83309936523438,ORANGE,IRVINE,NA,NA
84502676,2024,2024-12-13,3010,2024-12-10,1510,3042,NA,2,5,6,3010,0,0,0,NA,0,008,WARNER AVE,LESLIE LN,0,E,N,A,-,N,NA,NA,NA,NA,NA,NA,NA,NA,NA,N,3,0,1,1,A,-,05,21650,1,N,H,A,A,A,H,-,A,A,0,NA,Y,NA,NA,Y,NA,M,91,0,1,0,0,0,0,1,0,0,-,-,33.71556091308594,-118.03801727294922,ORANGE,HUNTINGTON BEACH,-118.03819274902344,33.71528625488281
8450504,2017,2017-10-07,3008,2017-05-18,0841,1297,NA,4,5,6,3008,0,0,0,NA,0,002,HARBOR BL,HOUSTON AV,0,NA,Y,A,-,N,NA,NA,NA,NA,NA,NA,NA,NA,NA,Y,3,0,2,2,A,-,09,21801,A,N,A,C,A,A,H,-,A,A,0,NA,NA,NA,NA,Y,NA,A,08,0,1,1,0,0,0,0,0,0,-,-,NA,NA,ORANGE,FULLERTON,-117.92435006,33.85542002
84506153,2024,2024-12-16,3014,2024-11-17,146,1589,NA,7,5,5,3014,0,0,0,NA,0,A2,W. COAST HWY,NEWPORT BLVD,37.6,W,N,A,-,Y,ORA,NA,55,NA,NA,0.325,H,NA,R,Y,3,0,1,1,A,-,03,22350,NA,N,F,I,A,A,H,-,C,A,0,NA,NA,NA,NA,Y,NA,A,01,0,1,0,0,0,0,0,0,0,-,-,33.621891021728516,-117.92919158935548,ORANGE,NEWPORT BEACH,-117.9290771484375,33.621856689453125
84508042,2024,2024-12-18,3008,2024-10-29,636,1495,NA,2,5,6,3008,0,0,0,NA,0,NA,CHAPMAN AVE,PLACENTIA AVE,0,NA,Y,A,-,N,NA,NA,NA,NA,NA,NA,NA,NA,NA,Y,4,0,2,2,A,-,12,21453,A,N,D,C,A,A,H,-,B,A,0,NA,NA,NA,NA,Y,NA,A,01,0,0,2,0,0,0,0,0,0,-,-,33.87260818481445,-117.87873077392578,ORANGE,FULLERTON,-117.87901306152344,33.87389373779297
84512582,2024,2024-12-23,3010,2024-12-12,934,1015,NA,4,5,6,3010,0,0,0,NA,0,005,BEACH BL - SR39 BLVD,ELLIS AVE,496,N,N,B,-,N,NA,NA,NA,NA,NA,NA,NA,NA,NA,Y,4,0,1,2,A,-,09,21802,A,N,D,C,A,A,H,-,A,D,0,NA,NA,NA,NA,Y,NA,D,22,0,0,1,0,0,0,0,0,0,-,-,33.6939582824707,-117.98916625976563,ORANGE,HUNTINGTON BEACH,-117.98880004882813,33.69532012939453
84512584,2024,2024-12-23,3016,2024-11-20,1227,2217,NA,3,5,5,3016,0,0,0,NA,0,002,KIMBERLY AVENUE,PLACENTIA AVENUE,0,NA,Y,A,-,N,NA,NA,NA,NA,NA,NA,NA,NA,NA,N,4,0,2,2,A,-,09,21801,A,N,D,C,A,A,H,-,A,A,0,NA,NA,NA,NA,Y,NA,A,08,0,0,2,0,0,0,0,0,0,-,-,33.863380432128906,-117.88189697265624,ORANGE,PLACENTIA,-117.88213348388672,33.86322784423828
84514439,2024,2024-12-24,3019,2024-12-19,1235,3550,NA,4,5,7,3019,0,0,0,NA,0,001,WESTMINSTER AVENUE,A BETTER WAY,0,NA,Y,A,-,N,NA,NA,NA,NA,NA,NA,NA,NA,NA,Y,3,0,2,2,A,-,09,21802,A,N,D,C,A,A,H,-,A,A,0,NA,NA,NA,NA,Y,NA,A,01,0,1,1,0,0,0,0,0,0,-,-,33.75968933105469,-117.92562866210938,ORANGE,SANTA ANA,-117.9259796142578,33.75981903076172
84517489,2024,2024-12-27,3019,2024-11-08,805,3702,NA,5,5,7,3019,0,0,0,NA,0,003,SYCAMORE STREET,RUSSELL AVENUE,20,S,N,A,-,N,NA,NA,NA,NA,NA,NA,NA,NA,NA,N,4,0,1,2,A,-,11,21954,A,N,G,B,D,A,H,-,A,A,0,Y,NA,NA,NA,Y,NA,N,60,0,0,1,0,1,0,0,0,0,-,-,33.73257827758789,-117.86879730224608,ORANGE,SANTA ANA,-117.86878967285156,33.73261642456055
84518771,2024,2024-12-31,3008,2024-11-13,1359,1701,NA,3,5,6,3008,0,0,0,NA,0,NA,PARKS RD,ROSECRANS AVE,100,N,N,A,-,N,NA,NA,NA,NA,NA,NA,NA,NA,NA,Y,4,0,1,1,A,-,08,22107,NA,N,E,I,A,A,H,-,A,D,0,NA,NA,NA,NA,Y,NA,A,01,0,0,1,0,0,0,0,0,0,-,-,33.89276885986328,-117.95387268066406,ORANGE,FULLERTON,-117.95400238037108,33.892974853515625
84520933,2024,2025-01-02,3008,2024-11-11,2134,1387,NA,1,5,6,3008,0,0,0,NA,0,NA,MAGNOLIA AVE,I5 FWY (S),0,NA,Y,A,-,N,NA,NA,NA,NA,NA,NA,NA,NA,NA,Y,4,0,1,3,A,-,09,21800,D,N,A,C,A,A,H,-,C,A,0,NA,NA,NA,NA,Y,NA,A,01,0,0,1,0,0,0,0,0,0,-,-,NA,NA,ORANGE,FULLERTON,-117.97624206542967,33.85483169555664
84520941,2024,2025-01-01,3008,2024-11-15,1536,1495,NA,5,5,6,3008,0,0,0,NA,0,NA,HARBOR BLVD,HILL AVE,0,NA,Y,A,-,N,NA,NA,NA,NA,NA,NA,NA,NA,NA,N,4,0,1,2,A,-,09,21801,A,N,D,C,A,A,H,-,B,A,0,NA,NA,Y,NA,Y,NA,A,01,0,0,1,0,0,0,0,0,1,-,-,33.861080169677734,-117.92424011230467,ORANGE,FULLERTON,-117.92427825927734,33.86104965209961
84522332,2024,2025-01-01,3001,2024-11-27,553,A2657,NA,3,5,7,3001,0,0,0,NA,0,D-2,LA PALMA AVENUE,WEST STREET (W),14,E,N,A,-,N,NA,NA,NA,NA,NA,NA,NA,NA,NA,N,4,0,1,2,A,-,10,21950,A,N,G,B,B,A,H,-,A,D,0,Y,NA,NA,NA,Y,NA,A,01,0,0,1,0,1,0,0,0,0,-,-,33.8472900390625,-117.93212890625,ORANGE,ANAHEIM,-117.9321517944336,33.84716033935547
84522426,2024,2025-01-01,3019,2024-12-30,845,3965,NA,1,5,7,3019,0,0,0,NA,0,004,HARBOR BOULEVARD,SEGERSTROM AVENUE,0,NA,Y,B,-,N,NA,NA,NA,NA,NA,NA,NA,NA,NA,Y,4,0,1,2,A,-,12,21453,A,N,D,C,A,A,H,-,A,A,0,NA,NA,NA,NA,Y,NA,-,-,0,0,1,0,0,0,0,0,0,-,-,33.70886993408203,-117.92003631591795,ORANGE,SANTA ANA,-117.91975402832033,33.70865249633789
84524416,2024,2025-01-03,3008,2024-11-20,1543,1495,NA,3,5,6,3008,0,0,0,NA,0,NA,MELODY LN,CONCORD AVE,0,NA,Y,A,-,N,NA,NA,NA,NA,NA,NA,NA,NA,NA,Y,4,0,2,2,A,-,09,21802,A,N,D,C,A,A,H,-,A,D,0,NA,NA,NA,NA,Y,NA,A,01,0,0,2,0,0,0,0,0,0,-,-,33.882720947265625,-117.89035034179688,ORANGE,FULLERTON,-117.89035034179688,33.882568359375
84525981,2024,2025-01-06,3002,2024-12-05,1740,1695,NA,4,5,4,3002,0,0,0,NA,0,014,STATE COLLEGE BL,IMPERIAL HY,350,S,N,A,-,Y,ORA,NA,90,NA,NA,5.191,H,NA,L,N,3,0,1,2,A,-,09,21804,A,N,D,C,A,A,H,-,B,D,0,NA,NA,NA,NA,Y,NA,A,07,0,1,0,0,0,0,0,0,0,-,-,33.911869049072266,-117.88790130615234,ORANGE,BREA,-117.88787078857422,33.91192626953125
8452620,2017,2017-09-27,3006,2017-08-06,1154,321,42,7,5,3,3006,0,0,0,NA,0,002,CRESCENT AV,MOODY ST,0,NA,Y,A,-,N,NA,NA,NA,NA,NA,NA,NA,NA,NA,Y,3,0,1,2,A,-,12,21453,A,N,B,C,A,A,H,-,A,A,0,NA,NA,NA,NA,Y,NA,A,01,0,1,0,0,0,0,0,0,0,-,-,NA,NA,ORANGE,LA PALMA,-118.0459701,33.83898008
84527766,2024,2025-01-08,3008,2024-10-21,2012,1636,NA,1,5,6,3008,0,0,0,NA,0,NA,ORANGETHORPE AVE,COURTNEY AVE (W),192,E,N,A,-,N,NA,NA,NA,NA,NA,NA,NA,NA,NA,N,4,0,1,2,A,-,03,22350,NA,N,C,C,A,A,H,-,C,D,0,NA,NA,Y,NA,Y,NA,C,02,0,0,1,0,0,0,0,0,1,-,-,33.8590087890625,-117.9648895263672,ORANGE,FULLERTON,-117.96425628662108,33.85899353027344
8452864,2017,2018-05-25,3011,2017-09-09,1722,31340,32,6,5,4,3011,0,0,0,NA,0,001,N COAST HWY,JASMINE ST,70,S,N,A,-,Y,ORA,12,1,-,-,9.72,H,-,S,Y,4,0,1,2,A,-,03,22350,NA,N,C,C,A,A,H,-,A,D,0,NA,NA,NA,NA,Y,NA,A,07,0,0,1,0,0,0,0,0,0,-,-,NA,NA,ORANGE,LAGUNA BEACH,-117.79022528,33.54449047
8452926,2017,2018-05-29,3000,2017-08-28,0700,9684,891F7,1,5,4,3045,0,0,0,NA,0,745,AVENIDA DE LA CARLOTA,PASEO DE VALENCIA,0,NA,Y,A,-,Y,ORA,12,5,-,-,18.913,R,4,S,Y,4,0,2,2,A,-,09,21800,D,N,D,C,A,A,H,-,A,B,0,NA,NA,NA,NA,Y,NA,A,01,0,0,2,0,0,0,0,0,0,-,-,NA,NA,ORANGE,LAGUNA HILLS,-117.71032607,33.61693823
84532405,2024,2025-01-10,3001,2024-12-20,1944,A2970,NA,5,5,7,3001,0,0,0,NA,0,D-1,LINCOLN AVENUE,GILBERT STREET,156,W,N,A,-,N,NA,NA,NA,NA,NA,NA,NA,NA,NA,Y,4,0,4,4,A,-,08,22107,NA,F,B,E,A,A,H,-,C,D,0,NA,NA,NA,NA,Y,Y,D,22,0,0,4,0,0,0,0,0,0,-,-,NA,NA,ORANGE,ANAHEIM,-117.96819305419922,33.83230209350586