CASE_ID,ACCIDENT_YEAR,PROC_DATE,JURIS,COLLISION_DATE,COLLISION_TIME,OFFICER_ID,REPORTING_DISTRICT,DAY_OF_WEEK,CHP_SHIFT,POPULATION,CNTY_CITY_LOC,SPECIAL_COND,BEAT_TYPE,CHP_BEAT_TYPE,CITY_DIVISION_LAPD,CHP_BEAT_CLASS,BEAT_NUMBER,PRIMARY_RD,SECONDARY_RD,DISTANCE,DIRECTION,INTERSECTION,WEATHER_1,WEATHER_2,STATE_HWY_IND,CALTRANS_COUNTY,CALTRANS_DISTRICT,STATE_ROUTE,ROUTE_SUFFIX,POSTMILE_PREFIX,POSTMILE,LOCATION_TYPE,RAMP_INTERSECTION,SIDE_OF_HWY,TOW_AWAY,COLLISION_SEVERITY,NUMBER_KILLED,NUMBER_INJURED,PARTY_COUNT,PRIMARY_COLL_FACTOR,PCF_CODE_OF_VIOL,PCF_VIOL_CATEGORY,PCF_VIOLATION,PCF_VIOL_SUBSECTION,HIT_AND_RUN,TYPE_OF_COLLISION,MVIW,PED_ACTION,ROAD_SURFACE,ROAD_COND_1,ROAD_COND_2,LIGHTING,CONTROL_DEVICE,CHP_ROAD_TYPE,PEDESTRIAN_ACCIDENT,BICYCLE_ACCIDENT,MOTORCYCLE_ACCIDENT,TRUCK_ACCIDENT,NOT_PRIVATE_PROPERTY,ALCOHOL_INVOLVED,STWD_VEHTYPE_AT_FAULT,CHP_VEHTYPE_AT_FAULT,COUNT_SEVERE_INJ,COUNT_VISIBLE_INJ,COUNT_COMPLAINT_PAIN,COUNT_PED_KILLED,COUNT_PED_INJURED,COUNT_BICYCLIST_KILLED,COUNT_BICYCLIST_INJURED,COUNT_MC_KILLED,COUNT_MC_INJURED,PRIMARY_RAMP,SECONDARY_RAMP,LATITUDE,LONGITUDE,COUNTY,CITY,POINT_X,POINT_Y
84532433,2024,2025-01-10,3010,2024-12-05,2000,2056,NA,4,5,6,3010,0,0,0,NA,0,007,WARNER AVE,EDWARDS ST,66,E,N,A,-,N,NA,NA,NA,NA,NA,NA,NA,NA,NA,N,4,0,1,2,A,-,01,23152,A,N,C,C,A,A,H,-,C,A,0,NA,NA,NA,NA,Y,Y,A,01,0,0,1,0,0,0,0,0,0,-,-,33.71561813354492,-118.01519012451172,ORANGE,HUNTINGTON BEACH,-118.01505279541016,33.7154426574707
8453403,2017,2017-09-22,3001,2017-08-29,1347,A2331,NA,2,5,7,3001,0,0,0,NA,0,004,EAST NOHL CANYON RD,RURAL RIDGE,0,NA,Y,A,-,N,NA,NA,NA,NA,NA,NA,NA,NA,NA,Y,3,0,1,2,A,-,12,21453,A,N,D,D,A,A,H,-,A,A,0,NA,NA,Y,NA,Y,NA,C,02,0,1,0,0,0,0,0,0,1,-,-,NA,NA,ORANGE,ANAHEIM,-117.799809,33.844448
84534781,2024,2025-01-13,3001,2024-12-29,2306,A2890,NA,7,5,7,3001,0,0,0,NA,0,NA,GILBERT STREET,COLCHESTER DRIVE,38,N,N,A,-,N,NA,NA,NA,NA,NA,NA,NA,NA,NA,Y,4,0,2,2,A,-,08,22107,NA,N,A,C,A,A,H,-,D,D,0,NA,NA,NA,NA,Y,NA,A,01,0,0,2,0,0,0,0,0,0,-,-,33.82088088989258,-117.96758270263672,ORANGE,ANAHEIM,-117.96762084960938,33.82098388671875
8453656,2017,2017-10-03,3000,2017-09-12,0635,9704,892B7,2,5,5,3028,0,0,0,NA,0,750,JERONIMO RD,MONTILLA,0,NA,Y,A,-,N,NA,NA,NA,NA,NA,NA,NA,NA,NA,Y,3,0,1,2,A,-,12,21453,A,N,D,C,A,A,H,-,A,A,0,NA,NA,NA,NA,Y,NA,D,22,0,1,0,0,0,0,0,0,0,-,-,NA,NA,ORANGE,MISSION VIEJO,-117.6695801,33.60751001
84539014,2025,2025-01-15,3026,2025-01-10,1545,694,NA,5,5,6,3026,0,0,0,NA,0,003,CAMPUS DRIVE,PASEO MONTOYA,0,NA,Y,A,-,N,NA,NA,NA,NA,NA,NA,NA,NA,NA,N,4,0,1,2,A,-,08,22107,NA,N,D,G,A,A,H,-,A,A,0,NA,Y,NA,NA,Y,NA,L,04,0,0,1,0,0,0,1,0,0,-,-,NA,NA,ORANGE,IRVINE,-117.82184600830078,33.65070343017578
8454015,2017,2017-09-28,3000,2017-09-07,1700,9201,891H5,4,5,5,3050,0,0,0,NA,0,060,EL TORO,MUIRLANDS,0,NA,Y,A,-,N,NA,NA,NA,NA,NA,NA,NA,NA,NA,N,3,0,1,1,A,-,08,22107,NA,N,H,A,A,A,H,-,A,A,0,NA,NA,Y,NA,Y,NA,C,02,0,1,0,0,0,0,0,0,1,-,-,NA,NA,ORANGE,LAKE FOREST,-117.69729009,33.6232501
84545205,2025,2025-01-22,3019,2025-01-09,1811,3658,NA,4,5,7,3019,0,0,0,NA,0,003,MCFADDEN AVENUE,MAPLE STREET (E),0,NA,Y,A,-,N,NA,NA,NA,NA,NA,NA,NA,NA,NA,N,3,0,1,2,A,-,04,21703,NA,N,B,C,A,A,H,-,C,A,0,NA,NA,Y,NA,Y,NA,C,02,0,1,0,0,0,0,0,0,1,-,-,33.73332977294922,-117.86347198486328,ORANGE,SANTA ANA,-117.86402893066406,33.73353958129883
84545216,2025,2025-01-22,3019,2025-01-14,937,3201,NA,2,5,7,3019,0,0,0,NA,0,004,MACARTHUR BOULEVARD,PLAZA DRIVE,0,NA,Y,A,-,N,NA,NA,NA,NA,NA,NA,NA,NA,NA,Y,3,0,2,2,A,-,12,21453,A,N,D,C,A,A,H,-,A,A,0,NA,NA,NA,NA,Y,NA,A,01,0,1,1,0,0,0,0,0,0,-,-,33.699501037597656,-117.88980865478516,ORANGE,SANTA ANA,-117.88887786865234,33.69995880126953
8454611,2017,2017-10-05,3009,2017-09-15,0910,3445,111,5,5,6,3009,0,0,0,NA,0,021,EUCLID ST,KATELLA AV,0,S,N,A,-,N,NA,NA,NA,NA,NA,NA,NA,NA,NA,N,4,0,1,2,A,-,09,21804,A,N,D,C,A,A,H,-,A,D,0,NA,NA,NA,NA,Y,NA,A,01,0,0,1,0,0,0,0,0,0,-,-,NA,NA,ORANGE,GARDEN GROVE,-117.94151009,33.80308004
84546767,2024,2025-01-24,3008,2024-11-23,236,1686,NA,6,5,6,3008,0,0,0,NA,0,NA,EUCLID ST,BASTANCHURY RD,150,S,N,A,-,N,NA,NA,NA,NA,NA,NA,NA,NA,NA,Y,4,0,2,2,A,-,05,21651,A,F,D,C,A,A,H,-,C,A,0,NA,NA,NA,NA,Y,NA,-,99,0,0,2,0,0,0,0,0,0,-,-,33.888938903808594,-117.94249725341795,ORANGE,FULLERTON,-117.94243621826172,33.88861846923828
84549318,2025,2025-01-27,3014,2025-01-15,1147,1532,NA,3,5,5,3014,0,0,0,NA,0,A3,MACRTHUR BLVD,JAMBOREE RD,124,N,N,A,-,N,NA,NA,NA,NA,NA,NA,NA,NA,NA,Y,4,0,1,1,A,-,08,22107,NA,N,E,I,A,A,H,-,A,D,0,NA,NA,NA,NA,Y,NA,A,01,0,0,1,0,0,0,0,0,0,-,-,33.65808868408203,-117.86270141601563,ORANGE,NEWPORT BEACH,-117.86287689208984,33.6579475402832
84549433,2025,2025-01-27,3019,2025-01-22,1657,3931,NA,3,5,7,3019,0,0,0,NA,0,001,17TH STREET,KING STREET,100,W,N,A,-,N,NA,NA,NA,NA,NA,NA,NA,NA,NA,Y,4,0,1,2,A,-,08,22107,NA,N,D,C,A,A,H,-,A,D,0,NA,NA,NA,NA,Y,NA,A,01,0,0,1,0,0,0,0,0,0,-,-,33.76007080078125,-117.8979034423828,ORANGE,SANTA ANA,-117.8982162475586,33.759910583496094
84549791,2025,2025-01-27,3001,2025-01-02,1931,A1278,NA,4,5,7,3001,0,0,0,NA,0,D-3,HARBOR BOULEVARD,RT 5 SBOFF/R,0,NA,Y,A,-,Y,NA,NA,NA,NA,NA,NA,NA,NA,NA,N,4,0,1,2,A,-,03,22350,NA,N,C,C,A,A,H,-,C,D,0,NA,NA,NA,NA,Y,NA,A,07,0,0,1,0,0,0,0,0,0,-,-,NA,NA,ORANGE,ANAHEIM,NA,NA
84549844,2024,2025-01-27,3008,2024-11-14,1547,1700,NA,4,5,6,3008,0,0,0,NA,0,NA,MALDEN AVE,COMMONWEALTH AVE,10,N,N,A,-,N,NA,NA,NA,NA,NA,NA,NA,NA,NA,N,3,0,1,2,A,-,10,21950,A,N,G,B,B,A,H,-,A,A,0,Y,NA,NA,NA,Y,NA,A,01,0,1,0,0,1,0,0,0,0,-,-,NA,NA,ORANGE,FULLERTON,-117.92652893066406,33.8703498840332
84551679,2025,2025-01-28,3022,2025-01-12,1008,1326,NA,7,5,5,3022,0,0,0,NA,0,NA,WILLIAMS ST,MC FADDEN AV,0,NA,Y,A,-,N,NA,NA,NA,NA,NA,NA,NA,NA,NA,N,4,0,1,2,A,-,12,21453,A,N,D,C,A,A,H,-,A,A,0,NA,NA,NA,NA,Y,NA,A,07,0,0,1,0,0,0,0,0,0,-,-,33.73381042480469,-117.83943939208984,ORANGE,TUSTIN,-117.83946228027344,33.73378372192383
84555045,2025,2025-01-30,3022,2025-01-18,221,1404,NA,6,5,5,3022,0,0,0,NA,0,NA,RED HILL AV,RT 5 (S),0,NA,Y,A,-,N,NA,NA,NA,NA,NA,NA,NA,NA,NA,Y,2,0,1,1,A,-,01,23152,A,N,E,I,A,A,H,-,C,A,0,NA,NA,NA,NA,Y,Y,A,01,1,0,0,0,0,0,0,0,0,-,-,33.73337936401367,-117.81539916992188,ORANGE,TUSTIN,-117.81549835205078,33.73344802856445
84555136,2025,2025-01-30,3019,2025-01-20,1434,2801,NA,1,5,7,3019,0,0,0,NA,0,004,GARRY AVENUE,CRODDY WAY,0,NA,Y,A,G,N,NA,NA,NA,NA,NA,NA,NA,NA,NA,N,4,0,1,2,A,-,09,21802,A,N,D,C,A,A,H,-,A,D,0,NA,NA,NA,NA,Y,NA,A,01,0,0,1,0,0,0,0,0,0,-,-,33.70581817626953,-117.92214965820313,ORANGE,SANTA ANA,-117.92173004150392,33.70561218261719
8455590,2017,2017-09-26,3003,2017-08-30,0925,1056,NA,3,5,5,3003,0,0,0,NA,0,NA,VALLEY VIEW AV,SCOTT WY,300,N,N,A,-,N,NA,NA,NA,NA,NA,NA,NA,NA,NA,N,3,0,1,2,A,-,08,22107,NA,F,B,C,A,A,H,-,A,D,0,NA,NA,Y,NA,Y,NA,A,07,0,1,0,0,0,0,0,0,1,-,-,33.5116,-118.0142,ORANGE,BUENA PARK,-118.02866906,33.85451248
8455713,2017,2017-10-02,3001,2017-09-04,0300,0705,NA,1,5,7,3001,0,0,0,NA,0,0D3,WEST BALL RD,HALLIDAY ST,22,E,N,B,-,N,NA,NA,NA,NA,NA,NA,NA,NA,NA,N,3,0,1,2,A,-,03,22350,NA,F,G,B,D,A,H,-,C,D,0,Y,NA,NA,NA,Y,NA,-,99,0,1,0,0,1,0,0,0,0,-,-,NA,NA,ORANGE,ANAHEIM,-117.99665773,33.81738
84557179,2025,2025-01-31,3026,2025-01-28,1256,12434,NA,2,5,6,3026,0,0,0,NA,0,003,CALIFORNIA AVE,CAMPUS DR,60,N,N,A,-,N,NA,NA,NA,NA,NA,NA,NA,NA,NA,Y,3,0,1,2,A,-,03,22350,NA,N,C,C,A,A,H,-,A,A,0,NA,NA,NA,NA,Y,NA,A,01,0,1,0,0,0,0,0,0,0,-,-,33.64868927001953,-117.83022308349608,ORANGE,IRVINE,-117.83017730712892,33.64909744262695
8455737,2017,2017-11-30,3001,2017-09-09,0839,1278,NA,6,5,7,3001,0,0,0,NA,0,0D1,WEST BALL RD,SOUTH DALE AV,0,NA,Y,A,-,N,NA,NA,NA,NA,NA,NA,NA,NA,NA,N,3,0,1,2,A,-,08,22107,NA,N,F,C,A,A,H,-,A,A,0,NA,NA,Y,NA,Y,NA,-,-,0,1,0,0,0,0,0,0,1,-,-,NA,NA,ORANGE,ANAHEIM,-117.98455002,33.81752002
8455787,2017,2017-09-20,3001,2017-08-30,1743,417,NA,3,5,7,3001,0,0,0,NA,0,0D4,EAST SANTA ANA CANYON RD,N ROOSEVELT RD,0,NA,Y,A,-,N,NA,NA,NA,NA,NA,NA,NA,NA,NA,Y,3,0,1,2,A,-,09,21453,C,N,A,C,A,A,H,-,A,A,0,NA,NA,NA,NA,Y,NA,A,01,0,1,0,0,0,0,0,0,0,-,-,NA,NA,ORANGE,ANAHEIM,-117.74616008,33.86726008
84558303,2025,2025-02-03,3010,2025-01-17,1121,6106,NA,5,5,6,3010,0,0,0,NA,0,005,GARFIELD AVE,BEACH BL - SR39 BLVD,35,E,N,A,-,Y,ORA,NA,39,NA,NA,2.637,H,NA,R,Y,4,0,2,2,A,-,03,22350,NA,N,C,C,A,A,H,-,A,A,0,NA,NA,NA,NA,Y,NA,A,01,0,0,2,0,0,0,0,0,0,-,-,33.68653106689453,-117.9885711669922,ORANGE,HUNTINGTON BEACH,-117.98867034912108,33.68653106689453
84558341,2024,2025-05-19,3008,2024-12-10,1459,1407,NA,2,5,6,3008,0,0,0,NA,0,NA,STATE COLLEGE BLVD,ARTS DR,0,NA,Y,A,-,N,NA,NA,NA,NA,NA,NA,NA,NA,NA,N,4,0,1,2,A,-,10,21950,A,N,G,B,B,A,H,-,A,A,0,Y,NA,NA,NA,Y,NA,A,07,0,0,1,0,1,0,0,0,0,-,-,33.8797492980957,-117.88971710205078,ORANGE,FULLERTON,-117.88970947265624,33.879608154296875
84560498,2024,2025-02-03,3002,2024-12-14,1828,1744,NA,6,5,4,3002,0,0,0,NA,0,011,CENTRAL AV,BERRY ST,336,W,N,A,-,N,NA,NA,NA,NA,NA,NA,NA,NA,NA,Y,3,0,1,2,A,-,03,22350,NA,N,C,C,A,A,H,-,C,A,0,NA,NA,NA,NA,Y,NA,A,01,0,1,0,0,0,0,0,0,0,-,-,33.93178939819336,-117.90628814697266,ORANGE,BREA,-117.90758514404295,33.931880950927734
84563118,2025,2025-02-04,3022,2025-01-27,550,1450,NA,1,5,5,3022,0,0,0,NA,0,NA,PARK AV,S/B JAMBOREE OFF/ON RAMP,0,NA,N,C,-,N,NA,NA,NA,NA,NA,NA,NA,NA,NA,N,3,0,1,1,A,-,08,22107,NA,N,E,I,A,B,H,-,C,A,0,NA,NA,NA,NA,Y,NA,A,01,0,1,0,0,0,0,0,0,0,-,-,33.699581146240234,-117.82128143310548,ORANGE,TUSTIN,-124.08786010742188,40.937992095947266
8456335,2017,2017-09-27,3019,2017-08-20,1820,3371,NE,7,5,7,3019,0,0,0,NA,0,002,MAIN ST,SANTA CLARA AV,0,NA,Y,A,-,N,NA,NA,NA,NA,NA,NA,NA,NA,NA,N,4,0,1,2,A,-,12,21453,A,N,B,C,A,A,H,-,A,A,0,NA,NA,NA,NA,Y,NA,D,22,0,0,1,0,0,0,0,0,0,-,-,33.76663,-117.86743,ORANGE,SANTA ANA,-117.86750002,33.76684005
84563457,2025,2025-02-04,3010,2025-01-16,900,6104,NA,4,5,6,3010,0,0,0,NA,0,002,PACIFIC COAST HWY - SR1,BROOKHURST ST,1848,S,N,A,-,Y,NA,NA,NA,NA,NA,NA,NA,NA,NA,Y,3,0,1,2,A,-,03,22350,NA,N,C,C,A,A,H,-,A,D,0,NA,NA,NA,NA,Y,NA,D,22,0,1,0,0,0,0,0,0,0,-,-,33.63380813598633,-117.9658203125,ORANGE,HUNTINGTON BEACH,-117.95924377441406,33.63227081298828
84563565,2025,2025-02-04,3010,2025-01-31,1452,4094,NA,5,5,6,3010,0,0,0,NA,0,006,BEACH BL - SR39 BLVD,SLATER AVE,366,N,N,A,-,N,NA,NA,NA,NA,NA,NA,NA,NA,NA,N,4,0,1,5,A,-,03,22350,NA,F,C,C,A,A,H,-,A,A,0,NA,NA,NA,NA,Y,NA,A,01,0,0,1,0,0,0,0,0,0,-,-,33.70724868774414,-117.98932647705078,ORANGE,HUNTINGTON BEACH,-117.98904418945313,33.70941162109375
84563698,2025,2025-02-04,3019,2025-01-26,1552,3897,NA,7,5,7,3019,0,0,0,NA,0,001,17TH STREET,CABRILLO PARK DRIVE,100,W,N,C,-,N,NA,NA,NA,NA,NA,NA,NA,NA,NA,Y,3,0,3,2,A,-,08,22107,NA,N,D,C,A,B,H,-,A,D,0,NA,NA,NA,NA,Y,NA,A,01,0,1,2,0,0,0,0,0,0,-,-,33.759788513183594,-117.84169769287108,ORANGE,SANTA ANA,-117.8420181274414,33.75992965698242
8456484,2017,2017-10-18,3019,2017-08-14,1425,2460,SE,1,5,7,3019,0,0,0,NA,0,003,1ST ST,LACY ST,225,W,N,A,-,N,NA,NA,NA,NA,NA,NA,NA,NA,NA,Y,4,0,1,1,A,-,08,22107,NA,N,E,I,A,A,H,-,A,D,0,NA,NA,NA,NA,Y,NA,A,01,0,0,1,0,0,0,0,0,0,-,-,33.74564,-117.86083000000001,ORANGE,SANTA ANA,-117.86131816,33.74556728
8456531,2017,2017-10-19,3019,2017-08-21,1919,3409,WE,1,5,7,3019,0,0,0,NA,0,001,SYDNEY ST,17TH ST,102,N,N,A,-,N,NA,NA,NA,NA,NA,NA,NA,NA,NA,N,4,0,1,2,A,-,11,21954,A,N,G,B,D,A,H,-,A,D,0,Y,NA,NA,NA,Y,NA,N,60,0,0,1,0,1,0,0,0,0,-,-,33.75991,-117.90537,ORANGE,SANTA ANA,-117.905683,33.760081
8456535,2017,2017-11-13,3019,2017-08-16,2354,3523,SE,3,5,7,3019,0,0,0,NA,0,003,17TH ST,NEWHOPE,15,E,N,A,-,N,NA,NA,NA,NA,NA,NA,NA,NA,NA,Y,4,0,2,2,A,-,12,21453,A,N,D,C,A,A,H,-,C,D,0,NA,NA,NA,NA,Y,NA,-,-,0,0,2,0,0,0,0,0,0,-,-,NA,NA,ORANGE,SANTA ANA,NA,NA
84565399,2025,2025-02-05,3026,2025-01-21,1620,11846,NA,2,5,6,3026,0,0,0,NA,0,003,MICHELSON DR,PARKSIDE DR,232,E,N,A,-,N,NA,NA,NA,NA,NA,NA,NA,NA,NA,Y,4,0,1,2,A,-,03,22350,NA,N,C,C,A,A,H,-,A,D,0,NA,NA,NA,NA,Y,NA,A,07,0,0,1,0,0,0,0,0,0,-,-,33.66682052612305,-117.82807159423828,ORANGE,IRVINE,-117.82770538330078,33.66665267944336
84565661,2025,2025-02-05,3010,2025-01-31,1815,2151,NA,5,5,6,3010,0,0,0,NA,0,003,BROOKHURST ST,ADAMS AVE,48,S,N,A,-,N,NA,NA,NA,NA,NA,NA,NA,NA,NA,N,4,0,1,2,A,-,03,22350,NA,N,C,C,A,A,H,-,C,A,0,NA,NA,NA,NA,Y,NA,A,01,0,0,1,0,0,0,0,0,0,-,-,33.67237854003906,-117.95387268066406,ORANGE,HUNTINGTON BEACH,-117.95396423339844,33.67216873168945
8456677,2017,2017-10-04,3019,2017-08-29,0810,3516,NE,2,5,7,3019,0,0,0,NA,0,002,MAIN ST,20TH ST,0,NA,Y,A,-,N,NA,NA,NA,NA,NA,NA,NA,NA,NA,Y,2,0,1,2,A,-,12,21453,A,N,H,A,A,A,H,-,A,A,0,NA,NA,Y,NA,Y,NA,C,02,1,0,0,0,0,0,0,0,1,-,-,33.76277,-117.8675,ORANGE,SANTA ANA,-117.86753001,33.76254009
8456685,2017,2017-10-03,3019,2017-08-31,1443,2771,SC,4,5,7,3019,0,0,0,NA,0,004,EDINGER AV,PACIFIC AV,0,NA,Y,A,-,N,NA,NA,NA,NA,NA,NA,NA,NA,NA,Y,4,0,2,2,A,-,12,21453,A,N,D,C,A,A,H,-,A,A,0,NA,NA,NA,NA,Y,NA,A,01,0,0,2,0,0,0,0,0,0,-,-,33.72733,-117.8884,ORANGE,SANTA ANA,-117.88829002,33.72720004
8456693,2017,2017-10-11,3019,2017-08-02,1745,3196,SE,3,5,7,3019,0,0,0,NA,0,003,LYON ST,MCFADDEN AV,900,N,N,B,-,N,NA,NA,NA,NA,NA,NA,NA,NA,NA,N,3,0,1,2,A,-,08,22107,NA,N,G,B,E,A,H,-,A,D,0,Y,NA,NA,Y,Y,NA,G,27,0,1,0,0,1,0,0,0,0,-,-,33.73362,-117.84466,ORANGE,SANTA ANA,-117.8449463,33.73623682
84569479,2025,2025-02-07,3001,2025-02-05,1644,A2602,NA,3,5,7,3001,0,0,0,NA,0,D-1,BEACH BOULEVARD,BALL ROAD,0,NA,Y,A,-,Y,ORA,NA,39,NA,NA,11.67,H,NA,L,Y,3,0,1,3,A,-,09,21453,C,N,D,C,A,A,H,-,A,A,0,NA,NA,NA,NA,Y,NA,A,01,0,1,0,0,0,0,0,0,0,-,-,33.817291259765625,-117.99349975585938,ORANGE,ANAHEIM,-117.99340057373048,33.817291259765625
84577862,2025,2025-02-13,3026,2025-02-04,637,557,NA,2,5,6,3026,0,0,0,NA,0,008,JEFFREY RD,TRABUCO RD,0,NA,Y,A,-,N,NA,NA,NA,NA,NA,NA,NA,NA,NA,Y,4,0,1,2,A,-,12,21453,A,N,D,C,A,B,H,-,B,A,0,NA,NA,NA,NA,Y,NA,A,01,0,0,1,0,0,0,0,0,0,-,-,33.695308685302734,-117.7612762451172,ORANGE,IRVINE,-117.76213836669922,33.69635009765625
84579347,2025,2025-02-14,3019,2025-02-02,1330,3983,NA,7,5,7,3019,0,0,0,NA,0,NA,SULLIVAN STREET,MCFADDEN AVENUE,0,N,Y,A,-,N,NA,NA,NA,NA,NA,NA,NA,NA,NA,N,4,0,1,2,A,-,09,21801,A,N,D,C,A,A,H,-,A,A,0,NA,NA,NA,NA,Y,NA,A,01,0,0,1,0,0,0,0,0,0,-,-,33.734439849853516,-117.9023895263672,ORANGE,SANTA ANA,-117.90254974365234,33.734519958496094
84579353,2025,2025-02-14,3019,2025-02-05,744,3969,NA,3,5,7,3019,0,0,0,NA,0,004,DYER ROAD,HALLADAY STREET (E),1000,E,N,A,-,N,NA,NA,NA,NA,NA,NA,NA,NA,NA,Y,3,0,2,2,A,-,09,21801,A,N,D,C,A,A,H,-,A,D,0,NA,NA,NA,NA,Y,NA,A,01,0,2,0,0,0,0,0,0,0,-,-,33.7087287902832,-117.85965728759766,ORANGE,SANTA ANA,-117.85657501220705,33.70869064331055
8458038,2017,2017-09-28,3026,2017-09-09,1217,548,CROSS,6,5,6,3026,0,0,0,NA,0,005,SPARROWHAWK,REDHAWK,173,W,N,A,-,N,NA,NA,NA,NA,NA,NA,NA,NA,NA,Y,3,0,1,3,A,-,03,22350,NA,N,B,E,A,A,H,-,A,D,0,NA,NA,NA,NA,Y,NA,A,01,0,1,0,0,0,0,0,0,0,-,-,33.69008,-117.80012,ORANGE,IRVINE,-117.80007522,33.69048273
84580907,2025,2025-02-17,3014,2025-01-30,854,1346,NA,4,5,5,3014,0,0,0,NA,0,A3,SAN JOAQUIN HILLS RD,SANTA ROSA DR,50,W,N,A,-,N,NA,NA,NA,NA,NA,NA,NA,NA,NA,N,3,0,1,2,A,-,07,21658,A,N,B,C,A,A,H,-,A,D,0,NA,NA,NA,NA,Y,NA,A,07,0,1,0,0,0,0,0,0,0,-,-,33.618038177490234,-117.87081146240234,ORANGE,NEWPORT BEACH,-117.87068176269533,33.61790084838867
8458439,2017,2017-10-06,3001,2017-09-06,0636,A0705,NA,3,5,7,3001,0,0,0,NA,0,0D3,SOUTH STATE COLLEGE BL,EAST VERMONT AV,126,S,N,B,-,N,NA,NA,NA,NA,NA,NA,NA,NA,NA,Y,4,0,1,2,A,-,03,22350,NA,N,C,C,A,A,H,-,A,D,0,NA,NA,NA,NA,Y,NA,A,01,0,0,1,0,0,0,0,0,0,-,-,NA,NA,ORANGE,ANAHEIM,-117.88935,33.82755457
84584497,2025,2025-02-19,3026,2025-02-06,2019,693,NA,4,5,6,3026,0,0,0,NA,0,008,LANDMARK,CITY STROLL,0,NA,Y,C,-,N,NA,NA,NA,NA,NA,NA,NA,NA,NA,N,3,0,1,2,A,-,09,21802,A,N,D,G,A,B,H,-,C,A,0,NA,Y,NA,NA,Y,NA,A,07,0,1,0,0,0,0,1,0,0,-,-,NA,NA,ORANGE,IRVINE,-117.7439422607422,33.69764709472656
84591191,2025,2025-02-27,3019,2025-02-20,859,3449,NA,4,5,7,3019,0,0,0,NA,0,003,MCFADDEN AVENUE,GRAND AVENUE,0,NA,Y,A,-,N,NA,NA,NA,NA,NA,NA,NA,NA,NA,Y,3,0,2,2,A,-,08,22107,NA,N,A,C,A,A,H,-,A,A,0,NA,NA,NA,NA,Y,NA,A,01,0,1,1,0,0,0,0,0,0,-,-,33.73263931274414,-117.85076904296876,ORANGE,SANTA ANA,-117.85039520263672,33.733699798583984
84591653,2025,2025-02-27,3026,2025-01-27,1306,468,NA,1,5,6,3026,0,0,0,NA,0,NA,SAND CANYON AVE,SPRING MEADOW,0,NA,Y,A,-,N,NA,NA,NA,NA,NA,NA,NA,NA,NA,Y,4,0,2,2,A,-,12,21453,A,N,D,C,A,A,H,-,A,A,0,NA,NA,NA,NA,Y,NA,A,07,0,0,2,0,0,0,0,0,0,-,-,33.70048904418945,-117.74443817138672,ORANGE,IRVINE,-117.73551177978516,33.70075225830078
84593826,2025,2025-03-03,3008,2025-01-08,1855,1470,NA,3,5,6,3008,0,0,0,NA,0,NA,EUCLID ST,BAKER AVE,0,NA,Y,A,-,N,NA,NA,NA,NA,NA,NA,NA,NA,NA,Y,4,0,4,2,A,-,09,21801,A,N,A,C,A,A,H,-,C,A,0,NA,NA,NA,NA,Y,NA,A,07,0,0,4,0,0,0,0,0,0,-,-,33.85694122314453,-117.94184112548828,ORANGE,FULLERTON,-117.9417724609375,33.856910705566406
8459434,2017,2017-09-28,3001,2017-09-20,1747,2115,NA,3,5,7,3001,0,0,0,NA,0,0D2,SYCAMORE ST,CITRON ST,0,NA,Y,A,-,N,NA,NA,NA,NA,NA,NA,NA,NA,NA,Y,4,0,1,2,A,-,09,21800,A,N,D,C,A,A,H,-,B,A,0,NA,NA,NA,NA,Y,NA,A,01,0,0,1,0,0,0,0,0,0,-,-,NA,NA,ORANGE,ANAHEIM,-117.92476013,33.83768003
84594842,2025,2025-03-03,3014,2025-02-22,1047,1483,NA,6,5,5,3014,0,0,0,NA,0,A4,MACARTHUR BLVD,BISON AVE,689,S,N,A,-,N,NA,NA,NA,NA,NA,NA,NA,NA,NA,Y,4,0,3,2,A,-,08,22107,NA,N,B,C,A,A,H,-,A,D,0,NA,NA,NA,NA,Y,NA,A,07,0,0,3,0,0,0,0,0,0,-,-,33.63539123535156,-117.86260223388672,ORANGE,NEWPORT BEACH,-117.86280822753906,33.63551330566406
84597975,2025,2025-03-18,3001,2025-01-19,1326,A2657,NA,7,5,7,3001,0,0,0,NA,0,024,LINCOLN AVENUE,LEMON STREET,90,E,N,A,-,N,NA,NA,NA,NA,NA,NA,NA,NA,NA,N,4,0,1,1,A,-,08,22107,NA,N,E,I,A,A,H,-,A,D,0,NA,NA,NA,NA,Y,NA,A,01,0,0,1,0,0,0,0,0,0,-,-,33.83483123779297,-117.9158935546875,ORANGE,ANAHEIM,-117.91587066650392,33.83601760864258
84599157,2025,2025-03-17,3022,2025-02-10,1236,1308,NA,1,5,5,3022,0,0,0,NA,0,NA,EDINGER AV,RED HILL AV,0,NA,Y,A,-,N,NA,NA,NA,NA,NA,NA,NA,NA,NA,Y,3,0,2,5,A,-,12,21453,A,N,D,C,A,A,H,-,A,A,0,NA,NA,NA,NA,Y,NA,A,07,0,2,0,0,0,0,0,0,0,-,-,33.721649169921875,-117.82746887207033,ORANGE,TUSTIN,-117.82743072509766,33.72148895263672