CASE_ID,ACCIDENT_YEAR,PROC_DATE,JURIS,COLLISION_DATE,COLLISION_TIME,OFFICER_ID,REPORTING_DISTRICT,DAY_OF_WEEK,CHP_SHIFT,POPULATION,CNTY_CITY_LOC,SPECIAL_COND,BEAT_TYPE,CHP_BEAT_TYPE,CITY_DIVISION_LAPD,CHP_BEAT_CLASS,BEAT_NUMBER,PRIMARY_RD,SECONDARY_RD,DISTANCE,DIRECTION,INTERSECTION,WEATHER_1,WEATHER_2,STATE_HWY_IND,CALTRANS_COUNTY,CALTRANS_DISTRICT,STATE_ROUTE,ROUTE_SUFFIX,POSTMILE_PREFIX,POSTMILE,LOCATION_TYPE,RAMP_INTERSECTION,SIDE_OF_HWY,TOW_AWAY,COLLISION_SEVERITY,NUMBER_KILLED,NUMBER_INJURED,PARTY_COUNT,PRIMARY_COLL_FACTOR,PCF_CODE_OF_VIOL,PCF_VIOL_CATEGORY,PCF_VIOLATION,PCF_VIOL_SUBSECTION,HIT_AND_RUN,TYPE_OF_COLLISION,MVIW,PED_ACTION,ROAD_SURFACE,ROAD_COND_1,ROAD_COND_2,LIGHTING,CONTROL_DEVICE,CHP_ROAD_TYPE,PEDESTRIAN_ACCIDENT,BICYCLE_ACCIDENT,MOTORCYCLE_ACCIDENT,TRUCK_ACCIDENT,NOT_PRIVATE_PROPERTY,ALCOHOL_INVOLVED,STWD_VEHTYPE_AT_FAULT,CHP_VEHTYPE_AT_FAULT,COUNT_SEVERE_INJ,COUNT_VISIBLE_INJ,COUNT_COMPLAINT_PAIN,COUNT_PED_KILLED,COUNT_PED_INJURED,COUNT_BICYCLIST_KILLED,COUNT_BICYCLIST_INJURED,COUNT_MC_KILLED,COUNT_MC_INJURED,PRIMARY_RAMP,SECONDARY_RAMP,LATITUDE,LONGITUDE,COUNTY,CITY,POINT_X,POINT_Y
90134648,2016,2016-03-11,9670,2016-03-09,1445,015587,NA,3,2,5,3003,0,1,3,NA,2,092,SR-91 E/B (RIVERSIDE FREEWAY),BEACH BLVD.,318,E,N,A,-,Y,NA,NA,91,NA,NA,NA,NA,NA,E,N,4,0,1,2,A,-,03,22350,NA,N,C,C,A,A,H,-,A,D,0,NA,NA,NA,NA,Y,NA,D,22,0,0,1,0,0,0,0,0,0,-,-,33.85584,-117.99674,ORANGE,BUENA PARK,-117.99673603,33.85602032
90134716,2015,2016-03-11,9675,2015-11-22,0002,019018,NA,7,3,6,3015,0,1,3,NA,2,551,STATE ROUTE 55 SOUTHBOUND,CHAPMAN AVENUE,187,S,N,A,-,Y,NA,NA,55,NA,NA,NA,NA,NA,S,Y,1,1,0,2,A,-,11,21954,A,F,G,B,E,A,H,-,C,D,0,Y,NA,NA,NA,Y,Y,N,60,0,0,0,1,0,0,0,0,0,-,-,33.78419,-117.83121,ORANGE,ORANGE,-117.83124107,33.78419007
90134795,2016,2016-04-12,9690,2016-02-28,1430,020446,NA,7,2,9,3000,0,2,4,NA,2,037,TRABUCO CANYON ROAD,O'NELL PARK ENTRANCE,112,S,N,A,-,N,NA,NA,NA,NA,NA,NA,NA,NA,NA,Y,3,0,2,3,A,-,03,22350,NA,N,B,C,A,A,H,-,A,D,0,NA,NA,Y,NA,Y,NA,C,02,0,2,0,0,0,0,0,0,2,-,-,33.65299,-117.59935,ORANGE,UNINCORPORATED,-117.593845,33.65731
90135985,2016,2016-03-14,9675,2016-02-19,1340,020582,NA,5,1,6,3004,0,1,3,NA,2,553,SR-55 NORTHBOUND,MACARTHUR BLVD,500,S,N,A,-,Y,NA,NA,NA,NA,NA,NA,NA,NA,NA,N,4,0,1,2,A,-,03,22350,NA,N,C,C,A,A,H,-,A,D,0,NA,NA,Y,NA,Y,NA,C,02,0,0,1,0,0,0,0,0,1,-,-,33.6956,-117.86389,ORANGE,COSTA MESA,-117.86239256,33.6973754
90137777,2016,2016-03-16,9675,2016-03-08,1600,016984,NA,2,2,7,3019,0,1,3,NA,2,222,SR-22 EASTBOUND,BRISTOL ST,300,W,N,A,-,Y,NA,NA,22,NA,NA,NA,NA,NA,E,N,4,0,1,3,A,-,03,22350,NA,N,C,C,A,A,H,-,A,D,0,NA,NA,NA,NA,Y,NA,A,01,0,0,1,0,0,0,0,0,0,-,-,33.7787,-117.88652,ORANGE,SANTA ANA,-117.88652227,33.77896079
90138390,2016,2016-03-17,9675,2016-03-09,1905,020712,NA,3,2,7,3019,0,1,3,NA,2,551,SR-55 SOUTHBOUND TO 17TH ST.,17TH ST,75,N,N,A,-,Y,NA,NA,NA,NA,NA,NA,NA,NA,NA,N,4,0,1,2,A,-,03,22350,NA,N,C,C,A,A,H,-,C,D,0,NA,NA,NA,NA,Y,NA,A,07,0,0,1,0,0,0,0,0,0,-,-,33.76755,-117.83652,ORANGE,SANTA ANA,NA,NA
90138537,2016,2016-04-18,9675,2016-03-02,1950,021225,NA,3,2,7,3001,0,1,3,NA,2,093,SR-91 EASTBOUND,SR-57 SOUTHBOUND,100,W,N,A,-,Y,NA,NA,91,NA,NA,NA,NA,NA,E,Y,2,0,1,3,A,-,03,22350,NA,N,C,C,A,A,H,-,C,D,0,NA,NA,Y,NA,Y,NA,D,22,1,0,0,0,0,0,0,0,1,-,-,33.8468,-117.86942,ORANGE,ANAHEIM,-117.86937864,33.84694876
9013898,2019,2020-01-15,3000,2019-11-06,1302,6018,952B2,3,5,5,3040,0,0,0,NA,0,642,CAMINO CAPISTRANO,AVERY PKY,776,S,N,A,-,N,NA,NA,NA,NA,NA,NA,NA,NA,NA,Y,2,0,1,3,A,-,08,22107,NA,N,A,C,A,A,H,-,A,D,0,NA,NA,NA,NA,Y,NA,A,01,1,0,0,0,0,0,0,0,0,-,-,NA,NA,ORANGE,LAGUNA NIGUEL,-117.6741943359375,33.5451545715332
9014017,2019,2020-02-19,3000,2019-12-22,2325,9100,893B4,7,5,4,3048,0,0,0,NA,0,466,ANTONIO PKWY,EL PRADO,452,S,N,B,-,N,NA,NA,NA,NA,NA,NA,NA,NA,NA,Y,4,0,1,1,A,-,08,22107,NA,N,E,I,A,A,H,-,C,D,0,NA,NA,NA,NA,Y,NA,A,01,0,0,1,0,0,0,0,0,0,-,-,NA,NA,ORANGE,RANCHO SANTA MARGARITA,-117.59652709960938,33.630802154541016
90140221,2016,2016-03-21,9690,2016-03-10,2228,012632,NA,4,3,9,3000,0,1,3,NA,1,013,SR 133 (LAGUNA CANYON ROAD),STAGE COACH TRAIL,145,S,N,B,-,Y,NA,NA,NA,NA,NA,NA,NA,NA,NA,Y,3,0,1,1,A,-,01,23152,A,N,E,I,A,A,H,-,C,D,0,NA,NA,NA,NA,Y,Y,A,01,0,1,0,0,0,0,0,0,0,-,-,33.3713,-117.4525,ORANGE,UNINCORPORATED,NA,NA
9014061,2019,2020-02-18,3026,2019-12-15,1110,522,NA,7,5,6,3026,0,0,0,NA,0,00C,CULVER DR,CROSSROADS SHOPPING CENTER DRWY,0,NA,Y,A,-,N,NA,NA,NA,NA,NA,NA,NA,NA,NA,N,3,0,1,2,A,-,09,21804,A,N,D,G,A,A,H,-,A,D,0,NA,Y,NA,NA,Y,NA,A,01,0,1,0,0,0,0,1,0,0,-,-,NA,NA,ORANGE,IRVINE,NA,NA
90140633,2016,2016-03-21,9690,2016-03-13,1115,018840,NA,7,1,5,3017,0,1,1,NA,2,059,I-5 N/B (SAN DIEGO FRWY),EL CAMINO REAL,900,N,N,A,-,Y,NA,NA,5,NA,NA,NA,NA,NA,N,Y,3,0,4,2,A,-,03,22350,NA,N,C,C,A,A,H,-,A,D,0,NA,NA,NA,NA,Y,NA,A,07,0,2,2,0,0,0,0,0,0,-,-,33.4209,-117.60659,ORANGE,SAN CLEMENTE,-117.60666832,33.42083164
90140910,2016,2016-03-22,9690,2016-03-16,1700,019089,NA,3,2,9,3000,0,1,3,NA,1,074,SR 74 E/B (ORTEGA HWY),GIBBY ROAD,550,E,N,A,-,Y,NA,NA,74,NA,NA,NA,NA,NA,E,Y,4,0,2,2,A,-,03,22350,NA,N,C,C,A,A,H,-,A,D,0,NA,NA,NA,NA,Y,NA,A,01,0,0,2,0,0,0,0,0,0,-,-,33.51426,-117.57562,ORANGE,UNINCORPORATED,-117.57563728,33.51437109
90141264,2016,2016-03-22,9670,2016-03-18,0910,017951,NA,5,1,9,3000,0,3,5,NA,2,005,PURDY STREET (14500 BLOCK),BIRD AVENUE,9,N,N,A,-,N,NA,NA,NA,NA,NA,NA,NA,NA,NA,N,4,0,1,2,A,-,09,21801,A,N,A,C,A,A,A,-,A,D,0,NA,NA,NA,NA,Y,NA,A,01,0,0,1,0,0,0,0,0,0,-,-,33.75068,-117.97809,ORANGE,UNINCORPORATED,-117.9780804,33.75061467
90142619,2016,2016-03-24,9675,2016-03-10,0950,018929,NA,4,1,7,3001,0,1,3,NA,2,572,SR-57 SOUTHBOUND,BALL RD,400,N,N,A,-,Y,NA,NA,57,NA,NA,NA,NA,NA,S,Y,4,0,1,2,A,-,03,22350,NA,N,C,C,A,A,H,-,A,D,0,NA,NA,NA,NA,Y,NA,A,07,0,0,1,0,0,0,0,0,0,-,-,33.82007,-117.87604,ORANGE,ANAHEIM,-117.87627496,33.82006595
90142891,2016,2016-03-24,9675,2016-03-21,1530,021224,NA,1,2,5,3025,0,1,3,NA,2,571,SR-57 SOUTHBOUND,YORBA LINDA BLVD,100,S,N,A,-,Y,NA,NA,NA,NA,NA,NA,NA,NA,NA,N,4,0,1,3,A,-,03,22350,NA,N,C,C,A,A,H,-,A,D,0,NA,NA,NA,NA,Y,NA,A,07,0,0,1,0,0,0,0,0,0,-,-,33.77899,-117.88841,ORANGE,YORBA LINDA,NA,NA
90144482,2016,2016-03-28,9675,2016-03-14,0710,014558,NA,1,1,6,3026,0,1,1,NA,2,504,I-5 N/B FROM BAKE PARKWAY W/B,BAKE PKWY,500,N,N,B,C,Y,NA,NA,5,NA,NA,NA,R,NA,N,Y,3,0,1,1,A,-,08,22107,NA,N,F,A,A,B,H,-,A,D,0,NA,NA,NA,NA,Y,NA,A,01,0,1,0,0,0,0,0,0,0,-,-,33.63812,-117.729,ORANGE,IRVINE,-117.729,33.63812
90146073,2016,2016-03-28,9675,2016-03-16,0435,018187,NA,3,3,7,3019,0,1,1,NA,2,503,I-5 NORTHBOUND,FIRST ST,1190,S,N,A,-,Y,NA,NA,5,NA,NA,NA,NA,NA,N,N,4,0,1,2,A,-,03,22350,NA,F,B,C,A,A,H,-,C,D,0,NA,NA,NA,NA,Y,NA,B,01,0,0,1,0,0,0,0,0,0,-,-,33.74291,-117.8396,ORANGE,SANTA ANA,-117.83957598,33.74295193
90146167,2016,2016-03-28,9675,2016-03-13,0345,019897,NA,7,3,9,3000,0,3,5,NA,2,002,SANTIAGO CYN RD,HAUL RD,1500,S,N,A,-,N,NA,NA,NA,NA,NA,NA,NA,NA,NA,Y,4,0,2,1,A,-,08,22107,NA,N,E,I,A,A,H,-,D,D,0,NA,NA,NA,NA,Y,NA,D,22,0,0,2,0,0,0,0,0,0,-,-,33.76188,-117.70873,ORANGE,UNINCORPORATED,-117.706675,33.761315
90147023,2016,2016-03-29,9670,2016-03-25,2035,019120,NA,5,2,6,3009,0,1,3,NA,2,025,SR-22 W/B,NEWHOPE ST,528,E,N,A,-,Y,NA,NA,22,NA,NA,NA,NA,NA,W,Y,4,0,1,4,A,-,03,22350,NA,N,C,C,A,A,H,-,C,D,0,NA,NA,NA,NA,Y,NA,A,07,0,0,1,0,0,0,0,0,0,-,-,33.76639,-117.92649,ORANGE,GARDEN GROVE,-117.92647906,33.76624268
90149665,2016,2016-04-04,9690,2016-03-29,0720,014329,NA,2,1,4,3045,0,1,1,NA,2,055,I-5 S/B (SAN DIEGO FRWY),LOS ALISO BLVD.,800,S,N,A,-,Y,NA,NA,5,NA,NA,NA,NA,NA,S,Y,4,0,2,2,A,-,08,22107,NA,N,B,C,A,A,H,-,A,D,0,NA,NA,NA,NA,Y,NA,D,22,0,0,2,0,0,0,0,0,0,-,-,33.60749,-117.69648,ORANGE,LAGUNA HILLS,-117.69646241,33.60753181
90149877,2016,2016-04-04,9690,2016-03-29,1630,014329,NA,2,2,9,3000,0,2,4,NA,2,035,OSO PKWY,ANTONIO PKWY,500,E,N,A,-,N,NA,NA,NA,NA,NA,NA,NA,NA,NA,N,4,0,1,3,A,-,03,22350,NA,N,C,C,A,A,H,-,A,A,0,NA,NA,NA,NA,Y,NA,D,22,0,0,1,0,0,0,0,0,0,-,-,33.583709999999996,-117.63024,ORANGE,UNINCORPORATED,-117.62918694,33.58369718
90153480,2016,2016-04-08,9675,2016-03-25,1950,017833,NA,5,2,5,3022,0,1,3,NA,2,552,SR-55 NORTHBOUND,MCFADDEN ST,194,S,N,A,-,Y,NA,NA,55,NA,NA,NA,NA,NA,N,Y,4,0,2,3,A,-,07,21658,A,N,B,C,A,A,H,-,C,D,0,NA,NA,NA,NA,Y,NA,A,07,0,0,2,0,0,0,0,0,0,-,-,33.73318,-117.83351,ORANGE,TUSTIN,-117.83355209,33.73318
90154808,2016,2016-04-11,9690,2016-04-10,1120,018840,NA,7,1,5,3017,0,1,1,NA,2,059,I-5 N/B (SAN DIEGO FRWY),AVENIDA PICO,1500,N,N,A,-,Y,NA,NA,5,NA,NA,NA,NA,NA,N,Y,4,0,1,3,A,-,03,22350,NA,N,C,C,A,A,D,-,A,D,0,NA,NA,NA,NA,Y,NA,A,07,0,0,1,0,0,0,0,0,0,-,-,33.44092,-117.62581,ORANGE,SAN CLEMENTE,-117.62580355,33.44093147
90155298,2016,2016-04-12,9675,2016-03-24,0715,018005,NA,4,1,7,3019,0,1,1,NA,2,520,I-5 SOUTHBOUND,BROADWAY,560,N,N,A,-,Y,NA,NA,5,NA,NA,NA,NA,NA,S,Y,3,0,1,2,A,-,03,22350,NA,N,C,C,A,A,H,-,A,D,0,NA,NA,Y,NA,Y,NA,C,02,0,1,0,0,0,0,0,0,1,-,-,33.77291,-117.87131,ORANGE,SANTA ANA,-117.87143206,33.77281034
9016034,2020,2020-08-03,3000,2020-05-02,2010,4601,972A6,6,5,4,3029,0,0,0,NA,0,638,PCH,DOHENY PARK PLZ,16,S,N,A,-,N,NA,NA,NA,NA,NA,NA,NA,NA,NA,Y,3,0,1,2,A,-,08,22107,NA,N,B,C,A,A,H,-,C,A,0,NA,NA,Y,NA,Y,NA,A,01,0,1,0,0,0,0,0,0,1,-,-,NA,NA,ORANGE,DANA POINT,-117.68528747558594,33.4644660949707
90167443,2016,2016-04-28,9675,2016-04-16,1650,020594,NA,6,2,9,3000,0,3,5,NA,2,004,MACARTHUR BLVD,RT 55,700,E,N,A,-,Y,NA,NA,NA,NA,NA,NA,NA,NA,NA,Y,4,0,3,2,A,-,01,23152,A,N,D,C,A,A,H,-,A,D,0,NA,NA,NA,NA,Y,Y,A,01,0,0,3,0,0,0,0,0,0,-,-,33.68371,-117.90939,ORANGE,UNINCORPORATED,-117.86131,33.69855
90167959,2016,2016-04-28,9675,2016-04-18,1529,018832,NA,1,2,7,3001,0,1,3,NA,2,095,SR-91 E/B,COAL CYN RD,1000,W,N,A,-,Y,NA,NA,NA,NA,NA,NA,NA,NA,NA,Y,4,0,2,3,A,-,03,22350,NA,N,C,C,A,A,H,-,A,D,0,NA,NA,NA,NA,Y,NA,A,07,0,0,2,0,0,0,0,0,0,-,-,33.86817,-117.69598,ORANGE,ANAHEIM,NA,NA
90170171,2016,2016-05-02,9670,2016-04-17,1525,016271,NA,7,2,6,3009,0,1,3,NA,2,024,SR-22 E/B,GARDEN GROVE BLVD,528,E,N,A,-,Y,NA,NA,22,NA,NA,NA,NA,NA,E,Y,4,0,1,3,A,-,03,22350,NA,N,C,C,A,A,H,-,A,D,0,NA,NA,NA,Y,Y,NA,F,55,0,0,1,0,0,0,0,0,0,-,-,33.7756,-117.90213,ORANGE,GARDEN GROVE,-117.90221831,33.77577047
9017422,2020,2020-06-05,3026,2020-02-06,1842,6352,NA,4,5,6,3026,0,0,0,NA,0,00U,VON KARMAN AV,MARTIN,45,N,N,A,-,N,NA,NA,NA,NA,NA,NA,NA,NA,NA,Y,4,0,1,2,A,-,03,22350,NA,N,C,C,A,A,H,-,C,A,0,NA,NA,NA,NA,Y,NA,A,01,0,0,1,0,0,0,0,0,0,-,-,NA,NA,ORANGE,IRVINE,-117.85748291015624,33.671424865722656
9017465,2020,2020-06-05,3007,2020-02-14,1937,312,38,5,5,5,3007,0,0,0,NA,0,002,WARNER,WINTERSBURG,0,NA,Y,A,-,N,NA,NA,NA,NA,NA,NA,NA,NA,NA,Y,4,0,3,5,A,-,09,21801,A,N,D,C,A,A,H,-,C,A,0,NA,NA,NA,NA,Y,NA,A,07,0,0,3,0,0,0,0,0,0,-,-,NA,NA,ORANGE,FOUNTAIN VALLEY,-117.92463684082033,33.71611022949219
90181279,2016,2016-05-17,9690,2016-05-08,1815,020469,NA,7,2,5,3050,0,1,1,NA,2,055,I-5 N/B (SAN DIEGO FRWY),EL TORO RD,1000,N,N,A,-,Y,NA,NA,5,NA,NA,NA,NA,NA,N,Y,4,0,2,4,A,-,03,22350,NA,N,E,I,A,A,H,-,A,D,0,NA,NA,NA,NA,Y,NA,A,01,0,0,2,0,0,0,0,0,0,-,-,33.62169,-117.7139,ORANGE,LAKE FOREST,-117.71402014,33.62157817
90181723,2016,2016-05-18,9675,2016-05-11,1755,018539,NA,3,2,7,3001,0,1,3,NA,2,240,SR-241 N/B,WINDY RIDGE TOLL PLAZA,1750,S,N,A,-,Y,NA,NA,NA,NA,NA,NA,NA,NA,NA,Y,4,0,2,2,A,-,03,22350,NA,N,C,C,A,A,H,-,A,D,0,NA,NA,NA,NA,Y,NA,D,22,0,0,2,0,0,0,0,0,0,-,-,33.80876,-117.72277,ORANGE,ANAHEIM,NA,NA
9018265,2020,2020-01-22,3005,2020-01-06,1344,8233,C26,1,5,4,3005,0,0,0,NA,0,003,DENNI ST,MARION,18,S,N,A,-,N,NA,NA,NA,NA,NA,NA,NA,NA,NA,Y,3,0,1,2,A,-,09,21804,A,N,B,C,A,B,H,-,A,D,0,NA,NA,NA,NA,Y,NA,-,NA,0,1,0,0,0,0,0,0,0,-,-,NA,NA,ORANGE,CYPRESS,-118.05448150634766,33.81243896484375
90182688,2016,2016-05-19,9675,2016-05-11,1750,018834,NA,3,2,5,3022,0,1,3,NA,2,551,SR-55 NORTHBOUND,I-5 NORTHBOUND,100,N,N,A,-,Y,NA,NA,55,NA,NA,NA,NA,NA,N,Y,3,0,1,1,A,-,03,22350,NA,N,F,A,A,A,H,-,A,D,0,NA,NA,Y,NA,Y,NA,C,02,0,1,0,0,0,0,0,0,1,-,-,33.74144,-117.83367,ORANGE,TUSTIN,-117.83373527,33.74143888
90185065,2016,2016-06-13,9670,2016-05-07,1700,021139,NA,6,2,5,3003,0,1,3,NA,2,091,SR-91 EASTBOUND TO I-5 SOUTHBOUND,I-5 SOUTHBOUND,1584,W,N,A,-,Y,NA,NA,91,NA,NA,NA,R,NA,E,Y,3,0,1,2,A,-,03,22350,NA,N,C,C,A,A,H,-,A,B,0,NA,NA,NA,NA,Y,NA,A,01,0,1,0,0,0,0,0,0,0,-,-,33.85605,-117.98378,ORANGE,BUENA PARK,-117.98378,33.85605
90185908,2016,2016-05-24,9675,2016-03-23,0125,018983,NA,3,3,6,3026,0,1,3,NA,2,130,STATE ROUTE 133 NORTHBOUND,IRVINE CENTER DRIVE,40,S,N,A,-,Y,NA,NA,133,NA,NA,NA,NA,NA,N,Y,1,1,0,1,A,-,01,23152,A,N,E,I,A,A,H,-,C,D,0,NA,NA,NA,NA,Y,Y,D,22,0,0,0,0,0,0,0,0,0,-,-,33.66244,-117.75468,ORANGE,IRVINE,-117.75460147,33.6623913
90188453,2016,2016-05-26,9675,2016-05-10,1750,020780,NA,2,2,7,3019,0,1,1,NA,2,503,I-5 NORTHBOUND,1ST ST,800,S,N,A,-,Y,NA,NA,5,NA,NA,NA,NA,NA,N,Y,3,0,1,2,A,-,03,22350,NA,N,F,A,A,A,H,-,A,D,0,NA,NA,Y,NA,Y,NA,C,02,0,1,0,0,0,0,0,0,1,-,-,33.74201,-117.83733,ORANGE,SANTA ANA,-117.83731587,33.74204847
90189558,2016,2016-06-06,9675,2016-05-23,1315,015914,NA,1,1,6,3026,0,1,1,NA,2,407,I-405 SOUTHBOUND,LAGUNA CANYON RD,20,N,N,A,-,Y,NA,NA,NA,NA,NA,NA,NA,NA,NA,Y,3,0,1,2,A,-,07,21658,A,N,B,C,A,A,H,-,A,D,0,NA,NA,NA,Y,Y,NA,A,01,0,1,0,0,0,0,0,0,0,-,-,33.399,-117.462,ORANGE,IRVINE,-117.7678825,33.65261654
90193598,2016,2016-06-02,9675,2016-05-21,1154,016748,NA,6,1,4,3002,0,1,3,NA,2,570,SR-57 SOUTHBOUND,LAMBERT RD,200,N,N,A,-,Y,NA,NA,NA,NA,NA,NA,NA,NA,NA,Y,4,0,2,2,A,-,03,22350,NA,N,C,C,A,A,H,-,A,D,0,NA,NA,NA,NA,Y,NA,A,01,0,0,2,0,0,0,0,0,0,-,-,33.55333,-117.52494,ORANGE,BREA,-117.88029,33.92594828
9019451,2020,2020-03-12,3010,2020-01-06,1651,2167,261,1,5,6,3010,0,0,0,NA,0,007,GOLDEN WEST AV,VALENTINE DR,20,E,N,A,-,N,NA,NA,NA,NA,NA,NA,NA,NA,NA,N,4,0,1,2,A,-,09,21804,A,N,D,C,A,A,H,-,B,D,0,NA,NA,NA,NA,Y,NA,A,01,0,0,1,0,0,0,0,0,0,-,-,NA,NA,ORANGE,HUNTINGTON BEACH,-118.00669097900392,33.72438049316406
90195188,2016,2016-06-06,9675,2016-01-19,1420,017993,NA,2,2,7,3001,0,1,3,NA,2,093,STATE ROUTE 91 WESTBOUND,IMPERIAL HIGHWAY,2788,W,N,A,-,Y,NA,NA,91,NA,NA,NA,NA,NA,W,Y,3,0,2,3,C,-,18,NA,NA,N,E,C,A,A,H,-,A,D,0,NA,NA,NA,Y,Y,NA,-,-,0,2,0,0,0,0,0,0,0,-,-,33.85437,-117.79694,ORANGE,ANAHEIM,-117.7969382,33.85444542
90196896,2016,2016-06-08,9670,2016-05-19,0645,015927,670,4,1,6,3008,0,1,3,NA,2,194,SR-91 E/B,GILBERT ST,255,W,N,B,-,Y,NA,NA,91,NA,NA,NA,NA,NA,E,Y,4,0,3,2,A,-,03,22350,NA,N,C,C,A,A,H,-,A,D,0,NA,NA,NA,NA,Y,NA,D,22,0,0,3,0,0,0,0,0,0,-,-,33.85476,-117.96875,ORANGE,FULLERTON,-117.96873652,33.85479901
90197715,2016,2016-06-09,9675,2016-05-28,1335,020746,NA,6,1,6,3015,0,1,3,NA,2,550,SR-55 SOUTHBOUND,MEATS AVE,600,S,N,A,-,Y,NA,NA,55,NA,NA,NA,NA,NA,S,Y,4,0,2,3,A,-,03,22350,NA,N,C,C,A,A,H,-,A,D,0,NA,NA,NA,Y,Y,NA,F,27,0,0,2,0,0,0,0,0,0,-,-,33.81971,-117.83203,ORANGE,ORANGE,-117.83216609,33.81970988
90201427,2016,2016-06-14,9675,2016-06-11,2000,019979,NA,6,2,7,3001,0,1,3,NA,2,095,SR-91 WESTBOUND,GYPSUM CYN ROAD,30,W,N,A,-,Y,NA,NA,91,NA,NA,NA,NA,NA,W,Y,4,0,1,2,A,-,03,22350,NA,N,C,C,A,A,H,-,C,D,0,NA,NA,NA,NA,Y,NA,A,01,0,0,1,0,0,0,0,0,0,-,-,33.86661,-117.71766,ORANGE,ANAHEIM,-117.71765651,33.8666492
90201970,2016,2016-06-15,9690,2016-05-30,0330,016128,NA,1,3,4,3018,0,1,1,NA,2,057,I-5 N/B (SAN DIEGO FRWY),JUNIPERO SERRA ROAD,1000,N,N,B,-,Y,NA,NA,5,NA,NA,NA,NA,NA,N,Y,4,0,1,2,A,-,08,22107,NA,F,B,C,A,A,H,-,C,D,0,NA,NA,NA,NA,Y,NA,A,01,0,0,1,0,0,0,0,0,0,-,-,33.52378,-117.66702,ORANGE,SAN JUAN CAPISTRANO,-117.6669436,33.52381219
9020449,2019,2020-01-25,3001,2019-10-09,0645,A1404,NA,3,5,7,3001,0,0,0,NA,0,0D1,RIO VISTA ST,DUTCH AV,188,N,N,A,-,N,NA,NA,NA,NA,NA,NA,NA,NA,NA,Y,4,0,1,3,A,-,08,22107,NA,N,C,E,A,A,H,-,A,D,0,NA,NA,NA,NA,Y,NA,A,01,0,0,1,0,0,0,0,0,0,-,-,33.841251373291016,-117.87175750732422,ORANGE,ANAHEIM,-117.87163543701172,33.84291458129883
90205234,2016,2016-06-20,9670,2016-06-03,1500,020597,NA,5,2,5,3003,0,1,3,NA,2,092,SR-91 E/B,KNOTT AVE,528,W,N,A,-,Y,NA,NA,91,NA,NA,NA,NA,NA,E,N,4,0,1,2,A,-,03,22350,NA,N,C,C,A,A,H,-,A,D,0,NA,NA,NA,NA,Y,NA,A,01,0,0,1,0,0,0,0,0,0,-,-,33.85578,-118.01618,ORANGE,BUENA PARK,-118.01618067,33.8558643
9020559,2019,2020-01-18,3001,2019-12-29,1152,A1410,NA,7,5,7,3001,0,0,0,NA,0,0D3,LEWIS ST,CERRITOS AV,0,NA,Y,A,-,N,NA,NA,NA,NA,NA,NA,NA,NA,NA,Y,4,0,2,2,A,-,12,21453,A,N,D,C,A,A,H,-,A,A,0,NA,NA,NA,NA,Y,NA,A,01,0,0,2,0,0,0,0,0,0,-,-,33.809181213378906,-117.89824676513672,ORANGE,ANAHEIM,-117.89791870117188,33.81058883666992
9020714,2019,2020-09-17,3011,2019-11-17,0651,31222,85,7,5,4,3011,0,0,0,NA,0,003,RT 1,10TH AV,295,S,N,A,-,Y,ORA,12,1,-,-,5.26,H,-,N,Y,2,0,1,2,A,-,08,22107,NA,N,D,C,A,A,H,-,A,D,0,NA,NA,Y,NA,Y,NA,A,01,1,0,0,0,0,0,0,0,1,-,-,NA,NA,ORANGE,LAGUNA BEACH,-117.73882293701172,33.49701690673828
9020952,2019,2020-09-14,3002,2019-12-22,1534,1447,NA,7,5,4,3002,0,0,0,NA,0,014,IMPERIAL HWY,RT 57,111,W,N,B,-,Y,ORA,12,90,-,R,5.52,H,-,W,N,4,0,1,2,A,-,03,22350,NA,N,C,C,A,A,H,-,A,A,0,NA,NA,NA,NA,Y,NA,A,07,0,0,1,0,0,0,0,0,0,-,NF,33.91082000732422,-117.88185119628906,ORANGE,BREA,-117.88238525390624,33.910804748535156
90209920,2016,2016-06-27,9670,2016-06-22,0535,017858,NA,3,3,6,3010,0,1,1,NA,2,042,I-405 N/B,SR-39 (BEACH BLVD),1100,N,N,B,-,Y,NA,NA,405,NA,NA,NA,NA,NA,N,Y,4,0,1,1,A,-,08,22107,NA,N,E,I,A,A,H,-,A,D,0,NA,NA,NA,NA,Y,NA,A,01,0,0,1,0,0,0,0,0,0,-,-,33.7352,-117.99256,ORANGE,HUNTINGTON BEACH,-117.99261923,33.73511329
90210048,2016,2016-06-27,9670,2016-06-24,1935,020455,NA,5,2,6,3009,0,1,3,NA,2,021,SR-22 W/B,SPRINGDALE ST,25,E,N,A,-,Y,NA,NA,22,NA,NA,NA,NA,NA,W,Y,2,0,2,2,A,-,06,21755,NA,N,E,I,A,A,H,-,A,D,0,NA,NA,NA,NA,Y,NA,A,07,1,0,1,0,0,0,0,0,0,-,-,33.7744,-118.0198,ORANGE,GARDEN GROVE,-118.01979994,33.77440542
9021106,2019,2020-02-18,3004,2019-12-23,1721,P640,11,1,5,6,3004,0,0,0,NA,0,012,VICTORIA ST,HARBOR BL,60,W,N,B,-,N,NA,NA,NA,NA,NA,NA,NA,NA,NA,N,4,0,1,3,A,-,03,22350,NA,N,C,C,A,B,H,-,A,A,0,NA,NA,NA,NA,Y,NA,D,22,0,0,1,0,0,0,0,0,0,-,-,33.65250015258789,-117.919677734375,ORANGE,COSTA MESA,-117.91927337646484,33.652530670166016