CASE_ID,ACCIDENT_YEAR,PROC_DATE,JURIS,COLLISION_DATE,COLLISION_TIME,OFFICER_ID,REPORTING_DISTRICT,DAY_OF_WEEK,CHP_SHIFT,POPULATION,CNTY_CITY_LOC,SPECIAL_COND,BEAT_TYPE,CHP_BEAT_TYPE,CITY_DIVISION_LAPD,CHP_BEAT_CLASS,BEAT_NUMBER,PRIMARY_RD,SECONDARY_RD,DISTANCE,DIRECTION,INTERSECTION,WEATHER_1,WEATHER_2,STATE_HWY_IND,CALTRANS_COUNTY,CALTRANS_DISTRICT,STATE_ROUTE,ROUTE_SUFFIX,POSTMILE_PREFIX,POSTMILE,LOCATION_TYPE,RAMP_INTERSECTION,SIDE_OF_HWY,TOW_AWAY,COLLISION_SEVERITY,NUMBER_KILLED,NUMBER_INJURED,PARTY_COUNT,PRIMARY_COLL_FACTOR,PCF_CODE_OF_VIOL,PCF_VIOL_CATEGORY,PCF_VIOLATION,PCF_VIOL_SUBSECTION,HIT_AND_RUN,TYPE_OF_COLLISION,MVIW,PED_ACTION,ROAD_SURFACE,ROAD_COND_1,ROAD_COND_2,LIGHTING,CONTROL_DEVICE,CHP_ROAD_TYPE,PEDESTRIAN_ACCIDENT,BICYCLE_ACCIDENT,MOTORCYCLE_ACCIDENT,TRUCK_ACCIDENT,NOT_PRIVATE_PROPERTY,ALCOHOL_INVOLVED,STWD_VEHTYPE_AT_FAULT,CHP_VEHTYPE_AT_FAULT,COUNT_SEVERE_INJ,COUNT_VISIBLE_INJ,COUNT_COMPLAINT_PAIN,COUNT_PED_KILLED,COUNT_PED_INJURED,COUNT_BICYCLIST_KILLED,COUNT_BICYCLIST_INJURED,COUNT_MC_KILLED,COUNT_MC_INJURED,PRIMARY_RAMP,SECONDARY_RAMP,LATITUDE,LONGITUDE,COUNTY,CITY,POINT_X,POINT_Y
90465259,2017,2017-05-26,9675,2017-05-23,1100,015927,NA,2,1,7,3001,0,1,3,NA,2,571,SR-57 S/B TO BALL ROAD,BALL ROAD,300,N,N,A,-,Y,NA,NA,57,NA,NA,NA,R,NA,S,Y,4,0,1,2,A,-,03,22350,NA,N,C,C,A,A,H,-,A,D,0,NA,NA,Y,NA,Y,NA,C,02,0,0,1,0,0,0,0,0,1,-,-,33.81926,-117.87721,ORANGE,ANAHEIM,-117.87721,33.81926
9046911,2020,2020-05-29,3001,2020-02-03,1913,A1047,D3,1,5,7,3001,0,0,0,NA,0,0D3,ANAHEIM BL,CERRITOS AV,17,S,N,A,-,N,NA,NA,NA,NA,NA,NA,NA,NA,NA,N,3,0,1,2,A,-,10,21950,A,N,G,B,B,A,H,-,C,A,0,Y,NA,NA,NA,Y,NA,A,07,0,1,0,0,1,0,0,0,0,-,-,33.810829162597656,-117.90608215332033,ORANGE,ANAHEIM,-117.90607452392578,33.81056213378906
90469673,2017,2017-06-02,9675,2017-05-21,0210,021225,NA,7,3,6,3015,0,1,3,NA,2,550,SR-55 NORTHBOUND,LINCOLN AVE,1500,N,N,A,-,Y,NA,NA,55,NA,NA,NA,NA,NA,N,Y,3,0,1,1,A,-,01,23152,A,N,F,A,A,A,H,-,D,D,0,NA,NA,NA,NA,Y,Y,A,01,0,1,0,0,0,0,0,0,0,-,-,33.84035,-117.83261,ORANGE,ORANGE,-117.83265002,33.84039816
90470580,2017,2017-06-05,9675,2017-05-23,2149,017043,NA,2,2,7,3001,0,1,3,NA,2,572,SR-57 N/B,KATELLA AVE,275,S,N,A,-,Y,NA,NA,57,NA,NA,NA,NA,NA,N,Y,3,0,1,1,C,-,18,NA,NA,N,E,J,A,A,C,-,C,D,0,NA,NA,NA,NA,Y,NA,-,-,0,1,0,0,0,0,0,0,0,-,-,33.80706,-117.88036,ORANGE,ANAHEIM,-117.88003256,33.80698621
90470929,2017,2017-06-05,9670,2017-06-05,0010,019925,NA,1,3,6,3009,0,1,3,NA,2,021,SR-22 W/B,KNOTT AVENUE,590,W,N,A,-,Y,NA,NA,22,NA,NA,NA,NA,NA,W,Y,4,0,2,2,A,-,08,22107,NA,N,C,C,A,A,H,-,C,D,0,NA,NA,NA,NA,Y,NA,A,01,0,0,2,0,0,0,0,0,0,-,-,33.77479,-118.00976,ORANGE,GARDEN GROVE,-118.00975528,33.77471917
90471258,2017,2017-06-05,9690,2017-06-02,1606,020194,NA,5,2,4,3045,0,1,1,NA,2,055,I-5 S/B (SAN DIEGO FRWY),EL TORO RD,400,N,N,A,-,Y,NA,NA,5,NA,NA,NA,NA,NA,S,Y,4,0,1,2,A,-,03,22350,NA,N,C,C,A,A,H,-,A,D,0,NA,NA,NA,NA,Y,NA,A,07,0,0,1,0,0,0,0,0,0,-,-,33.61678,-117.71038,ORANGE,LAGUNA HILLS,-117.71027528,33.61688978
90473589,2017,2017-06-08,9670,2017-06-03,1510,020134,NA,6,2,6,3010,0,1,1,NA,2,040,I-405 S/B FROM CENTER AVENUE,CENTER AVE,210,S,N,A,-,Y,NA,NA,405,NA,NA,NA,R,NA,S,N,2,0,1,1,A,-,03,22350,NA,N,F,A,A,A,H,-,A,D,0,NA,NA,Y,NA,Y,NA,C,02,1,0,0,0,0,0,0,0,1,-,-,33.73269,-117.9901,ORANGE,HUNTINGTON BEACH,-117.9901,33.73269
90474040,2017,2017-06-08,9675,2017-05-26,1605,021397,NA,5,2,6,3015,0,1,1,NA,2,502,I-5 NORTHBOUND,STATE COLLEGE BLVD,1385,S,N,B,-,Y,NA,NA,5,NA,NA,NA,NA,NA,N,N,4,0,1,2,A,-,03,22350,NA,F,C,C,A,A,H,-,A,D,0,NA,NA,NA,NA,Y,NA,-,99,0,0,1,0,0,0,0,0,0,-,-,33.79031,-117.888,ORANGE,ORANGE,-117.88807878,33.79022181
90474429,2017,2017-09-06,9690,2017-05-26,1836,020637,NA,5,2,9,3000,0,1,3,NA,1,074,SR 74 E/B (ORTEGA HWY),SAN JUAN CREEK BRIDGE EAST EDGE,0,NA,N,B,-,N,NA,NA,74,NA,NA,NA,NA,NA,E,Y,2,0,2,2,A,-,05,21651,A,F,A,C,A,A,H,-,A,D,0,NA,NA,NA,NA,Y,NA,D,22,1,0,1,0,0,0,0,0,0,-,-,33.5919,-117.49723,ORANGE,UNINCORPORATED,-117.49724582,33.59190756
90475911,2017,2017-06-12,9675,2017-06-03,1250,016748,NA,6,1,6,3008,0,1,3,NA,2,570,SR-57 NB TO IMPERIAL HIGHWAY,IMPERIAL HIGHWAY,900,S,N,A,-,Y,NA,NA,NA,NA,NA,NA,NA,NA,NA,N,4,0,1,2,A,-,03,22350,NA,N,C,C,A,A,H,-,A,D,0,NA,NA,NA,NA,Y,NA,A,01,0,0,1,0,0,0,0,0,0,-,-,33.54299,-117.52557,ORANGE,FULLERTON,-117.88255566,33.90835824
90476012,2017,2017-06-12,9675,2017-06-04,0052,020732,NA,7,3,6,3026,0,1,1,NA,2,504,I-5 SOUTHBOUND,ALTON PKWY,2500,S,N,A,-,Y,NA,NA,5,NA,NA,NA,NA,NA,S,Y,4,0,1,1,A,-,08,22107,NA,N,E,I,A,A,H,-,C,D,0,NA,NA,NA,NA,Y,NA,D,22,0,0,1,0,0,0,0,0,0,-,-,33.64721,-117.73738,ORANGE,IRVINE,-117.73734475,33.64723793
90480341,2017,2017-06-19,9675,2017-06-17,0355,020027,NA,6,3,7,3019,0,1,3,NA,2,551,SR-55 S/B TO 17TH E/B,17TH ST,240,S,N,A,-,Y,NA,NA,55,NA,NA,NA,R,NA,S,Y,3,0,1,1,A,-,01,23152,A,N,F,A,A,A,H,-,C,D,0,NA,NA,NA,NA,Y,Y,A,01,0,1,0,0,0,0,0,0,0,-,-,33.75893,-117.83181,ORANGE,SANTA ANA,-117.83181,33.75893
90480397,2017,2017-06-19,9690,2017-06-04,0305,020537,NA,7,3,5,3028,0,1,1,NA,2,056,I-5 S/B (SAN DIEGO FRWY),CROWN VALLEY PKWY,579,N,N,A,-,Y,NA,NA,5,NA,NA,NA,NA,NA,S,Y,2,0,5,3,A,-,03,22350,NA,N,C,C,A,A,H,-,C,D,0,NA,NA,NA,NA,Y,NA,D,22,1,1,3,0,0,0,0,0,0,-,-,33.56277,-117.67271,ORANGE,MISSION VIEJO,-117.67287107,33.56279178
90480942,2017,2017-06-19,9675,2017-06-17,1635,021397,NA,6,2,7,3019,0,1,1,NA,2,502,I-5 NORTHBOUND,MAIN ST,1250,S,N,A,-,Y,NA,NA,5,NA,NA,NA,NA,NA,N,Y,4,0,2,2,A,-,03,22350,NA,N,C,C,A,A,H,-,A,D,0,NA,NA,NA,NA,Y,NA,A,01,0,0,2,0,0,0,0,0,0,-,-,33.764920000000004,-117.8656,ORANGE,SANTA ANA,-117.86558026,33.7649314
90481007,2017,2017-06-19,9690,2017-06-17,0945,018479,NA,6,1,4,3045,0,1,1,NA,2,055,I-5 S/B (SAN DIEGO FRWY),LA PAZ RD,1000,N,N,A,-,Y,NA,NA,NA,NA,NA,NA,NA,NA,NA,Y,4,0,1,2,A,-,03,22350,NA,N,C,C,A,A,H,-,A,D,0,NA,NA,NA,NA,Y,NA,A,01,0,0,1,0,0,0,0,0,0,-,-,33.45673,-117.54261,ORANGE,LAGUNA HILLS,-117.67935673,33.59928893
9048213,2019,2020-02-25,3022,2019-10-05,1104,1316,SOUTH,6,5,5,3022,0,0,0,NA,0,002,WILLIAMS ST,MC FADDEN AV,488,N,N,A,-,N,NA,NA,NA,NA,NA,NA,NA,NA,NA,N,4,0,1,2,D,-,00,NA,NA,N,G,B,E,A,H,-,A,D,0,Y,NA,NA,NA,Y,NA,-,-,0,0,1,0,1,0,0,0,0,-,-,33.73381042480469,-117.83943939208984,ORANGE,TUSTIN,-117.83946990966795,33.7351188659668
90483710,2017,2017-06-22,9670,2017-06-12,0610,013970,NA,1,1,3,3013,0,1,1,NA,2,061,I-605 S/B,KATELLA AVE,2112,S,N,A,-,Y,NA,NA,605,NA,NA,NA,NA,NA,S,Y,4,0,1,1,A,-,08,22107,NA,N,E,I,A,A,A,-,A,D,0,NA,NA,NA,NA,Y,NA,A,01,0,0,1,0,0,0,0,0,0,-,-,33.79769,-118.08627,ORANGE,LOS ALAMITOS,-118.08616109,33.7976077
9048609,2020,2020-11-20,3002,2020-02-01,1221,1447,NA,6,5,4,3002,0,0,0,NA,0,014,IMPERIAL HWY,RT 57,282,W,N,A,-,Y,ORA,12,90,-,R,5.28,H,-,W,N,4,0,1,2,A,-,03,22350,NA,N,C,C,A,A,H,-,A,A,0,NA,NA,NA,NA,Y,NA,A,01,0,0,1,0,0,0,0,0,0,-,-,33.9109992980957,-117.88500213623048,ORANGE,BREA,-117.886474609375,33.91140365600586
9048616,2020,2020-09-24,3010,2020-02-02,1133,1208,337,7,5,6,3010,0,0,0,NA,0,004,RT 1,SEAPOINT,1350,S,N,A,-,Y,ORA,12,1,-,-,26.79,H,-,N,N,3,0,1,1,A,-,08,22107,NA,N,E,I,A,A,H,-,A,D,0,NA,Y,NA,NA,Y,Y,L,04,0,1,0,0,0,0,1,0,0,-,-,NA,NA,ORANGE,HUNTINGTON BEACH,-118.02893829345705,33.6773681640625
9048669,2020,2020-03-19,3015,2020-01-05,1451,1240,RD47,7,5,6,3015,0,0,0,NA,0,723M,GLASSELL ST,RIVERBEND PKWY,0,NA,Y,A,-,N,NA,NA,NA,NA,NA,NA,NA,NA,NA,N,3,0,2,2,A,-,12,21453,A,N,D,C,A,A,H,-,A,A,0,NA,NA,NA,NA,Y,NA,A,01,0,2,0,0,0,0,0,0,0,-,-,33.83980178833008,-117.85134887695313,ORANGE,ORANGE,-117.85231018066406,33.840431213378906
9048684,2019,2020-02-25,3001,2019-11-22,0222,A1047,NA,5,5,7,3001,0,0,0,NA,0,0D1,CORONET AV,ALAMO ST,71,E,N,A,-,N,NA,NA,NA,NA,NA,NA,NA,NA,NA,NA,4,0,1,2,A,-,01,23152,A,N,C,E,A,A,H,-,C,D,0,NA,NA,NA,NA,Y,Y,A,01,0,0,1,0,0,0,0,0,0,-,-,33.85260009765625,-117.96401214599608,ORANGE,ANAHEIM,-117.96424865722656,33.85321044921875
9048689,2019,2020-02-25,3001,2019-11-07,1142,A2382,NA,4,5,7,3001,0,0,0,NA,0,0D3,BALL RD,WEST PL,0,NA,Y,A,-,N,NA,NA,NA,NA,NA,NA,NA,NA,NA,NA,4,0,1,2,A,-,12,21453,A,N,D,C,A,A,H,-,A,A,0,NA,NA,NA,NA,Y,NA,A,01,0,0,1,0,0,0,0,0,0,-,-,NA,NA,ORANGE,ANAHEIM,-117.92408752441406,33.81800842285156
9048692,2019,2020-02-25,3001,2019-11-17,1040,A2110,D2,7,5,7,3001,0,0,0,NA,0,0D2,ROMNEYA DR,BAXTER ST,0,NA,Y,A,-,N,NA,NA,NA,NA,NA,NA,NA,NA,NA,NA,4,0,3,3,A,-,12,22450,A,N,D,C,A,A,H,-,A,A,0,NA,NA,NA,NA,Y,NA,A,01,0,0,3,0,0,0,0,0,0,-,-,33.850948333740234,-117.8935317993164,ORANGE,ANAHEIM,-117.89362335205078,33.85087966918945
90488256,2017,2017-06-27,9675,2017-06-20,0443,021206,NA,2,3,7,3019,0,1,3,NA,2,551,SR-55 SOUTHBOUND,17TH ST,1900,S,N,B,-,Y,NA,NA,NA,NA,NA,NA,NA,NA,NA,Y,4,0,2,3,A,-,03,22350,NA,N,C,C,A,A,H,-,B,D,0,NA,NA,NA,NA,Y,NA,A,01,0,0,2,0,0,0,0,0,0,-,-,33.45157,-117.49542,ORANGE,SANTA ANA,NA,NA
90488931,2017,2017-08-14,9690,2017-06-23,1600,020366,NA,5,2,9,3000,0,1,3,NA,1,074,E/B SR-74 (ORTEGA HWY),CRISTIANITOS RD,115,E,N,A,-,Y,NA,NA,74,NA,NA,NA,NA,NA,NA,Y,3,0,1,3,A,-,06,21750,NA,N,D,C,A,A,H,-,A,D,0,NA,NA,Y,NA,Y,NA,C,02,0,1,0,0,0,0,0,0,1,-,-,33.51381,-117.58041,ORANGE,UNINCORPORATED,-117.58041101,33.51382024
90490840,2017,2017-06-29,9675,2017-06-20,1740,020627,NA,2,2,6,3015,0,1,3,NA,2,222,SR-22 EASTBOUND,GRAND AVE,900,E,N,A,-,Y,NA,NA,22,NA,NA,NA,NA,NA,E,Y,3,0,1,1,A,-,08,22107,NA,N,E,I,A,A,H,-,A,D,0,NA,NA,NA,NA,Y,NA,A,07,0,1,0,0,0,0,0,0,0,-,-,33.77504,-117.85059,ORANGE,ORANGE,-117.85058476,33.7751007
9049099,2019,2020-02-26,3001,2019-11-30,1402,A2382,NA,6,5,7,3001,0,0,0,NA,0,0D1,MAGNOLIA AV,BROADWAY,0,NA,Y,B,-,N,NA,NA,NA,NA,NA,NA,NA,NA,NA,Y,4,0,2,2,A,-,09,21801,A,N,D,C,A,A,H,-,A,B,0,NA,NA,NA,NA,Y,NA,A,01,0,0,2,0,0,0,0,0,0,-,-,33.8286018371582,-117.97575378417967,ORANGE,ANAHEIM,-117.97595977783205,33.82857894897461
90491191,2017,2017-06-30,9675,2017-06-22,1810,013300,NA,4,2,6,3026,0,1,1,NA,2,046,I-405 NORTHBOUND,JEFFREY RD,1200,N,N,A,-,Y,NA,NA,405,NA,NA,NA,NA,NA,N,Y,4,0,1,3,A,-,07,21658,A,N,B,C,A,A,H,-,A,D,0,NA,NA,NA,NA,Y,NA,D,22,0,0,1,0,0,0,0,0,0,-,-,33.6584,-117.77883,ORANGE,IRVINE,-117.77884288,33.65837747
90491234,2017,2017-06-30,9670,2017-05-05,0845,021666,NA,5,1,9,3000,0,2,S,NA,2,901,SANTA ANA RIVER TRAIL WEST PATHWAY,TALBERT AVE,1506,N,N,A,-,N,NA,NA,NA,NA,NA,NA,NA,NA,NA,N,4,0,1,2,C,-,18,NA,NA,N,G,B,F,A,H,-,A,D,0,Y,NA,NA,NA,Y,NA,-,-,0,0,1,0,1,0,0,0,0,-,-,33.70209,-117.93071,ORANGE,UNINCORPORATED,NA,NA
90491305,2017,2017-06-30,9675,2017-06-20,1750,018733,NA,2,2,5,3025,0,1,3,NA,2,095,SR-91 EASTBOUND,COAL CYN RD,2500,W,N,A,-,Y,NA,NA,91,NA,NA,NA,NA,NA,E,Y,4,0,1,3,A,-,03,22350,NA,N,B,C,A,A,H,-,A,D,0,NA,NA,Y,NA,Y,NA,C,02,0,0,1,0,0,0,0,0,1,-,-,33.87365,-117.69438,ORANGE,YORBA LINDA,-117.69437945,33.87363263
90491679,2017,2017-06-30,9670,2017-06-29,0605,016793,NA,4,1,4,3020,0,1,1,NA,2,045,I-405 S/B (SAN DIEGO FWY),SEAL BEACH BLVD. O/C,100,N,N,A,-,Y,NA,NA,405,NA,NA,NA,NA,NA,S,Y,4,0,1,2,A,-,03,22350,NA,N,C,C,A,A,H,-,A,D,0,NA,NA,NA,NA,Y,NA,A,01,0,0,1,0,0,0,0,0,0,-,-,33.77424,-118.0757,ORANGE,SEAL BEACH,-118.07569989,33.77428117
90492351,2017,2017-07-03,9675,2017-06-28,0543,018087,NA,3,3,7,3001,0,1,3,NA,2,094,SR-91 WESTBOUND,LAKEVIEW AVE,2640,E,N,B,-,Y,NA,NA,91,NA,NA,NA,NA,NA,W,Y,4,0,2,4,A,-,03,22350,NA,N,C,C,A,A,H,-,A,D,0,NA,NA,NA,Y,Y,NA,A,07,0,0,2,0,0,0,0,0,0,-,-,33.85464,-117.80657,ORANGE,ANAHEIM,-117.80657049,33.85464955
90492904,2017,2017-07-03,9670,2017-06-25,1310,019290,NA,7,1,5,3007,0,1,1,NA,2,040,I-405 N/B (SAN DIEGO FWY),BROOKHURST ST,1056,S,N,A,-,Y,NA,NA,405,NA,NA,NA,NA,NA,N,Y,3,0,1,1,A,-,03,22350,NA,N,E,I,A,A,H,-,A,D,0,NA,NA,Y,NA,Y,NA,C,02,0,1,0,0,0,0,0,0,1,-,-,33.70425,-117.95305,ORANGE,FOUNTAIN VALLEY,-117.95299254,33.70432213
90493147,2017,2017-07-03,9675,2017-06-27,1802,017993,NA,2,2,7,3001,0,1,3,NA,2,093,SR-91 EASTBOUND,GLASSELL ST.,2000,W,N,A,-,Y,NA,NA,91,NA,NA,NA,NA,NA,E,Y,4,0,1,2,A,-,03,22350,NA,N,C,C,A,A,H,-,A,D,0,NA,NA,NA,NA,Y,NA,A,01,0,0,1,0,0,0,0,0,0,-,-,33.84621,-117.86221,ORANGE,ANAHEIM,-117.86222112,33.84632948
9049333,2020,2020-03-05,3009,2020-01-11,1820,4738,118,6,5,6,3009,0,0,0,NA,0,2-3,BOLSA AV,WARD ST,429,E,N,A,-,N,NA,NA,NA,NA,NA,NA,NA,NA,NA,N,4,0,2,2,A,-,09,21804,A,N,A,C,A,A,H,-,B,D,0,NA,NA,NA,NA,Y,NA,A,01,0,0,2,0,0,0,0,0,0,-,-,NA,NA,ORANGE,GARDEN GROVE,-117.94474029541016,33.745018005371094
90493803,2017,2017-07-05,9690,2017-06-23,0200,020695,NA,5,3,4,3018,0,1,1,NA,2,057,I-5 N/B (SAN DIEGO FRWY),JUNIPERO SERRA RD,3243,N,N,A,-,Y,NA,NA,5,NA,NA,NA,NA,NA,N,Y,2,0,1,1,A,-,01,23152,A,N,E,I,A,A,H,-,C,D,0,NA,NA,NA,NA,Y,Y,A,01,1,0,0,0,0,0,0,0,0,-,-,33.52847,-117.67062,ORANGE,SAN JUAN CAPISTRANO,-117.67069933,33.52835537
90494646,2017,2017-07-06,9670,2017-06-29,2025,020134,NA,4,2,9,3000,0,3,5,NA,2,005,BOLSA AVE,PURDY ST,0,NA,Y,A,-,N,NA,NA,NA,NA,NA,NA,NA,NA,NA,Y,4,0,1,2,A,-,12,21453,A,N,D,C,A,A,H,-,C,A,0,NA,NA,NA,NA,Y,NA,-,-,0,0,1,0,0,0,0,0,0,-,-,33.74487,-117.97757,ORANGE,UNINCORPORATED,-117.97804011,33.74497008
90495428,2017,2017-07-06,9675,2017-06-22,2244,018868,NA,4,3,6,3004,0,1,3,NA,2,553,SR-55 NORTHBOUND,DEL MAR AVE,20,N,N,A,-,Y,NA,NA,55,NA,NA,NA,NA,NA,N,Y,4,0,1,3,A,-,03,22350,NA,N,C,C,A,A,D,-,C,D,0,NA,NA,NA,NA,Y,NA,A,08,0,0,1,0,0,0,0,0,0,-,-,33.66306,-117.89678,ORANGE,COSTA MESA,-117.89724455,33.66351708
90495933,2017,2017-07-07,9675,2017-06-24,1533,021438,NA,6,2,6,3008,0,1,3,NA,2,570,SR-57 S/B,NUTWOOD AVE,100,S,N,A,-,Y,NA,NA,57,NA,NA,NA,NA,NA,S,Y,4,0,1,4,A,-,03,22350,NA,N,C,C,A,A,H,-,A,D,0,NA,NA,NA,NA,Y,NA,D,22,0,0,1,0,0,0,0,0,0,-,-,33.8774,-117.88064,ORANGE,FULLERTON,-117.88050947,33.87740243
90496760,2017,2017-07-10,9670,2017-07-01,0001,021679,NA,6,3,7,3001,0,1,1,NA,2,503,I-5 S/B (SANTA ANA FREEWAY),SANTA ANA ST. O/C,425,S,N,A,-,Y,NA,NA,5,NA,NA,NA,NA,NA,S,Y,3,0,1,1,A,-,01,23152,A,N,E,I,A,A,H,-,C,D,0,NA,NA,NA,NA,Y,Y,A,01,0,1,0,0,0,0,0,0,0,-,-,33.82672,-117.92631,ORANGE,ANAHEIM,-117.92641485,33.82662072
90496765,2017,2017-07-10,9675,2017-06-14,2146,021483,NA,3,2,7,3019,0,1,1,NA,2,502,I-5 NORTHBOUND,17TH ST,100,N,N,A,-,Y,NA,NA,5,NA,NA,NA,NA,NA,N,Y,4,0,3,4,A,-,01,23152,A,F,B,C,A,A,H,-,C,D,0,NA,NA,NA,NA,Y,Y,A,01,0,0,3,0,0,0,0,0,0,-,-,33.76086,-117.86296,ORANGE,SANTA ANA,-117.86293917,33.76088082
90497117,2017,2017-07-10,9670,2017-07-06,2307,018664,NA,4,3,7,3001,0,1,1,NA,2,500,I-5 N/B,MAGNOLIA AVE,2948,S,N,A,-,Y,NA,NA,5,NA,NA,NA,NA,NA,N,Y,4,0,2,2,A,-,03,22350,NA,N,C,C,A,A,G,-,C,D,0,NA,NA,NA,NA,Y,NA,A,01,0,0,2,0,0,0,0,0,0,-,-,33.84999,-117.96756,ORANGE,ANAHEIM,-117.96755827,33.84999351
90499148,2017,2017-07-12,9690,2017-07-06,1430,015109,NA,4,2,4,3045,0,1,1,NA,2,055,I-5 S/B FROM ALICIA PKWY E/B,ALICIA PKWY,528,S,N,A,-,Y,NA,NA,5,NA,NA,NA,R,NA,S,Y,3,0,1,2,A,-,03,22350,NA,N,C,C,A,A,H,-,A,A,0,NA,NA,NA,NA,Y,NA,D,22,0,1,0,0,0,0,0,0,0,-,-,33.60274,-117.68841,ORANGE,LAGUNA HILLS,-117.68841,33.60274
90502002,2017,2017-07-17,9670,2017-07-10,0806,018516,NA,1,1,5,3003,0,1,3,NA,2,091,SR-91 W/B,KNOTT AVE,1320,E,N,A,-,Y,NA,NA,91,NA,NA,NA,NA,NA,W,Y,4,0,1,4,A,-,08,22107,NA,N,B,C,A,A,H,-,A,D,0,NA,NA,NA,NA,Y,NA,A,08,0,0,1,0,0,0,0,0,0,-,-,33.85603,-118.01104,ORANGE,BUENA PARK,-118.01104272,33.8560875
90504112,2017,2017-07-19,9675,2017-07-07,2054,021691,NA,5,2,7,3001,0,1,3,NA,2,094,SR-91 EASTBOUND,WEIR CYN RD,1400,W,N,A,-,Y,NA,NA,NA,NA,NA,NA,NA,NA,NA,N,4,0,4,2,A,-,03,22350,NA,N,C,C,A,A,H,-,C,D,0,NA,NA,NA,NA,Y,NA,A,01,0,0,4,0,0,0,0,0,0,-,-,33.86863,-117.74918,ORANGE,ANAHEIM,-117.74915027,33.86970275
90504896,2017,2017-07-20,9675,2017-07-13,1000,020582,NA,4,1,7,3001,0,1,3,NA,2,094,SR-91 W/B,IMPERIAL HIGHWAY,1000,W,N,A,-,Y,NA,NA,91,NA,NA,NA,NA,NA,W,N,4,0,2,2,A,-,03,22350,NA,N,C,C,A,A,H,-,A,D,0,NA,NA,NA,NA,Y,NA,A,07,0,0,2,0,0,0,0,0,0,-,-,33.85468,-117.80191,ORANGE,ANAHEIM,-117.80191276,33.85456421
90505349,2017,2017-07-21,9675,2017-06-20,1235,015011,NA,2,1,7,3019,1,4,S,NA,2,901,FAIRVIEW STREET,WEST ALTON AVENUE,0,NA,Y,A,-,N,NA,NA,NA,NA,NA,NA,NA,NA,NA,Y,4,0,1,2,A,-,03,22350,NA,N,C,C,A,A,H,-,A,D,0,NA,NA,NA,NA,Y,NA,D,22,0,0,1,0,0,0,0,0,0,-,-,33.70354,-117.90768,ORANGE,SANTA ANA,-117.90783011,33.70355012
90506724,2017,2017-07-26,9670,2017-07-18,1517,021212,NA,2,2,6,3009,0,1,3,NA,2,025,SR-22 W/B,GARDEN GROVE BLVD,1056000,E,N,A,-,Y,NA,NA,22,NA,NA,NA,NA,NA,W,Y,4,0,1,4,A,-,03,22350,NA,N,C,C,A,A,H,-,A,D,0,NA,NA,NA,NA,Y,NA,A,01,0,0,1,0,0,0,0,0,0,-,-,33.77482,-117.90425,ORANGE,GARDEN GROVE,-117.90426075,33.77484113
90506967,2017,2017-07-24,9675,2017-07-14,1710,019407,NA,5,2,7,3001,0,1,3,NA,2,093,SR-91 EASTBOUND,SR-57 NORTHBOUND,150,W,N,A,-,Y,NA,NA,NA,NA,NA,NA,NA,NA,NA,Y,4,0,3,3,A,-,03,22350,NA,N,C,C,A,A,H,-,A,D,0,NA,NA,NA,NA,Y,NA,A,07,0,0,3,0,0,0,0,0,0,-,-,33.50997,-117.52586,ORANGE,ANAHEIM,-117.87626146,33.84970394
90508818,2017,2017-07-26,9670,2017-07-21,1410,017022,NA,5,2,4,3020,0,1,1,NA,2,440,I-405 N/B (SAN DIEGO FREEWAY),SEAL BEACH BOULEVARD,1285,N,N,A,-,Y,NA,NA,405,NA,NA,NA,NA,NA,N,Y,3,0,2,2,A,-,07,21658,A,N,C,C,A,A,H,-,A,D,0,NA,NA,NA,NA,Y,NA,A,07,0,1,1,0,0,0,0,0,0,-,-,33.77449,-118.07941,ORANGE,SEAL BEACH,-118.07941,33.77453484
9050925,2020,2020-03-19,3005,2020-03-02,2124,8160,C02,1,5,4,3005,0,0,0,NA,0,001,CRESCENT AV,GAY ST,106,E,N,A,-,N,NA,NA,NA,NA,NA,NA,NA,NA,NA,Y,4,0,1,2,A,-,03,22350,NA,N,C,C,A,A,H,-,C,D,0,NA,NA,NA,NA,Y,NA,A,07,0,0,1,0,0,0,0,0,0,-,-,NA,NA,ORANGE,CYPRESS,-118.055419921875,33.83888626098633
90511477,2017,2017-07-28,9675,2017-07-19,0818,021809,NA,3,1,7,3019,0,1,1,NA,2,502,I-5 NORTHBOUND,17TH ST,500,S,N,A,-,Y,NA,NA,NA,NA,NA,NA,NA,NA,NA,N,4,0,1,2,A,-,03,22350,NA,N,C,C,A,A,H,-,A,D,0,NA,NA,NA,NA,Y,NA,A,08,0,0,1,0,0,0,0,0,0,-,-,33.45312,-117.51389,ORANGE,SANTA ANA,-117.86071844,33.75918626
90511489,2017,2017-07-28,9675,2017-07-18,0550,019618,NA,2,3,7,3001,0,1,3,NA,2,093,SR-91 W/B,LAKEVIEW AVE,1160,W,N,A,-,Y,NA,NA,91,NA,NA,NA,NA,NA,W,Y,3,0,1,3,A,-,07,21658,A,N,B,C,A,A,H,-,A,D,0,NA,NA,Y,NA,Y,NA,A,01,0,1,0,0,0,0,0,0,1,-,-,33.8486,-117.81726,ORANGE,ANAHEIM,-117.81725862,33.84859842
90511509,2017,2017-07-28,9675,2017-07-18,0600,013680,NA,2,1,7,3001,0,1,3,NA,2,095,SR-91 EASTBOUND,GYPSUM CYN ROAD,500,W,N,A,-,Y,NA,NA,91,NA,NA,NA,NA,NA,E,N,4,0,1,2,A,-,08,22107,NA,N,B,C,A,A,H,-,A,D,0,NA,NA,NA,Y,Y,NA,D,22,0,0,1,0,0,0,0,0,0,-,-,33.87175,-117.68703,ORANGE,ANAHEIM,-117.68701745,33.87178108