CASE_ID,ACCIDENT_YEAR,PROC_DATE,JURIS,COLLISION_DATE,COLLISION_TIME,OFFICER_ID,REPORTING_DISTRICT,DAY_OF_WEEK,CHP_SHIFT,POPULATION,CNTY_CITY_LOC,SPECIAL_COND,BEAT_TYPE,CHP_BEAT_TYPE,CITY_DIVISION_LAPD,CHP_BEAT_CLASS,BEAT_NUMBER,PRIMARY_RD,SECONDARY_RD,DISTANCE,DIRECTION,INTERSECTION,WEATHER_1,WEATHER_2,STATE_HWY_IND,CALTRANS_COUNTY,CALTRANS_DISTRICT,STATE_ROUTE,ROUTE_SUFFIX,POSTMILE_PREFIX,POSTMILE,LOCATION_TYPE,RAMP_INTERSECTION,SIDE_OF_HWY,TOW_AWAY,COLLISION_SEVERITY,NUMBER_KILLED,NUMBER_INJURED,PARTY_COUNT,PRIMARY_COLL_FACTOR,PCF_CODE_OF_VIOL,PCF_VIOL_CATEGORY,PCF_VIOLATION,PCF_VIOL_SUBSECTION,HIT_AND_RUN,TYPE_OF_COLLISION,MVIW,PED_ACTION,ROAD_SURFACE,ROAD_COND_1,ROAD_COND_2,LIGHTING,CONTROL_DEVICE,CHP_ROAD_TYPE,PEDESTRIAN_ACCIDENT,BICYCLE_ACCIDENT,MOTORCYCLE_ACCIDENT,TRUCK_ACCIDENT,NOT_PRIVATE_PROPERTY,ALCOHOL_INVOLVED,STWD_VEHTYPE_AT_FAULT,CHP_VEHTYPE_AT_FAULT,COUNT_SEVERE_INJ,COUNT_VISIBLE_INJ,COUNT_COMPLAINT_PAIN,COUNT_PED_KILLED,COUNT_PED_INJURED,COUNT_BICYCLIST_KILLED,COUNT_BICYCLIST_INJURED,COUNT_MC_KILLED,COUNT_MC_INJURED,PRIMARY_RAMP,SECONDARY_RAMP,LATITUDE,LONGITUDE,COUNTY,CITY,POINT_X,POINT_Y
94804173,2025,2025-08-15,9675,2025-08-08,1300,022298,NA,5,1,6,3004,0,1,1,NA,2,405,I-405 SOUTHBOUND (SAN DIEGO FREEWAY),FAIRVIEW ROAD,850,N,N,A,-,Y,ORA,NA,405,NA,NA,10.963,H,NA,L,Y,4,0,1,2,A,-,03,22350,NA,N,C,C,A,A,H,-,A,D,0,NA,NA,NA,NA,Y,NA,D,22,0,0,1,0,0,0,0,0,0,-,-,33.68767166137695,-117.9108428955078,ORANGE,COSTA MESA,-117.91083526611328,33.687774658203125
94810961,2025,2025-08-20,9675,2025-08-12,1315,022631,NA,2,1,7,3019,0,1,3,NA,2,551,SR-55 SOUTHBOUND,17TH ST.,1000,S,N,A,-,Y,ORA,NA,55,NA,NA,11.33,H,NA,L,Y,4,0,2,3,A,-,03,22350,NA,N,C,2,A,A,H,-,A,D,0,NA,NA,NA,NA,Y,NA,D,22,0,0,2,0,0,0,0,0,0,-,-,33.75325012207031,-117.83171844482422,ORANGE,SANTA ANA,-117.831787109375,33.75325393676758
94817220,2025,2025-08-26,9675,2025-08-18,1632,024260,NA,1,2,7,3019,0,1,3,NA,2,222,SR-22 WESTBOUND,I-5 SOUTHBOUND,500,W,N,A,-,Y,ORA,NA,22,NA,R,10.268,H,NA,L,N,4,0,1,2,A,-,03,22350,NA,N,C,C,A,A,H,-,A,D,0,NA,NA,NA,NA,Y,NA,A,01,0,0,1,0,0,0,0,0,0,-,-,33.77909851074219,-117.87980651855467,ORANGE,SANTA ANA,-117.87980651855467,33.77906799316406
94818551,2025,2025-08-26,9675,2025-08-18,542,020699,NA,1,3,6,3026,0,1,1,NA,2,504,I-5 SOUTHBOUND,JEFFREY RD.,1000,S,N,A,-,Y,ORA,NA,5,NA,R,24.526,H,NA,L,N,4,0,3,3,A,-,03,22350,NA,N,C,C,A,A,H,-,C,D,0,NA,NA,NA,NA,Y,NA,A,07,0,0,3,0,0,0,0,0,0,-,-,33.683868408203125,-117.76473236083984,ORANGE,IRVINE,-117.76467895507813,33.68389129638672
94820633,2025,2025-08-27,9675,2025-08-20,1357,021633,NA,3,1,6,3015,0,1,3,NA,2,572,SR-57 SOUTHBOUND,CHAPMAN AVE,205,N,N,A,-,Y,ORA,NA,57,NA,NA,11.3,H,NA,L,Y,4,0,1,3,A,-,03,22350,NA,N,C,C,A,A,H,-,A,D,0,NA,NA,NA,Y,Y,NA,G,25,0,0,1,0,0,0,0,0,0,-,-,33.78858947753906,-117.88011169433594,ORANGE,ORANGE,-117.88011169433594,33.78858947753906
94825875,2025,2025-09-02,9670,2025-08-23,30,022761,NA,6,3,6,3009,0,3,5,NA,2,004,DALE ST (11000 BLOCK),HOPI RD,250,S,N,A,-,N,NA,NA,NA,NA,NA,NA,NA,NA,NA,N,4,0,1,2,A,-,08,22107,NA,N,C,C,A,A,H,-,C,A,0,NA,NA,NA,NA,Y,Y,A,01,0,0,1,0,0,0,0,0,0,-,-,33.79307174682617,-117.98426055908205,ORANGE,GARDEN GROVE,-117.98420715332033,33.793094635009766
94830809,2025,2025-09-05,9675,2025-08-28,742,021633,NA,4,1,5,3016,0,1,3,NA,2,071,SR-57 SOUTHBOUND,ORANGETHORPE AVE,230,S,N,A,-,Y,ORA,NA,57,NA,NA,16.354,H,NA,L,Y,3,0,7,5,A,-,03,22350,NA,N,C,C,A,A,H,-,A,D,0,NA,NA,NA,NA,Y,NA,A,07,0,2,5,0,0,0,0,0,0,-,-,33.86054992675781,-117.87706756591795,ORANGE,PLACENTIA,-117.87713623046876,33.86053466796875
9483363,2022,2022-08-04,3000,2022-05-13,1338,9696,921G6,5,5,5,3040,0,0,0,NA,0,743,LA PAZ RD,AVILA RD,41,S,N,A,-,N,NA,NA,NA,NA,NA,NA,NA,NA,NA,Y,3,0,2,2,A,-,03,22350,NA,N,C,C,A,A,H,-,A,A,0,NA,NA,Y,NA,Y,NA,A,07,0,1,1,0,0,0,0,0,2,-,-,NA,NA,ORANGE,LAGUNA NIGUEL,-117.70807647705078,33.563297271728516
9483620,2022,2022-08-23,3012,2022-07-17,1122,702,41,7,5,5,3012,0,0,0,NA,0,004,LA HABRA BL,CALIFORNIA ST,0,NA,Y,A,-,N,NA,NA,NA,NA,NA,NA,NA,NA,NA,Y,3,0,2,2,A,-,09,21801,A,N,D,C,A,A,H,-,A,D,0,NA,NA,NA,NA,Y,NA,A,01,0,2,0,0,0,0,0,0,0,-,-,NA,NA,ORANGE,LA HABRA,-117.94834899902344,33.931861877441406
94841294,2025,2025-09-11,9690,2025-08-31,1140,020349,NA,7,1,4,3018,0,1,1,NA,2,057,I-5 S/B (SAN DIEGO FRWY),SAN JUAN CREEK RD,2500,N,N,A,-,Y,ORA,NA,5,NA,NA,9.26,H,NA,L,N,3,0,2,1,A,-,08,22107,NA,N,E,I,A,A,H,-,A,D,0,NA,NA,NA,NA,Y,NA,A,07,0,2,0,0,0,0,0,0,0,-,-,33.49747085571289,-117.6590576171875,ORANGE,SAN JUAN CAPISTRANO,-117.658935546875,33.4974479675293
94842327,2025,2025-09-12,9690,2025-09-04,1614,019394,NA,4,2,9,3000,0,2,4,NA,2,034,ANTONIO PKWY,GATEWAY PL.,0,NA,Y,A,-,N,NA,NA,NA,NA,NA,NA,NA,NA,NA,Y,4,0,1,2,A,-,09,21801,A,M,D,C,A,A,H,-,A,D,0,NA,NA,NA,NA,Y,NA,-,99,0,0,1,0,0,0,0,0,0,-,-,33.52227020263672,-117.6199188232422,ORANGE,UNINCORPORATED,-117.6199188232422,33.5222282409668
94845381,2025,2025-09-16,9675,2025-09-09,1622,022081,NA,2,2,7,3019,0,1,1,NA,2,502,I-5 NORTHBOUND,SR-55 SOUTHBOUND,400,S,N,A,-,Y,ORA,NA,5,NA,NA,30.068,H,NA,R,N,3,0,2,2,A,-,03,22350,NA,N,C,C,A,A,H,-,A,D,0,NA,NA,NA,NA,Y,NA,A,07,0,2,0,0,0,0,0,0,0,-,-,33.739601135253906,-117.83048248291016,ORANGE,SANTA ANA,-117.83048248291016,33.739593505859375
94845775,2025,2025-09-16,9670,2025-08-31,1350,021355,NA,7,1,6,3015,0,1,1,NA,2,061,I-605 S/B,WILLOW ST,5280,S,N,A,-,Y,ORA,NA,605,NA,R,0.59,H,NA,L,N,4,0,1,4,A,-,07,21658,A,M,H,A,A,A,H,-,A,D,0,NA,NA,NA,NA,Y,NA,-,99,0,0,1,0,0,0,0,0,0,-,-,33.79207992553711,-118.0882568359375,ORANGE,ORANGE,-118.08821868896484,33.79206848144531
9484730,2022,2022-08-25,3026,2022-08-07,2359,592,PORTO,7,5,6,3026,0,0,0,NA,0,009,ALTON,MUIRLANDS,0,NA,Y,A,-,N,NA,NA,NA,NA,NA,NA,NA,NA,NA,Y,2,0,5,2,A,-,12,21453,A,N,D,C,A,A,H,-,A,A,0,NA,NA,NA,NA,Y,NA,A,01,1,2,2,0,0,0,0,0,0,-,-,NA,NA,ORANGE,IRVINE,-117.72513580322266,33.64796829223633
94850433,2025,2025-10-01,9670,2025-05-07,2314,021900,NA,3,3,6,3009,0,1,3,NA,2,020,STATE ROUTE 22 EASTBOUND,SPRINGDALE STREET,1032,W,N,A,-,Y,ORA,NA,22,NA,R,1.722,H,NA,R,Y,1,1,1,2,A,-,01,23152,A,N,C,2,A,A,H,-,C,D,0,NA,NA,Y,Y,Y,Y,C,02,0,0,1,0,0,0,0,1,0,-,-,33.774169921875,-118.02394104003906,ORANGE,GARDEN GROVE,-118.02394104003906,33.77421188354492
9485941,2022,2022-09-12,3000,2022-08-06,0028,10576,922B4,6,5,5,3028,0,0,0,NA,0,755,OSO PKWY,FAIRFIELD INN,16,W,N,A,-,N,NA,NA,NA,NA,NA,NA,NA,NA,NA,Y,4,0,1,2,D,-,00,NA,NA,N,C,C,A,A,H,-,C,A,0,NA,NA,NA,NA,Y,NA,-,-,0,0,1,0,0,0,0,0,0,-,-,NA,NA,ORANGE,MISSION VIEJO,-117.67079162597656,33.580020904541016
94867028,2025,2025-11-13,9670,2025-09-29,535,021459,NA,1,3,7,3001,0,1,1,NA,2,500,I-5 N/B,MAGNOLIA STREET,2640,S,N,A,-,Y,ORA,NA,5,NA,NA,41.474,H,NA,R,Y,3,0,1,2,A,-,08,22107,NA,N,E,I,A,A,H,-,C,D,0,NA,NA,NA,NA,Y,NA,A,01,0,1,0,0,0,0,0,0,0,-,-,33.85116958618164,-117.97012329101563,ORANGE,ANAHEIM,-117.97000885009766,33.851314544677734
94872288,2025,2025-10-03,9690,2025-08-31,1337,019925,NA,7,1,5,3017,0,1,1,NA,2,059,I-5 N/B (SAN DIEGO FRWY),AVENIDA PRESIDIO,485,N,N,A,-,Y,ORA,NA,5,NA,NA,2.421,H,NA,R,Y,2,0,2,4,C,-,18,NA,NA,N,E,I,E,A,H,-,A,D,0,Y,NA,NA,Y,Y,NA,-,-,1,0,1,0,0,0,0,0,0,-,-,33.428340911865234,-117.61122131347656,ORANGE,SAN CLEMENTE,-117.61133575439452,33.42827606201172
94875208,2025,2025-10-07,9675,2025-09-28,1305,024571,NA,7,1,6,3008,0,1,3,NA,2,570,SR-57 SOUTHBOUND,E BASTANCHURY RD,495,N,N,A,-,Y,ORA,NA,57,NA,NA,18.971,H,NA,L,N,4,0,1,2,A,-,03,22350,NA,N,C,C,A,A,H,-,A,D,0,NA,NA,Y,NA,Y,NA,C,02,0,0,1,0,0,0,0,0,1,-,-,33.89815902709961,-117.88115692138672,ORANGE,FULLERTON,-117.8812255859375,33.898155212402344
94877723,2025,2025-10-08,9675,2025-10-07,1735,018985,NA,2,2,6,3015,0,1,3,NA,2,222,SR-22 W/B,THE CITY DR.,475,E,N,A,-,Y,ORA,NA,22,NA,R,9.861,H,NA,L,N,4,0,1,2,A,-,03,22350,NA,N,C,C,A,A,H,-,A,D,0,NA,NA,NA,NA,Y,NA,A,08,0,0,1,0,0,0,0,0,0,-,-,33.779109954833984,-117.8869171142578,ORANGE,ORANGE,-117.8869171142578,33.77909469604492
94878352,2025,2025-10-08,9675,2025-10-01,900,022398,NA,3,1,5,3022,0,1,1,NA,2,530,I-5 SOUTHBOUND,TUSTIN RANCH RD,898,S,N,A,-,Y,ORA,NA,5,NA,R,28.438,H,NA,L,Y,3,0,1,2,A,-,07,21658,A,N,C,C,A,A,H,-,A,D,0,NA,NA,Y,NA,Y,NA,A,07,0,1,0,0,0,0,0,0,1,-,-,33.72726058959961,-117.8065185546875,ORANGE,TUSTIN,-117.80655670166016,33.72721862792969
94879160,2025,2025-10-09,9675,2025-10-03,820,016748,NA,5,1,6,3008,0,1,3,NA,2,570,SR-57 NORTHBOUND,IMPERIAL HIGHWAY,150,S,N,B,-,Y,ORA,NA,57,NA,NA,19.821,H,NA,R,Y,4,0,1,3,A,-,08,22107,NA,N,B,C,A,A,H,-,A,D,0,NA,NA,NA,NA,Y,NA,A,01,0,0,1,0,0,0,0,0,0,-,-,33.91019821166992,-117.88343048095705,ORANGE,FULLERTON,-117.88333892822266,33.91021728515625
94881918,2025,2025-11-13,9675,2025-10-05,1115,022398,NA,7,1,7,3019,0,1,3,NA,2,552,SR-55 SOUTHBOUND,DYER RD,357,N,N,A,-,Y,ORA,NA,55,NA,R,7.949,H,NA,L,Y,4,0,1,2,A,-,03,22350,NA,N,C,C,A,A,H,-,A,D,0,NA,NA,NA,NA,Y,NA,A,01,0,0,1,0,0,0,0,0,0,-,-,33.70949935913086,-117.8510513305664,ORANGE,SANTA ANA,-117.8510284423828,33.7094841003418
94881920,2025,2025-10-13,9675,2025-10-05,1550,022909,NA,7,2,7,3001,0,1,3,NA,2,094,SR-91 W/B,IMPERIAL HWY,2500,W,N,A,-,Y,ORA,NA,91,NA,R,11.087,H,NA,L,N,3,0,1,2,A,-,03,22350,NA,N,C,C,A,A,H,-,A,D,0,NA,NA,Y,NA,Y,NA,C,02,0,1,0,0,0,0,0,0,1,-,-,33.85445022583008,-117.79911041259766,ORANGE,ANAHEIM,-117.79911041259766,33.854496002197266
9488333,2022,2022-08-15,3004,2022-06-22,1828,P655,11,3,5,6,3004,0,0,0,NA,0,015,W BAY ST,THURIN ST,380,W,N,A,-,N,NA,NA,NA,NA,NA,NA,NA,NA,NA,N,3,0,1,2,A,-,09,21804,A,N,D,C,A,A,H,-,A,D,0,NA,NA,NA,NA,Y,NA,A,01,0,1,0,0,0,0,0,0,0,-,-,33.64891052246094,-117.915283203125,ORANGE,COSTA MESA,-117.91524505615234,33.64894104003906
94883589,2025,2025-11-13,9670,2025-10-10,1912,023164,NA,5,2,6,3015,0,1,3,NA,2,092,SR-91 E/B,WESTERN AVE,415,W,N,A,-,Y,ORA,NA,91,NA,R,2.275,H,NA,R,Y,4,0,2,2,A,-,03,22350,NA,N,C,C,A,A,H,-,C,D,0,NA,NA,NA,NA,Y,NA,A,01,0,0,2,0,0,0,0,0,0,-,-,33.855838775634766,-118.00392150878906,ORANGE,ORANGE,-118.00392150878906,33.8559455871582
9488456,2022,2022-08-17,3000,2022-06-18,1150,5158,951H3,6,5,5,3040,0,0,0,NA,0,6M40,CROWN VALLEY PKWY,LA PAZ RD,178,E,N,A,-,N,NA,NA,NA,NA,NA,NA,NA,NA,NA,Y,3,0,7,6,A,-,03,22350,NA,N,B,C,A,A,H,-,A,A,0,NA,NA,NA,NA,Y,NA,A,01,0,3,4,0,0,0,0,0,0,-,-,NA,NA,ORANGE,LAGUNA NIGUEL,-117.69829559326172,33.5367317199707
9488460,2022,2022-08-17,3000,2022-06-11,1610,3358,952B4,6,5,4,3018,0,0,0,NA,0,731,VILLAGE RD,LAKEVIEW RD,88,E,N,A,-,N,NA,NA,NA,NA,NA,NA,NA,NA,NA,Y,3,0,1,1,A,-,03,22350,NA,N,F,A,A,A,H,-,A,D,0,NA,NA,Y,NA,Y,NA,C,06,0,1,0,0,0,0,0,0,1,-,-,NA,NA,ORANGE,SAN JUAN CAPISTRANO,-117.67210388183594,33.530967712402344
9488461,2022,2022-08-18,3000,2022-07-05,1719,8190,921F4,2,5,4,3049,0,0,0,NA,0,4A81,WOOD CANYON,ALASTAIR,13,N,N,A,-,N,NA,NA,NA,NA,NA,NA,NA,NA,NA,N,4,0,1,2,A,-,03,22350,NA,N,C,C,A,A,H,-,-,D,0,NA,NA,NA,NA,Y,NA,A,01,0,0,1,0,0,0,0,0,0,-,-,NA,NA,ORANGE,ALISO VIEJO,-117.73316955566406,33.580360412597656
94885485,2025,2025-10-14,9690,2025-10-05,1745,022518,NA,7,2,9,3000,0,3,5,NA,2,003,HAZEL DR,PRAIRIE PLACE,45,N,N,A,-,N,NA,NA,NA,NA,NA,NA,NA,NA,NA,N,4,0,1,2,B,-,22,NA,NA,N,G,E,A,A,H,-,B,D,0,NA,Y,NA,NA,Y,NA,L,04,0,0,1,0,0,0,1,0,0,-,-,33.52442932128906,-117.57759857177734,ORANGE,UNINCORPORATED,NA,NA
9488833,2022,2022-08-22,3012,2022-07-14,1759,644,15,4,5,5,3012,0,0,0,NA,0,001,LA HABRA BL,MONTE VISTA ST,13,W,N,A,-,N,NA,NA,NA,NA,NA,NA,NA,NA,NA,Y,4,0,1,2,A,-,-,NA,NA,N,C,C,A,A,H,-,A,A,0,NA,NA,NA,NA,Y,NA,A,01,0,0,1,0,0,0,0,0,0,-,-,NA,NA,ORANGE,LA HABRA,-117.95493316650392,33.93185806274414
9489252,2022,2022-10-19,3000,2022-07-12,1215,10357,992J4,2,5,5,3017,0,0,0,NA,0,777,AVENIDA ROSA,NORTH EL CAMINO REAL,118,W,N,A,-,N,NA,NA,NA,NA,NA,NA,NA,NA,NA,N,3,0,1,2,A,-,09,21802,NA,N,D,G,A,A,H,-,A,D,0,NA,Y,NA,NA,Y,NA,A,07,0,1,0,0,0,0,1,0,0,-,-,NA,NA,ORANGE,SAN CLEMENTE,-117.61141967773438,33.42577362060547
94893430,2025,2025-10-20,9675,2025-10-09,2000,023486,NA,4,2,9,3000,0,1,1,NA,2,502,I-5 NORTHBOUND,STATE COLLEGE BOULEVARD,75,N,N,B,-,Y,ORA,NA,5,NA,NA,35.258,H,NA,R,N,4,0,1,2,A,-,07,21658,A,N,B,C,A,A,H,-,D,D,0,NA,NA,NA,Y,Y,NA,G,25,0,0,1,0,0,0,0,0,0,-,-,33.79246139526367,-117.89048004150392,ORANGE,UNINCORPORATED,-117.89052581787108,33.79242706298828
94896333,2025,2025-11-13,9670,2025-10-12,1708,023099,NA,7,2,4,3020,0,1,1,NA,2,044,I-405 N/B,I-605 N/B,1002,S,N,A,-,Y,ORA,NA,405,NA,NA,23.822,H,NA,R,Y,4,0,2,3,A,-,03,22350,NA,N,C,C,A,A,H,-,A,D,0,NA,NA,NA,NA,Y,NA,A,01,0,0,2,0,0,0,0,0,0,-,-,33.781368255615234,-118.09040069580078,ORANGE,SEAL BEACH,-118.09040832519533,33.781368255615234
94896617,2025,2025-10-21,9670,2025-10-17,1825,023164,NA,5,2,5,3024,0,1,1,NA,2,042,I-405 N/B,EDWARDS ST,500,S,N,A,-,Y,ORA,NA,405,NA,NA,18.514,H,NA,R,Y,3,0,1,1,A,-,08,22107,NA,N,E,I,A,A,H,-,A,D,0,NA,NA,NA,NA,Y,NA,A,01,0,1,0,0,0,0,0,0,0,-,-,33.75263977050781,-118.01383972167967,ORANGE,WESTMINSTER,-118.01399230957033,33.75251388549805
94896622,2025,2025-11-13,9670,2025-10-14,937,019290,NA,2,1,6,3009,0,1,3,NA,2,024,SR-22 E/B,BROOKHURST STREET,1056,E,N,B,C,Y,ORA,NA,22,NA,R,5.946,H,NA,R,N,3,0,2,4,A,-,03,22350,NA,N,C,C,A,B,H,-,A,D,0,NA,NA,NA,Y,Y,NA,A,01,0,1,1,0,0,0,0,0,0,-,-,33.76580810546875,-117.95281219482422,ORANGE,GARDEN GROVE,-117.95281219482422,33.765830993652344
94900197,2024,2025-10-24,9675,2024-11-19,2340,018983,NA,2,3,6,3004,0,1,1,NA,2,405,INTERSTATE 405 SOUTHBOUND,HARBOR BOULEVARD,1124,S,N,A,-,Y,ORA,NA,405,NA,NA,11.235,H,NA,L,Y,3,0,1,2,C,-,18,NA,NA,N,D,2,A,A,H,-,E,D,0,NA,NA,NA,NA,Y,NA,-,-,0,1,0,0,0,0,0,0,0,-,-,33.688011169433594,-117.91554260253906,ORANGE,COSTA MESA,-117.91553497314452,33.68803405761719
94904508,2025,2025-11-13,9675,2025-10-15,1720,021274,NA,3,2,7,3001,0,1,3,NA,2,092,STATE ROUTE 91 E/B,GLASSELL ST.,2110,E,N,A,-,Y,ORA,NA,91,NA,NA,7.771,H,NA,R,N,3,0,1,2,A,-,03,22350,NA,N,F,A,A,A,H,-,A,D,0,NA,NA,Y,NA,Y,NA,C,02,0,1,0,0,0,0,0,0,1,-,-,33.849491119384766,-117.84850311279295,ORANGE,ANAHEIM,-117.84853363037108,33.84957504272461
94905273,2025,2025-10-28,9675,2025-10-20,1055,019320,NA,1,1,6,3008,0,1,3,NA,2,571,SR-57 SOUTHBOUND,NUTWOOD AVE,115,S,N,A,-,Y,ORA,NA,57,NA,NA,17.559,H,NA,L,N,4,0,1,2,A,-,03,22350,NA,N,C,C,A,A,H,-,A,D,0,NA,NA,NA,Y,Y,NA,F,26,0,0,1,0,0,0,0,0,0,-,-,33.877708435058594,-117.88056182861328,ORANGE,FULLERTON,-117.88051605224608,33.87771224975586
94905945,2025,2025-10-29,9690,2025-10-14,1405,024674,NA,2,2,9,3000,0,1,3,NA,2,041,SR 241 N/B (FOOTHILL TRANS CORRIDOR),LOS ALISOS,0.1,N,N,B,-,Y,ORA,NA,241,NA,NA,20.091,H,NA,R,Y,3,0,1,2,A,-,03,22350,NA,N,C,C,A,B,H,-,A,D,0,NA,NA,NA,NA,Y,NA,A,07,0,1,0,0,0,0,0,0,0,-,-,33.65520095825195,-117.62499237060548,ORANGE,UNINCORPORATED,-117.62498474121094,33.65520477294922
94906540,2025,2025-10-29,9675,2025-10-21,1440,020923,NA,2,2,6,3026,0,1,1,NA,2,407,I-405 NORTHBOUND,SR-133 SOUTHBOUND,100,N,N,A,-,Y,ORA,NA,405,NA,NA,1.842,H,NA,R,N,3,0,3,3,A,-,03,22350,NA,N,C,C,A,A,H,-,A,D,0,NA,NA,NA,NA,Y,NA,A,01,0,1,2,0,0,0,0,0,0,-,-,33.651920318603516,-117.76178741455078,ORANGE,IRVINE,-117.76177978515624,33.65196228027344
94907089,2025,2025-10-29,9690,2025-10-19,1228,019394,NA,7,1,5,3028,0,1,1,NA,2,055,I-5 S/B (SAN DIEGO FRWY),LA PAZ RD.,110,S,N,A,-,Y,ORA,NA,5,NA,NA,16.506,H,NA,R,Y,3,0,1,2,A,-,03,22350,NA,N,C,C,A,A,H,-,A,D,0,NA,NA,Y,NA,Y,NA,C,02,0,1,0,0,0,0,0,0,1,-,-,33.59782028198242,-117.67591857910156,ORANGE,MISSION VIEJO,-117.67597198486328,33.597774505615234
94907395,2025,2025-10-29,9675,2025-10-22,735,022521,NA,3,1,7,3019,0,1,3,NA,2,552,SR-55 NORTHBOUND,DYER RD,200,S,N,A,-,Y,ORA,NA,55,NA,R,7.819,H,NA,R,Y,3,0,2,3,A,-,07,21658,A,N,B,2,A,A,D,E,A,D,0,NA,NA,NA,NA,Y,NA,A,07,0,2,0,0,0,0,0,0,0,-,-,33.707969665527344,-117.85228729248048,ORANGE,SANTA ANA,-117.85225677490234,33.70794677734375
94911345,2025,2025-11-03,9690,2025-10-22,2010,024696,NA,3,2,9,3000,0,3,5,NA,2,004,LEGADO RD,COW CAMP RD,10,N,N,A,-,N,NA,NA,NA,NA,NA,NA,NA,NA,NA,Y,3,0,1,1,A,-,08,22107,NA,N,E,I,A,A,H,-,C,A,0,NA,NA,NA,NA,Y,NA,A,08,0,1,0,0,0,0,0,0,0,-,-,33.52117919921875,-117.58067321777344,ORANGE,UNINCORPORATED,NA,NA
94912531,2025,2025-11-05,9670,2025-10-14,2040,022421,NA,2,2,9,3000,0,3,5,NA,2,004,ORANGEWOOD AVE,DALE ST,0,NA,Y,B,-,N,NA,NA,NA,NA,NA,NA,NA,NA,NA,Y,3,0,4,2,A,-,12,21453,A,F,D,C,A,A,H,-,C,A,0,NA,NA,NA,NA,Y,NA,A,01,0,1,3,0,0,0,0,0,0,-,-,33.79574966430664,-117.98426055908205,ORANGE,UNINCORPORATED,-117.98420715332033,33.795692443847656
94917028,2025,2025-11-10,9670,2025-10-26,1945,023710,NA,7,2,6,3009,0,1,3,NA,2,022,SR-22 E/B,BROOKHURST ST,260,E,N,A,-,Y,ORA,NA,22,NA,R,5.756,H,NA,R,Y,4,0,1,1,A,-,03,22350,NA,N,E,I,A,A,H,-,C,D,0,NA,NA,NA,NA,Y,NA,A,01,0,0,1,0,0,0,0,0,0,-,-,33.765899658203125,-117.9560775756836,ORANGE,GARDEN GROVE,-117.9560775756836,33.765811920166016
94920010,2025,2025-11-11,9675,2025-11-01,546,023064,NA,6,3,5,3022,0,1,1,NA,2,503,I-5 SOUTHBOUND,NEWPORT AVE,100,S,N,B,-,Y,ORA,NA,5,NA,R,29.503,H,NA,L,Y,4,0,2,3,A,-,03,22350,NA,F,C,C,A,A,H,-,D,D,0,NA,NA,NA,NA,Y,NA,-,99,0,0,2,0,0,0,0,0,0,-,-,33.736480712890625,-117.82129669189452,ORANGE,TUSTIN,-117.82135009765624,33.73637008666992
94928371,2025,2025-11-13,9675,2025-11-05,825,024758,NA,3,1,7,3001,0,1,3,NA,2,572,SR-57 SOUTHBOUND,BALL ROAD,1500,N,N,A,-,Y,ORA,NA,57,NA,NA,13.883,H,NA,L,N,3,0,2,2,A,-,03,22350,NA,N,C,C,A,A,H,-,A,D,0,NA,NA,NA,NA,Y,NA,A,08,0,1,1,0,0,0,0,0,0,-,-,33.82487869262695,-117.87625885009766,ORANGE,ANAHEIM,-117.87631225585938,33.82487869262695
94932679,2025,2025-11-17,9675,2025-11-03,1810,023318,NA,1,2,6,3015,0,1,3,NA,2,572,SR-57 SOUTHBOUND,ORANGEWOOD AVE,2640,N,N,A,-,Y,ORA,NA,57,NA,NA,12.189,H,NA,L,N,4,0,2,3,A,-,03,22350,NA,N,C,C,A,A,H,-,C,D,0,NA,NA,NA,NA,Y,NA,A,01,0,0,2,0,0,0,0,0,0,-,-,33.80094909667969,-117.87867736816406,ORANGE,ORANGE,-117.87863159179688,33.800968170166016
9493300,2022,2022-09-22,3003,2022-08-22,1610,652,NA,1,5,5,3003,0,0,0,NA,0,001,BEACH BL,LOS COYOTES DR,600,S,N,A,-,Y,ORA,12,39,-,-,17.14,H,-,N,N,4,0,1,2,A,-,03,22350,NA,N,C,C,A,A,H,-,A,D,0,NA,NA,NA,NA,Y,NA,A,01,0,0,1,0,0,0,0,0,0,-,-,33.533599853515625,-117.59210205078124,ORANGE,BUENA PARK,-117.98892974853516,33.89384460449219