CASE_ID,ACCIDENT_YEAR,PROC_DATE,JURIS,COLLISION_DATE,COLLISION_TIME,OFFICER_ID,REPORTING_DISTRICT,DAY_OF_WEEK,CHP_SHIFT,POPULATION,CNTY_CITY_LOC,SPECIAL_COND,BEAT_TYPE,CHP_BEAT_TYPE,CITY_DIVISION_LAPD,CHP_BEAT_CLASS,BEAT_NUMBER,PRIMARY_RD,SECONDARY_RD,DISTANCE,DIRECTION,INTERSECTION,WEATHER_1,WEATHER_2,STATE_HWY_IND,CALTRANS_COUNTY,CALTRANS_DISTRICT,STATE_ROUTE,ROUTE_SUFFIX,POSTMILE_PREFIX,POSTMILE,LOCATION_TYPE,RAMP_INTERSECTION,SIDE_OF_HWY,TOW_AWAY,COLLISION_SEVERITY,NUMBER_KILLED,NUMBER_INJURED,PARTY_COUNT,PRIMARY_COLL_FACTOR,PCF_CODE_OF_VIOL,PCF_VIOL_CATEGORY,PCF_VIOLATION,PCF_VIOL_SUBSECTION,HIT_AND_RUN,TYPE_OF_COLLISION,MVIW,PED_ACTION,ROAD_SURFACE,ROAD_COND_1,ROAD_COND_2,LIGHTING,CONTROL_DEVICE,CHP_ROAD_TYPE,PEDESTRIAN_ACCIDENT,BICYCLE_ACCIDENT,MOTORCYCLE_ACCIDENT,TRUCK_ACCIDENT,NOT_PRIVATE_PROPERTY,ALCOHOL_INVOLVED,STWD_VEHTYPE_AT_FAULT,CHP_VEHTYPE_AT_FAULT,COUNT_SEVERE_INJ,COUNT_VISIBLE_INJ,COUNT_COMPLAINT_PAIN,COUNT_PED_KILLED,COUNT_PED_INJURED,COUNT_BICYCLIST_KILLED,COUNT_BICYCLIST_INJURED,COUNT_MC_KILLED,COUNT_MC_INJURED,PRIMARY_RAMP,SECONDARY_RAMP,LATITUDE,LONGITUDE,COUNTY,CITY,POINT_X,POINT_Y
9681640,2024,2024-05-13,3004,2024-03-22,1651,P549,02,5,5,6,3004,0,0,0,NA,0,015,W 18TH ST,PARK AV,76,W,N,A,-,N,NA,NA,NA,NA,NA,NA,NA,NA,NA,Y,4,0,1,2,D,-,00,NA,NA,N,B,C,A,A,H,-,A,D,0,NA,NA,Y,NA,Y,NA,-,-,0,0,1,0,0,0,0,0,1,-,-,33.63991928100586,-117.9215087890625,ORANGE,COSTA MESA,-117.92137908935548,33.63984298706055
9682762,2023,2024-06-11,3009,2023-11-03,1903,4021,3009,5,5,6,3009,0,0,0,NA,0,1-3,NEWLAND ST,EDGEBROOK DR,0,NA,Y,A,-,N,NA,NA,NA,NA,NA,NA,NA,NA,NA,N,2,0,1,2,A,-,11,21954,A,N,G,B,D,A,H,-,C,A,0,Y,NA,NA,NA,Y,NA,N,60,1,0,0,0,1,0,0,0,0,-,-,NA,NA,ORANGE,GARDEN GROVE,-117.98113250732422,33.769439697265625
9684215,2024,2024-05-09,3011,2024-03-30,730,31258,35,6,5,4,3011,0,0,0,NA,0,001,ACACIA DR,BROADWAY ST,0,NA,Y,B,C,N,NA,NA,NA,NA,NA,NA,NA,NA,NA,Y,4,0,1,1,A,-,03,22350,NA,N,E,I,A,B,H,-,A,D,0,NA,NA,NA,NA,Y,NA,A,01,0,0,1,0,0,0,0,0,0,-,-,NA,NA,ORANGE,LAGUNA BEACH,-117.78276824951172,33.54545593261719
9685505,2024,2024-06-05,3006,2024-02-25,1213,345,2,7,5,3,3006,0,0,0,NA,0,001,VALLEY VIEW ST,ORANGETHORPE AVE,27,N,N,A,-,N,NA,NA,NA,NA,NA,NA,NA,NA,NA,N,4,0,2,2,D,-,00,NA,NA,M,C,C,A,A,H,-,A,A,0,NA,NA,NA,NA,Y,NA,-,-,0,0,2,0,0,0,0,0,0,-,-,NA,NA,ORANGE,LA PALMA,-118.0287628173828,33.85895538330078
9686662,2024,2024-08-08,3009,2024-03-31,2352,4111,122,7,5,6,3009,0,0,0,NA,0,021,DELIA LN,CHAPMAN AV,0,NA,Y,B,-,N,NA,NA,NA,NA,NA,NA,NA,NA,NA,N,4,0,1,1,A,-,01,23152,A,N,E,I,A,A,H,-,C,A,0,NA,NA,NA,NA,Y,Y,D,22,0,0,1,0,0,0,0,0,0,-,-,NA,NA,ORANGE,GARDEN GROVE,-117.93852996826172,33.788734436035156
9686977,2024,2024-08-05,3000,2024-06-13,1250,11752,922B4,4,5,4,3045,0,0,0,NA,0,746,OSO PKWY,CABOT RD,50,E,N,A,-,N,NA,NA,NA,NA,NA,NA,NA,NA,NA,N,4,0,1,2,A,-,03,22350,NA,N,C,C,A,A,H,-,A,A,0,NA,NA,NA,NA,Y,NA,D,22,0,0,1,0,0,0,0,0,0,-,-,NA,NA,ORANGE,LAGUNA HILLS,-117.67408752441406,33.58017349243164
9687668,2024,2024-05-15,3000,2024-03-18,1931,10576,892/B,1,5,5,3028,0,0,0,NA,0,752,TRABUCO RD,MODESTO DR,0,NA,Y,A,-,N,NA,NA,NA,NA,NA,NA,NA,NA,NA,Y,4,0,1,2,A,-,12,21453,A,N,D,C,A,A,H,-,C,A,0,NA,NA,NA,NA,Y,NA,A,01,0,0,1,0,0,0,0,0,0,-,-,NA,NA,ORANGE,MISSION VIEJO,-117.66732025146484,33.62982177734375
9689677,2024,2024-05-30,3000,2024-04-10,745,11797,973C7,3,5,5,3017,0,0,0,NA,0,775,AVENIDA PICO,CALLE ALICANTE,0,NA,Y,A,-,N,NA,NA,NA,NA,NA,NA,NA,NA,NA,Y,4,0,1,2,A,-,09,21801,A,N,D,G,A,A,H,-,A,A,0,NA,Y,NA,NA,Y,NA,A,07,0,0,1,0,0,0,1,0,0,-,-,NA,NA,ORANGE,SAN CLEMENTE,-117.58731842041016,33.45891189575195
9689819,2024,2024-05-16,3000,2024-03-03,1820,9631,921D6,7,5,4,3049,0,0,0,NA,0,481,OAK GROVE,PACIFIC GROVE DR,20,N,N,A,-,N,NA,NA,NA,NA,NA,NA,NA,NA,NA,N,3,0,1,2,D,-,00,NA,NA,N,C,C,A,A,H,-,C,D,0,NA,NA,Y,NA,Y,NA,-,-,0,1,0,0,0,0,0,0,1,-,-,NA,NA,ORANGE,ALISO VIEJO,-117.7330322265625,33.568115234375
9689820,2024,2024-07-11,3000,2024-03-12,1800,10744,797J3,2,5,4,3021,0,0,0,NA,0,024,CEDAR ST,PARK ACCESS,25,N,N,A,-,N,NA,NA,NA,NA,NA,NA,NA,NA,NA,N,4,0,1,1,A,-,03,22350,NA,N,F,-,A,A,H,-,A,D,0,NA,Y,NA,NA,Y,NA,L,04,0,0,1,0,0,0,1,0,0,-,-,NA,NA,ORANGE,STANTON,-118.9591827392578,36.73497772216797
9689825,2024,2024-05-13,3000,2024-03-15,740,5377,951J4,5,5,5,3040,0,0,0,NA,0,741,HIDDEN HILLS,GOLDEN LANTERN,201,W,N,B,-,N,NA,NA,NA,NA,NA,NA,NA,NA,NA,N,4,0,2,2,D,-,00,NA,NA,N,B,C,A,A,H,-,A,A,0,NA,NA,NA,NA,Y,NA,-,-,0,0,2,0,0,0,0,0,0,-,-,NA,NA,ORANGE,LAGUNA NIGUEL,-117.68575286865234,33.529541015625
9691811,2024,2024-04-25,3000,2024-02-16,1636,10391,2A42,5,5,5,3040,0,0,0,NA,0,921,MOULTON PKWY,AVILA RD,0,NA,Y,A,-,N,NA,NA,NA,NA,NA,NA,NA,NA,NA,N,3,0,1,2,A,-,08,22107,NA,N,H,C,A,A,H,-,A,D,0,NA,NA,NA,NA,Y,NA,A,07,0,1,0,0,0,0,0,0,0,-,-,NA,NA,ORANGE,LAGUNA NIGUEL,-117.70348358154295,33.56220626831055
9691834,2024,2024-04-26,3000,2024-02-24,157,10279,952B2,6,5,5,3028,0,0,0,NA,0,451,MARGUERITE PKWY,AVERY,545,S,N,A,-,N,NA,NA,NA,NA,NA,NA,NA,NA,NA,Y,2,0,1,1,A,-,03,22350,NA,N,F,A,A,A,H,-,C,A,0,NA,NA,Y,NA,Y,NA,C,02,1,0,0,0,0,0,0,0,1,-,-,NA,NA,ORANGE,MISSION VIEJO,-117.67154693603516,33.545833587646484
9696226,2024,2024-06-19,3005,2024-04-18,2158,8133,C09,4,5,4,3005,0,0,0,NA,0,001,CRESCENT AV,WALKER ST,0,NA,Y,A,-,N,NA,NA,NA,NA,NA,NA,NA,NA,NA,N,3,0,1,2,A,-,03,22350,NA,M,C,C,A,A,H,-,C,A,0,NA,NA,NA,NA,Y,NA,A,01,0,1,0,0,0,0,0,0,0,-,-,NA,NA,ORANGE,CYPRESS,-118.0371322631836,33.83906555175781
9698755,2024,2024-05-30,3004,2024-04-24,1548,P691,12,3,5,6,3004,0,0,0,NA,0,002,NEWPORT BL,SANTA ISABEL AV,250,N,N,A,-,N,NA,NA,NA,NA,NA,NA,NA,NA,NA,N,4,0,1,2,A,-,11,21950,B,N,G,B,E,A,H,-,A,D,0,Y,NA,NA,NA,Y,NA,N,60,0,0,1,0,1,0,0,0,0,-,-,33.65700149536133,-117.9010009765625,ORANGE,COSTA MESA,-117.9030303955078,33.65841293334961
9698757,2024,2024-05-30,3012,2024-04-15,1610,686,32,1,5,5,3012,0,0,0,NA,0,003,IDAHO ST,EDISON LIGHT POLE #4800614E,51,S,N,A,-,N,NA,NA,NA,NA,NA,NA,NA,NA,NA,N,2,0,1,2,A,-,05,21650,1,N,B,G,A,A,H,-,A,A,0,NA,Y,NA,NA,Y,NA,L,04,1,0,0,0,0,0,1,0,0,-,-,NA,NA,ORANGE,LA HABRA,NA,NA
9703833,2024,2024-07-01,3000,2024-05-09,1614,12795,921F2,4,5,3,3051,0,0,0,NA,0,746,MOULTON PKWY,CALLE ARAGON,12,N,N,A,-,N,NA,NA,NA,NA,NA,NA,NA,NA,NA,N,4,0,1,2,A,-,03,22350,NA,N,F,A,A,A,H,-,A,A,0,NA,NA,NA,NA,Y,NA,A,07,0,0,1,0,0,0,0,0,0,-,-,NA,NA,ORANGE,LAGUNA WOODS,-117.7164306640625,33.5996208190918
9706143,2024,2024-08-06,3002,2024-04-26,1030,3893,740F4,5,5,5,3025,0,0,0,NA,0,003,YORBA LINDA BL,AVENIDA DE ORO,329,W,N,A,-,N,NA,NA,NA,NA,NA,NA,NA,NA,NA,Y,4,0,1,1,A,-,03,22350,NA,N,E,I,A,A,H,-,A,D,0,NA,NA,NA,NA,Y,NA,A,01,0,0,1,0,0,0,0,0,0,-,-,NA,NA,ORANGE,YORBA LINDA,-117.78504943847656,33.88976287841797
9708695,2024,2024-07-31,3002,2024-06-02,1931,12602,739H4,7,5,5,3025,0,0,0,NA,0,NA,ROSE DR,YORBA LINDA BL,0,NA,Y,A,-,N,NA,NA,NA,NA,NA,NA,NA,NA,NA,Y,2,0,4,4,A,-,12,21453,A,N,D,C,A,A,H,-,B,A,0,NA,NA,NA,NA,Y,NA,A,01,1,1,2,0,0,0,0,0,0,-,-,NA,NA,ORANGE,YORBA LINDA,-117.84171295166016,33.88840103149414
9713901,2024,2024-07-16,3000,2024-05-16,542,12644,861J6,4,5,5,3050,0,0,0,NA,0,063,BAKE PKWY,BAFFIN BAY DR,311,W,N,C,-,N,NA,NA,NA,NA,NA,NA,NA,NA,NA,Y,2,0,1,1,A,-,03,22350,NA,N,E,I,A,B,H,-,B,D,0,NA,NA,NA,NA,Y,NA,A,01,1,0,0,0,0,0,0,0,0,-,-,NA,NA,ORANGE,LAKE FOREST,-117.68278503417967,33.66767120361328
9714026,2024,2024-08-08,3004,2024-06-22,1539,P707,21,6,5,6,3004,0,0,0,NA,0,008,FAIRVIEW RD,BELFAST AV,0,NA,Y,A,-,N,NA,NA,NA,NA,NA,NA,NA,NA,NA,Y,4,0,1,2,A,-,09,21801,A,N,D,C,A,A,H,-,A,A,0,NA,NA,NA,NA,Y,NA,A,01,0,0,1,0,0,0,0,0,0,-,-,33.683998107910156,-117.90699768066406,ORANGE,COSTA MESA,-117.90785980224608,33.68421173095703
9716407,2024,2024-07-30,3000,2024-06-23,1052,7607,921B2,7,5,4,3049,0,0,0,NA,0,183,HUMMINGBIRD LN,CORAL BILL LN,26,N,N,A,-,N,NA,NA,NA,NA,NA,NA,NA,NA,NA,Y,4,0,1,3,A,-,03,22350,NA,N,B,E,A,A,H,-,A,D,0,NA,NA,NA,NA,Y,NA,A,01,0,0,1,0,0,0,0,0,0,-,-,NA,NA,ORANGE,ALISO VIEJO,-117.74642181396484,33.596187591552734
9717062,2024,2024-07-31,3000,2024-06-07,1510,10946,892E1,5,5,5,3028,0,0,0,NA,0,058,LOS ALISOS BL,BOXWOOD LN,0,NA,Y,A,-,N,NA,NA,NA,NA,NA,NA,NA,NA,NA,Y,4,0,1,2,A,-,09,21804,A,N,D,C,A,A,H,-,A,D,0,NA,NA,NA,NA,Y,NA,A,07,0,0,1,0,0,0,0,0,0,-,-,33.65605163574219,-117.64581298828124,ORANGE,MISSION VIEJO,-117.6461181640625,33.65586853027344
9718160,2024,2024-08-08,3012,2024-07-15,1454,686,35,1,5,5,3012,0,0,0,NA,0,003,IMPERIAL HWY,BEACH BL,0,NA,Y,A,-,Y,ORA,12,39,-,-,19.168,I,5,S,Y,4,0,2,2,A,-,09,21453,C,N,A,C,A,A,H,-,A,A,0,NA,NA,NA,NA,Y,NA,A,01,0,0,2,0,0,0,0,0,0,-,-,NA,NA,ORANGE,LA HABRA,-117.9682159423828,33.91739273071289
9719067,2024,2024-08-27,3004,2024-07-21,1825,P729,17,7,5,6,3004,0,0,0,NA,0,005,BRISTOL ST,NEWPORT BL,0,NA,Y,A,-,N,NA,NA,NA,NA,NA,NA,NA,NA,NA,Y,3,0,1,2,A,-,12,21453,A,N,A,C,A,A,H,-,A,A,0,NA,NA,NA,NA,Y,NA,D,22,0,1,0,0,0,0,0,0,0,-,-,33.672760009765625,-117.88880157470705,ORANGE,COSTA MESA,-117.8887939453125,33.67274475097656
9719167,2024,2024-09-11,3012,2024-05-23,1103,716,32,4,5,5,3012,0,0,0,NA,0,003,BEACH BL,LAMBERT RD,476,S,N,A,-,Y,ORA,12,39,-,-,19.56,H,-,N,Y,3,0,2,3,A,-,03,22350,NA,N,C,C,A,A,H,-,A,D,0,NA,NA,NA,NA,Y,NA,D,22,0,1,1,0,0,0,0,0,0,-,-,NA,NA,ORANGE,LA HABRA,-117.96770477294922,33.922821044921875
9719417,2024,2024-08-02,3000,2024-06-27,1527,12644,862C7,4,5,5,3050,0,0,0,NA,0,064,EL TORO RD,PORTOLA PKWY,0,NA,Y,A,-,N,NA,NA,NA,NA,NA,NA,NA,NA,NA,Y,3,0,2,3,A,-,12,21453,A,N,D,C,A,A,H,-,A,A,0,NA,NA,NA,NA,Y,NA,A,01,0,1,1,0,0,0,0,0,0,-,-,NA,NA,ORANGE,LAKE FOREST,-117.65264129638672,33.659854888916016
9719768,2024,2024-08-28,3004,2024-07-14,2201,P716,2,7,5,6,3004,0,0,0,NA,0,002,NEWPORT BL,ROCHESTER ST,0,NA,N,A,-,N,NA,NA,NA,NA,NA,NA,NA,NA,NA,N,4,0,1,2,A,-,03,22350,NA,N,C,C,A,A,H,-,C,A,0,NA,NA,NA,NA,Y,NA,A,01,0,0,1,0,0,0,0,0,0,-,-,NA,NA,ORANGE,COSTA MESA,-117.92033386230467,33.639427185058594
9720136,2024,2024-09-18,3012,2024-07-17,1431,686,21,3,5,5,3012,0,0,0,NA,0,002,WHITTIER BL,EUCLID ST,245,W,N,A,-,N,NA,NA,NA,NA,NA,NA,NA,NA,NA,N,3,0,1,2,A,-,09,21804,NA,N,D,G,A,A,H,-,A,A,0,NA,Y,NA,NA,Y,NA,-,-,0,1,0,0,0,0,1,0,0,-,-,NA,NA,ORANGE,LA HABRA,-117.94698333740234,33.93912124633789
9720152,2024,2024-09-11,3011,2024-07-10,1700,31574,84,3,5,4,3011,0,0,0,NA,0,003,COAST HWY,EAGLE ROCK WY,20,S,N,B,-,Y,ORA,12,1,-,-,5.84,H,-,N,Y,3,0,3,2,A,-,03,22350,NA,N,C,C,A,A,H,-,A,A,0,NA,NA,NA,NA,Y,NA,A,07,0,1,2,0,0,0,0,0,0,-,-,NA,NA,ORANGE,LAGUNA BEACH,-117.74504852294922,33.503448486328125
9720724,2024,2024-08-26,3000,2024-07-01,1126,10362,921B2,1,5,4,3049,0,0,0,NA,0,M61,EL TORO RD,BELLS VIREO LN,0,NA,Y,A,-,N,NA,NA,NA,NA,NA,NA,NA,NA,NA,Y,4,0,1,2,A,-,12,21453,A,N,D,C,A,A,H,-,A,A,0,NA,NA,NA,NA,Y,NA,A,07,0,0,1,0,0,0,0,0,0,-,-,NA,NA,ORANGE,ALISO VIEJO,-117.74957275390624,33.59367752075195
9720731,2024,2024-08-26,3000,2024-07-03,1552,6717,861J6,3,5,5,3050,0,0,0,NA,0,1552,BAKE PKWY,BAFFIN BAY DR,25,N,N,A,-,N,NA,NA,NA,NA,NA,NA,NA,NA,NA,Y,3,0,3,2,A,-,09,21801,A,N,D,C,A,A,H,-,A,A,0,NA,NA,NA,NA,Y,NA,A,07,0,3,0,0,0,0,0,0,0,-,-,33.40040969848633,-117.40540313720705,ORANGE,LAKE FOREST,-117.68171691894533,33.66788864135742
9720790,2024,2024-08-07,3000,2024-06-05,1724,10495,891F7,3,5,4,3045,0,0,0,NA,0,348,EL TORO RD,AVENIDA DE LA CARLOTA,0,NA,Y,A,-,N,NA,NA,NA,NA,NA,NA,NA,NA,NA,N,4,0,2,3,A,-,08,22101,D,N,B,C,A,A,H,-,A,A,0,NA,NA,NA,NA,Y,NA,A,01,0,0,2,0,0,0,0,0,0,-,-,NA,NA,ORANGE,LAGUNA HILLS,-117.70860290527344,33.6138916015625
9721322,2024,2024-08-28,3004,2024-07-25,1404,P462,10,4,5,6,3004,0,0,0,NA,0,004,HARBOR BL,WILSON ST,0,NA,Y,A,-,N,NA,NA,NA,NA,NA,NA,NA,NA,NA,N,3,0,2,2,A,-,21,22106,NA,N,C,C,A,A,H,-,A,A,0,NA,NA,NA,NA,Y,NA,A,07,0,2,0,0,0,0,0,0,0,-,-,NA,NA,ORANGE,COSTA MESA,-117.91912078857422,33.65614700317383
9725598,2024,2024-08-22,3000,2024-07-09,2032,9993,892H3,2,5,4,3048,0,0,0,NA,0,467,SANTA MARGARITA PKWY,ALICIA PKWY,0,NA,Y,A,-,N,NA,NA,NA,NA,NA,NA,NA,NA,NA,N,4,0,2,3,A,-,03,22350,NA,N,C,C,A,A,H,-,C,A,0,NA,NA,NA,NA,Y,NA,A,01,0,0,2,0,0,0,0,0,0,-,-,NA,NA,ORANGE,RANCHO SANTA MARGARITA,-117.61898803710938,33.638607025146484
9725614,2024,2024-09-05,3004,2024-08-06,1947,P683,09,2,5,6,3004,0,0,0,NA,0,009,PLACENTIA AV,VICTORIA ST,90,S,N,A,-,N,NA,NA,NA,NA,NA,NA,NA,NA,NA,N,3,0,2,5,A,-,03,22350,NA,N,B,C,A,A,H,-,A,A,0,NA,NA,NA,NA,Y,NA,A,01,0,1,1,0,0,0,0,0,0,-,-,33.6520881652832,-117.93209838867188,ORANGE,COSTA MESA,-117.93209838867188,33.65221405029297
9728757,2024,2024-08-30,3009,2024-06-25,550,3972,075,2,5,6,3009,0,0,0,NA,0,013,MAGNOLIA ST,CENTRAL AV,0,NA,Y,A,-,N,NA,NA,NA,NA,NA,NA,NA,NA,NA,Y,4,0,2,4,A,-,09,21801,A,N,D,C,A,A,H,-,A,A,0,NA,NA,NA,NA,Y,NA,A,07,0,0,2,0,0,0,0,0,0,-,-,33.770599365234375,-117.97247314453124,ORANGE,GARDEN GROVE,-117.97246551513672,33.770599365234375
9730737,2024,2024-09-27,3012,2024-08-09,902,716,13,5,5,5,3012,0,0,0,NA,0,001,BEACH BL,WHITTIER BL,0,NA,Y,A,-,Y,ORA,12,39,-,-,20.7,H,-,N,N,3,0,1,2,A,-,10,21950,A,N,G,B,B,A,H,-,A,D,0,Y,NA,NA,NA,Y,NA,A,01,0,1,0,0,1,0,0,0,0,-,-,NA,NA,ORANGE,LA HABRA,-117.96784210205078,33.939579010009766
9731156,2024,2024-10-10,3000,2024-07-18,1125,1920,797J4,4,5,4,3021,0,0,0,NA,0,721,BEACH BL,BEVER PL,287,S,N,A,-,Y,ORA,12,39,-,-,9.79,H,-,N,Y,4,0,2,4,-,-,-,NA,NA,M,C,C,A,A,H,-,A,D,0,NA,NA,NA,NA,Y,NA,-,-,0,0,2,0,0,0,0,0,0,-,-,NA,NA,ORANGE,STANTON,-117.99288177490234,33.790122985839844
9731927,2024,2024-09-09,3000,2024-07-09,2100,10662,921D4,2,5,4,3045,0,0,0,NA,0,446,ALISO VIEJO PKWY,ENTERPRISE,0,NA,Y,A,-,N,NA,NA,NA,NA,NA,NA,NA,NA,NA,Y,4,0,2,2,A,-,12,21453,A,N,D,C,A,A,H,-,C,A,0,NA,NA,NA,NA,Y,NA,A,07,0,0,2,0,0,0,0,0,0,-,-,33.58280944824219,-117.728759765625,ORANGE,LAGUNA HILLS,-117.72886657714844,33.582698822021484
9732966,2024,2024-11-14,3019,2024-07-27,2251,4156,100,6,5,7,3019,0,0,0,NA,0,NA,WESTMINSTER AV,NEWHOPE ST,46,E,N,A,-,N,NA,NA,NA,NA,NA,NA,NA,NA,NA,N,4,0,2,2,A,-,01,23152,A,M,C,C,A,A,H,-,C,A,0,NA,NA,NA,NA,Y,Y,A,07,0,0,2,0,0,0,0,0,0,-,-,33.75979995727539,-117.92890167236328,ORANGE,SANTA ANA,-117.9287567138672,33.75965881347656
9734132,2024,2024-09-25,3009,2024-08-10,1506,5054,073,6,5,6,3009,0,0,0,NA,0,1-2,LAMPSON AV,HAGA ST,18,W,N,A,-,N,NA,NA,NA,NA,NA,NA,NA,NA,NA,Y,4,0,2,4,A,-,03,22350,A,M,C,C,A,A,H,-,A,D,0,NA,NA,NA,NA,Y,Y,-,99,0,0,2,0,0,0,0,0,0,-,-,NA,NA,ORANGE,GARDEN GROVE,-117.98152923583984,33.78116989135742
9734418,2024,2024-09-24,3009,2024-08-20,2033,4498,115,2,5,6,3009,0,0,0,NA,0,021,EUCLID ST,TRASK AV,0,NA,Y,A,-,N,NA,NA,NA,NA,NA,NA,NA,NA,NA,N,4,0,1,2,A,-,03,22350,NA,M,C,C,A,A,H,-,C,A,0,NA,NA,NA,NA,Y,NA,A,01,0,0,1,0,0,0,0,0,0,-,-,33.766849517822266,-117.93778228759766,ORANGE,GARDEN GROVE,-117.93787384033205,33.766937255859375
9734811,2024,2024-10-07,3002,2024-09-05,929,3893,740A3,4,5,5,3025,0,0,0,NA,0,001,BASTANCHURY RD,VALLEY VIEW AV,0,NA,Y,A,-,N,NA,NA,NA,NA,NA,NA,NA,NA,NA,Y,4,0,1,3,A,-,12,21453,A,N,D,C,A,A,H,-,A,A,0,NA,NA,NA,NA,Y,NA,A,01,0,0,1,0,0,0,0,0,0,-,-,NA,NA,ORANGE,YORBA LINDA,-117.82868957519533,33.89936447143555
9735872,2024,2024-11-12,3006,2024-10-10,2234,350,12,4,5,3,3006,0,0,0,NA,0,001,ORANGETHORPE AV,VALLEY VIEW ST,0,NA,Y,A,-,N,NA,NA,NA,NA,NA,NA,NA,NA,NA,Y,4,0,2,2,A,-,12,21453,A,N,D,C,A,A,H,-,C,A,0,NA,NA,NA,NA,Y,NA,A,01,0,0,2,0,0,0,0,0,0,-,-,NA,NA,ORANGE,LA PALMA,-118.02875518798828,33.858882904052734
9736303,2024,2024-09-26,3000,2024-08-24,1050,12177,972C1,6,5,4,3018,0,0,0,NA,0,730,CAMINO CAPISTRANO,FORSTER ST,0,NA,Y,A,-,N,NA,NA,NA,NA,NA,NA,NA,NA,NA,Y,3,0,1,2,A,-,09,21804,A,N,D,C,A,A,H,-,A,D,0,NA,NA,NA,NA,Y,NA,A,01,0,1,0,0,0,0,0,0,0,-,-,NA,NA,ORANGE,SAN JUAN CAPISTRANO,-117.66250610351563,33.499881744384766
9736554,2024,2024-09-25,3000,2024-07-31,1500,10362,921D2,3,5,4,3049,0,0,0,NA,0,M81,GLENWOOD DR,ALISO CREEK RD,0,NA,Y,A,-,N,NA,NA,NA,NA,NA,NA,NA,NA,NA,Y,4,0,2,2,D,-,00,NA,NA,N,D,C,A,A,H,-,A,A,0,NA,NA,NA,NA,Y,NA,-,-,0,0,2,0,0,0,0,0,0,-,-,NA,NA,ORANGE,ALISO VIEJO,-117.72864532470705,33.59405517578125
9736708,2024,2024-09-25,3000,2024-08-27,1508,12177,952C5,2,5,4,3018,0,0,0,NA,0,730,RANCHO VIEJO RD,MISSION HILLS DR,640,S,N,A,-,N,NA,NA,NA,NA,NA,NA,NA,NA,NA,Y,3,0,2,2,A,-,09,21804,A,N,D,C,A,A,H,-,A,C,0,NA,NA,NA,NA,Y,NA,A,07,0,2,0,0,0,0,0,0,0,-,-,NA,NA,ORANGE,SAN JUAN CAPISTRANO,-117.66625213623048,33.52325439453125
9737249,2024,2024-10-03,3004,2024-09-18,909,P549,RD07,3,5,6,3004,0,0,0,NA,0,015,SANTA ANA AV,21ST ST,0,NA,Y,B,-,N,NA,NA,NA,NA,NA,NA,NA,NA,NA,Y,4,0,1,2,A,-,03,22350,NA,N,D,C,A,A,H,-,A,D,0,NA,NA,NA,NA,Y,NA,A,07,0,0,1,0,0,0,0,0,0,-,-,33.64366912841797,-117.90457916259766,ORANGE,COSTA MESA,-117.90428161621094,33.64424133300781
9737378,2024,2024-10-17,3000,2024-08-03,2310,5013,862F5,6,5,5,3050,0,0,0,NA,0,765,MALABAR RD,LA QUINTA DR,236,W,N,A,-,N,NA,NA,NA,NA,NA,NA,NA,NA,NA,Y,3,0,1,3,A,-,01,23152,A,N,E,I,A,A,H,-,C,D,0,NA,NA,NA,NA,Y,Y,A,01,0,1,0,0,0,0,0,0,0,-,-,NA,NA,ORANGE,LAKE FOREST,-117.6311264038086,33.674678802490234
9738491,2024,2024-09-30,3004,2024-09-10,1653,P683,10,2,5,6,3004,0,0,0,NA,0,004,HARBOR BL,WILSON ST,950,N,N,A,-,N,NA,NA,NA,NA,NA,NA,NA,NA,NA,Y,3,0,1,4,A,-,12,21453,A,N,D,C,A,A,H,-,A,A,0,NA,NA,NA,NA,Y,NA,A,01,0,1,0,0,0,0,0,0,0,-,-,33.65879821777344,-117.91919708251952,ORANGE,COSTA MESA,-117.91922760009766,33.65873336791992
9738753,2024,2024-10-18,3003,2024-08-23,822,1289,NA,5,5,5,3003,0,0,0,NA,0,NA,BEACH BL,MALVERN AV,682,S,N,A,-,Y,ORA,12,39,-,-,16.24,H,-,S,Y,4,0,1,2,A,-,09,21801,A,N,D,C,A,A,H,-,A,D,0,NA,NA,NA,NA,Y,NA,A,01,0,0,1,0,0,0,0,0,0,-,-,NA,NA,ORANGE,BUENA PARK,-117.9968490600586,33.882911682128906
9739283,2024,2024-10-17,3000,2024-09-04,1420,12644,891G,3,5,5,3050,0,0,0,NA,0,060,ROCKFIELD BL,EL TORO RD,9,N,N,A,-,N,NA,NA,NA,NA,NA,NA,NA,NA,NA,N,4,0,1,2,A,-,05,21650,1,N,D,G,A,A,H,-,A,A,0,NA,Y,NA,NA,Y,NA,M,91,0,0,1,0,0,0,1,0,0,-,-,NA,NA,ORANGE,LAKE FOREST,-117.70475006103516,33.61701965332031
9739853,2024,2024-10-08,3004,2024-09-24,802,P735,06,2,5,6,3004,0,0,0,NA,0,015,E 21ST ST,GARDEN LN,255,W,N,A,-,N,NA,NA,NA,NA,NA,NA,NA,NA,NA,N,3,0,2,2,A,-,17,22517,NA,N,E,G,A,A,H,-,A,D,0,NA,Y,NA,NA,Y,NA,A,01,0,2,0,0,0,0,2,0,0,-,-,NA,NA,ORANGE,COSTA MESA,-117.90289306640624,33.643226623535156