CASE_ID,ACCIDENT_YEAR,PROC_DATE,JURIS,COLLISION_DATE,COLLISION_TIME,OFFICER_ID,REPORTING_DISTRICT,DAY_OF_WEEK,CHP_SHIFT,POPULATION,CNTY_CITY_LOC,SPECIAL_COND,BEAT_TYPE,CHP_BEAT_TYPE,CITY_DIVISION_LAPD,CHP_BEAT_CLASS,BEAT_NUMBER,PRIMARY_RD,SECONDARY_RD,DISTANCE,DIRECTION,INTERSECTION,WEATHER_1,WEATHER_2,STATE_HWY_IND,CALTRANS_COUNTY,CALTRANS_DISTRICT,STATE_ROUTE,ROUTE_SUFFIX,POSTMILE_PREFIX,POSTMILE,LOCATION_TYPE,RAMP_INTERSECTION,SIDE_OF_HWY,TOW_AWAY,COLLISION_SEVERITY,NUMBER_KILLED,NUMBER_INJURED,PARTY_COUNT,PRIMARY_COLL_FACTOR,PCF_CODE_OF_VIOL,PCF_VIOL_CATEGORY,PCF_VIOLATION,PCF_VIOL_SUBSECTION,HIT_AND_RUN,TYPE_OF_COLLISION,MVIW,PED_ACTION,ROAD_SURFACE,ROAD_COND_1,ROAD_COND_2,LIGHTING,CONTROL_DEVICE,CHP_ROAD_TYPE,PEDESTRIAN_ACCIDENT,BICYCLE_ACCIDENT,MOTORCYCLE_ACCIDENT,TRUCK_ACCIDENT,NOT_PRIVATE_PROPERTY,ALCOHOL_INVOLVED,STWD_VEHTYPE_AT_FAULT,CHP_VEHTYPE_AT_FAULT,COUNT_SEVERE_INJ,COUNT_VISIBLE_INJ,COUNT_COMPLAINT_PAIN,COUNT_PED_KILLED,COUNT_PED_INJURED,COUNT_BICYCLIST_KILLED,COUNT_BICYCLIST_INJURED,COUNT_MC_KILLED,COUNT_MC_INJURED,PRIMARY_RAMP,SECONDARY_RAMP,LATITUDE,LONGITUDE,COUNTY,CITY,POINT_X,POINT_Y
7028963,2015,2016-12-22,9690,2015-06-28,0407,19279,NA,7,3,4,3029,0,1,1,NA,2,057,RT 5,PACIFIC COAST HWY,220,N,N,A,-,Y,ORA,12,5,-,-,6.972,R,2,S,Y,4,0,1,1,A,-,01,23152,A,F,E,I,A,A,H,-,C,D,1,NA,NA,NA,NA,Y,Y,A,01,0,0,1,0,0,0,0,0,0,TO,-,33.46691,-117.67153,ORANGE,DANA POINT,-117.67262936,33.46828784
7029002,2015,2017-01-14,9675,2015-08-02,1900,019809,NA,7,2,6,3004,0,1,1,NA,2,405,RT 405,SANTA ANA RIVER,100,S,N,A,-,Y,ORA,12,405,-,-,12.4,H,-,N,Y,4,0,1,2,A,-,03,22350,NA,N,C,C,A,A,H,-,A,D,6,NA,NA,NA,NA,Y,NA,A,01,0,0,1,0,0,0,0,0,0,-,-,33.69538,-117.93394,ORANGE,COSTA MESA,-117.93391998,33.69532752
7029014,2015,2017-01-28,9690,2015-08-08,1115,020446,NA,6,1,4,3018,0,1,1,NA,2,057,RT 5,RT 74,320,N,N,A,-,Y,ORA,12,5,-,-,9.66,H,-,S,N,4,0,1,2,A,-,03,22350,NA,N,C,C,A,A,H,-,A,D,1,NA,NA,NA,NA,Y,NA,A,01,0,0,1,0,0,0,0,0,0,-,-,33.51008,-117.6616,ORANGE,SAN JUAN CAPISTRANO,-117.65874657,33.50319535
7029022,2015,2017-01-19,9690,2015-08-10,1620,014919,NA,1,2,5,3028,0,1,1,NA,2,055,RT 5,ALICIA PKWY,613,N,N,A,-,Y,ORA,12,5,-,-,17.65,R,1,N,Y,4,0,1,2,A,-,03,22350,NA,N,C,C,A,A,H,-,A,D,1,NA,NA,NA,NA,Y,NA,A,01,0,0,1,0,0,0,0,0,0,FR,-,33.60615,-117.69215,ORANGE,MISSION VIEJO,-117.69294052,33.6062136
7029025,2015,2017-01-20,9675,2015-08-08,1615,20746,NA,6,2,6,3004,0,1,3,NA,2,553,RT 55,RT 405,200,N,N,A,-,Y,ORA,12,55,-,-,6.09,H,-,N,Y,4,0,1,3,A,-,08,22107,NA,N,B,C,A,A,H,-,A,D,6,NA,NA,NA,NA,Y,NA,A,01,0,0,1,0,0,0,0,0,0,-,-,33.68805,-117.87125,ORANGE,COSTA MESA,-117.87132537,33.68833673
7029031,2015,2016-11-29,9690,2015-06-24,1045,020125,NA,3,1,9,3000,0,1,3,NA,1,074,RT 74,SAN JUAN CREEK BRIDGE,1584,E,N,A,-,Y,ORA,12,74,-,-,13.63,H,-,W,Y,2,0,1,1,A,-,03,22350,NA,N,E,I,A,A,H,-,A,D,0,NA,NA,Y,NA,Y,NA,C,02,1,0,0,0,0,0,0,0,1,-,-,33.35398,-117.28483,ORANGE,UNINCORPORATED,-117.49718221,33.59200416
7030755,2015,2015-09-15,3000,2015-08-01,1820,2742,993A1,6,5,5,3017,0,0,0,NA,0,778,AVENIDA PICO,CAMINO VERA CRUZ,0,NA,Y,A,-,N,NA,NA,NA,NA,NA,NA,NA,NA,NA,Y,2,0,3,2,A,-,09,21453,C,N,D,C,A,A,H,-,A,A,0,NA,NA,NA,NA,Y,NA,A,07,3,0,0,0,0,0,0,0,0,-,-,NA,NA,ORANGE,SAN CLEMENTE,-117.60872012,33.45128006
7032403,2015,2015-09-03,3014,2015-07-31,1229,1395,RD44,5,5,5,3014,0,0,0,NA,0,0A4,MARGUERITE AV,5TH AV,70,N,N,A,-,N,NA,NA,NA,NA,NA,NA,NA,NA,NA,N,4,0,2,2,A,-,03,22350,NA,N,C,C,A,A,H,-,A,A,0,NA,NA,NA,NA,Y,NA,A,01,0,0,2,0,0,0,0,0,0,-,-,33.6,-117.8673,ORANGE,NEWPORT BEACH,-117.86732645,33.59988966
7033478,2015,2016-09-07,9675,2015-07-24,1346,14497,NA,5,1,6,3004,0,1,3,NA,2,553,RT 55,BAKER ST,34,N,N,A,-,N,NA,NA,55,NA,NA,NA,NA,NA,NA,Y,4,0,1,3,A,-,03,22350,NA,F,C,C,A,A,H,-,A,D,0,NA,NA,NA,NA,Y,NA,A,07,0,0,1,0,0,0,0,0,0,-,-,33.68243,-117.87771,ORANGE,COSTA MESA,-117.87733973,33.68204721
7034186,2015,2017-01-28,9690,2015-07-10,1735,12632,NA,5,2,4,3018,0,1,1,NA,2,057,RT 5,EL HORNO ST,800,N,N,A,-,Y,ORA,12,5,-,-,10.19,H,-,S,Y,4,0,2,2,A,-,03,22350,NA,N,C,C,A,A,H,-,A,D,1,NA,NA,NA,NA,Y,NA,A,01,0,0,2,0,0,0,0,0,0,-,-,33.50876,-117.66091,ORANGE,SAN JUAN CAPISTRANO,-117.66156853,33.51041213
7034198,2015,2017-01-19,9690,2015-07-11,1225,19361,NA,6,1,4,3045,0,1,1,NA,2,055,RT 5,EL TORO RD,500,N,N,A,-,Y,ORA,12,5,-,-,18.8,H,-,S,Y,4,0,1,3,A,-,03,22350,NA,N,C,C,A,A,H,-,A,D,1,NA,NA,NA,NA,Y,NA,A,01,0,0,1,0,0,0,0,0,0,-,-,33.61484,-117.70829,ORANGE,LAGUNA HILLS,-117.70901334,33.61571114
7034203,2015,2017-01-13,9690,2015-07-12,1730,020637,NA,7,2,5,3017,0,1,1,NA,2,059,RT 5,CRISTIANITOS RD,500,N,N,A,-,Y,ORA,12,5,-,-,0.01,H,-,N,Y,3,0,1,2,A,-,01,23152,A,N,B,C,A,A,H,-,A,D,1,NA,NA,Y,NA,Y,Y,C,02,0,1,0,0,0,0,0,0,1,-,-,33.39666,-117.59374,ORANGE,SAN CLEMENTE,-117.59369973,33.39663296
7035838,2015,2015-08-28,3019,2015-07-25,0317,2963,WESTE,6,5,7,3019,0,0,0,NA,0,001,NEWHOPE ST,1ST ST,140,N,N,A,-,N,NA,NA,NA,NA,NA,NA,NA,NA,NA,Y,4,0,1,2,A,-,12,21453,NA,F,D,C,A,A,H,-,C,A,0,NA,NA,NA,NA,Y,NA,D,22,0,0,1,0,0,0,0,0,0,-,-,NA,NA,ORANGE,SANTA ANA,-117.92876676,33.74548378
7036092,2015,2015-08-25,3019,2015-07-28,1935,3328,SC,2,5,7,3019,0,0,0,NA,0,004,SUNFLOWER AV,BRISTOL ST,375,E,N,A,-,N,NA,NA,NA,NA,NA,NA,NA,NA,NA,N,4,0,1,2,A,-,03,22350,NA,N,C,C,A,A,H,-,B,D,0,NA,NA,NA,NA,Y,NA,A,01,0,0,1,0,0,0,0,0,0,-,-,NA,NA,ORANGE,SANTA ANA,-117.88432118,33.69427096
7036095,2015,2015-08-25,3019,2015-07-14,1822,3151,WE,2,5,7,3019,0,0,0,NA,0,001,NEWHOPE ST,5TH ST,0,NA,Y,A,-,N,NA,NA,NA,NA,NA,NA,NA,NA,NA,Y,3,0,4,2,A,-,12,21453,A,N,D,C,A,A,H,-,A,A,0,NA,NA,NA,NA,Y,NA,A,01,0,1,3,0,0,0,0,0,0,-,-,NA,NA,ORANGE,SANTA ANA,-117.92879006,33.74881009
7037103,2015,2015-08-26,3009,2015-08-07,1723,4049,65,5,5,6,3009,0,0,0,NA,0,1 1,BEACH BL,22 FREEWAY,0,NA,Y,A,-,N,NA,NA,NA,NA,NA,NA,NA,NA,NA,Y,3,0,1,2,A,-,12,21453,A,N,D,J,A,A,H,-,A,A,0,NA,NA,Y,NA,Y,NA,A,01,0,1,0,0,0,0,0,0,1,-,-,NA,NA,ORANGE,GARDEN GROVE,-117.98982001,33.76380005
7037150,2015,2015-09-04,3001,2015-08-09,2121,1622,NA,7,5,7,3001,0,0,0,NA,0,0D1,S EMPIRE ST,WEST BALL RD,17,S,N,A,-,N,NA,NA,NA,NA,NA,NA,NA,NA,NA,Y,3,0,1,1,A,-,01,23152,A,N,E,I,A,A,H,-,C,A,0,NA,NA,Y,NA,Y,Y,C,02,0,1,0,0,0,0,0,0,1,-,-,NA,NA,ORANGE,ANAHEIM,-117.95452041,33.81777339
7038101,2015,2015-09-02,3001,2015-08-13,0002,A1252,NA,4,5,7,3001,0,0,0,NA,0,0D2,HARBOR BL,W WILHELMINA ST,0,NA,Y,A,-,N,NA,NA,NA,NA,NA,NA,NA,NA,NA,Y,4,0,4,3,A,-,09,21801,A,N,D,C,A,A,H,-,C,D,0,NA,NA,NA,NA,Y,NA,A,01,0,0,4,0,0,0,0,0,0,-,-,NA,NA,ORANGE,ANAHEIM,-117.92170003,33.84071009
7038245,2015,2015-09-03,3001,2015-08-05,1627,1622,NA,3,5,7,3001,0,0,0,NA,0,0D3,KATELLA AV,DISNEYLAND DR,528,E,N,A,-,N,NA,NA,NA,NA,NA,NA,NA,NA,NA,Y,4,0,1,3,A,-,03,22350,NA,N,C,C,A,A,H,-,A,A,0,NA,NA,NA,NA,Y,NA,A,01,0,0,1,0,0,0,0,0,0,-,-,NA,NA,ORANGE,ANAHEIM,-117.92234609,33.80342
7038247,2015,2015-09-03,3001,2015-08-07,1545,1880,NA,5,5,7,3001,0,0,0,NA,0,0D2,LA PALMA AV,ACACIA ST,19,W,N,A,-,N,NA,NA,NA,NA,NA,NA,NA,NA,NA,Y,3,0,1,2,A,-,09,21453,B,N,D,C,A,A,H,-,A,A,0,NA,NA,NA,NA,Y,NA,A,01,0,1,0,0,0,0,0,0,0,-,-,NA,NA,ORANGE,ANAHEIM,-117.89791242,33.84727089
7038775,2015,2015-09-04,3000,2015-08-03,1309,7734,892D5,1,5,5,3028,0,0,0,NA,0,752,MARGUERITE PKWY,ANTELA,53,N,N,A,-,N,NA,NA,NA,NA,NA,NA,NA,NA,NA,Y,3,0,1,1,C,-,18,NA,NA,N,E,I,A,A,H,-,A,D,0,NA,NA,NA,NA,Y,NA,-,-,0,1,0,0,0,0,0,0,0,-,-,NA,NA,ORANGE,MISSION VIEJO,-117.65055693,33.63027757
7038780,2015,2015-09-03,3008,2015-08-14,1431,1117,NA,5,5,6,3008,0,0,0,NA,0,0Z2,RAYMOND AV,ORANGETHORPE AV,20,S,N,A,-,N,NA,NA,NA,NA,NA,NA,NA,NA,NA,N,4,0,1,2,A,-,03,22350,NA,M,C,C,A,A,H,-,A,D,0,NA,NA,NA,NA,Y,NA,-,99,0,0,1,0,0,0,0,0,0,-,-,NA,NA,ORANGE,FULLERTON,-117.90676953,33.85952517
7039401,2015,2017-01-19,3011,2015-08-03,1052,31216,71,1,5,4,3011,0,0,0,NA,0,001,RT 133,EL TORO RD,1056,N,N,A,-,Y,ORA,12,133,-,-,3.62,H,-,S,Y,4,0,1,3,A,-,04,21703,NA,N,C,C,A,A,H,-,A,D,0,NA,NA,NA,NA,Y,NA,A,01,0,0,1,0,0,0,0,0,0,-,-,NA,NA,ORANGE,LAGUNA BEACH,-117.76129085,33.58573704
7039426,2015,2015-09-15,3010,2015-08-11,2110,1208,261,2,5,6,3010,0,0,0,NA,0,009,HEIL AV,GOTHARD,0,NA,Y,A,-,N,NA,NA,NA,NA,NA,NA,NA,NA,NA,Y,3,0,2,2,A,-,09,21801,A,N,D,C,A,A,H,-,C,A,0,NA,NA,NA,NA,Y,NA,A,07,0,1,1,0,0,0,0,0,0,-,-,NA,NA,ORANGE,HUNTINGTON BEACH,-118.00014002,33.72285007
7039921,2015,2017-01-28,9670,2015-08-15,0310,19348,NA,6,3,5,3003,0,1,3,NA,2,092,RT 91,KNOTT AV,279,E,N,A,-,Y,ORA,12,91,-,R,1.92,H,-,E,Y,3,0,3,2,A,-,03,22350,NA,N,C,C,A,A,H,-,D,D,1,NA,NA,NA,NA,Y,NA,A,01,0,1,2,0,0,0,0,0,0,-,-,33.85598,-118.00649,ORANGE,BUENA PARK,-118.01010734,33.85590205
7041760,2015,2015-09-19,3004,2015-08-25,1447,P429,15,2,5,6,3004,0,0,0,NA,0,004,HARBOR BL,PRINCETON DR,0,NA,Y,A,-,N,NA,NA,NA,NA,NA,NA,NA,NA,NA,Y,4,0,2,4,A,-,03,22350,NA,N,C,C,A,A,H,-,A,D,0,NA,NA,Y,NA,Y,NA,A,01,0,0,2,0,0,0,0,0,0,-,-,33.4001,-117.551,ORANGE,COSTA MESA,-117.91928008,33.66677005
7043070,2015,2015-09-29,3001,2015-08-15,1939,1397,NA,6,5,7,3001,0,0,0,NA,0,0D1,LINCOLN AV,GILBERT ST,18,W,N,A,-,N,NA,NA,NA,NA,NA,NA,NA,NA,NA,N,4,0,1,2,A,-,09,21453,C,M,G,B,B,A,H,-,B,A,0,Y,NA,NA,NA,Y,NA,A,01,0,0,1,0,1,0,0,0,0,-,-,NA,NA,ORANGE,ANAHEIM,-117.96773912,33.832429
7043845,2015,2015-09-10,3022,2015-08-21,1318,1109,NORTH,5,5,5,3022,0,0,0,NA,0,004,JAMBOREE RD,CHAMPION WY,25,N,N,A,-,N,NA,NA,NA,NA,NA,NA,NA,NA,NA,Y,3,0,3,1,A,-,01,23152,E,M,E,I,A,A,H,-,A,A,0,NA,NA,NA,NA,Y,NA,A,01,0,3,0,0,0,0,0,0,0,-,-,NA,NA,ORANGE,TUSTIN,-117.77465741,33.74062259
7044040,2015,2015-09-16,3019,2015-08-15,1846,3324,NE,6,5,7,3019,0,0,0,NA,0,002,BUSH ST,CIVIC CENTER DR,0,NA,Y,A,-,N,NA,NA,NA,NA,NA,NA,NA,NA,NA,Y,3,0,2,2,A,-,12,21453,A,N,D,C,A,A,H,-,A,A,0,NA,NA,NA,NA,Y,NA,A,01,0,1,1,0,0,0,0,0,0,-,-,NA,NA,ORANGE,SANTA ANA,-117.86662,33.75062011
7044436,2015,2017-01-18,9675,2015-08-18,0910,14895,NA,2,1,7,3001,0,1,3,NA,2,093,RT 91,RT 55,1300,E,N,A,-,Y,ORA,12,91,-,R,9.48,H,-,W,Y,3,0,1,2,A,-,03,22350,NA,N,C,C,A,A,H,-,A,D,1,NA,NA,NA,NA,Y,NA,A,08,0,1,0,0,0,0,0,0,0,-,-,33.8452,-117.82542,ORANGE,ANAHEIM,-117.82279553,33.8457946
7044439,2015,2016-12-20,9675,2015-08-19,0140,017043,NA,3,3,6,3026,0,1,1,NA,2,407,RT 405,UNIVERSITY DR,755,S,N,B,-,Y,ORA,12,405,-,-,3.81,H,-,N,Y,3,0,1,1,A,-,01,23152,A,N,E,I,A,A,H,-,C,D,6,NA,NA,NA,NA,Y,Y,A,01,0,1,0,0,0,0,0,0,0,-,-,33.39461,-117.47203,ORANGE,IRVINE,-117.79247212,33.66320239
7044589,2015,2017-01-14,9675,2015-07-30,0655,015011,NA,4,1,6,3026,0,1,1,NA,2,406,RT 405,CULVER DR,303,N,N,B,-,Y,ORA,12,405,-,-,5.831,R,2,S,Y,4,0,1,1,A,-,08,22107,NA,N,E,I,A,A,H,-,A,D,6,NA,NA,NA,NA,Y,NA,A,01,0,0,1,0,0,0,0,0,0,TO,-,33.66861,-117.82384,ORANGE,IRVINE,-117.82630566,33.67051354
7047033,2015,2015-09-19,3010,2015-08-25,1202,1234,293,2,5,6,3010,0,0,0,NA,0,005,NEWLAND,TALBERT,36,S,N,A,-,N,NA,NA,NA,NA,NA,NA,NA,NA,NA,Y,3,0,4,3,A,-,08,22100,A,N,B,C,A,A,H,-,A,A,0,NA,NA,NA,NA,Y,NA,D,22,0,1,3,0,0,0,0,0,0,-,-,NA,NA,ORANGE,HUNTINGTON BEACH,-117.98037639,33.70116134
7047047,2015,2016-07-26,3004,2015-08-24,1753,P462,35,1,5,6,3004,0,0,0,NA,0,002,NEWPORT BL,DEL MAR AV,0,NA,Y,A,-,N,NA,NA,55,NA,NA,NA,NA,NA,NA,Y,4,0,1,2,D,-,00,NA,NA,N,D,C,A,A,H,-,A,A,0,NA,NA,NA,NA,Y,NA,-,-,0,0,1,0,0,0,0,0,0,-,-,33.6628,-117.8971,ORANGE,COSTA MESA,-117.89753194,33.663225
7047118,2015,2015-09-11,3004,2015-08-27,1711,P543,12,4,5,6,3004,0,0,0,NA,0,015,ELDEN AV,DEL MAR AV,702,S,N,A,-,N,NA,NA,NA,NA,NA,NA,NA,NA,NA,N,4,0,1,2,A,-,09,21804,A,N,D,C,A,A,H,-,A,A,0,NA,NA,Y,NA,Y,NA,A,01,0,0,1,0,0,0,0,0,1,-,-,33.3936,-117.5349,ORANGE,COSTA MESA,-117.89685027,33.66023633
7047374,2015,2016-12-13,3003,2015-06-05,1616,1096,NA,5,5,5,3003,0,0,0,NA,0,001,BEACH BL,CASCADE WY,69,S,N,A,-,Y,ORA,12,39,-,-,16.12,H,-,N,N,4,0,1,2,A,-,01,23152,A,N,C,C,A,A,H,-,A,A,0,NA,NA,NA,NA,Y,Y,A,01,0,0,1,0,0,0,0,0,0,-,-,NA,NA,ORANGE,BUENA PARK,-117.99801942,33.88146756
7048036,2015,2015-09-04,3008,2015-07-26,1328,1479,Z1,7,5,6,3008,0,0,0,NA,0,NA,COMMONWEALTH AV,EDWARD AV,465,W,N,A,-,N,NA,NA,NA,NA,NA,NA,NA,NA,NA,Y,4,0,1,2,A,-,21,22106,NA,N,D,C,A,A,H,-,A,D,0,NA,NA,NA,NA,Y,NA,A,01,0,0,1,0,0,0,0,0,0,-,-,NA,NA,ORANGE,FULLERTON,-117.98181836,33.86999
7048668,2015,2015-09-14,3000,2015-08-08,0851,8786,891E4,6,5,5,3050,0,0,0,NA,0,160,ROCKFIELD BL,CENTRE DR,136,N,N,A,-,N,NA,NA,NA,NA,NA,NA,NA,NA,NA,N,2,0,1,2,A,-,11,21954,A,N,G,B,D,A,H,-,A,D,0,Y,NA,NA,NA,Y,NA,N,60,1,0,0,0,1,0,0,0,0,-,-,NA,NA,ORANGE,LAKE FOREST,-117.71850371,33.63096417
7049350,2015,2017-01-28,9675,2015-08-08,0018,19706,NA,6,3,7,3019,0,1,1,NA,2,502,RT 5,17TH ST,840,S,N,A,-,Y,ORA,12,5,-,-,32.29,H,-,S,Y,4,0,1,1,A,-,08,22107,NA,N,E,I,A,A,H,-,C,D,1,NA,NA,NA,NA,Y,Y,A,01,0,0,1,0,0,0,0,0,0,-,-,33.75796,-117.85959,ORANGE,SANTA ANA,-117.85981951,33.75825774
7049351,2015,2017-01-14,9675,2015-08-22,1645,19979,NA,6,2,6,3004,0,1,1,NA,2,405,RT 405,HARBOR BL,600,S,N,A,-,Y,ORA,12,405,-,-,11.34,H,-,N,Y,3,0,1,1,A,-,08,22107,NA,N,F,A,A,A,H,-,A,D,6,NA,NA,Y,NA,Y,NA,C,02,0,1,0,0,0,0,0,0,1,-,-,33.68861,-117.91644,ORANGE,COSTA MESA,-117.91730715999999,33.68867318
7049675,2015,2015-09-16,3001,2015-08-20,1641,1373,NA,4,5,7,3001,0,0,0,NA,0,0D3,BALL RD,ANAHEIM BL,117,E,N,A,-,N,NA,NA,NA,NA,NA,NA,NA,NA,NA,Y,4,0,2,2,A,-,03,22350,NA,N,C,C,A,A,H,-,A,A,0,NA,NA,NA,NA,Y,NA,A,07,0,0,2,0,0,0,0,0,0,-,-,NA,NA,ORANGE,ANAHEIM,-117.90806,33.81807
7052104,2015,2015-09-18,3000,2015-08-25,1356,8553,798A2,2,5,4,3021,0,0,0,NA,0,022,DALE AV,KATELLA AV,26,N,N,A,-,N,NA,NA,NA,NA,NA,NA,NA,NA,NA,N,3,0,1,2,A,-,08,22107,NA,N,D,G,A,A,H,-,A,A,0,NA,Y,NA,NA,Y,Y,A,01,0,1,0,0,0,0,1,0,0,-,-,NA,NA,ORANGE,STANTON,-117.9844717,33.80306127
7053211,2015,2015-10-03,3001,2015-08-27,0734,1068,NA,4,5,7,3001,0,0,0,NA,0,004,E MIRALOMA AV,TUSTIN AV,0,NA,Y,A,-,N,NA,NA,NA,NA,NA,NA,NA,NA,NA,Y,4,0,2,3,A,-,09,21801,A,N,-,A,A,A,H,-,A,A,0,NA,NA,NA,NA,Y,NA,A,01,0,0,2,0,0,0,0,0,0,-,-,NA,NA,ORANGE,ANAHEIM,-117.84205013,33.86255005
7053533,2015,2015-09-17,3001,2015-08-28,1915,1469,NA,5,5,7,3001,0,0,0,NA,0,0D1,BALL RD,KNOTT AV,860,W,N,A,-,N,NA,NA,NA,NA,NA,NA,NA,NA,NA,Y,4,0,2,3,A,-,09,21801,A,N,C,C,A,A,H,-,B,D,0,NA,NA,NA,NA,Y,NA,A,01,0,0,2,0,0,0,0,0,0,-,-,NA,NA,ORANGE,ANAHEIM,-118.01362486,33.81722651
7053574,2015,2015-09-17,3001,2015-08-29,0939,41505,D2,6,5,7,3001,0,0,0,NA,0,NA,HARBOR BL,SYCAMORE ST,0,NA,Y,A,-,N,NA,NA,NA,NA,NA,NA,NA,NA,NA,Y,4,0,2,2,A,-,09,21801,A,N,D,C,A,A,H,-,A,A,0,NA,NA,NA,NA,Y,NA,A,01,0,0,2,0,0,0,0,0,0,-,-,NA,NA,ORANGE,ANAHEIM,-117.92100007,33.8385401
7054148,2015,2017-01-19,9675,2015-09-15,0830,14558,NA,2,1,7,3001,0,1,3,NA,2,195,RT 91,WEIR CANYON RD,4224,W,N,B,C,Y,ORA,12,91,-,R,13.63,H,-,W,Y,3,0,1,1,A,-,08,22107,NA,N,E,I,A,B,H,-,A,D,1,NA,NA,NA,NA,Y,NA,A,01,0,1,0,0,0,0,0,0,0,-,-,33.86884,-117.75874,ORANGE,ANAHEIM,-117.75846457,33.86906327
7056035,2015,2015-09-30,3024,2015-09-04,1126,312,NA,5,5,5,3024,0,0,0,NA,0,EAST,EDINGER AV,PARLIAMENT AV,176,E,N,A,-,N,NA,NA,NA,NA,NA,NA,NA,NA,NA,N,2,0,2,1,A,-,01,23152,E,N,E,I,A,A,H,-,A,D,0,NA,NA,NA,NA,Y,NA,A,01,1,1,0,0,0,0,0,0,0,-,-,NA,NA,ORANGE,WESTMINSTER,-117.96933247,33.73034
7057006,2015,2015-10-20,3024,2015-08-30,2136,175,NA,7,5,5,3024,0,0,0,NA,0,NA,BOLSA AV,BROOKHURST ST,0,NA,Y,A,-,N,NA,NA,NA,NA,NA,NA,NA,NA,NA,Y,3,0,3,3,A,-,12,21453,A,N,D,D,A,A,H,-,C,A,0,NA,NA,NA,NA,Y,NA,A,07,0,1,2,0,0,0,0,0,0,-,-,NA,NA,ORANGE,WESTMINSTER,-117.95497012,33.74486008
7057202,2014,2015-11-19,9690,2014-12-03,1945,16493,NA,3,2,4,3045,0,1,1,NA,2,055,RT 5,EL TORO RD,800,S,N,C,-,Y,NA,NA,5,NA,NA,NA,NA,NA,NA,Y,4,0,1,3,A,-,03,22350,NA,N,C,C,A,B,H,-,C,D,0,NA,NA,NA,NA,Y,NA,A,01,0,0,1,0,0,0,0,0,0,-,-,33.61258,-117.70569,ORANGE,LAGUNA HILLS,-117.70556277,33.61272817
7057663,2014,2016-06-15,9690,2014-12-09,0510,15114,NA,2,3,5,3017,0,1,1,NA,2,059,RT 5,VISTA HERMOSA,3000,N,N,A,-,Y,ORA,12,5,-,-,4.65,H,-,S,Y,3,0,1,1,A,-,08,22107,NA,N,E,I,A,A,D,-,C,D,1,NA,NA,NA,NA,Y,NA,A,07,0,1,0,0,0,0,0,0,0,-,-,33.45001,-117.63955,ORANGE,SAN CLEMENTE,-117.63940084,33.44980549
7058119,2015,2015-11-24,3022,2015-10-26,1318,1236,NORTH,1,5,5,3022,0,0,0,NA,0,NA,EL CAMINO REAL,RED HILL AV,564,W,N,A,-,N,NA,NA,NA,NA,NA,NA,NA,NA,NA,N,4,0,1,2,A,-,09,21804,A,N,D,G,A,A,H,-,A,D,0,NA,Y,NA,NA,Y,NA,A,01,0,0,1,0,0,0,1,0,0,-,-,NA,NA,ORANGE,TUSTIN,-117.81634451,33.73491044
7058427,2015,2017-01-13,9690,2015-09-13,0230,20463,NA,7,3,5,3017,0,1,1,NA,2,059,RT 5,AVENIDA VISTA HERMOSA,5280,N,N,A,-,Y,ORA,12,5,-,-,5.08,H,-,S,Y,4,0,1,2,A,-,03,22350,NA,F,C,C,A,A,D,-,D,D,1,NA,NA,NA,NA,Y,NA,A,01,0,0,1,0,0,0,0,0,0,-,-,33.45025,-117.63991,ORANGE,SAN CLEMENTE,-117.64539796,33.45348783
7058821,2015,2017-01-19,9690,2015-08-14,1505,18646,NA,5,2,4,3045,0,1,1,NA,2,055,RT 5,THE EL TORO RD,400,N,N,A,-,Y,ORA,12,5,-,-,18.79,H,-,S,Y,4,0,1,4,A,-,03,22350,NA,M,C,C,A,A,H,-,A,D,1,NA,NA,NA,NA,Y,NA,A,01,0,0,1,0,0,0,0,0,0,-,-,33.61483,-117.70812,ORANGE,LAGUNA HILLS,-117.70889372,33.61560633
7062173,2014,2015-11-19,9690,2014-12-05,1412,16583,NA,5,2,4,3045,0,1,1,NA,2,055,RT 5,EL TORO RD,300,N,N,A,-,Y,NA,NA,5,NA,NA,NA,NA,NA,NA,N,4,0,2,3,A,-,03,22350,NA,N,C,C,A,A,H,-,A,D,0,NA,NA,NA,NA,Y,NA,A,01,0,0,2,0,0,0,0,0,0,-,-,33.61558,-117.7091,ORANGE,LAGUNA HILLS,-117.70899736,33.61569714
7062180,2014,2016-06-15,9690,2014-12-15,2230,17988,NA,1,3,9,3000,0,1,3,NA,1,013,RT 133,LAGUNA LAKES TRAIL,370,S,N,A,-,Y,ORA,12,133,-,R,5.54,H,-,S,Y,4,0,2,2,A,-,07,21658,A,F,C,C,A,A,H,-,D,D,0,NA,NA,NA,NA,Y,NA,-,99,0,0,2,0,0,0,0,0,0,-,-,33.61267,-117.76143,ORANGE,UNINCORPORATED,-117.7613441,33.61282268
7064117,2015,2015-11-12,3001,2015-11-01,1225,A2140,D1,7,5,7,3001,0,0,0,NA,0,011,LINCOLN AV,GRAND AV,0,NA,Y,A,-,N,NA,NA,NA,NA,NA,NA,NA,NA,NA,N,4,0,1,2,A,-,09,21801,A,N,D,C,A,A,H,-,A,A,0,NA,NA,NA,NA,Y,NA,A,08,0,0,1,0,0,0,0,0,0,-,-,NA,NA,ORANGE,ANAHEIM,-117.99791008,33.83209006
7064479,2015,2017-01-13,9670,2015-09-09,0954,19290,NA,3,1,4,3020,0,1,1,NA,2,044,RT 405,SEAL BEACH BL,1056,N,N,A,-,Y,ORA,12,405,-,-,22.87,H,-,N,N,4,0,1,3,A,-,03,22350,NA,N,C,C,A,A,H,-,A,D,1,NA,NA,NA,NA,Y,NA,A,01,0,0,1,0,0,0,0,0,0,-,-,33.77452,-118.07788,ORANGE,SEAL BEACH,-118.07846614,33.77453321