CASE_ID,ACCIDENT_YEAR,PROC_DATE,JURIS,COLLISION_DATE,COLLISION_TIME,OFFICER_ID,REPORTING_DISTRICT,DAY_OF_WEEK,CHP_SHIFT,POPULATION,CNTY_CITY_LOC,SPECIAL_COND,BEAT_TYPE,CHP_BEAT_TYPE,CITY_DIVISION_LAPD,CHP_BEAT_CLASS,BEAT_NUMBER,PRIMARY_RD,SECONDARY_RD,DISTANCE,DIRECTION,INTERSECTION,WEATHER_1,WEATHER_2,STATE_HWY_IND,CALTRANS_COUNTY,CALTRANS_DISTRICT,STATE_ROUTE,ROUTE_SUFFIX,POSTMILE_PREFIX,POSTMILE,LOCATION_TYPE,RAMP_INTERSECTION,SIDE_OF_HWY,TOW_AWAY,COLLISION_SEVERITY,NUMBER_KILLED,NUMBER_INJURED,PARTY_COUNT,PRIMARY_COLL_FACTOR,PCF_CODE_OF_VIOL,PCF_VIOL_CATEGORY,PCF_VIOLATION,PCF_VIOL_SUBSECTION,HIT_AND_RUN,TYPE_OF_COLLISION,MVIW,PED_ACTION,ROAD_SURFACE,ROAD_COND_1,ROAD_COND_2,LIGHTING,CONTROL_DEVICE,CHP_ROAD_TYPE,PEDESTRIAN_ACCIDENT,BICYCLE_ACCIDENT,MOTORCYCLE_ACCIDENT,TRUCK_ACCIDENT,NOT_PRIVATE_PROPERTY,ALCOHOL_INVOLVED,STWD_VEHTYPE_AT_FAULT,CHP_VEHTYPE_AT_FAULT,COUNT_SEVERE_INJ,COUNT_VISIBLE_INJ,COUNT_COMPLAINT_PAIN,COUNT_PED_KILLED,COUNT_PED_INJURED,COUNT_BICYCLIST_KILLED,COUNT_BICYCLIST_INJURED,COUNT_MC_KILLED,COUNT_MC_INJURED,PRIMARY_RAMP,SECONDARY_RAMP,LATITUDE,LONGITUDE,COUNTY,CITY,POINT_X,POINT_Y
7106185,2015,2015-11-03,3024,2015-10-13,0617,140,P16,2,5,5,3024,0,0,0,NA,0,WEST,WESTMINSTER BL,NANCY LEE DR,0,NA,Y,A,-,N,NA,NA,NA,NA,NA,NA,NA,NA,NA,N,3,0,1,2,A,-,09,21801,A,N,F,A,A,A,H,-,B,D,0,NA,NA,Y,NA,Y,NA,A,08,0,1,0,0,0,0,0,0,1,-,-,NA,NA,ORANGE,WESTMINSTER,-118.01200003,33.75909005
7106204,2015,2015-11-06,3024,2015-10-09,0104,381,P37,5,5,5,3024,0,0,0,NA,0,EAST,MCFADDEN AV,NEWLAND ST,433,W,N,A,-,N,NA,NA,NA,NA,NA,NA,NA,NA,NA,Y,3,0,1,1,A,-,01,23152,B,N,E,I,A,A,H,-,C,A,0,NA,NA,NA,NA,Y,Y,A,01,0,1,0,0,0,0,0,0,0,-,-,NA,NA,ORANGE,WESTMINSTER,-117.98236088,33.73752325
7106395,2015,2015-11-07,3001,2015-10-12,1107,1670,NA,1,5,7,3001,0,0,0,NA,0,0D3,SHERMAN ST,BALL RD,260,S,N,A,-,N,NA,NA,NA,NA,NA,NA,NA,NA,NA,NA,4,0,1,2,A,-,09,21804,A,N,D,C,A,A,H,-,A,D,0,NA,NA,NA,NA,Y,NA,A,01,0,0,1,0,0,0,0,0,0,-,-,NA,NA,ORANGE,ANAHEIM,-117.89160832,33.81738728
7106559,2015,2015-11-04,3001,2015-10-16,1741,1278,NA,5,5,7,3001,0,0,0,NA,0,0D1,SOUTH WESTERN AV,W  CABOT DR,25,N,N,B,-,N,NA,NA,NA,NA,NA,NA,NA,NA,NA,NA,4,0,1,2,A,-,07,21658,A,N,D,C,A,A,H,-,A,D,0,NA,NA,NA,NA,Y,NA,A,01,0,0,1,0,0,0,0,0,0,-,-,NA,NA,ORANGE,ANAHEIM,-118.00223205,33.83070852
7109126,2015,2015-11-03,3003,2015-08-13,1327,601,32,4,5,5,3003,0,0,0,NA,0,004,THELMA AV,HOLDER ST,225,E,N,A,-,N,NA,NA,NA,NA,NA,NA,NA,NA,NA,Y,3,0,1,2,A,-,08,22107,NA,N,B,E,A,A,H,-,A,D,0,NA,NA,NA,NA,Y,NA,A,01,0,1,0,0,0,0,0,0,0,-,-,33.8507,-118.019,ORANGE,BUENA PARK,-118.01912063,33.85074516
7109844,2015,2015-11-20,3003,2015-10-10,0229,1052,NA,6,5,5,3003,0,0,0,NA,0,NA,MONROE AV,GRANT CIR,36,E,N,A,-,N,NA,NA,NA,NA,NA,NA,NA,NA,NA,Y,3,0,1,2,A,-,03,22350,NA,M,B,E,A,A,H,-,C,D,0,NA,NA,NA,NA,Y,Y,A,01,0,1,0,0,0,0,0,0,0,-,-,NA,NA,ORANGE,BUENA PARK,-118.00430733,33.83523996
7109973,2015,2015-11-23,3010,2015-11-04,1857,1102,177,3,5,6,3010,0,0,0,NA,0,008,BOLSA CHICA,WARNER,0,NA,Y,A,-,N,NA,NA,NA,NA,NA,NA,NA,NA,NA,N,4,0,1,2,A,-,12,21453,A,N,D,C,A,A,H,-,C,A,0,NA,NA,NA,NA,Y,NA,A,01,0,0,1,0,0,0,0,0,0,-,-,NA,NA,ORANGE,HUNTINGTON BEACH,-118.04146002,33.71539005
7110049,2015,2015-11-16,3004,2015-10-26,1512,P543,12,1,5,6,3004,0,0,0,NA,0,015,ELDEN AV,SANTA ISABEL AV,0,NA,Y,A,-,N,NA,NA,NA,NA,NA,NA,NA,NA,NA,N,3,0,1,2,A,-,12,22450,A,N,D,G,A,A,H,-,A,A,0,NA,Y,NA,NA,Y,NA,L,04,0,1,0,0,0,0,1,0,0,-,-,33.3921,-117.5403,ORANGE,COSTA MESA,-117.90095005,33.6560901
7110058,2015,2015-11-16,3010,2015-10-20,1901,1122,282,2,5,6,3010,0,0,0,NA,0,006,GOTHARD,TALBERT,0,NA,Y,A,-,N,NA,NA,NA,NA,NA,NA,NA,NA,NA,Y,3,0,6,2,A,-,09,21801,A,N,D,C,A,A,H,-,C,A,0,NA,NA,NA,NA,Y,NA,A,01,0,1,5,0,0,0,0,0,0,-,-,NA,NA,ORANGE,HUNTINGTON BEACH,-117.99988008,33.70111009
7110144,2015,2015-11-14,3019,2015-10-26,1618,2875,NE,1,5,7,3019,0,0,0,NA,0,002,ROSS ST,SANTA ANA BL N,0,NA,Y,A,-,N,NA,NA,NA,NA,NA,NA,NA,NA,NA,N,3,0,1,2,A,-,05,21650,1,M,D,G,A,A,H,-,A,A,0,NA,Y,NA,NA,Y,NA,L,04,0,1,0,0,0,0,1,0,0,-,-,33.74904,-117.87218,ORANGE,SANTA ANA,-117.87247009,33.74891001
7110157,2015,2015-11-14,3015,2015-10-10,1603,1509,65W,6,5,6,3015,0,0,0,NA,0,322,KATELLA AV,SHAFFER ST,455,E,N,A,-,N,NA,NA,NA,NA,NA,NA,NA,NA,NA,Y,3,0,5,2,A,-,09,21804,A,N,D,C,A,A,H,-,A,D,0,NA,NA,NA,NA,Y,NA,A,01,0,2,3,0,0,0,0,0,0,-,-,NA,NA,ORANGE,ORANGE,-117.84727582,33.80912652
7110433,2015,2015-11-18,3002,2015-10-09,1704,1501,B210,5,5,4,3002,0,0,0,NA,0,013,BIRCH ST,BREA MALL RD,0,NA,Y,A,-,N,NA,NA,NA,NA,NA,NA,NA,NA,NA,Y,3,0,1,2,A,-,09,21801,A,N,D,C,A,A,H,-,A,A,0,NA,NA,NA,NA,Y,NA,-,-,0,1,0,0,0,0,0,0,0,-,-,NA,NA,ORANGE,BREA,-117.886263,33.917787
7111610,2015,2015-11-30,3001,2015-11-09,1415,2132,D1,1,5,7,3001,0,0,0,NA,0,NA,WEST BALL RD,S WESTVALE DR,24,W,N,A,-,N,NA,NA,NA,NA,NA,NA,NA,NA,NA,N,3,0,1,2,A,-,05,21650,NA,N,D,G,A,A,H,-,A,A,0,NA,Y,NA,NA,Y,Y,L,04,0,1,0,0,0,0,1,0,0,-,-,NA,NA,ORANGE,ANAHEIM,-118.00763884,33.81729
7111858,2015,2015-11-30,3019,2015-10-15,1454,2001,SE,4,5,7,3019,0,0,0,NA,0,004,EDINGER AV,AUTO MALL DR,520,E,N,B,-,N,NA,NA,NA,NA,NA,NA,NA,NA,NA,Y,4,0,4,4,A,-,03,22350,NA,N,C,C,A,A,H,-,A,D,0,NA,NA,NA,Y,Y,NA,F,26,0,0,4,0,0,0,0,0,0,-,-,33.72664,-117.83657,ORANGE,SANTA ANA,-117.83508253,33.72677728
7112538,2015,2015-11-09,3013,2015-10-12,0758,176,NA,1,5,3,3013,0,0,0,NA,0,NA,CERRITOS AV,HUMBOLT ST,41,E,N,A,-,N,NA,NA,NA,NA,NA,NA,NA,NA,NA,N,4,0,1,3,A,-,03,22350,NA,N,C,C,A,A,H,-,A,A,0,NA,NA,NA,NA,Y,NA,A,01,0,0,1,0,0,0,0,0,0,-,-,NA,NA,ORANGE,LOS ALAMITOS,-118.06550534,33.81035834
7112554,2015,2015-11-09,3012,2015-10-21,0339,501,NA,3,5,5,3012,0,0,0,NA,0,0SW,IDAHO ST,LAMBERT RD,0,NA,Y,A,-,N,NA,NA,NA,NA,NA,NA,NA,NA,NA,Y,4,0,1,3,A,-,03,22350,A,N,-,D,A,A,H,-,B,A,0,NA,NA,NA,NA,Y,Y,-,NA,0,0,1,0,0,0,0,0,0,-,-,NA,NA,ORANGE,LA HABRA,-117.95918013,33.92466006
7113121,2015,2015-11-06,3001,2015-10-26,1920,A1252,NA,1,5,7,3001,0,0,0,NA,0,0D1,SOUTH GILBERT ST,BALL RD,126,N,N,B,-,N,NA,NA,NA,NA,NA,NA,NA,NA,NA,N,4,0,2,2,A,-,03,22350,NA,N,C,C,A,A,H,-,C,A,0,NA,NA,NA,NA,Y,NA,A,01,0,0,2,0,0,0,0,0,0,-,-,NA,NA,ORANGE,ANAHEIM,-117.96764,33.81803546
7113124,2015,2015-11-06,3001,2015-10-23,1157,41555,NA,5,5,7,3001,0,0,0,NA,0,0D2,NORTH STATE COLLEGE BL,EAST LA PALMA AV,448,N,N,A,-,N,NA,NA,NA,NA,NA,NA,NA,NA,NA,Y,3,0,1,2,A,-,07,21658,A,N,C,C,A,A,H,-,A,D,0,NA,NA,NA,NA,Y,NA,A,07,0,1,0,0,0,0,0,0,0,-,-,NA,NA,ORANGE,ANAHEIM,-117.88931142,33.84848808
7113686,2015,2015-11-13,3019,2015-10-25,1125,1997,SOUTE,7,5,7,3019,0,0,0,NA,0,003,SAINT ANDREW PL,SYCAMORE ST,0,NA,Y,A,-,N,NA,NA,NA,NA,NA,NA,NA,NA,NA,Y,3,0,2,2,A,-,09,21802,A,N,A,C,A,A,H,-,A,A,0,NA,NA,NA,NA,Y,NA,A,01,0,1,1,0,0,0,0,0,0,-,-,NA,NA,ORANGE,SANTA ANA,-117.86888002,33.7224201
7114084,2015,2015-11-17,3001,2015-10-24,2201,1278,NA,6,5,7,3001,0,0,0,NA,0,0D4,EAST RANCH GATE RD,SOUTH SPLIT RAIL LN,76,E,N,A,-,N,NA,NA,NA,NA,NA,NA,NA,NA,NA,Y,3,0,1,1,A,-,13,22515,A,N,E,I,A,A,H,-,C,D,0,NA,NA,NA,NA,Y,NA,A,07,0,1,0,0,0,0,0,0,0,-,-,NA,NA,ORANGE,ANAHEIM,-117.82431384,33.83921174
7114495,2015,2015-11-10,3026,2015-10-25,0259,550,PORTO,7,5,6,3026,0,0,0,NA,0,00P,SAND CANYON AV,STRATA,279,S,N,A,-,N,NA,NA,NA,NA,NA,NA,NA,NA,NA,Y,4,0,1,1,A,-,03,22350,NA,N,E,I,A,A,H,-,E,A,0,NA,NA,NA,NA,Y,NA,A,01,0,0,1,0,0,0,0,0,0,-,-,NA,NA,ORANGE,IRVINE,-117.7410853,33.69502215
7114860,2015,2015-11-14,3003,2015-10-11,1456,665,23,7,5,5,3003,0,0,0,NA,0,008,ORANGETHORPE AV,VALLEY VIEW ST,0,E,N,A,-,N,NA,NA,NA,NA,NA,NA,NA,NA,NA,Y,4,0,1,2,D,-,00,NA,NA,N,B,C,A,A,H,-,A,A,0,NA,NA,NA,NA,Y,NA,-,-,0,0,1,0,0,0,0,0,0,-,-,NA,NA,ORANGE,BUENA PARK,-118.02876003,33.85888001
7115590,2015,2015-12-07,3015,2015-11-05,1732,1364,35E,4,5,6,3015,0,0,0,NA,0,002,N PARKER ST,W COLLINS AV,9,N,N,A,-,N,NA,NA,NA,NA,NA,NA,NA,NA,NA,N,3,0,1,2,A,-,09,21804,A,N,D,G,A,B,H,-,B,D,0,NA,Y,NA,NA,Y,NA,L,04,0,1,0,0,0,0,1,0,0,-,-,NA,NA,ORANGE,ORANGE,-117.85983,33.80243467
7116453,2015,2015-11-20,3019,2015-10-29,1703,3151,SE,4,5,7,3019,0,0,0,NA,0,003,MAIN ST,WARNER AV,0,NA,Y,A,-,N,NA,NA,NA,NA,NA,NA,NA,NA,NA,N,4,0,1,2,A,-,12,21453,A,N,D,G,A,A,H,-,A,A,0,NA,Y,NA,NA,Y,NA,L,04,0,0,1,0,0,0,1,0,0,-,-,33.71622,-117.86796,ORANGE,SANTA ANA,-117.86793003,33.71603005
7117930,2015,2017-01-28,3002,2015-10-27,1716,1545,528Y,2,5,4,3002,0,0,0,NA,0,014,IMPERIAL HWY,STATE COLLEGE BL,150,W,N,A,-,Y,ORA,12,90,-,-,5.16,H,-,E,N,4,0,1,2,A,-,03,22350,NA,N,C,C,A,A,H,-,A,A,0,NA,NA,NA,NA,Y,NA,A,07,0,0,1,0,0,0,0,0,0,-,-,NA,NA,ORANGE,BREA,-117.88845578,33.9119742
7117935,2015,2015-11-30,3002,2015-11-08,1723,1632,531W,7,5,4,3002,0,0,0,NA,0,012,KRAEMER BL,BIRCH ST,10,N,N,A,-,N,NA,NA,NA,NA,NA,NA,NA,NA,NA,N,4,0,1,2,A,-,09,21453,B,N,B,C,A,A,H,-,C,A,0,NA,NA,NA,NA,Y,NA,A,01,0,0,1,0,0,0,0,0,0,-,-,NA,NA,ORANGE,BREA,-117.86385073,33.91828741
7118925,2015,2015-12-01,3001,2015-11-05,1634,1740,D2,4,5,7,3001,0,0,0,NA,0,NA,EUCLID ST,GLENOAKS AV,16,N,N,A,-,N,NA,NA,NA,NA,NA,NA,NA,NA,NA,N,3,0,2,3,A,-,10,21950,A,N,G,B,B,A,H,-,A,A,0,Y,NA,NA,NA,Y,NA,A,01,0,2,0,0,2,0,0,0,0,-,-,NA,NA,ORANGE,ANAHEIM,-117.94161112,33.84299386
7119549,2015,2015-11-25,3026,2015-11-13,0951,373,NA,5,5,6,3026,0,0,0,NA,0,00P,SAND CANYON AV,STRATA,530,S,N,A,-,N,NA,NA,NA,NA,NA,NA,NA,NA,NA,N,2,0,1,2,A,-,07,21658,A,N,D,G,A,A,H,-,A,D,0,NA,Y,NA,NA,Y,NA,L,04,1,0,0,0,0,0,1,0,0,-,-,NA,NA,ORANGE,IRVINE,-117.74156707,33.69446471
7119774,2015,2015-11-18,3003,2015-10-13,1214,1057,NA,2,5,5,3003,0,0,0,NA,0,NA,LA PALMA AV,ON THE MALL,0,NA,N,A,-,N,NA,NA,NA,NA,NA,NA,NA,NA,NA,Y,4,0,1,2,D,-,00,NA,NA,N,D,C,A,A,H,-,A,A,0,NA,NA,NA,NA,Y,NA,-,-,0,0,1,0,0,0,0,0,0,-,-,33.847,-117.9906,ORANGE,BUENA PARK,-117.987492,33.846633
7120487,2015,2015-11-23,3010,2015-11-09,0459,2151,148,1,5,6,3010,0,0,0,NA,0,009,MCFADDEN AV,SPRINGDALE,0,NA,Y,A,-,N,NA,NA,NA,NA,NA,NA,NA,NA,NA,Y,3,0,1,2,A,-,09,21801,A,N,D,G,A,A,H,-,C,A,0,NA,Y,NA,NA,Y,NA,D,22,0,1,0,0,0,0,1,0,0,-,-,NA,NA,ORANGE,HUNTINGTON BEACH,-118.02431002,33.73724008
7120496,2015,2015-11-24,3013,2015-10-27,0855,176,NA,2,5,3,3013,0,0,0,NA,0,NA,KATELLA AV,WALLINGSFORD RD,227,W,N,A,-,N,NA,NA,NA,NA,NA,NA,NA,NA,NA,N,4,0,1,2,A,-,03,22350,NA,N,C,C,A,A,H,-,A,A,0,NA,NA,NA,NA,Y,NA,A,01,0,0,1,0,0,0,0,0,0,-,-,NA,NA,ORANGE,LOS ALAMITOS,-118.07518559,33.80303
7121118,2015,2015-12-01,3015,2015-11-10,1652,1374,43,2,5,6,3015,0,0,0,NA,0,331,FAIRHAVEN AV,TUSTIN ST,220,E,N,A,-,N,NA,NA,NA,NA,NA,NA,NA,NA,NA,N,4,0,1,2,A,-,08,22107,NA,N,B,C,A,A,H,-,B,A,0,NA,NA,NA,NA,Y,NA,-,NA,0,0,1,0,0,0,0,0,0,-,-,NA,NA,ORANGE,ORANGE,-117.83503793,33.77326011
7121228,2015,2016-06-18,3008,2015-11-19,1542,1117,NA,4,5,6,3008,0,0,0,NA,0,0Z2,LEMON ST,SANTA FE,10,S,N,A,-,N,NA,NA,NA,NA,NA,NA,NA,NA,NA,N,4,0,1,2,A,-,10,21950,A,N,G,B,B,A,H,-,A,D,0,Y,NA,NA,NA,Y,NA,D,22,0,0,1,0,1,0,0,0,0,-,-,NA,NA,ORANGE,FULLERTON,-117.91978922,33.86930259
7121361,2015,2015-12-02,3008,2015-11-12,1657,1296,NA,4,5,6,3008,0,0,0,NA,0,0Z2,COMMONWEALTH AV,HARBOR BL,0,NA,Y,A,-,N,NA,NA,NA,NA,NA,NA,NA,NA,NA,Y,4,0,1,2,A,-,12,21453,A,N,D,C,A,A,H,-,A,A,0,NA,NA,NA,NA,Y,NA,A,01,0,0,1,0,0,0,0,0,0,-,-,NA,NA,ORANGE,FULLERTON,-117.92431012,33.87036001
7121369,2015,2015-12-02,3008,2015-11-16,1703,976,NA,1,5,6,3008,0,0,0,NA,0,0Z2,EUCLID ST,ARROYO DR,3,N,N,A,-,N,NA,NA,NA,NA,NA,NA,NA,NA,NA,Y,3,0,1,2,A,-,09,21802,A,N,B,C,A,A,H,-,C,D,0,NA,NA,NA,NA,Y,NA,A,07,0,1,0,0,0,0,0,0,0,-,-,NA,NA,ORANGE,FULLERTON,-117.94208,33.87964822
7121402,2015,2015-12-04,3000,2015-10-19,1121,5377,951H3,1,5,5,3040,0,0,0,NA,0,741,MONTE VERDE,ADELANTO,277,N,N,A,-,N,NA,NA,NA,NA,NA,NA,NA,NA,NA,N,4,0,1,2,A,-,21,22106,NA,N,H,E,A,A,H,-,A,D,0,NA,NA,NA,NA,Y,NA,A,07,0,0,1,0,0,0,0,0,0,-,-,NA,NA,ORANGE,LAGUNA NIGUEL,-117.69533255,33.53727827
7121659,2015,2017-01-28,3020,2015-10-06,1802,178,NA,2,5,4,3020,0,0,0,NA,0,ROVER,RT 1,MAIN ST,110,W,N,A,-,Y,ORA,12,1,-,-,33.2,H,-,S,Y,4,0,3,3,A,-,03,22350,NA,N,C,C,A,A,H,-,A,A,0,NA,NA,NA,NA,Y,NA,-,NA,0,0,3,0,0,0,0,0,0,-,-,NA,NA,ORANGE,SEAL BEACH,-118.10275443,33.74444186
7121663,2015,2016-06-18,3020,2015-10-06,1933,178,NA,2,5,4,3020,0,0,0,NA,0,ROVER,SEAL BEACH BL,LAMPSON AV,110,S,N,A,-,N,NA,NA,NA,NA,NA,NA,NA,NA,NA,Y,3,0,2,2,A,-,03,22350,NA,N,C,C,A,A,H,-,A,A,0,NA,NA,NA,NA,Y,NA,-,NA,0,1,1,0,0,0,0,0,0,-,-,NA,NA,ORANGE,SEAL BEACH,-118.07241795,33.77754491
7121926,2015,2015-11-24,3000,2015-10-05,1649,7734,922B6,1,5,5,3028,0,0,0,NA,0,752,PUERTA REAL,LAS RAMBLAS,0,NA,Y,A,-,N,NA,NA,NA,NA,NA,NA,NA,NA,NA,Y,4,0,2,2,A,-,09,21802,A,N,D,C,A,A,H,-,A,D,0,NA,NA,NA,NA,Y,NA,A,01,0,0,2,0,0,0,0,0,0,-,-,NA,NA,ORANGE,MISSION VIEJO,-117.67169005,33.56532004
7121932,2015,2015-11-25,3026,2015-11-09,0926,4779,C,1,5,6,3026,0,0,0,NA,0,00C,IRVINE CENTER DR,CHARTER,0,NA,Y,B,-,N,NA,NA,NA,NA,NA,NA,NA,NA,NA,Y,4,0,1,2,A,-,12,21453,A,N,D,C,A,A,H,-,A,A,0,NA,NA,NA,NA,Y,NA,A,01,0,0,1,0,0,0,0,0,0,-,-,NA,NA,ORANGE,IRVINE,-117.75191008,33.66087006
7121971,2015,2015-11-25,3000,2015-11-11,0655,9796,993D2,3,5,5,3017,0,0,0,NA,0,775,CALLE EXTREMO,AVENIDA FABRICANTE,639,E,N,A,-,N,NA,NA,NA,NA,NA,NA,NA,NA,NA,Y,3,0,2,1,A,-,03,22350,NA,N,E,I,A,B,H,-,A,D,0,NA,NA,NA,NA,Y,NA,A,01,0,1,1,0,0,0,0,0,0,-,-,NA,NA,ORANGE,SAN CLEMENTE,-117.58209073,33.44198069
7121979,2015,2015-11-25,3000,2015-11-03,0819,2731,797J4,2,5,4,3021,0,0,0,NA,0,024,ORANGEWOOD AV,LENMAR ST,0,NA,Y,A,-,N,NA,NA,NA,NA,NA,NA,NA,NA,NA,N,4,0,1,2,A,-,05,21650,1,N,D,G,A,A,H,-,A,D,0,NA,Y,NA,NA,Y,Y,L,04,0,0,1,0,0,0,1,0,0,-,-,NA,NA,ORANGE,STANTON,-117.9943801,33.79562002
7122381,2015,2015-11-25,3008,2015-11-01,1554,1977,NA,7,5,6,3008,0,0,0,NA,0,0Z1,BROOKHURST RD,WEST AV,0,NA,Y,A,-,N,NA,NA,NA,NA,NA,NA,NA,NA,NA,Y,4,0,1,2,A,-,01,23152,A,N,C,C,A,A,H,-,A,D,0,NA,NA,NA,NA,Y,Y,A,01,0,0,1,0,0,0,0,0,0,-,-,33.51543,-117.57338,ORANGE,FULLERTON,-117.9593701,33.86520012
7122443,2015,2015-11-30,3000,2015-10-04,1105,2849,891J2,7,5,5,3050,0,0,0,NA,0,764,LAKE FOREST DR,TRABUCO RD,14,W,N,B,-,N,NA,NA,NA,NA,NA,NA,NA,NA,NA,N,3,0,1,2,A,-,05,21202,A,N,H,G,A,-,H,-,A,A,0,NA,Y,NA,NA,Y,NA,L,04,0,1,0,0,0,0,1,0,0,-,-,NA,NA,ORANGE,LAKE FOREST,-117.68610985,33.64696098
7122775,2015,2015-11-24,3008,2015-11-03,1212,1284,Z 7,2,5,6,3008,0,0,0,NA,0,NA,CHAPMAN AV,RAYMOND AV,0,NA,Y,A,-,N,NA,NA,NA,NA,NA,NA,NA,NA,NA,Y,3,0,2,2,A,-,09,21801,A,N,A,C,A,A,H,-,A,A,0,NA,NA,NA,NA,Y,NA,A,01,0,2,0,0,0,0,0,0,0,-,-,NA,NA,ORANGE,FULLERTON,-117.90703001,33.87410004
7122787,2015,2015-11-25,3014,2015-10-07,1224,1179,RD15,3,5,5,3014,0,0,0,NA,0,0A1,NEWPORT BL,29TH ST,0,NA,Y,A,-,N,NA,NA,NA,NA,NA,NA,NA,NA,NA,Y,3,0,1,2,A,-,17,21657,NA,N,D,C,A,A,H,-,A,A,0,NA,NA,Y,NA,Y,NA,C,02,0,1,0,0,0,0,0,0,1,-,-,33.6138,-117.9302,ORANGE,NEWPORT BEACH,-117.93015001,33.61379007
7122854,2015,2015-11-23,3001,2015-11-08,1510,A1252,NA,7,5,7,3001,0,0,0,NA,0,0D2,ANAHEIM BL,CARL KARCHER WY,0,NA,Y,A,-,N,NA,NA,NA,NA,NA,NA,NA,NA,NA,Y,4,0,2,2,A,-,09,21801,A,N,D,C,A,A,H,-,A,A,0,NA,NA,NA,NA,Y,NA,A,01,0,0,2,0,0,0,0,0,0,-,-,NA,NA,ORANGE,ANAHEIM,-117.91984001,33.85085
7123034,2015,2015-11-24,3000,2015-10-13,1230,3358,972B2,2,5,4,3018,0,0,0,NA,0,731,EL CAMINO REAL,SPRING ST,75,N,N,A,-,N,NA,NA,NA,NA,NA,NA,NA,NA,NA,N,4,0,1,2,D,-,00,NA,NA,F,G,B,C,A,H,-,A,D,0,Y,NA,NA,NA,Y,NA,-,-,0,0,1,0,1,0,0,0,0,-,-,NA,NA,ORANGE,SAN JUAN CAPISTRANO,-117.66193586,33.50296017
7123051,2015,2015-11-24,3020,2015-08-24,1848,304,SOUTH,1,5,4,3020,0,0,0,NA,0,001,MARINA AV,5TH ST,0,NA,Y,A,-,N,NA,NA,NA,NA,NA,NA,NA,NA,NA,N,2,0,2,3,A,-,-,NA,NA,N,G,B,B,A,H,-,B,D,0,Y,NA,NA,NA,Y,NA,B,01,2,0,0,0,2,0,0,0,0,-,-,NA,NA,ORANGE,SEAL BEACH,-118.1069101,33.74510005
7123108,2015,2015-11-24,3000,2015-09-23,1250,5013,862B7,3,5,5,3050,0,0,0,NA,0,760,DIMENSION DR,LAKE FOREST DR,4,N,N,A,-,N,NA,NA,NA,NA,NA,NA,NA,NA,NA,N,3,0,1,2,A,-,09,21453,B,N,H,G,A,A,H,-,A,A,0,NA,Y,NA,NA,Y,NA,A,01,0,1,0,0,0,0,1,0,0,-,-,NA,NA,ORANGE,LAKE FOREST,-117.66786183,33.66179473
7123894,2015,2015-12-07,3015,2015-11-01,1909,1389,87,7,5,6,3015,0,0,0,NA,0,322,NORTH TUSTIN ST,E MEATS AV,0,NA,Y,A,-,N,NA,NA,NA,NA,NA,NA,NA,NA,NA,N,3,0,1,2,A,-,10,21950,A,N,A,B,B,A,H,-,C,A,0,Y,NA,NA,NA,Y,NA,A,07,0,1,0,0,1,0,0,0,0,-,-,NA,NA,ORANGE,ORANGE,-117.83603,33.82291007
7124323,2015,2017-01-17,3001,2015-11-26,1430,A1158,NA,4,5,7,3001,0,0,0,NA,0,D 2,N LEMON ST,RT 91,0,NA,Y,A,-,Y,ORA,12,91,-,-,3.268,R,4,E,Y,4,0,1,3,A,-,12,21453,A,M,D,C,A,A,H,-,A,A,0,NA,NA,NA,NA,Y,NA,A,01,0,0,1,0,0,0,0,0,0,-,-,NA,NA,ORANGE,ANAHEIM,-117.92407411,33.85382274
7124486,2015,2015-12-02,3009,2015-10-31,1556,3931,134,6,5,6,3009,0,0,0,NA,0,021,WEST ST,MORGAN ST,0,NA,Y,A,-,N,NA,NA,NA,NA,NA,NA,NA,NA,NA,N,3,0,1,2,A,-,08,22107,NA,N,-,C,A,A,H,-,A,D,0,NA,NA,Y,NA,Y,Y,A,01,0,1,0,0,0,0,0,0,1,-,-,NA,NA,ORANGE,GARDEN GROVE,-117.92362005,33.78016009
7124568,2015,2017-02-03,3010,2015-11-15,1620,1226,253,7,5,6,3010,0,0,0,NA,0,007,RT 39,EDINGER,0,NA,N,A,-,Y,ORA,12,39,-,-,5.6,H,-,N,N,4,0,1,2,D,-,00,NA,NA,N,G,B,B,A,H,-,A,D,0,Y,NA,NA,NA,Y,NA,-,-,0,0,1,0,1,0,0,0,0,-,-,NA,NA,ORANGE,HUNTINGTON BEACH,-117.98922284,33.72965255
7126136,2015,2015-12-03,3001,2015-11-19,1843,415,NA,4,5,7,3001,0,0,0,NA,0,0D2,WEST LA PALMA AV,NORTH HARBOR BL,260,W,N,A,-,N,NA,NA,NA,NA,NA,NA,NA,NA,NA,N,4,0,1,2,A,-,03,22350,NA,N,C,C,A,A,H,-,C,D,0,NA,NA,NA,NA,Y,NA,A,08,0,0,1,0,0,0,0,0,0,-,-,NA,NA,ORANGE,ANAHEIM,-117.92470417,33.8472
7126156,2015,2015-12-03,3001,2015-11-08,1647,A1548,D2,7,5,7,3001,0,0,0,NA,0,NA,E BENMORE LN,N DONACY WY,54,W,N,A,-,N,NA,NA,NA,NA,NA,NA,NA,NA,NA,N,3,0,1,2,A,-,11,21954,A,N,G,B,E,A,H,-,A,D,0,Y,NA,NA,NA,Y,NA,N,60,0,1,0,0,1,0,0,0,0,-,-,NA,NA,ORANGE,ANAHEIM,-117.89512742,33.85587773
7126573,2015,2015-12-07,3012,2015-11-12,0909,604,41,4,5,5,3012,0,0,0,NA,0,004,CYPRESS ST,1ST AV,0,NA,Y,A,-,N,NA,NA,NA,NA,NA,NA,NA,NA,NA,Y,4,0,2,2,A,-,09,21802,A,N,D,C,A,A,H,-,A,A,0,NA,NA,NA,NA,Y,NA,A,01,0,0,2,0,0,0,0,0,0,-,-,NA,NA,ORANGE,LA HABRA,-117.9417901,33.93083011
7128149,2015,2017-02-02,3001,2015-11-20,1439,1880,NA,5,5,7,3001,0,0,0,NA,0,0D1,RT 39,ANACAPA WY,0,NA,Y,A,-,Y,ORA,12,39,-,-,12.83,H,-,S,Y,4,0,1,2,D,-,00,NA,NA,N,D,A,A,A,H,-,A,A,0,NA,NA,NA,NA,Y,NA,-,-,0,0,1,0,0,0,0,0,0,-,-,NA,NA,ORANGE,ANAHEIM,-117.99366245,33.83419869
7128153,2015,2016-06-18,3001,2015-11-13,2034,415,D1,5,5,7,3001,0,0,0,NA,0,NA,W LINCOLN AV,S WESTCHESTER DR,0,NA,Y,A,-,N,NA,NA,NA,NA,NA,NA,NA,NA,NA,Y,4,0,3,2,D,-,00,NA,NA,N,D,C,A,A,H,-,C,A,0,NA,NA,NA,NA,Y,NA,-,-,0,0,3,0,0,0,0,0,0,-,-,NA,NA,ORANGE,ANAHEIM,-118.00542009,33.83202009