CASE_ID,ACCIDENT_YEAR,PROC_DATE,JURIS,COLLISION_DATE,COLLISION_TIME,OFFICER_ID,REPORTING_DISTRICT,DAY_OF_WEEK,CHP_SHIFT,POPULATION,CNTY_CITY_LOC,SPECIAL_COND,BEAT_TYPE,CHP_BEAT_TYPE,CITY_DIVISION_LAPD,CHP_BEAT_CLASS,BEAT_NUMBER,PRIMARY_RD,SECONDARY_RD,DISTANCE,DIRECTION,INTERSECTION,WEATHER_1,WEATHER_2,STATE_HWY_IND,CALTRANS_COUNTY,CALTRANS_DISTRICT,STATE_ROUTE,ROUTE_SUFFIX,POSTMILE_PREFIX,POSTMILE,LOCATION_TYPE,RAMP_INTERSECTION,SIDE_OF_HWY,TOW_AWAY,COLLISION_SEVERITY,NUMBER_KILLED,NUMBER_INJURED,PARTY_COUNT,PRIMARY_COLL_FACTOR,PCF_CODE_OF_VIOL,PCF_VIOL_CATEGORY,PCF_VIOLATION,PCF_VIOL_SUBSECTION,HIT_AND_RUN,TYPE_OF_COLLISION,MVIW,PED_ACTION,ROAD_SURFACE,ROAD_COND_1,ROAD_COND_2,LIGHTING,CONTROL_DEVICE,CHP_ROAD_TYPE,PEDESTRIAN_ACCIDENT,BICYCLE_ACCIDENT,MOTORCYCLE_ACCIDENT,TRUCK_ACCIDENT,NOT_PRIVATE_PROPERTY,ALCOHOL_INVOLVED,STWD_VEHTYPE_AT_FAULT,CHP_VEHTYPE_AT_FAULT,COUNT_SEVERE_INJ,COUNT_VISIBLE_INJ,COUNT_COMPLAINT_PAIN,COUNT_PED_KILLED,COUNT_PED_INJURED,COUNT_BICYCLIST_KILLED,COUNT_BICYCLIST_INJURED,COUNT_MC_KILLED,COUNT_MC_INJURED,PRIMARY_RAMP,SECONDARY_RAMP,LATITUDE,LONGITUDE,COUNTY,CITY,POINT_X,POINT_Y
7198742,2016,2016-03-09,3001,2016-02-28,1357,1894,D3,7,5,7,3001,0,0,0,NA,0,031,WEST BALL RD,SOUTH LOARA ST,0,NA,Y,A,-,N,NA,NA,NA,NA,NA,NA,NA,NA,NA,Y,4,0,1,2,A,-,01,23152,A,M,C,C,A,A,H,-,A,A,0,NA,NA,NA,NA,Y,Y,A,01,0,0,1,0,0,0,0,0,0,-,-,NA,NA,ORANGE,ANAHEIM,-117.9376501,33.81801002
7199775,2015,2017-03-29,3022,2015-12-11,0113,1081,NA,5,5,5,3022,0,0,0,NA,0,NA,VALENCIA AV,LANSDOWNE RD,594,E,N,B,-,N,NA,NA,NA,NA,NA,NA,NA,NA,NA,N,1,1,0,1,A,-,01,23152,B,N,E,I,A,B,H,-,C,D,0,NA,NA,NA,NA,Y,Y,A,01,0,0,0,0,0,0,0,0,0,-,-,NA,NA,ORANGE,TUSTIN,-117.82955367,33.71490709
7200022,2017,2017-09-01,3022,2017-02-28,2231,1273,NORTH,2,5,5,3022,0,0,0,NA,0,NA,RED HILL AV,EL CAMINO REAL,0,NA,Y,A,-,N,NA,NA,NA,NA,NA,NA,NA,NA,NA,Y,1,1,0,1,A,-,01,23152,A,N,E,I,A,A,H,-,C,A,0,NA,NA,NA,NA,Y,Y,A,01,0,0,0,0,0,0,0,0,0,-,-,33.73422,-117.81453,ORANGE,TUSTIN,-117.81467011,33.73427011
7201224,2016,2016-03-14,3024,2016-02-05,1139,329,P26,5,5,5,3024,0,0,0,NA,0,EAST,HAZARD AV,PURDY ST,0,NA,Y,A,-,N,NA,NA,NA,NA,NA,NA,NA,NA,NA,N,4,0,2,2,A,-,09,21802,A,N,D,C,A,A,H,-,A,D,0,NA,NA,NA,NA,Y,NA,A,01,0,0,2,0,0,0,0,0,0,-,-,NA,NA,ORANGE,WESTMINSTER,-117.97810011,33.75209009
7201741,2016,2016-03-05,3019,2016-01-31,1534,3132,SC,7,5,7,3019,0,0,0,NA,0,004,MACARTHUR BL,RAMONA DR,30,W,N,B,G,N,NA,NA,NA,NA,NA,NA,NA,NA,NA,Y,4,0,3,2,A,-,03,22350,NA,N,-,C,A,B,H,-,A,A,0,NA,NA,NA,NA,Y,NA,A,01,0,0,3,0,0,0,0,0,0,-,-,NA,NA,ORANGE,SANTA ANA,-117.8784284,33.70006
7201758,2016,2016-03-05,3019,2016-01-24,0950,2647,WE,7,5,7,3019,0,0,0,NA,0,001,CENTURY BL,HARBOR BL,25,W,N,A,-,N,NA,NA,NA,NA,NA,NA,NA,NA,NA,N,4,0,1,2,A,-,05,21650,1,N,H,G,A,A,H,-,A,D,0,NA,Y,NA,NA,Y,NA,L,04,0,0,1,0,0,0,1,0,0,-,-,33.75842,-117.92012,ORANGE,SANTA ANA,-117.92039533,33.75864148
7202154,2016,2016-03-10,3000,2016-02-22,1645,4333,797H5,1,5,4,3021,0,0,0,NA,0,6M21,LAMPSON AV,SANTA ROSALIA ST,0,NA,Y,A,-,N,NA,NA,NA,NA,NA,NA,NA,NA,NA,Y,3,0,1,2,A,-,09,21801,A,N,A,C,A,A,H,-,A,D,0,NA,NA,NA,NA,Y,NA,A,01,0,1,0,0,0,0,0,0,0,-,-,NA,NA,ORANGE,STANTON,-117.9982101,33.78107005
7202682,2016,2017-02-09,3012,2016-02-24,1836,604,26,3,5,5,3012,0,0,0,NA,0,002,WHITTIER BL,STONEWOOD ST,321,E,N,A,-,Y,ORA,12,39,-,-,22.5,H,-,N,N,4,0,1,3,A,-,03,22350,NA,N,C,C,A,A,H,-,C,A,0,NA,NA,NA,NA,Y,NA,A,01,0,0,1,0,0,0,0,0,0,-,-,NA,NA,ORANGE,LA HABRA,-117.9364128,33.93904483
7203902,2016,2016-03-11,3016,2016-02-09,2043,1258,18,2,5,5,3016,0,0,0,NA,0,002,BRADFORD AV,RUBY DR,136,N,N,A,-,N,NA,NA,NA,NA,NA,NA,NA,NA,NA,Y,4,0,1,2,A,-,08,22107,NA,N,C,E,A,A,H,-,C,D,0,NA,NA,Y,NA,Y,NA,C,02,0,0,1,0,0,0,0,0,1,-,-,NA,NA,ORANGE,PLACENTIA,-117.86867884,33.87823316
7206015,2016,2016-03-22,3020,2016-01-23,1617,174,20,6,5,4,3020,0,0,0,NA,0,006,LAMPSON AV,HEATHER AV,0,NA,Y,A,-,N,NA,NA,NA,NA,NA,NA,NA,NA,NA,N,4,0,1,2,A,-,09,21801,A,N,B,C,A,A,H,-,A,A,0,NA,NA,NA,NA,Y,NA,A,NA,0,0,1,0,0,0,0,0,0,-,-,NA,NA,ORANGE,SEAL BEACH,-118.05273009,33.78122012
7206900,2016,2016-03-23,3026,2016-02-29,1513,558,NA,1,5,6,3026,0,0,0,NA,0,00C,YALE,EDGEMERE,36,N,N,A,-,N,NA,NA,NA,NA,NA,NA,NA,NA,NA,Y,4,0,2,2,A,-,03,22350,NA,N,B,C,A,A,H,-,A,A,0,NA,NA,NA,NA,Y,NA,A,01,0,0,2,0,0,0,0,0,0,-,-,NA,NA,ORANGE,IRVINE,-117.78137485,33.69413642
7210011,2016,2016-03-23,3015,2016-02-16,1839,919,25E,2,5,6,3015,0,0,0,NA,0,712,W COLLINS AV,N BATAVIA ST,0,NA,Y,A,-,N,NA,NA,NA,NA,NA,NA,NA,NA,NA,Y,3,0,1,2,A,-,12,21453,A,N,D,C,A,A,H,-,C,A,0,NA,NA,NA,NA,Y,NA,A,07,0,1,0,0,0,0,0,0,0,-,-,NA,NA,ORANGE,ORANGE,-117.86179011,33.80241006
7210020,2016,2016-03-22,3008,2016-02-25,1912,1497,Z3,4,5,6,3008,0,0,0,NA,0,NA,NUTWOOD AV,TITAN DR,38,W,N,A,-,N,NA,NA,NA,NA,NA,NA,NA,NA,NA,N,4,0,1,3,A,-,03,22350,NA,M,C,C,A,A,H,-,C,A,0,NA,NA,NA,NA,Y,NA,-,99,0,0,1,0,0,0,0,0,0,-,-,NA,NA,ORANGE,FULLERTON,-117.88609487,33.87819212
7210059,2016,2016-03-23,3008,2016-02-20,1853,1177,NA,6,5,6,3008,0,0,0,NA,0,0Z1,ORANGETHORPE AV,GILBERT ST,0,NA,Y,A,-,N,NA,NA,NA,NA,NA,NA,NA,NA,NA,Y,3,0,3,3,A,-,09,21801,A,N,D,C,A,A,H,-,C,A,0,NA,NA,NA,NA,Y,NA,A,01,0,1,2,0,0,0,0,0,0,-,-,NA,NA,ORANGE,FULLERTON,-117.96802011,33.85935004
7210504,2016,2016-04-05,3015,2016-03-10,1304,1386,134,4,5,6,3015,0,0,0,NA,0,711,E CANYON VIEW,OLD CHAPMAN AV,115,E,N,A,-,N,NA,NA,NA,NA,NA,NA,NA,NA,NA,Y,4,0,1,1,A,-,03,22350,NA,N,E,I,A,A,H,-,A,D,0,NA,NA,NA,NA,Y,NA,A,01,0,0,1,0,0,0,0,0,0,-,-,NA,NA,ORANGE,ORANGE,-117.78776296,33.78621396
7210666,2016,2016-03-28,3019,2016-03-12,1728,3014,SC,6,5,7,3019,0,0,0,NA,0,002,W MCFADDEN,SHELTON,50,W,N,A,-,N,NA,NA,NA,NA,NA,NA,NA,NA,NA,Y,4,0,1,3,A,-,03,22350,NA,N,C,C,A,A,H,-,A,D,0,NA,NA,NA,NA,Y,NA,A,01,0,0,1,0,0,0,0,0,0,-,-,NA,NA,ORANGE,SANTA ANA,-117.88094405,33.73447163
7211300,2016,2016-05-06,3015,2016-03-03,1403,1386,34N,4,5,6,3015,0,0,0,NA,0,711,S PROSPECT,CHAPMAN AV,50,S,N,A,-,N,NA,NA,NA,NA,NA,NA,NA,NA,NA,Y,4,0,1,4,A,-,09,21804,A,N,D,C,A,A,H,-,A,A,0,NA,NA,NA,NA,Y,NA,A,01,0,0,1,0,0,0,0,0,0,-,-,NA,NA,ORANGE,ORANGE,-117.81839681,33.78766296
7213379,2016,2016-09-22,3004,2016-03-05,1045,P573,07,6,5,6,3004,0,0,0,NA,0,002,NEWPORT BL,22ND ST,0,NA,Y,B,-,N,NA,NA,55,NA,NA,NA,NA,NA,NA,Y,3,0,2,3,A,-,12,21453,A,N,D,C,A,A,H,-,A,A,0,NA,NA,NA,NA,Y,NA,A,01,0,1,1,0,0,0,0,0,0,-,-,33.65163,-117.90831,ORANGE,COSTA MESA,-117.90856558,33.65188569
7213756,2016,2017-02-16,3010,2016-03-05,0919,2057,A84,6,5,6,3010,0,0,0,NA,0,002,RT 1,MAGNOLIA,327,N,N,A,-,Y,ORA,12,1,-,-,22.79,H,-,N,N,2,0,1,2,A,-,08,22107,NA,N,B,G,A,A,H,-,A,D,0,NA,Y,NA,NA,Y,NA,-,-,1,0,0,0,0,0,1,0,0,-,-,NA,NA,ORANGE,HUNTINGTON BEACH,-117.97431132,33.64039145
7213798,2016,2017-02-16,3014,2016-02-28,1815,1079,RD24,7,5,5,3014,0,0,0,NA,0,0A2,RT 1,RT 55,190,W,N,A,-,Y,ORA,12,1,-,-,19.84,H,-,N,N,4,0,2,2,A,-,21,22106,NA,N,C,C,A,A,H,-,C,A,0,NA,NA,NA,NA,Y,NA,A,07,0,0,2,0,0,0,0,0,0,-,-,33.6217,-117.9302,ORANGE,NEWPORT BEACH,-117.93006928,33.62126421
8000039,2016,2016-03-28,3001,2016-03-15,1237,0963,NA,2,5,7,3001,0,0,0,NA,0,0D2,BROOKHURST ST,LA PALMA AV,0,NA,Y,A,-,N,NA,NA,NA,NA,NA,NA,NA,NA,NA,Y,4,0,1,2,A,-,12,21453,A,N,D,C,A,A,H,-,A,A,0,NA,NA,NA,NA,Y,NA,A,08,0,0,1,0,0,0,0,0,0,-,-,NA,NA,ORANGE,ANAHEIM,-117.95914004,33.84696007
8000043,2016,2016-03-28,3001,2016-03-07,0744,1670,NA,1,5,7,3001,0,0,0,NA,0,00D,ROMNEYA DR,EUCLID ST,0,NA,Y,B,-,N,NA,NA,NA,NA,NA,NA,NA,NA,NA,N,4,0,1,2,A,-,12,21453,A,N,D,C,A,B,H,-,A,A,0,NA,NA,NA,NA,Y,NA,A,01,0,0,1,0,0,0,0,0,0,-,-,NA,NA,ORANGE,ANAHEIM,-117.94178008,33.85067003
8000063,2016,2016-03-28,3001,2016-03-15,2115,1622,1715,2,5,7,3001,0,0,0,NA,0,011,W GRACIOSA LN,S LOMA LINDA DR,528,E,N,A,-,N,NA,NA,NA,NA,NA,NA,NA,NA,NA,Y,3,0,1,2,A,-,01,23152,A,M,A,E,A,A,H,-,C,D,0,NA,NA,NA,NA,Y,Y,A,01,0,1,0,0,0,0,0,0,0,-,-,NA,NA,ORANGE,ANAHEIM,-117.99940543,33.8289924
8000568,2016,2016-03-29,3009,2016-03-06,0854,2621,142,7,5,6,3009,0,0,0,NA,0,022,HARBOR BL,CHAPMAN AV,16,N,N,B,-,N,NA,NA,NA,NA,NA,NA,NA,NA,NA,Y,4,0,1,4,C,-,18,NA,NA,N,D,C,A,B,H,-,A,B,0,NA,NA,NA,NA,Y,NA,-,-,0,0,1,0,0,0,0,0,0,-,-,NA,NA,ORANGE,GARDEN GROVE,-117.915,33.78894386
8000572,2016,2016-03-29,3009,2016-03-01,2125,3488,143,2,5,6,3009,0,0,0,NA,0,022,CHAPMAN AV,BUARO ST,0,NA,Y,A,-,N,NA,NA,NA,NA,NA,NA,NA,NA,NA,Y,4,0,1,2,A,-,09,21801,A,N,D,C,A,A,H,-,C,A,0,NA,NA,NA,NA,Y,NA,A,01,0,0,1,0,0,0,0,0,0,-,-,NA,NA,ORANGE,GARDEN GROVE,-117.91926013,33.78889009
8000590,2016,2016-03-28,3024,2016-02-21,1301,190,P-30,7,5,5,3024,0,0,0,NA,0,WEST,MCFADDEN AV,NOTRE DAME ST,0,NA,Y,A,-,N,NA,NA,NA,NA,NA,NA,NA,NA,NA,Y,3,0,2,2,A,-,09,21801,A,N,D,C,A,A,H,-,A,D,0,NA,NA,NA,NA,Y,NA,A,01,0,1,1,0,0,0,0,0,0,-,-,NA,NA,ORANGE,WESTMINSTER,-118.00517006,33.73738008
8000619,2016,2016-03-29,3007,2016-03-17,0900,950,65,4,5,5,3007,0,0,0,NA,0,003,BROOKHURST ST,STONE FIELD DR,0,NA,Y,A,-,N,NA,NA,NA,NA,NA,NA,NA,NA,NA,N,4,0,1,2,A,-,09,21801,A,N,D,C,A,A,H,-,A,A,0,NA,NA,NA,NA,Y,NA,A,01,0,0,1,0,0,0,0,0,0,-,-,NA,NA,ORANGE,FOUNTAIN VALLEY,-117.95437008,33.69970011
8003150,2016,2016-03-25,3001,2016-03-10,1456,415,NA,4,5,7,3001,0,0,0,NA,0,0D1,KNOTT AV,LINCOLN AV,252,S,N,A,-,N,NA,NA,NA,NA,NA,NA,NA,NA,NA,NA,4,0,2,4,A,-,05,21651,A,N,C,C,A,A,H,-,A,A,0,NA,NA,NA,NA,Y,NA,A,01,0,0,2,0,0,0,0,0,0,-,-,NA,NA,ORANGE,ANAHEIM,-118.01095,33.83114932
8004513,2016,2016-08-26,3003,2016-03-23,0510,665,23,3,5,5,3003,0,0,0,NA,0,008,BEACH BL,LA PALMA AV,0,NA,Y,A,-,N,NA,NA,NA,NA,NA,NA,NA,NA,NA,Y,4,0,1,2,A,-,03,22350,NA,N,D,C,A,A,H,-,C,A,0,NA,NA,NA,NA,Y,NA,D,22,0,0,1,0,0,0,0,0,0,-,-,33.8466,-117.9976,ORANGE,BUENA PARK,-117.99805001,33.84665003
8004517,2016,2016-04-08,3003,2016-03-09,2027,735,NA,3,5,5,3003,0,0,0,NA,0,NA,CRESCENT AV,STANTON AV,0,NA,Y,A,-,N,NA,NA,NA,NA,NA,NA,NA,NA,NA,Y,4,0,3,2,A,-,00,21452,A,N,D,C,A,A,H,-,C,A,0,NA,NA,NA,NA,Y,NA,D,22,0,0,3,0,0,0,0,0,0,-,-,33.83948,-117.93455,ORANGE,BUENA PARK,-117.99365001,33.83940003
8004765,2016,2017-02-16,3015,2016-01-10,0313,1518,41W,7,5,6,3015,0,0,0,NA,0,001,STATE COLLEGE BL,ANAHEIM WY,0,NA,Y,A,-,Y,ORA,12,5,-,-,35.023,R,4,N,Y,4,0,2,2,A,-,12,21453,A,N,D,C,A,A,H,-,C,A,0,NA,NA,NA,NA,Y,NA,A,01,0,0,2,0,0,0,0,0,0,-,-,NA,NA,ORANGE,ORANGE,-117.88750259,33.78970708
8004966,2016,2016-03-29,3000,2016-03-10,0728,5489,921E1,4,5,4,3049,0,0,0,NA,0,782,VIA IGLESIA,CALLE CORTEZ,0,NA,Y,A,-,N,NA,NA,NA,NA,NA,NA,NA,NA,NA,N,4,0,1,2,A,-,11,21954,A,N,G,B,D,A,H,-,A,D,0,Y,NA,NA,NA,Y,NA,N,60,0,0,1,0,1,0,0,0,0,-,-,NA,NA,ORANGE,ALISO VIEJO,-117.72059005,33.60309012
8005453,2016,2016-04-01,3015,2016-03-06,1250,1081,NA,7,5,6,3015,0,0,0,NA,0,NA,WEST CHAPMAN AV,RAMPART ST,0,NA,Y,A,-,N,NA,NA,NA,NA,NA,NA,NA,NA,NA,Y,4,0,5,2,A,-,12,21453,A,N,B,C,A,A,H,-,A,A,0,NA,NA,NA,NA,Y,NA,A,01,0,0,5,0,0,0,0,0,0,-,-,NA,NA,ORANGE,ORANGE,-117.88654009,33.78930006
8005503,2016,2016-04-01,3019,2016-03-07,1646,2875,SC,1,5,7,3019,0,0,0,NA,0,004,HARBOR BL,MCFADDEN AV,453,S,N,A,-,N,NA,NA,NA,NA,NA,NA,NA,NA,NA,N,4,0,1,3,A,-,03,22350,NA,N,C,C,A,A,H,-,A,A,0,NA,NA,NA,NA,Y,NA,A,01,0,0,1,0,0,0,0,0,0,-,-,33.73845,-117.9198,ORANGE,SANTA ANA,-117.92007237,33.73701865
8005610,2016,2017-02-16,3011,2016-03-08,1906,31340,71,2,5,4,3011,0,0,0,NA,0,001,LAGUNA CANYON RD,STAN OAKS DR,522,S,N,A,-,Y,ORA,12,133,-,-,2.35,H,-,S,Y,4,0,1,3,A,-,03,22350,NA,N,C,C,A,A,H,-,D,D,0,NA,NA,NA,NA,Y,NA,A,01,0,0,1,0,0,0,0,0,0,-,-,NA,NA,ORANGE,LAGUNA BEACH,-117.76377102,33.56755821
8005765,2016,2016-03-24,3014,2016-03-10,2126,1253,RD47,4,5,5,3014,0,0,0,NA,0,0A4,MACARTHUR BL,SAN MIGUEL DR,0,NA,Y,A,-,N,NA,NA,NA,NA,NA,NA,NA,NA,NA,Y,4,0,1,2,A,-,01,23152,A,N,D,C,A,A,H,-,C,A,0,NA,NA,NA,NA,Y,Y,A,07,0,0,1,0,0,0,0,0,0,-,-,33.6114,-117.8697,ORANGE,NEWPORT BEACH,-117.86994011,33.61144001
8006849,2016,2016-04-06,3003,2016-03-02,1256,1099,15,3,5,5,3003,0,0,0,NA,0,001,MALVERN AV,STANTON AV,0,NA,Y,A,-,N,NA,NA,NA,NA,NA,NA,NA,NA,NA,N,4,0,1,2,A,-,12,21453,A,N,C,C,A,A,H,-,A,D,0,NA,NA,NA,NA,Y,NA,A,01,0,0,1,0,0,0,0,0,0,-,-,33.5254,-117.5933,ORANGE,BUENA PARK,-117.99265008,33.88177001
8007004,2016,2016-04-08,3009,2016-03-05,0059,3826,73,6,5,6,3009,0,0,0,NA,0,1-2,DALE ST,ENAULT LN,451,S,N,A,-,N,NA,NA,NA,NA,NA,NA,NA,NA,NA,N,3,0,1,2,A,-,08,22107,NA,F,B,G,A,A,H,-,C,D,0,NA,Y,NA,NA,Y,NA,-,99,0,1,0,0,0,0,1,0,0,-,-,NA,NA,ORANGE,GARDEN GROVE,-117.98408489,33.78319349
8007586,2016,2016-04-05,3001,2016-03-23,1635,A1825,NA,3,5,7,3001,0,0,0,NA,0,0D2,E NORTH ST,NORTH ANAHEIM BL,0,NA,Y,A,-,N,NA,NA,NA,NA,NA,NA,NA,NA,NA,Y,3,0,2,2,A,-,09,21801,A,N,A,C,A,A,H,-,A,A,0,NA,NA,NA,NA,Y,NA,A,07,0,2,0,0,0,0,0,0,0,-,-,NA,NA,ORANGE,ANAHEIM,-117.91679011,33.84424005
8007876,2016,2016-04-08,3004,2016-03-15,1548,P543,20,2,5,6,3004,0,0,0,NA,0,004,HARBOR BL,DATE PL,70,N,N,A,-,N,NA,NA,NA,NA,NA,NA,NA,NA,NA,N,4,0,2,3,A,-,03,22350,NA,F,C,C,A,A,H,-,A,A,0,NA,NA,NA,NA,Y,NA,A,07,0,0,2,0,0,0,0,0,0,-,-,33.4103,-117.5508,ORANGE,COSTA MESA,-117.91946,33.68410191
8008680,2017,2017-04-06,3003,2017-03-20,0708,847,NA,1,5,5,3003,0,0,0,NA,0,NA,MAGNOLIA AV,ACADEMY DR,168,S,N,B,-,N,NA,NA,NA,NA,NA,NA,NA,NA,NA,N,3,0,1,2,A,-,03,22350,NA,N,C,C,A,A,H,-,A,D,0,NA,NA,NA,NA,Y,NA,A,01,0,1,0,0,0,0,0,0,0,-,-,33.8607,-117.9764,ORANGE,BUENA PARK,-117.97628,33.86045939
8008720,2017,2017-04-03,3004,2017-02-14,1314,P429,29,2,5,6,3004,0,0,0,NA,0,015,PULLMAN ST,PAULARINO AV,1230,N,N,A,-,N,NA,NA,NA,NA,NA,NA,NA,NA,NA,Y,4,0,2,2,A,-,08,22107,NA,N,D,C,A,A,H,-,A,D,0,NA,NA,NA,NA,Y,NA,A,01,0,0,2,0,0,0,0,0,0,-,-,33.4143,-117.5225,ORANGE,COSTA MESA,-117.87416242,33.6839632
8009159,2016,2016-04-05,3015,2016-03-04,1951,1019,124,5,5,6,3015,0,0,0,NA,0,332,CHAPMAN AV E,NEWPORT BL S,0,NA,Y,A,-,N,NA,NA,NA,NA,NA,NA,NA,NA,NA,N,3,0,1,2,A,-,08,22107,NA,F,F,G,A,A,H,-,C,A,0,NA,Y,NA,NA,Y,NA,-,NA,0,1,0,0,0,0,1,0,0,-,-,NA,NA,ORANGE,ORANGE,-117.77160004,33.79503007
8009501,2016,2016-04-20,3001,2016-03-27,0903,1670,D2,7,5,7,3001,0,0,0,NA,0,0D2,BROADWAY,OLIVE ST,0,NA,Y,A,-,N,NA,NA,NA,NA,NA,NA,NA,NA,NA,Y,4,0,2,2,A,-,12,21453,A,N,D,C,A,A,H,-,A,A,0,NA,NA,NA,NA,Y,NA,-,-,0,0,2,0,0,0,0,0,0,-,-,NA,NA,ORANGE,ANAHEIM,-117.90945,33.83420008
8009586,2016,2016-04-06,3001,2016-03-22,1720,1880,NA,2,5,7,3001,0,0,0,NA,0,0D2,LA PALMA AV,STATE COLLEGE BL,533,E,N,A,-,N,NA,NA,NA,NA,NA,NA,NA,NA,NA,N,4,0,3,2,A,-,09,21804,A,N,D,C,A,A,H,-,A,A,0,NA,NA,NA,NA,Y,NA,A,01,0,0,3,0,0,0,0,0,0,-,-,NA,NA,ORANGE,ANAHEIM,-117.88754883,33.84727
8009651,2016,2016-04-07,3004,2016-03-25,1642,P603,04,5,5,6,3004,0,0,0,NA,0,015,IRVINE AV,EAST 16TH ST,0,NA,Y,A,-,N,NA,NA,NA,NA,NA,NA,NA,NA,NA,Y,3,0,1,2,A,-,12,22450,A,N,D,C,A,A,H,-,A,A,0,NA,NA,Y,NA,Y,NA,C,02,0,1,0,0,0,0,0,0,1,-,-,33.62562,-117.91144,ORANGE,COSTA MESA,-117.91147004,33.62562006
8009659,2016,2017-02-04,3004,2016-03-26,1302,P573,20,6,5,6,3004,0,0,0,NA,0,008,FAIRVIEW RD,RT 405,48,N,N,A,-,Y,ORA,12,405,-,-,10.342,R,4,S,Y,4,0,4,2,A,-,03,22350,NA,N,C,C,A,A,H,-,A,D,0,NA,NA,NA,NA,Y,NA,A,01,0,0,4,0,0,0,0,0,0,-,SO,33.68753,-117.90778,ORANGE,COSTA MESA,-117.90006964,33.68751921
8010218,2016,2016-04-12,3008,2016-03-22,1351,1117,NA,2,5,6,3008,0,0,0,NA,0,0Z2,EUCLID ST,SOUTHGATE AV,50,N,N,A,-,N,NA,NA,NA,NA,NA,NA,NA,NA,NA,Y,4,0,2,2,A,-,03,22350,NA,N,C,C,A,A,C,-,A,D,0,NA,NA,NA,NA,Y,NA,A,01,0,0,2,0,0,0,0,0,0,-,-,NA,NA,ORANGE,FULLERTON,-117.94186311,33.86200706
8010974,2016,2016-04-07,3008,2016-03-19,1512,1177,NA,6,5,6,3008,0,0,0,NA,0,0Z2,HARBOR BL,ORANGETHORPE AV,0,NA,Y,A,-,N,NA,NA,NA,NA,NA,NA,NA,NA,NA,Y,4,0,2,4,A,-,12,21453,A,N,D,C,A,A,H,-,A,A,0,NA,NA,NA,NA,Y,Y,A,01,0,0,2,0,0,0,0,0,0,-,-,NA,NA,ORANGE,FULLERTON,-117.92437009,33.85950007
8010978,2016,2016-04-07,3009,2016-03-21,1710,6184,95,1,5,6,3009,0,0,0,NA,0,013,TRASK AV,GALWAY ST,0,NA,Y,A,-,N,NA,NA,NA,NA,NA,NA,NA,NA,NA,N,4,0,1,2,A,-,05,21650,1,N,D,G,A,A,H,-,A,A,0,NA,Y,NA,NA,Y,NA,L,04,0,0,1,0,0,0,1,0,0,-,-,NA,NA,ORANGE,GARDEN GROVE,-117.96329013,33.76672008
8011026,2016,2016-04-07,3008,2016-03-25,1915,1177,NA,5,5,6,3008,0,0,0,NA,0,0Z2,HIGHLAND AV,WALNUT AV,0,NA,Y,A,-,N,NA,NA,NA,NA,NA,NA,NA,NA,NA,Y,4,0,1,3,A,-,12,21453,A,N,D,C,A,A,H,-,C,A,0,NA,NA,NA,NA,Y,NA,A,01,0,0,1,0,0,0,0,0,0,-,-,NA,NA,ORANGE,FULLERTON,-117.92870008,33.86835008
8011328,2016,2016-04-08,3000,2016-03-14,0830,9684,891F7,1,5,4,3045,0,0,0,NA,0,745,CALLE DE LA PLATA,PASEO DE VALENCIA,0,NA,Y,C,-,N,NA,NA,NA,NA,NA,NA,NA,NA,NA,Y,3,0,1,2,A,-,12,21453,A,N,D,C,A,B,H,-,A,A,0,NA,NA,NA,NA,Y,NA,A,07,0,1,0,0,0,0,0,0,0,-,-,NA,NA,ORANGE,LAGUNA HILLS,-117.71270001,33.60992009
8011939,2016,2016-04-18,3020,2016-03-03,1806,361,NA,4,5,4,3020,0,0,0,NA,0,NA,SEAL BEACH BL,LANDING,560,S,N,A,-,N,NA,NA,NA,NA,NA,NA,NA,NA,NA,Y,4,0,1,2,A,-,13,22515,A,N,G,B,E,A,H,-,B,D,0,Y,NA,NA,NA,Y,NA,-,NA,0,0,1,0,1,0,0,0,0,-,-,NA,NA,ORANGE,SEAL BEACH,-118.09740119,33.73834102
8012483,2016,2017-02-16,3014,2016-02-13,1814,1455,RD24,6,5,5,3014,0,0,0,NA,0,0A2,RT 1,SUPERIOR AV,20,W,N,A,-,Y,ORA,12,1,-,-,20.38,H,-,S,Y,4,0,1,2,A,-,07,21658,A,N,B,C,A,A,H,-,C,A,0,NA,NA,NA,NA,Y,NA,A,01,0,0,1,0,0,0,0,0,0,-,-,33.623,-117.9399,ORANGE,NEWPORT BEACH,-117.93942323,33.62292387
8013081,2016,2016-04-13,3026,2016-03-04,2138,494,4,5,5,6,3026,0,0,0,NA,0,00C,BARRANCA,CULVER,318,W,N,A,-,N,NA,NA,NA,NA,NA,NA,NA,NA,NA,N,4,0,1,1,D,-,00,NA,NA,N,F,J,A,A,H,-,C,D,0,NA,NA,Y,NA,Y,NA,-,-,0,0,1,0,0,0,0,0,1,-,-,NA,NA,ORANGE,IRVINE,-117.8092295,33.68464947
8013105,2016,2016-04-18,3026,2016-03-20,1017,518,NA,7,5,6,3026,0,0,0,NA,0,00C,BARRANCA PKWY,LAGUNA CANYON RD,0,NA,Y,B,-,N,NA,NA,NA,NA,NA,NA,NA,NA,NA,Y,2,0,2,2,A,-,12,21453,A,N,D,C,A,A,H,-,A,A,0,NA,NA,NA,NA,Y,NA,A,07,2,0,0,0,0,0,0,0,0,-,-,NA,NA,ORANGE,IRVINE,-117.76681008,33.66166004
8014800,2016,2016-05-24,3019,2016-04-26,1206,3425,SE,2,5,7,3019,0,0,0,NA,0,003,LYON ST,1ST ST,29,S,N,A,-,N,NA,NA,NA,NA,NA,NA,NA,NA,NA,N,4,0,1,2,A,-,03,22350,NA,N,C,C,A,A,H,-,A,A,0,NA,NA,NA,NA,Y,NA,J,48,0,0,1,0,0,0,0,0,0,-,-,33.74545,-117.84522,ORANGE,SANTA ANA,-117.84499,33.7456
8015079,2016,2017-02-11,3001,2016-03-31,1836,415,NA,4,5,7,3001,0,0,0,NA,0,081,WEST BALL RD,RT 39,171,E,N,A,-,Y,ORA,12,39,-,-,11.681,I,6,N,NA,4,0,2,2,A,-,07,21658,A,N,D,C,A,A,H,-,A,D,0,NA,NA,NA,Y,Y,NA,F,55,0,0,2,0,0,0,0,0,0,-,-,NA,NA,ORANGE,ANAHEIM,-117.99318435,33.81749057
8015283,2016,2016-04-15,3024,2016-03-02,1144,329,P19,3,5,5,3024,0,0,0,NA,0,EAST,NEWLAND ST,15TH ST,32,N,N,A,-,N,NA,NA,NA,NA,NA,NA,NA,NA,NA,N,3,0,1,2,A,-,08,22107,NA,N,B,C,A,A,H,-,A,D,0,NA,NA,Y,NA,Y,NA,C,03,0,1,0,0,0,0,0,0,1,-,-,NA,NA,ORANGE,WESTMINSTER,-117.98102204,33.75788772