CASE_ID,ACCIDENT_YEAR,PROC_DATE,JURIS,COLLISION_DATE,COLLISION_TIME,OFFICER_ID,REPORTING_DISTRICT,DAY_OF_WEEK,CHP_SHIFT,POPULATION,CNTY_CITY_LOC,SPECIAL_COND,BEAT_TYPE,CHP_BEAT_TYPE,CITY_DIVISION_LAPD,CHP_BEAT_CLASS,BEAT_NUMBER,PRIMARY_RD,SECONDARY_RD,DISTANCE,DIRECTION,INTERSECTION,WEATHER_1,WEATHER_2,STATE_HWY_IND,CALTRANS_COUNTY,CALTRANS_DISTRICT,STATE_ROUTE,ROUTE_SUFFIX,POSTMILE_PREFIX,POSTMILE,LOCATION_TYPE,RAMP_INTERSECTION,SIDE_OF_HWY,TOW_AWAY,COLLISION_SEVERITY,NUMBER_KILLED,NUMBER_INJURED,PARTY_COUNT,PRIMARY_COLL_FACTOR,PCF_CODE_OF_VIOL,PCF_VIOL_CATEGORY,PCF_VIOLATION,PCF_VIOL_SUBSECTION,HIT_AND_RUN,TYPE_OF_COLLISION,MVIW,PED_ACTION,ROAD_SURFACE,ROAD_COND_1,ROAD_COND_2,LIGHTING,CONTROL_DEVICE,CHP_ROAD_TYPE,PEDESTRIAN_ACCIDENT,BICYCLE_ACCIDENT,MOTORCYCLE_ACCIDENT,TRUCK_ACCIDENT,NOT_PRIVATE_PROPERTY,ALCOHOL_INVOLVED,STWD_VEHTYPE_AT_FAULT,CHP_VEHTYPE_AT_FAULT,COUNT_SEVERE_INJ,COUNT_VISIBLE_INJ,COUNT_COMPLAINT_PAIN,COUNT_PED_KILLED,COUNT_PED_INJURED,COUNT_BICYCLIST_KILLED,COUNT_BICYCLIST_INJURED,COUNT_MC_KILLED,COUNT_MC_INJURED,PRIMARY_RAMP,SECONDARY_RAMP,LATITUDE,LONGITUDE,COUNTY,CITY,POINT_X,POINT_Y
8112086,2016,2016-08-31,3001,2016-08-22,1425,2290,NA,1,5,7,3001,0,0,0,NA,0,0D1,SOUTH KNOTT AV,WEST BALL RD,0,NA,Y,A,-,N,NA,NA,NA,NA,NA,NA,NA,NA,NA,Y,3,0,5,2,A,-,09,21801,A,N,D,C,A,A,H,-,A,A,0,NA,NA,NA,NA,Y,NA,A,01,0,2,3,0,0,0,0,0,0,-,-,NA,NA,ORANGE,ANAHEIM,-118.01080013,33.81725009
8112122,2016,2016-08-31,3001,2016-08-22,1804,2287,NA,1,5,7,3001,0,0,0,NA,0,0D3,SOUTH EUCLID ST,WEST BROADWAY,393,S,N,A,-,N,NA,NA,NA,NA,NA,NA,NA,NA,NA,Y,3,0,1,2,A,-,09,21801,A,N,D,C,A,A,H,-,A,D,0,NA,NA,NA,NA,Y,NA,-,NA,0,1,0,0,0,0,0,0,0,-,-,NA,NA,ORANGE,ANAHEIM,-117.94148885,33.82780255
8112659,2016,2016-09-07,3001,2016-08-24,1145,2227,NA,3,5,7,3001,0,0,0,NA,0,002,STATE COLLEGE BL,LINCOLN AV,22,N,N,A,-,N,NA,NA,NA,NA,NA,NA,NA,NA,NA,N,3,0,1,2,A,-,17,23114,A,N,H,B,F,A,H,-,A,D,0,Y,NA,NA,NA,Y,NA,D,22,0,1,0,0,1,0,0,0,0,-,-,NA,NA,ORANGE,ANAHEIM,-117.88933,33.84008031
8112699,2016,2017-02-23,3001,2016-08-24,0957,0368,NA,3,5,7,3001,0,0,0,NA,0,0D1,RT 39,WEST BALL RD,186,S,N,A,-,Y,ORA,12,39,-,-,11.64,H,-,N,N,4,0,1,2,B,-,22,NA,NA,N,D,G,A,A,H,-,A,D,0,NA,Y,NA,Y,Y,NA,F,26,0,0,1,0,0,0,1,0,0,-,-,NA,NA,ORANGE,ANAHEIM,-117.99317313,33.81689564
8112944,2016,2016-09-07,3001,2016-08-25,1756,1410,NA,4,5,7,3001,0,0,0,NA,0,0D3,SOUTH ANAHEIM BL,BAIL RD,650,S,N,A,-,N,NA,NA,NA,NA,NA,NA,NA,NA,NA,Y,4,0,1,2,A,-,09,21801,A,N,D,C,A,A,H,-,A,D,0,NA,NA,NA,NA,Y,NA,A,07,0,0,1,0,0,0,0,0,0,-,-,NA,NA,ORANGE,ANAHEIM,-117.90744795,33.81636309
8113320,2016,2017-04-15,3010,2016-08-23,1602,1122,159,2,5,6,3010,0,0,0,NA,0,007,EDWARDS,HEIL,0,NA,Y,A,-,N,NA,NA,NA,NA,NA,NA,NA,NA,NA,Y,3,0,2,3,A,-,12,21453,A,N,D,C,A,A,H,-,A,A,0,NA,NA,NA,NA,Y,NA,A,08,0,1,1,0,0,0,0,0,0,-,-,NA,NA,ORANGE,HUNTINGTON BEACH,-118.01549009,33.72274003
8113838,2016,2016-10-06,3003,2016-08-05,1644,1157,3003,5,5,5,3003,0,0,0,NA,0,004,VALLEY VIEW AV,PATTON,0,NA,Y,A,-,N,NA,NA,NA,NA,NA,NA,NA,NA,NA,Y,4,0,2,2,A,-,12,21453,A,N,A,C,A,A,H,-,A,A,0,NA,NA,NA,NA,Y,NA,-,-,0,0,2,0,0,0,0,0,0,-,-,33.8515,-118.0285,ORANGE,BUENA PARK,-118.02864,33.85154008
8114446,2016,2017-03-03,3019,2016-07-09,1127,9083,250,6,5,7,3019,0,0,0,NA,0,0SE,DYER RD,RT 55,100,W,N,A,-,Y,ORA,12,55,-,R,7.632,R,4,N,N,3,0,1,1,A,-,08,22107,NA,N,F,A,A,A,H,-,A,A,0,NA,NA,Y,NA,Y,NA,C,02,0,1,0,0,0,0,0,0,1,-,NF,NA,NA,ORANGE,SANTA ANA,-117.85445991,33.70589419
81151283,2019,2019-12-24,3014,2019-12-13,0745,1200,RD61,5,5,5,3014,0,0,0,NA,0,A4,SAN JOAQUIN HILLS RD,RIDGE PARK RD,0,NA,Y,E,-,N,NA,NA,NA,NA,NA,NA,NA,NA,NA,Y,3,0,3,3,A,-,12,21453,NA,N,D,C,A,B,H,-,A,A,0,NA,NA,NA,NA,Y,NA,A,01,0,3,0,0,0,0,0,0,0,-,-,33.608699798583984,-117.82949829101563,ORANGE,NEWPORT BEACH,-117.82962799072266,33.608741760253906
8115385,2016,2016-09-01,3022,2016-08-04,1643,1022,NORTH,4,5,5,3022,0,0,0,NA,0,NA,TUSTIN RANCH RD,EL CAMINO REAL,48,N,N,A,-,N,NA,NA,NA,NA,NA,NA,NA,NA,NA,Y,4,0,1,5,A,-,07,21658,A,N,C,C,A,A,H,-,A,A,0,NA,NA,NA,NA,Y,NA,A,01,0,0,1,0,0,0,0,0,0,-,-,33.72945,-117.80023,ORANGE,TUSTIN,-117.80007903,33.72962097
8115423,2016,2016-09-02,3003,2016-08-10,1953,665,23,3,5,5,3003,0,0,0,NA,0,008,STANTON AV,PINCHOT CT,160,N,N,A,-,N,NA,NA,NA,NA,NA,NA,NA,NA,NA,Y,4,0,1,1,A,-,03,22350,NA,N,A,I,A,A,H,-,B,D,0,NA,NA,NA,NA,Y,Y,-,NA,0,0,1,0,0,0,0,0,0,-,-,33.8633,-117.9939,ORANGE,BUENA PARK,-117.99379,33.86361868
81155382,2019,2019-12-30,3014,2019-12-08,1849,1517,RD24,7,5,5,3014,0,0,0,NA,0,A2,SUPERIOR AVE,TICONDEROGA,398,S,N,A,-,N,NA,NA,NA,NA,NA,NA,NA,NA,NA,Y,3,0,1,1,A,-,03,22350,NA,N,F,A,A,B,H,-,C,D,0,NA,NA,Y,NA,Y,NA,C,02,0,1,0,0,0,0,0,0,1,-,-,33.624000549316406,-117.9355010986328,ORANGE,NEWPORT BEACH,-117.93585968017578,33.623897552490234
81162347,2019,2020-01-09,3014,2019-12-27,2350,1561,RD38,5,5,5,3014,0,0,0,NA,0,A3,SAN JOAQUIN HILLS DR,MACARTHUR BLVD,0,NA,Y,A,-,N,NA,NA,NA,NA,NA,NA,NA,NA,NA,Y,4,0,1,2,A,-,12,21453,A,N,D,C,A,A,H,-,C,A,0,NA,NA,NA,NA,Y,NA,A,01,0,0,1,0,0,0,0,0,0,-,-,33.614601135253906,-117.86679840087892,ORANGE,NEWPORT BEACH,-117.86707305908205,33.61466979980469
81162352,2019,2020-01-09,3014,2019-12-31,2038,1346,RD17,2,5,5,3014,0,0,0,NA,0,A2,SR-1(W COAST HWY),ORANGE ST,485,W,N,A,-,Y,NA,NA,1,NA,NA,NA,NA,NA,NA,Y,3,0,1,1,A,-,01,23152,A,M,E,I,A,A,H,-,C,D,0,NA,NA,NA,NA,Y,Y,A,01,0,1,0,0,0,0,0,0,0,-,-,33.62879943847656,-117.95369720458984,ORANGE,NEWPORT BEACH,-117.9536590576172,33.628868103027344
8116615,2016,2016-09-06,3002,2016-07-18,1718,5013,740A3,1,5,5,3025,0,0,0,NA,0,001,BASTANCHURY RD,IMPERIAL HWY,37,E,N,A,-,N,NA,NA,NA,NA,NA,NA,NA,NA,NA,N,3,0,1,2,A,-,03,22350,NA,N,C,C,A,A,H,-,A,A,0,NA,NA,NA,NA,Y,NA,A,07,0,1,0,0,0,0,0,0,0,-,-,NA,NA,ORANGE,YORBA LINDA,-117.831862,33.899386
8116623,2016,2016-09-06,3000,2016-07-24,1606,7734,891J7,7,5,5,3028,0,0,0,NA,0,752,MUIRLANDS BL,MARATHON ST,0,NA,Y,A,-,N,NA,NA,NA,NA,NA,NA,NA,NA,NA,N,3,0,1,2,A,-,12,21453,A,N,D,C,A,A,H,-,A,A,0,NA,NA,NA,NA,Y,NA,A,01,0,1,0,0,0,0,0,0,0,-,-,NA,NA,ORANGE,MISSION VIEJO,-117.6895201,33.61261004
81170467,2020,2020-01-22,3014,2020-01-08,0859,1418,RD26,3,5,5,3014,0,0,0,NA,0,A2,DOVER DR,CLIFF ST,0,NA,Y,B,-,N,NA,NA,NA,NA,NA,NA,NA,NA,NA,Y,3,0,3,2,A,-,12,21453,NA,N,D,C,A,A,H,-,A,A,0,NA,NA,NA,NA,Y,NA,D,22,0,2,1,0,0,0,0,0,0,-,-,33.618900299072266,-117.90740203857422,ORANGE,NEWPORT BEACH,-117.90750885009766,33.61899185180664
81170888,2019,2020-01-23,3024,2019-12-15,2259,454,P-10,7,5,5,3024,0,0,0,NA,0,WEST,GOLDENWEST STREET,WESTMINSTER BOULEVARD,10,S,N,A,-,N,NA,NA,NA,NA,NA,NA,NA,NA,NA,Y,4,0,1,2,A,-,01,23152,A,N,B,C,A,A,H,-,C,A,0,NA,NA,NA,NA,Y,Y,A,01,0,0,1,0,0,0,0,0,0,-,-,33.75912857055664,-118.00715637207033,ORANGE,WESTMINSTER,-118.00717163085938,33.75911331176758
8117427,2016,2016-09-07,3001,2016-08-26,1234,41555,4,5,5,7,3001,0,0,0,NA,0,043,EAST SANTA ANA CANYON RD,S VIA CORTEZ,46,E,N,A,-,N,NA,NA,NA,NA,NA,NA,NA,NA,NA,NA,4,0,1,3,A,-,03,22350,NA,N,C,C,A,A,H,-,A,A,0,NA,NA,NA,NA,Y,NA,A,01,0,0,1,0,0,0,0,0,0,-,-,NA,NA,ORANGE,ANAHEIM,-117.78642424,33.85193332
81177326,2019,2020-01-31,3024,2019-12-29,1531,467,NA,7,5,5,3024,0,0,0,NA,0,WEST,GARDEN GROVE BOULEVARD,MELANIE LANE,834,E,N,A,-,N,NA,NA,NA,NA,NA,NA,NA,NA,NA,N,4,0,2,2,A,-,09,21804,A,N,D,C,A,A,H,-,A,D,0,NA,NA,NA,NA,Y,NA,A,01,0,0,2,0,0,0,0,0,0,-,-,33.77373123168945,-118.02916717529295,ORANGE,WESTMINSTER,-118.024169921875,33.77389907836914
8119033,2016,2017-02-22,3010,2016-08-26,1839,1226,171,5,5,6,3010,0,0,0,NA,0,008,RT 1,10TH ST,100,E,N,A,-,Y,ORA,12,1,-,-,30.34,H,-,S,N,2,0,1,2,A,-,09,21804,B,N,D,C,A,A,H,-,A,D,0,NA,NA,Y,NA,Y,NA,C,02,1,0,0,0,0,0,0,0,1,-,-,NA,NA,ORANGE,HUNTINGTON BEACH,-118.06853338,33.71623625
8119269,2016,2016-09-27,3008,2016-07-27,1035,1407,NA,3,5,6,3008,0,0,0,NA,0,0Z3,YORBA LINDA BL,PLACENTIA AV,0,NA,Y,A,-,N,NA,NA,NA,NA,NA,NA,NA,NA,NA,Y,4,0,1,2,A,-,12,21453,A,N,B,C,A,A,H,-,A,A,0,NA,NA,NA,Y,Y,NA,F,27,0,0,1,0,0,0,0,0,0,-,-,NA,NA,ORANGE,FULLERTON,-117.87455001,33.88902001
8119467,2016,2016-09-13,3008,2016-08-18,1052,1320,NA,4,5,6,3008,0,0,0,NA,0,002,EUCLID,MALVERN,0,NA,Y,A,-,N,NA,NA,NA,NA,NA,NA,NA,NA,NA,Y,3,0,2,2,A,-,12,21453,A,N,D,C,A,A,H,-,A,A,0,NA,NA,NA,NA,Y,NA,A,01,0,1,1,0,0,0,0,0,0,-,-,NA,NA,ORANGE,FULLERTON,-117.9419701,33.87498006
8119487,2016,2016-09-13,3014,2016-08-28,1737,1329,RD35,7,5,5,3014,0,0,0,NA,0,0A3,EASTBLUFF DR,VISTA DEL ORO DR,350,S,N,A,-,N,NA,NA,NA,NA,NA,NA,NA,NA,NA,N,3,0,1,1,A,-,03,22350,NA,N,F,A,A,A,H,-,A,D,0,NA,NA,Y,NA,Y,NA,C,02,0,1,0,0,0,0,0,0,1,-,-,33.38588,-117.52376,ORANGE,NEWPORT BEACH,-117.87615672,33.63523149
81204898,2020,2020-03-10,3024,2020-02-06,1611,312,P-16,4,5,5,3024,0,0,0,NA,0,WEST,21ST STREET,PACIFIC AVENUE,0,NA,Y,A,-,N,NA,NA,NA,NA,NA,NA,NA,NA,NA,Y,4,0,1,2,A,-,09,21802,A,N,D,C,A,A,H,-,A,A,0,NA,NA,NA,NA,Y,NA,D,22,0,0,1,0,0,0,0,0,0,-,-,NA,NA,ORANGE,WESTMINSTER,-117.99208831787108,33.76287841796875
81207053,2020,2020-03-12,3014,2020-02-25,1826,1561,RD24,2,5,5,3014,0,0,0,NA,0,A2,SR-1 (W COAST HWY),SUPERIOR AVE,1626,W,N,A,-,Y,NA,NA,1,NA,NA,NA,NA,NA,NA,Y,2,0,1,2,D,-,00,NA,NA,N,H,G,A,A,H,-,C,D,0,NA,Y,NA,NA,Y,Y,-,-,1,0,0,0,0,0,1,0,0,-,-,33.62480163574219,-117.94409942626952,ORANGE,NEWPORT BEACH,-117.94408416748048,33.62495803833008
81210939,2020,2020-03-18,3014,2020-03-06,2123,1503,RD16,5,5,5,3014,0,0,0,NA,0,A1,VIA LIDO,VIA OPORTO,95,W,N,A,-,N,NA,NA,NA,NA,NA,NA,NA,NA,NA,Y,4,0,1,2,A,-,01,23153,A,N,B,E,A,A,H,-,C,D,0,NA,NA,NA,NA,Y,Y,A,01,0,0,1,0,0,0,0,0,0,-,-,33.61800003051758,-117.92859649658205,ORANGE,NEWPORT BEACH,-117.92855072021484,33.618038177490234
8121180,2016,2016-09-23,3001,2016-09-04,0919,1007,NA,7,5,7,3001,0,0,0,NA,0,00D,BALL RD,EUCLID ST,248,W,N,A,-,N,NA,NA,NA,NA,NA,NA,NA,NA,NA,Y,4,0,1,2,A,-,08,22107,NA,N,E,E,A,A,H,-,A,D,0,NA,NA,NA,NA,Y,NA,A,01,0,0,1,0,0,0,0,0,0,-,-,NA,NA,ORANGE,ANAHEIM,-117.9423446,33.81801
8121406,2016,2016-09-20,3019,2016-08-16,0700,2460,NE,2,5,7,3019,0,0,0,NA,0,002,BRISTOL ST,HESPERIAN ST,375,S,N,A,-,N,NA,NA,NA,NA,NA,NA,NA,NA,NA,Y,4,0,1,4,A,-,09,21804,A,N,D,C,A,A,H,-,A,D,0,NA,NA,NA,NA,Y,NA,A,01,0,0,1,0,0,0,0,0,0,-,-,33.77796,-117.88417,ORANGE,SANTA ANA,-117.88478192,33.77701403
81215121,2020,2020-03-25,3024,2020-02-21,1350,497,P-12,5,5,5,3024,0,0,0,NA,0,WEST,WESTMINSTER BOULEVARD,BEACH BOULEVARD,127,W,N,A,-,Y,NA,NA,NA,NA,NA,NA,NA,NA,NA,Y,4,0,1,2,A,-,03,22350,NA,N,C,C,A,A,H,-,A,D,0,NA,NA,NA,NA,Y,NA,A,01,0,0,1,0,0,0,0,0,0,-,-,33.75925064086914,-117.98931884765624,ORANGE,WESTMINSTER,-117.99019622802734,33.759273529052734
81219124,2020,2020-03-31,3014,2020-03-17,1731,1146,RD35,2,5,5,3014,0,0,0,NA,0,A3,BACK BAY DR,EASTBLUFF DR NORTH,3851,S,N,A,-,N,NA,NA,NA,NA,NA,NA,NA,NA,NA,N,4,0,1,1,A,-,03,22350,NA,N,H,A,A,A,H,-,A,D,0,NA,Y,NA,NA,Y,NA,L,04,0,0,1,0,0,0,1,0,0,-,-,33.645599365234375,-117.88200378417967,ORANGE,NEWPORT BEACH,-117.87091064453124,33.6449089050293
81220537,2020,2020-04-06,3024,2020-02-29,1306,329,P-24,6,5,5,3024,0,0,0,NA,0,WEST,BOLSA AVENUE,HOOVER STREET,0,NA,Y,A,-,N,NA,NA,NA,NA,NA,NA,NA,NA,NA,Y,3,0,2,3,A,-,09,21801,A,N,D,C,A,A,H,-,A,A,0,NA,NA,NA,NA,Y,NA,D,22,0,1,1,0,0,0,0,0,0,-,-,33.74407958984375,-118.00119018554688,ORANGE,WESTMINSTER,-117.99830627441406,33.74462127685547
81223855,2020,2020-04-10,3024,2020-02-28,2340,426,P-36,5,5,5,3024,0,0,0,NA,0,EAST,HALIFAX AVENUE,WARD STREET,175,W,N,A,-,N,NA,NA,NA,NA,NA,NA,NA,NA,NA,N,4,0,1,2,A,-,03,22350,NA,F,G,B,E,A,H,-,C,D,0,Y,NA,NA,NA,Y,NA,A,01,0,0,1,0,1,0,0,0,0,-,-,33.74351119995117,-117.94612884521484,ORANGE,WESTMINSTER,-117.94670104980467,33.7435188293457
81230065,2020,2020-04-27,3014,2020-04-18,1226,1462,RD35,6,5,5,3014,0,0,0,NA,0,A3,EASTBLUFF DR,JAMBOREE RD,726,W,N,A,-,N,NA,NA,NA,NA,NA,NA,NA,NA,NA,N,3,0,1,1,A,-,03,22350,NA,N,H,A,A,A,H,-,A,D,0,NA,Y,NA,NA,Y,NA,L,04,0,1,0,0,0,0,1,0,0,-,-,33.64580154418945,-117.868896484375,ORANGE,NEWPORT BEACH,-117.87571716308594,33.63294219970703
8123027,2016,2016-09-20,3010,2016-08-31,1552,3024,442,3,5,6,3010,0,0,0,NA,0,003,KNOXVILLE,GEORGIA,6,E,N,A,-,N,NA,NA,NA,NA,NA,NA,NA,NA,NA,N,4,0,1,1,D,-,00,NA,NA,N,H,-,A,A,H,-,A,D,0,NA,Y,NA,NA,Y,NA,-,-,0,0,1,0,0,0,1,0,0,-,-,NA,NA,ORANGE,HUNTINGTON BEACH,-117.98962033,33.66673019
8123116,2016,2016-09-16,3001,2016-09-06,1415,A1825,NA,2,5,7,3001,0,0,0,NA,0,0D1,SOUTH BROOKHURST ST,WEST BALL RD,430,N,N,A,-,N,NA,NA,NA,NA,NA,NA,NA,NA,NA,N,4,0,3,2,A,-,09,21801,A,N,D,C,A,A,H,-,A,D,0,NA,NA,NA,NA,Y,NA,A,07,0,0,3,0,0,0,0,0,0,-,-,NA,NA,ORANGE,ANAHEIM,-117.95894,33.81894892
8123964,2016,2017-02-23,3026,2016-08-24,1607,8929,NA,3,5,6,3026,0,0,0,NA,0,00U,CULVER DR,RT 405,20,N,N,A,-,Y,ORA,12,405,-,-,5.405,R,4,N,N,3,0,1,2,A,-,08,22107,NA,N,D,G,A,A,H,-,A,A,0,NA,Y,NA,Y,Y,NA,F,27,0,1,0,0,0,0,1,0,0,-,NF,NA,NA,ORANGE,IRVINE,-117.81922259,33.66841952
8124142,2016,2016-11-19,3026,2016-08-12,1122,8929,NA,5,5,6,3026,0,0,0,NA,0,00P,IRVINE BL,YALE AV,0,NA,Y,A,-,N,NA,NA,NA,NA,NA,NA,NA,NA,NA,Y,4,0,2,2,A,-,09,21453,NA,N,D,C,A,A,H,-,A,A,0,NA,NA,NA,NA,Y,NA,-,-,0,0,2,0,0,0,0,0,0,-,-,NA,NA,ORANGE,IRVINE,-117.76107013,33.71438006
81241809,2020,2020-05-25,3014,2020-05-07,2015,1432,RD17,4,5,5,3014,0,0,0,NA,0,A2,SR-1 (COAST HWY W),PROSPECT ST,22,E,N,A,-,Y,NA,NA,1,NA,NA,NA,NA,NA,NA,Y,4,0,2,5,A,-,08,22100,A,N,D,C,A,A,H,-,C,A,0,NA,NA,NA,NA,Y,NA,A,07,0,0,2,0,0,0,0,0,0,-,-,33.626399993896484,-117.94940185546876,ORANGE,NEWPORT BEACH,-117.94940185546876,33.62639617919922
8124217,2016,2016-09-20,3026,2016-09-05,1630,341,NA,1,5,6,3026,0,0,0,NA,0,00C,JAMBOREE,BARRANCA,0,NA,Y,A,-,N,NA,NA,NA,NA,NA,NA,NA,NA,NA,Y,3,0,2,4,A,-,12,21453,A,N,-,C,A,A,H,-,A,A,0,NA,NA,NA,NA,Y,NA,A,01,0,2,0,0,0,0,0,0,0,-,-,NA,NA,ORANGE,IRVINE,-117.82687005,33.6940501
8124769,2016,2016-09-21,3012,2016-09-06,2012,288,27,2,5,5,3012,0,0,0,NA,0,0NE,LA HABRA BL,PALM ST,0,NA,Y,A,-,N,NA,NA,NA,NA,NA,NA,NA,NA,NA,N,4,0,2,2,A,-,09,21801,A,N,D,C,A,A,H,-,C,A,0,NA,NA,NA,NA,Y,NA,A,01,0,0,2,0,0,0,0,0,0,-,-,NA,NA,ORANGE,LA HABRA,-117.92441013,33.93187002
8124825,2016,2016-09-21,3026,2016-07-26,0730,4779,P,2,5,6,3026,0,0,0,NA,0,00P,ADONIS,HONEYFLOWER,42,E,N,A,-,N,NA,NA,NA,NA,NA,NA,NA,NA,NA,Y,4,0,2,1,A,-,08,22107,NA,N,E,I,A,A,H,-,A,A,0,NA,NA,NA,NA,Y,NA,A,07,0,0,2,0,0,0,0,0,0,-,-,NA,NA,ORANGE,IRVINE,-117.75641414,33.685546360000004
8125695,2016,2016-10-04,3008,2016-09-06,1223,1320,NA,2,5,6,3008,0,0,0,NA,0,002,HARBOR BL,ORANGEFAIR AV,0,NA,Y,A,-,N,NA,NA,NA,NA,NA,NA,NA,NA,NA,N,4,0,2,2,A,-,03,22350,NA,M,C,C,A,A,H,-,A,A,0,NA,NA,NA,NA,Y,NA,D,22,0,0,2,0,0,0,0,0,0,-,-,NA,NA,ORANGE,FULLERTON,-117.92436005,33.85631007
8126101,2016,2016-09-20,3015,2016-09-13,2002,1254,24,2,5,6,3015,0,0,0,NA,0,332,YORBA ST S,BURLY AV E,14,S,N,A,-,N,NA,NA,NA,NA,NA,NA,NA,NA,NA,Y,4,0,2,2,A,-,03,22350,NA,N,C,C,A,A,H,-,C,D,0,NA,NA,NA,NA,Y,NA,A,01,0,0,2,0,0,0,0,0,0,-,-,NA,NA,ORANGE,ORANGE,-117.82707971,33.78588162
8126159,2016,2016-09-20,3015,2016-08-14,1655,1519,31,7,5,6,3015,0,0,0,NA,0,001,W GARDEN GROVE BL,SOUTH LEWIS ST,136,E,N,A,-,N,NA,NA,NA,NA,NA,NA,NA,NA,NA,Y,4,0,2,3,A,-,09,21804,A,N,D,C,A,A,H,-,A,A,0,NA,NA,NA,NA,Y,NA,A,07,0,0,2,0,0,0,0,0,0,-,-,NA,NA,ORANGE,ORANGE,-117.89727179,33.77425392
8126320,2016,2016-09-20,3000,2016-08-21,1740,738,891D7,7,5,3,3051,0,0,0,NA,0,280,EL TORO,MOULTON PKY,0,NA,Y,A,-,N,NA,NA,NA,NA,NA,NA,NA,NA,NA,Y,3,0,2,2,A,-,08,22107,NA,N,D,C,A,A,H,-,A,A,0,NA,NA,Y,NA,Y,NA,A,01,0,1,1,0,0,0,0,0,1,-,-,NA,NA,ORANGE,LAGUNA WOODS,-117.72531001,33.61014002
8126572,2016,2016-09-21,3001,2016-09-11,2057,A1397,D1,7,5,7,3001,0,0,0,NA,0,NA,SOUTH KNOTT AV,WEST ORANGE AV,299,N,N,A,-,N,NA,NA,NA,NA,NA,NA,NA,NA,NA,Y,3,0,1,2,A,-,08,21460,5,N,D,C,A,A,H,-,C,D,0,NA,NA,Y,NA,Y,NA,A,01,0,1,0,0,0,0,0,0,1,-,-,NA,NA,ORANGE,ANAHEIM,-118.01089,33.82539976
81266902,2020,2020-07-10,3014,2020-06-23,1832,1179,RD15,2,5,5,3014,0,0,0,NA,0,A1,BALBOA BLVD,20TH ST,66,W,N,A,-,N,NA,NA,NA,NA,NA,NA,NA,NA,NA,Y,3,0,1,2,A,-,01,23152,NA,N,C,C,A,A,H,-,A,D,0,NA,NA,NA,NA,Y,NA,A,01,0,1,0,0,0,0,0,0,0,-,-,33.60860061645508,-117.92729949951172,ORANGE,NEWPORT BEACH,-117.92737579345705,33.608543395996094
8127173,2016,2016-09-22,3026,2016-09-03,2058,559,NA,6,5,6,3026,0,0,0,NA,0,00C,CULVER DR,ALTON PKWY,0,NA,Y,A,-,N,NA,NA,NA,NA,NA,NA,NA,NA,NA,Y,4,0,1,2,A,-,09,21453,C,N,D,C,A,A,H,-,C,A,0,NA,NA,NA,NA,Y,NA,A,01,0,0,1,0,0,0,0,0,0,-,-,NA,NA,ORANGE,IRVINE,-117.81160007,33.68087003
8127185,2016,2016-09-22,3026,2016-09-06,0806,570,U,2,5,6,3026,0,0,0,NA,0,00U,TURTLE ROCK,HILLGATE,4,E,N,A,-,N,NA,NA,NA,NA,NA,NA,NA,NA,NA,N,3,0,1,2,A,-,08,22100,A,N,D,G,A,A,H,-,A,D,0,NA,Y,NA,NA,Y,NA,A,07,0,1,0,0,0,0,1,0,0,-,-,NA,NA,ORANGE,IRVINE,-117.81694691,33.64981931
8127227,2016,2016-09-22,3026,2016-08-25,1530,288,U,4,5,6,3026,0,0,0,NA,0,00U,ALTON,JAMBOREE,30,E,N,A,-,N,NA,NA,NA,NA,NA,NA,NA,NA,NA,N,4,0,1,2,A,-,03,22350,NA,N,-,C,A,A,H,-,A,A,0,NA,NA,NA,NA,Y,Y,A,07,0,0,1,0,0,0,0,0,0,-,-,NA,NA,ORANGE,IRVINE,-117.83207574,33.68846291
81274394,2020,2020-07-27,3024,2020-06-20,1720,400,P-05,6,5,5,3024,0,0,0,NA,0,WEST,GARDEN GROVE BOULEVARD,WESTERN AVENUE,0,NA,Y,A,-,N,NA,NA,NA,NA,NA,NA,NA,NA,NA,Y,3,0,1,2,A,-,01,23152,A,N,D,C,A,A,H,-,A,A,0,NA,NA,NA,NA,Y,Y,A,07,0,1,0,0,0,0,0,0,0,-,-,33.77320861816406,-118.00364685058594,ORANGE,WESTMINSTER,-118.00138092041016,33.773719787597656
8127506,2016,2016-09-23,3026,2016-08-19,1254,313,NA,5,5,6,3026,0,0,0,NA,0,00U,CAMPUS DR,STANFORD,84,E,N,A,-,N,NA,NA,NA,NA,NA,NA,NA,NA,NA,Y,4,0,1,2,A,-,08,22100,A,N,D,C,A,A,H,-,A,A,0,NA,NA,NA,NA,Y,NA,A,01,0,0,1,0,0,0,0,0,0,-,-,NA,NA,ORANGE,IRVINE,-117.83769352,33.64805625
8128107,2016,2017-02-28,3011,2016-09-09,1658,31334,23,5,5,4,3011,0,0,0,NA,0,001,N COAST HWY,MCKNIGHT DR,28,S,N,A,-,Y,ORA,12,1,-,-,10.561,I,5,S,Y,4,0,1,2,A,-,09,21801,A,N,D,C,A,A,H,-,A,D,0,NA,NA,Y,NA,Y,NA,A,01,0,0,1,0,0,0,0,0,1,-,-,NA,NA,ORANGE,LAGUNA BEACH,-117.80349546,33.54960336
8128140,2016,2016-09-29,3026,2016-09-08,1735,7094,NA,4,5,6,3026,0,0,0,NA,0,00C,WARNER AV,JUNEBERRY,380,W,N,A,-,N,NA,NA,NA,NA,NA,NA,NA,NA,NA,Y,4,0,3,2,A,-,03,22350,NA,N,C,C,A,A,H,-,A,D,0,NA,NA,NA,NA,Y,NA,A,01,0,0,3,0,0,0,0,0,0,-,-,NA,NA,ORANGE,IRVINE,-117.81447275,33.69509629