CASE_ID,ACCIDENT_YEAR,PROC_DATE,JURIS,COLLISION_DATE,COLLISION_TIME,OFFICER_ID,REPORTING_DISTRICT,DAY_OF_WEEK,CHP_SHIFT,POPULATION,CNTY_CITY_LOC,SPECIAL_COND,BEAT_TYPE,CHP_BEAT_TYPE,CITY_DIVISION_LAPD,CHP_BEAT_CLASS,BEAT_NUMBER,PRIMARY_RD,SECONDARY_RD,DISTANCE,DIRECTION,INTERSECTION,WEATHER_1,WEATHER_2,STATE_HWY_IND,CALTRANS_COUNTY,CALTRANS_DISTRICT,STATE_ROUTE,ROUTE_SUFFIX,POSTMILE_PREFIX,POSTMILE,LOCATION_TYPE,RAMP_INTERSECTION,SIDE_OF_HWY,TOW_AWAY,COLLISION_SEVERITY,NUMBER_KILLED,NUMBER_INJURED,PARTY_COUNT,PRIMARY_COLL_FACTOR,PCF_CODE_OF_VIOL,PCF_VIOL_CATEGORY,PCF_VIOLATION,PCF_VIOL_SUBSECTION,HIT_AND_RUN,TYPE_OF_COLLISION,MVIW,PED_ACTION,ROAD_SURFACE,ROAD_COND_1,ROAD_COND_2,LIGHTING,CONTROL_DEVICE,CHP_ROAD_TYPE,PEDESTRIAN_ACCIDENT,BICYCLE_ACCIDENT,MOTORCYCLE_ACCIDENT,TRUCK_ACCIDENT,NOT_PRIVATE_PROPERTY,ALCOHOL_INVOLVED,STWD_VEHTYPE_AT_FAULT,CHP_VEHTYPE_AT_FAULT,COUNT_SEVERE_INJ,COUNT_VISIBLE_INJ,COUNT_COMPLAINT_PAIN,COUNT_PED_KILLED,COUNT_PED_INJURED,COUNT_BICYCLIST_KILLED,COUNT_BICYCLIST_INJURED,COUNT_MC_KILLED,COUNT_MC_INJURED,PRIMARY_RAMP,SECONDARY_RAMP,LATITUDE,LONGITUDE,COUNTY,CITY,POINT_X,POINT_Y
81282832,2020,2020-08-10,3024,2020-07-05,0742,435,P-12,7,5,5,3024,0,0,0,NA,0,WEST,ARIZONA STREET,WESTMINSTER BOULEVARD,0,NA,Y,A,-,N,NA,NA,NA,NA,NA,NA,NA,NA,NA,N,4,0,1,2,A,-,10,21950,A,F,G,B,B,A,H,-,A,A,0,Y,NA,NA,NA,Y,NA,A,07,0,0,1,0,1,0,0,0,0,-,-,33.759029388427734,-117.99552154541016,ORANGE,WESTMINSTER,-117.99550628662108,33.75918960571289
8129018,2016,2016-09-26,3001,2016-09-13,1933,1740,NA,2,5,7,3001,0,0,0,NA,0,0D3,WEST KATELLA AV,S 9TH ST,51,E,N,A,-,N,NA,NA,NA,NA,NA,NA,NA,NA,NA,N,4,0,1,2,A,-,03,22350,NA,M,C,C,A,A,H,-,C,A,0,NA,NA,NA,NA,Y,NA,A,01,0,0,1,0,0,0,0,0,0,-,-,NA,NA,ORANGE,ANAHEIM,-117.93258254,33.8033227
81290883,2020,2020-08-24,3024,2020-07-11,0927,468,P-22,6,5,5,3024,0,0,0,NA,0,WEST,GOLDENWEST STREET,WESTMINSTER MALL ACCESS ROAD,0,NA,Y,A,-,N,NA,NA,NA,NA,NA,NA,NA,NA,NA,Y,4,0,1,4,A,-,03,22350,NA,N,C,C,A,A,A,H,A,D,0,NA,NA,NA,NA,Y,NA,A,01,0,0,1,0,0,0,0,0,0,-,-,33.74507141113281,-118.00987243652344,ORANGE,WESTMINSTER,NA,NA
81290884,2020,2020-08-24,3024,2020-07-11,0942,437,NA,6,5,5,3024,0,0,0,NA,0,NA,BUSHARD STREET,BOLSA AVENUE,158,N,N,A,-,N,NA,NA,NA,NA,NA,NA,NA,NA,NA,N,4,0,1,2,A,-,09,21801,A,N,D,G,A,A,H,-,A,D,0,NA,Y,NA,NA,Y,NA,A,01,0,0,1,0,0,0,1,0,0,-,-,33.743839263916016,-117.96645355224608,ORANGE,WESTMINSTER,-117.96354675292967,33.745391845703125
81290890,2020,2020-08-24,3024,2020-07-15,1307,422,P-20,3,5,5,3024,0,0,0,NA,0,EAST,WESTMINSTER BOULEVARD,NEWLAND STREET,49,W,N,A,-,N,NA,NA,NA,NA,NA,NA,NA,NA,NA,N,3,0,1,2,A,-,03,22350,NA,N,C,C,A,A,H,-,A,A,0,NA,NA,NA,NA,Y,NA,A,01,0,1,0,0,0,0,0,0,0,-,-,33.758541107177734,-117.98367309570313,ORANGE,WESTMINSTER,-117.98120880126952,33.75933837890625
81290895,2020,2020-08-24,3024,2020-07-17,1603,168,P-12,5,5,5,3024,0,0,0,NA,0,WEST,BEACH BOULEVARD,18TH STREET,85,S,N,A,-,N,NA,NA,NA,NA,NA,NA,NA,NA,NA,N,4,0,1,2,A,-,03,22350,NA,N,C,C,A,A,H,-,A,D,0,NA,NA,NA,NA,Y,NA,A,01,0,0,1,0,0,0,0,0,0,-,-,NA,NA,ORANGE,WESTMINSTER,-117.98977661132813,33.759925842285156
81295604,2020,2020-08-31,3024,2020-07-23,1924,426,P-15,4,5,5,3024,0,0,0,NA,0,WEST,WESTMINSTER BOULEVARD,WILLOW LANE,20,E,N,A,-,N,NA,NA,NA,NA,NA,NA,NA,NA,NA,N,4,0,3,2,A,-,12,21453,A,N,D,C,A,A,D,-,A,A,0,NA,NA,NA,NA,Y,NA,A,01,0,0,3,0,0,0,0,0,0,-,-,NA,NA,ORANGE,WESTMINSTER,-118.01909637451172,33.75896072387695
8130935,2016,2016-09-27,3015,2016-08-25,2234,1503,32W,4,5,6,3015,0,0,0,NA,0,111,N BATAVIA ST,W PALM AV,0,NA,Y,A,-,N,NA,NA,NA,NA,NA,NA,NA,NA,NA,Y,4,0,1,2,A,-,09,21801,A,N,A,C,A,A,H,-,C,A,0,NA,NA,NA,NA,Y,NA,A,07,0,0,1,0,0,0,0,0,0,-,-,NA,NA,ORANGE,ORANGE,-117.8618301,33.79152011
81309449,2020,2020-09-23,3010,2020-09-21,2138,1261,423,1,5,6,3010,0,0,0,NA,0,003,GARFIELD AVE,NEWLAND ST,0,NA,Y,A,-,N,NA,NA,NA,NA,NA,NA,NA,NA,NA,Y,3,0,3,2,A,-,12,21453,A,N,D,C,A,A,H,-,C,A,0,NA,NA,NA,NA,Y,NA,A,01,0,1,2,0,0,0,0,0,0,-,-,33.68661117553711,-117.98052215576172,ORANGE,HUNTINGTON BEACH,-117.98011016845705,33.686729431152344
8130955,2016,2016-09-27,3015,2016-08-27,1250,1440,164,6,5,6,3015,0,0,0,NA,0,730,E CANYON VIEW,BRIAR CREEK RD,17,W,N,A,-,N,NA,NA,NA,NA,NA,NA,NA,NA,NA,Y,4,0,1,1,A,-,08,22107,NA,N,F,I,A,A,H,-,A,D,0,NA,NA,NA,NA,Y,NA,A,07,0,0,1,0,0,0,0,0,0,-,-,NA,NA,ORANGE,ORANGE,-117.76681558,33.78764688
8130968,2016,2016-09-28,3010,2016-09-13,0550,2101,441,2,5,6,3010,0,0,0,NA,0,004,MAIN ST,14TH ST,63,S,N,B,-,N,NA,NA,NA,NA,NA,NA,NA,NA,NA,N,4,0,1,2,A,-,11,21954,A,N,G,B,E,B,H,-,B,D,0,Y,NA,NA,NA,Y,NA,N,60,0,0,1,0,1,0,0,0,0,-,-,NA,NA,ORANGE,HUNTINGTON BEACH,-117.86759,33.75656729
81312108,2020,2020-09-25,3007,2020-09-21,0340,316,28,1,5,5,3007,0,0,0,NA,0,002,EDINGER,RICHARDSON,270,E,N,A,-,N,NA,NA,NA,NA,NA,NA,NA,NA,NA,Y,3,0,3,2,B,-,22,NA,NA,N,C,E,A,A,H,-,C,D,0,NA,NA,NA,NA,Y,NA,D,22,0,3,0,0,0,0,0,0,0,-,-,NA,NA,ORANGE,FOUNTAIN VALLEY,-117.92487335205078,33.72980499267578
81312592,2020,2020-09-28,3010,2020-09-22,2219,1261,173,2,5,6,3010,0,0,0,NA,0,008,WARNER AVE,SCEPTRE LN (N),585,W,N,A,-,N,NA,NA,NA,NA,NA,NA,NA,NA,NA,Y,2,0,3,4,A,-,01,23153,A,N,D,C,A,A,H,-,D,D,0,NA,NA,NA,NA,Y,Y,A,01,1,2,0,0,0,0,0,0,0,-,-,33.711631774902344,-118.05724334716795,ORANGE,HUNTINGTON BEACH,-118.0590591430664,33.711822509765625
81314728,2020,2020-09-30,3014,2020-09-16,1715,1453,RD39,3,5,5,3014,0,0,0,NA,0,A3,MACARTHUR BLVD,SR-1 (E COAST HWY),429,N,N,A,-,N,NA,NA,NA,NA,NA,NA,NA,NA,NA,Y,4,0,3,2,A,-,03,22350,NA,N,C,C,A,A,H,-,A,D,0,NA,NA,NA,NA,Y,NA,A,01,0,0,3,0,0,0,0,0,0,-,-,NA,NA,ORANGE,NEWPORT BEACH,-117.87328338623048,33.60527038574219
81320537,2020,2020-10-09,3001,2020-10-05,1113,A2450,D-2,1,5,7,3001,0,0,0,NA,0,D-2,LA PALMA AVENUE,CITRON STREET (E),0,NA,Y,A,-,N,NA,NA,NA,NA,NA,NA,NA,NA,NA,Y,4,0,1,2,A,-,09,21801,A,N,D,C,A,A,H,-,A,A,0,NA,NA,NA,NA,Y,NA,A,01,0,0,1,0,0,0,0,0,0,-,-,33.847259521484375,-117.92784118652344,ORANGE,ANAHEIM,-117.92861938476563,33.847171783447266
81321253,2020,2020-10-12,3010,2020-10-07,1219,2222,158,3,5,6,3010,0,0,0,NA,0,007,EDWARDS ST,LENNOX DR,15,S,N,A,-,N,NA,NA,NA,NA,NA,NA,NA,NA,NA,N,3,0,1,1,C,-,18,NA,NA,N,F,A,A,A,H,-,A,D,0,NA,NA,Y,NA,Y,NA,-,-,0,1,0,0,0,0,0,0,1,-,-,33.72768020629883,-118.01534271240234,ORANGE,HUNTINGTON BEACH,-118.0155792236328,33.727508544921875
8132273,2016,2016-10-04,3007,2016-09-23,1839,296,55,5,5,5,3007,0,0,0,NA,0,003,TALBERT,BROOKHURST,400,E,N,A,-,N,NA,NA,NA,NA,NA,NA,NA,NA,NA,Y,4,0,2,2,A,-,09,21801,A,N,A,C,A,A,H,-,A,D,0,NA,NA,NA,NA,Y,NA,A,01,0,0,2,0,0,0,0,0,0,-,-,NA,NA,ORANGE,FOUNTAIN VALLEY,-117.95312427,33.70176502
81324100,2020,2020-10-15,3001,2020-10-06,1411,A1068,NA,2,5,7,3001,0,0,0,NA,0,D-4,SANTA ANA CANYON ROAD,LAKEVIEW AVENUE,0,NA,Y,-,-,N,NA,NA,NA,NA,NA,NA,NA,NA,NA,Y,4,0,1,2,A,-,09,21453,C,N,D,C,A,A,H,-,A,A,0,NA,NA,NA,NA,Y,NA,I,11,0,0,1,0,0,0,0,0,0,-,-,33.84978103637695,-117.81355285644533,ORANGE,ANAHEIM,-117.8134765625,33.84973907470703
81324101,2020,2020-10-15,3001,2020-10-13,1356,A2594,D-4,2,5,7,3001,0,0,0,NA,0,D-4,VAN BUREN STREET,CORONADO STREET,221,N,N,A,-,N,NA,NA,NA,NA,NA,NA,NA,NA,NA,Y,3,0,1,1,A,-,08,22107,NA,N,E,I,A,A,H,-,A,D,0,NA,NA,NA,NA,Y,NA,A,07,0,1,0,0,0,0,0,0,0,-,-,33.859031677246094,-117.8312530517578,ORANGE,ANAHEIM,-117.83121490478516,33.85983657836914
81324826,2020,2020-10-16,3001,2020-10-14,1519,A2187,D-3,3,5,7,3001,0,0,0,NA,0,NA,BALL ROAD,WALNUT STREET,107,E,N,A,-,N,NA,NA,NA,NA,NA,NA,NA,NA,NA,N,4,0,1,2,A,-,08,22107,NA,N,B,G,A,A,H,-,A,D,0,NA,Y,NA,NA,Y,NA,A,01,0,0,1,0,0,0,1,0,0,-,-,33.817020416259766,-117.9285888671875,ORANGE,ANAHEIM,-117.92814636230467,33.8179817199707
81325573,2020,2020-10-19,3007,2020-09-16,0722,250,43,3,5,5,3007,0,0,0,NA,0,001,SLATER,MAGNOLIA,0,NA,Y,A,-,N,NA,NA,NA,NA,NA,NA,NA,NA,NA,Y,4,0,1,2,A,-,09,21801,A,M,D,C,A,A,H,-,A,A,0,NA,NA,NA,Y,Y,NA,F,27,0,0,1,0,0,0,0,0,0,-,-,NA,NA,ORANGE,FOUNTAIN VALLEY,-117.97183990478516,33.70853042602539
8132715,2016,2016-11-21,3000,2016-10-11,0111,4305,893B3,2,5,4,3048,0,0,0,NA,0,466,ANTONIO PKWY,LA PROMESA,23,S,N,A,-,N,NA,NA,NA,NA,NA,NA,NA,NA,NA,N,3,0,1,1,A,-,01,23152,A,M,E,I,A,A,H,-,C,A,0,NA,NA,NA,NA,Y,Y,D,22,0,1,0,0,0,0,0,0,0,-,-,NA,NA,ORANGE,RANCHO SANTA MARGARITA,-117.5893967,33.63838495
81330091,2020,2020-10-23,3007,2020-10-08,0959,250,29,4,5,5,3007,0,0,0,NA,0,002,HARBOR,EDINGER,0,NA,Y,A,-,N,NA,NA,NA,NA,NA,NA,NA,NA,NA,Y,4,0,2,2,A,-,12,21453,A,N,D,C,A,A,H,-,A,A,0,NA,NA,NA,NA,Y,NA,A,07,0,0,2,0,0,0,0,0,0,-,-,NA,NA,ORANGE,FOUNTAIN VALLEY,-117.91986846923828,33.72739028930664
81330167,2020,2021-02-03,3007,2020-09-30,1405,280,45,3,5,5,3007,0,0,0,NA,0,001,BROOKHURST,SLATER,84,S,N,A,-,N,NA,NA,NA,NA,NA,NA,NA,NA,NA,N,4,0,2,2,A,-,03,22350,NA,M,C,C,A,A,H,-,A,D,0,NA,NA,NA,NA,Y,NA,A,01,0,0,2,0,0,0,0,0,0,-,-,NA,NA,ORANGE,FOUNTAIN VALLEY,-117.95449829101563,33.708778381347656
81332524,2020,2020-10-27,3014,2020-10-20,2230,1484,RD12,2,5,5,3014,0,0,0,NA,0,A1,E BALBOA BLVD,CORONADO ST,116,E,N,A,-,N,NA,NA,NA,NA,NA,NA,NA,NA,NA,Y,3,0,1,2,A,-,08,22107,NA,N,B,E,A,A,H,-,C,D,0,NA,NA,NA,NA,Y,NA,A,01,0,1,0,0,0,0,0,0,0,-,-,33.60319900512695,-117.9032974243164,ORANGE,NEWPORT BEACH,-117.90341949462892,33.60327911376953
81332692,2020,2020-10-28,3010,2020-10-23,1410,2862,NA,5,5,6,3010,0,0,0,NA,0,003,LARTHORN DR,CAMFIELD LN,96,W,N,A,-,N,NA,NA,NA,NA,NA,NA,NA,NA,NA,Y,4,0,1,2,A,-,21,22106,NA,N,H,C,A,A,H,-,A,D,0,NA,NA,NA,NA,Y,NA,A,07,0,0,1,0,0,0,0,0,0,-,-,33.666481018066406,-117.97785186767578,ORANGE,HUNTINGTON BEACH,-117.97713470458984,33.66781234741211
81333273,2020,2020-10-28,3014,2020-10-18,2108,1527,RD47,7,5,5,3014,0,0,0,NA,0,A4,SR-1,MACARTHUR BLVD,0,NA,Y,A,-,Y,NA,NA,NA,NA,NA,NA,NA,NA,NA,Y,3,0,1,2,A,-,09,21453,C,N,A,C,A,A,H,-,C,A,0,NA,NA,NA,NA,Y,NA,A,01,0,1,0,0,0,0,0,0,0,-,-,33.60409927368164,-117.8739013671875,ORANGE,NEWPORT BEACH,NA,NA
8133630,2016,2017-02-24,3010,2016-09-20,2053,3094,315,2,5,6,3010,0,0,0,NA,0,004,PACIFIC COAST HWY,CENTER SIGNAL,1304,S,N,A,-,Y,ORA,12,1,-,-,26.8,H,-,N,N,3,0,1,1,A,-,01,21200,5,N,E,I,A,A,H,-,D,D,0,NA,Y,NA,NA,Y,Y,L,04,0,1,0,0,0,0,1,0,0,-,-,NA,NA,ORANGE,HUNTINGTON BEACH,-118.02906293,33.6774724
8133917,2016,2016-10-04,3001,2016-09-15,1255,0945,NA,4,5,7,3001,0,0,0,NA,0,0D1,WEST BALL RD,MAGNOLIA AV,180,W,N,A,-,N,NA,NA,NA,NA,NA,NA,NA,NA,NA,Y,4,0,2,3,A,-,03,22350,NA,N,C,C,A,A,H,-,A,A,0,NA,NA,NA,NA,Y,NA,D,22,0,0,2,0,0,0,0,0,0,-,-,NA,NA,ORANGE,ANAHEIM,-117.97644122,33.81759421
81340938,2020,2020-11-06,3014,2020-10-03,1009,1421,RD31,6,5,5,3014,0,0,0,NA,0,A2,IRVINE AVE,SANTA ISABEL AVE,18,S,N,A,-,N,NA,NA,NA,NA,NA,NA,NA,NA,NA,N,3,0,2,2,A,-,12,21453,A,N,H,G,A,A,H,-,A,A,0,NA,Y,NA,NA,Y,NA,L,04,0,2,0,0,0,0,2,0,0,-,-,33.649600982666016,-117.8917999267578,ORANGE,NEWPORT BEACH,-117.89196014404295,33.649742126464844
8134352,2016,2017-02-24,3024,2016-09-15,1526,329,P37,4,5,5,3024,0,0,0,NA,0,EAST,MCFADDEN AV,RT 39,109,E,N,A,-,Y,ORA,12,39,-,-,6.141,I,6,N,N,4,0,1,2,A,-,03,22350,NA,M,C,C,A,A,H,-,A,A,0,NA,NA,NA,NA,Y,NA,A,07,0,0,1,0,0,0,0,0,0,-,-,NA,NA,ORANGE,WESTMINSTER,-117.98930965,33.7374508
8134383,2016,2016-10-05,3019,2016-09-10,1211,3383,NE,6,5,7,3019,0,0,0,NA,0,002,PARTON ST,CIVIC CENTER DR,219,N,N,A,-,N,NA,NA,NA,NA,NA,NA,NA,NA,NA,N,4,0,1,2,A,-,07,21658,A,N,B,C,A,A,H,-,A,D,0,NA,NA,NA,NA,Y,NA,A,01,0,0,1,0,0,0,0,0,0,-,-,33.75149,-117.87434,ORANGE,SANTA ANA,-117.87467428,33.75214036
8134608,2016,2016-10-05,3001,2016-09-14,0746,1007,NA,3,5,7,3001,0,0,0,NA,0,0D3,SOUTH STATE COLLEGE BL,E WRIGHT CIR,17,S,N,A,-,N,NA,NA,NA,NA,NA,NA,NA,NA,NA,Y,4,0,1,2,A,-,09,21801,A,N,D,C,A,A,H,-,A,D,0,NA,NA,NA,NA,Y,NA,-,NA,0,0,1,0,0,0,0,0,0,-,-,NA,NA,ORANGE,ANAHEIM,-117.88922899,33.8051934
8134616,2016,2016-10-05,3001,2016-09-19,1912,2256,NA,1,5,7,3001,0,0,0,NA,0,0D2,N EUCLID ST,WEST CRESCENT AV,485,N,N,A,-,N,NA,NA,NA,NA,NA,NA,NA,NA,NA,N,4,0,1,3,A,-,03,22350,NA,N,C,C,A,A,H,-,B,-,0,NA,NA,NA,NA,Y,NA,A,01,0,0,1,0,0,0,0,0,0,-,-,NA,NA,ORANGE,ANAHEIM,-117.9416,33.84112969
8134655,2016,2016-10-04,3000,2016-08-22,1434,7734,952B2,1,5,5,3028,0,0,0,NA,0,752,MARGUERITE PKWY,MISSION VIEJO TOWN CENTER,352,S,N,A,-,N,NA,NA,NA,NA,NA,NA,NA,NA,NA,Y,4,0,2,3,A,-,03,22350,NA,N,C,C,A,A,H,-,A,D,0,NA,NA,NA,NA,Y,NA,A,01,0,0,2,0,0,0,0,0,0,-,-,NA,NA,ORANGE,MISSION VIEJO,-117.670652,33.549506
8134798,2016,2016-10-05,3001,2016-09-20,2028,2256,NA,2,5,7,3001,0,0,0,NA,0,0D1,LA REINA ST,CRESCENT AV,19,N,N,A,-,N,NA,NA,NA,NA,NA,NA,NA,NA,NA,Y,4,0,1,2,A,-,09,21802,A,N,E,I,A,A,H,-,C,A,0,NA,NA,NA,NA,Y,NA,A,08,0,0,1,0,0,0,0,0,0,-,-,NA,NA,ORANGE,ANAHEIM,-117.9799922,33.83956206
81349941,2020,2020-11-20,3001,2020-11-06,1623,A2312,D-2,5,5,7,3001,0,0,0,NA,0,D-2,SYCAMORE STREET,JANSS WAY,12,W,N,B,-,N,NA,NA,NA,NA,NA,NA,NA,NA,NA,Y,3,0,5,1,A,-,03,22350,NA,N,E,I,A,A,H,-,A,D,0,NA,NA,NA,NA,Y,NA,A,01,0,2,3,0,0,0,0,0,0,-,-,33.83815002441406,-117.92298126220705,ORANGE,ANAHEIM,-117.92290496826172,33.83810043334961
81349944,2020,2020-11-20,3001,2020-11-06,1957,A2599,D-3,5,5,7,3001,0,0,0,NA,0,D-3,DISNEYLAND DRIVE,RT 5 SBOFF/R,0,NA,Y,B,C,N,NA,NA,NA,NA,NA,NA,NA,NA,NA,Y,4,0,4,2,A,-,09,21453,C,N,D,C,A,B,H,-,C,A,0,NA,NA,NA,NA,Y,NA,A,01,0,0,4,0,0,0,0,0,0,-,-,33.82160186767578,-117.92372894287108,ORANGE,ANAHEIM,-117.923394,33.821531
81349952,2020,2020-11-20,3001,2020-11-08,1346,A2382,NA,7,5,7,3001,0,0,0,NA,0,D-3,BALL ROAD,LEMON STREET,0,NA,Y,A,G,N,NA,NA,NA,NA,NA,NA,NA,NA,NA,N,3,0,1,2,A,-,05,21650,1,N,A,G,A,A,H,-,A,A,0,NA,Y,NA,NA,Y,NA,L,04,0,1,0,0,0,0,1,0,0,-,-,33.818359375,-117.91007995605467,ORANGE,ANAHEIM,-117.91026306152344,33.81814956665039
81353204,2020,2020-11-25,3010,2020-11-21,1557,1208,283,6,5,6,3010,0,0,0,NA,0,006,SLATER AVE,NEWLAND ST,0,NA,Y,A,-,N,NA,NA,NA,NA,NA,NA,NA,NA,NA,Y,3,0,2,3,A,-,09,21801,A,N,D,C,A,A,H,-,A,A,0,NA,NA,NA,NA,Y,NA,A,01,0,1,1,0,0,0,0,0,0,-,-,33.708370208740234,-117.98040771484376,ORANGE,HUNTINGTON BEACH,-117.98046112060548,33.70846176147461
81353206,2020,2020-11-25,3010,2020-11-22,0950,4094,271,7,5,6,3010,0,0,0,NA,0,006,WARNER AVE,GOLDENWEST ST,0,NA,Y,A,-,N,NA,NA,NA,NA,NA,NA,NA,NA,NA,Y,4,0,2,4,A,-,08,22100,A,N,D,C,A,A,H,-,A,D,0,NA,NA,NA,NA,Y,NA,A,07,0,0,2,0,0,0,0,0,0,-,-,33.71464920043945,-118.00665283203124,ORANGE,HUNTINGTON BEACH,-118.00666809082033,33.71548843383789
8135355,2016,2016-10-06,3019,2016-09-21,2100,2595,SOUTH,3,5,7,3019,0,0,0,NA,0,02A,17TH ST,CABRILLO PARK DR,0,NA,Y,A,-,N,NA,NA,NA,NA,NA,NA,NA,NA,NA,Y,4,0,1,2,A,-,01,23152,A,N,C,C,A,A,H,-,C,A,0,NA,NA,NA,NA,Y,Y,A,07,0,0,1,0,0,0,0,0,0,-,-,NA,NA,ORANGE,SANTA ANA,-117.84178008,33.75985003
81354444,2020,2020-11-27,3010,2020-11-25,1804,3820,159,3,5,6,3010,0,0,0,NA,0,007,EDINGER AVE,EDWARDS ST,305,E,N,A,-,N,NA,NA,NA,NA,NA,NA,NA,NA,NA,Y,3,0,2,2,A,-,09,21804,A,N,D,C,A,A,H,-,C,D,0,NA,NA,NA,NA,Y,NA,A,01,0,1,1,0,0,0,0,0,0,-,-,33.73012924194336,-118.01531982421876,ORANGE,HUNTINGTON BEACH,-118.01451873779295,33.73003005981445
81354864,2020,2020-11-30,3001,2020-11-28,2304,A1047,NA,6,5,7,3001,0,0,0,NA,0,D-4,FRONTERA STREET,GLASSELL STREET,248,W,N,A,-,N,NA,NA,NA,NA,NA,NA,NA,NA,NA,Y,3,0,2,4,A,-,01,23152,A,N,C,E,A,A,H,-,C,D,0,NA,NA,NA,NA,Y,Y,A,01,0,1,1,0,0,0,0,0,0,-,-,33.84642028808594,-117.85479736328124,ORANGE,ANAHEIM,-117.85526275634766,33.8460693359375
81362352,2020,2020-12-09,3015,2020-12-08,1339,1090,54W,2,5,6,3015,0,0,0,NA,0,NA,SERANADO ST,PALM AVE,0,NA,Y,B,-,N,NA,NA,NA,NA,NA,NA,NA,NA,NA,N,4,0,1,2,A,-,09,21801,A,N,A,C,A,A,H,-,A,D,0,NA,NA,NA,NA,Y,NA,A,01,0,0,1,0,0,0,0,0,0,-,-,33.792179107666016,-117.81102752685548,ORANGE,ORANGE,-117.81094360351563,33.79219055175781
81363211,2020,2020-12-10,3007,2020-11-25,1603,295,16,3,5,5,3007,0,0,0,NA,0,002,EDINGER,WARD,0,NA,Y,A,-,N,NA,NA,NA,NA,NA,NA,NA,NA,NA,Y,3,0,4,2,A,-,09,21801,A,N,D,C,A,A,H,-,A,B,0,NA,NA,NA,NA,Y,NA,A,01,0,1,3,0,0,0,0,0,0,-,-,NA,NA,ORANGE,FOUNTAIN VALLEY,-117.9459991455078,33.73072052001953
81364821,2020,2020-12-14,3024,2020-10-28,2224,426,P-31,3,5,5,3024,0,0,0,NA,0,WEST,BOLSA AVENUE,BEACH BOULEVARD,24,W,N,A,-,Y,NA,NA,NA,NA,NA,NA,NA,NA,NA,Y,4,0,1,2,A,-,01,23152,A,N,C,C,A,A,H,-,C,A,0,NA,NA,NA,NA,Y,Y,A,01,0,0,1,0,0,0,0,0,0,-,-,33.74467086791992,-117.98948669433594,ORANGE,WESTMINSTER,-117.98968505859376,33.74470901489258
81368998,2020,2020-12-17,3024,2020-11-08,1044,435,P-01,7,5,5,3024,0,0,0,NA,0,WEST,BOLSA CHICA ROAD,GARDEN GROVE BOULEVARD,0,NA,Y,A,-,N,NA,NA,NA,NA,NA,NA,NA,NA,NA,N,4,0,1,2,D,-,00,NA,NA,N,C,C,A,A,H,-,A,A,0,NA,NA,NA,NA,Y,NA,-,-,0,0,1,0,0,0,0,0,0,-,-,33.77389144897461,-118.03842163085938,ORANGE,WESTMINSTER,-118.03849029541016,33.77394104003906
8136911,2016,2016-10-11,3014,2016-09-27,1534,1346,RD28,2,5,5,3014,0,0,0,NA,0,0A2,IRVINE AV,DOVER DR,240,S,N,A,-,N,NA,NA,NA,NA,NA,NA,NA,NA,NA,Y,4,0,1,2,A,-,09,21804,A,N,D,C,A,A,H,-,A,D,0,NA,NA,NA,NA,Y,NA,A,01,0,0,1,0,0,0,0,0,0,-,-,33.63338,-117.90374,ORANGE,NEWPORT BEACH,-117.90354541,33.63336892
8137002,2016,2016-10-10,3014,2016-09-14,1228,1346,RD36,3,5,5,3014,0,0,0,NA,0,0A3,JAMBOREE RD,BRISTOL ST S,458,S,N,A,-,N,NA,NA,NA,NA,NA,NA,NA,NA,NA,Y,4,0,3,2,A,-,01,23152,A,N,C,C,A,A,H,-,A,A,0,NA,NA,NA,NA,Y,Y,A,01,0,0,3,0,0,0,0,0,0,-,-,33.65383,-117.8662,ORANGE,NEWPORT BEACH,-117.86627365,33.65392681
81370703,2020,2020-12-18,3001,2020-12-10,1017,A1880,NA,4,5,7,3001,0,0,0,NA,0,D-4,LA PALMA AVENUE,BRASHER STREET,760,W,N,A,-,N,NA,NA,NA,NA,NA,NA,NA,NA,NA,Y,4,0,1,2,A,-,08,22107,NA,N,E,I,A,A,H,-,A,D,0,NA,NA,NA,Y,Y,NA,G,25,0,0,1,0,0,0,0,0,0,-,-,33.85932159423828,-117.79897308349608,ORANGE,ANAHEIM,-117.80156707763672,33.85951614379883
81374391,2020,2020-12-23,3007,2020-12-14,1100,1148,66,1,5,5,3007,0,0,0,NA,0,003,EUCLID ST,ELLIS AVE,765,N,N,A,-,N,NA,NA,NA,NA,NA,NA,NA,NA,NA,N,4,0,1,2,A,-,03,22350,NA,M,C,C,A,A,H,-,A,D,0,NA,NA,NA,NA,Y,NA,D,22,0,0,1,0,0,0,0,0,0,-,-,NA,NA,ORANGE,FOUNTAIN VALLEY,NA,NA
81376488,2020,2020-12-29,3010,2020-12-18,0818,2090,451,5,5,6,3010,0,0,0,NA,0,004,ORANGE AVE,6TH ST,7,E,N,A,-,N,NA,NA,NA,NA,NA,NA,NA,NA,NA,N,3,0,1,2,A,-,10,21950,A,N,G,B,B,A,H,-,A,A,0,Y,NA,NA,NA,Y,NA,A,01,0,1,0,0,1,0,0,0,0,-,-,33.66080093383789,-118.00106048583984,ORANGE,HUNTINGTON BEACH,-118.00086212158205,33.66089630126953