CASE_ID,ACCIDENT_YEAR,PROC_DATE,JURIS,COLLISION_DATE,COLLISION_TIME,OFFICER_ID,REPORTING_DISTRICT,DAY_OF_WEEK,CHP_SHIFT,POPULATION,CNTY_CITY_LOC,SPECIAL_COND,BEAT_TYPE,CHP_BEAT_TYPE,CITY_DIVISION_LAPD,CHP_BEAT_CLASS,BEAT_NUMBER,PRIMARY_RD,SECONDARY_RD,DISTANCE,DIRECTION,INTERSECTION,WEATHER_1,WEATHER_2,STATE_HWY_IND,CALTRANS_COUNTY,CALTRANS_DISTRICT,STATE_ROUTE,ROUTE_SUFFIX,POSTMILE_PREFIX,POSTMILE,LOCATION_TYPE,RAMP_INTERSECTION,SIDE_OF_HWY,TOW_AWAY,COLLISION_SEVERITY,NUMBER_KILLED,NUMBER_INJURED,PARTY_COUNT,PRIMARY_COLL_FACTOR,PCF_CODE_OF_VIOL,PCF_VIOL_CATEGORY,PCF_VIOLATION,PCF_VIOL_SUBSECTION,HIT_AND_RUN,TYPE_OF_COLLISION,MVIW,PED_ACTION,ROAD_SURFACE,ROAD_COND_1,ROAD_COND_2,LIGHTING,CONTROL_DEVICE,CHP_ROAD_TYPE,PEDESTRIAN_ACCIDENT,BICYCLE_ACCIDENT,MOTORCYCLE_ACCIDENT,TRUCK_ACCIDENT,NOT_PRIVATE_PROPERTY,ALCOHOL_INVOLVED,STWD_VEHTYPE_AT_FAULT,CHP_VEHTYPE_AT_FAULT,COUNT_SEVERE_INJ,COUNT_VISIBLE_INJ,COUNT_COMPLAINT_PAIN,COUNT_PED_KILLED,COUNT_PED_INJURED,COUNT_BICYCLIST_KILLED,COUNT_BICYCLIST_INJURED,COUNT_MC_KILLED,COUNT_MC_INJURED,PRIMARY_RAMP,SECONDARY_RAMP,LATITUDE,LONGITUDE,COUNTY,CITY,POINT_X,POINT_Y
81667124,2021,2021-12-31,3024,2021-11-11,2203,511,P-10,4,5,5,3024,0,0,0,NA,0,WEST,WESTMINSTER BOULEVARD,COMMERCE WAY,30,W,N,A,-,N,NA,NA,NA,NA,NA,NA,NA,NA,NA,N,4,0,1,2,A,-,12,21453,A,N,H,G,A,A,H,-,C,A,0,NA,Y,NA,NA,Y,NA,L,04,0,0,1,0,0,0,1,0,0,-,-,33.75917053222656,-118.01275634765624,ORANGE,WESTMINSTER,-118.00968933105467,33.75910568237305
81667125,2021,2021-12-31,3024,2021-11-14,1336,480,P-11,7,5,5,3024,0,0,0,NA,0,WEST,GOLDENWEST STREET,FENWAY DRIVE,0,NA,Y,A,-,N,NA,NA,NA,NA,NA,NA,NA,NA,NA,Y,3,0,1,3,A,-,09,21802,A,N,D,E,A,A,H,-,A,D,0,NA,NA,Y,NA,Y,NA,A,01,0,1,0,0,0,0,0,0,1,-,-,33.76457977294922,-118.00714111328124,ORANGE,WESTMINSTER,-118.00722503662108,33.76458740234375
8166741,2016,2017-02-27,3000,2016-06-03,2500,5461,971E3,5,5,4,3029,0,0,0,NA,0,435,CROWN VALLEY PKWY,SEVEN SEAS,9,E,N,E,-,N,NA,NA,NA,NA,NA,NA,NA,NA,NA,N,1,1,0,2,D,-,00,NA,NA,F,G,B,E,B,H,-,C,D,0,Y,NA,NA,NA,Y,NA,-,-,0,0,0,1,0,0,0,0,0,-,-,33.48732,-117.72581,ORANGE,DANA POINT,-117.72588056,33.48747
81667832,2021,2022-01-03,3015,2021-12-23,1519,1250,RD14,4,5,6,3015,0,0,0,NA,0,711M,FAIRHAVEN AVE,YORBA ST,0,NA,Y,A,C,N,NA,NA,NA,NA,NA,NA,NA,NA,NA,Y,4,0,2,2,A,-,09,21453,B,N,D,C,A,B,A,-,A,A,0,NA,NA,NA,NA,Y,NA,A,01,0,0,2,0,0,0,0,0,0,-,-,33.77312088012695,-117.8271026611328,ORANGE,ORANGE,-117.82707214355467,33.77322769165039
81667977,2021,2022-01-03,3024,2021-11-21,0947,435,P-34,7,5,5,3024,0,0,0,NA,0,EAST,BUSHARD STREET,BISHOP PLACE,0,NA,Y,A,-,N,NA,NA,NA,NA,NA,NA,NA,NA,NA,Y,4,0,4,2,A,-,09,21801,A,N,D,C,A,A,H,-,A,A,0,NA,NA,NA,NA,Y,NA,A,01,0,0,4,0,0,0,0,0,0,-,-,33.741390228271484,-117.96343231201172,ORANGE,WESTMINSTER,-117.96347045898438,33.741268157958984
81668080,2021,2022-01-03,3001,2021-12-31,1420,A2367,D-1,5,5,7,3001,0,0,0,NA,0,D-1,BROOKHURST STREET,FALMOUTH AVENUE (N),149,S,N,A,-,N,NA,NA,NA,NA,NA,NA,NA,NA,NA,Y,4,0,1,4,A,-,09,21804,A,N,D,C,A,A,H,-,A,A,0,NA,NA,NA,NA,Y,NA,A,01,0,0,1,0,0,0,0,0,0,-,-,NA,NA,ORANGE,ANAHEIM,-117.95916748046876,33.84857177734375
8167005,2016,2017-08-16,3019,2016-11-14,2157,2647,SC,1,5,7,3019,0,0,0,NA,0,004,EDINGER AV,MOHAWK DR,650,W,N,A,-,N,NA,NA,NA,NA,NA,NA,NA,NA,NA,N,1,1,0,2,A,-,11,21954,A,N,G,B,D,A,H,-,C,D,0,Y,NA,NA,NA,Y,Y,N,60,0,0,0,1,0,0,0,0,0,-,-,33.7275,-117.9116,ORANGE,SANTA ANA,-117.91376258,33.72744464
8167020,2016,2018-09-24,3015,2016-05-06,1446,1017,46,5,5,6,3015,0,0,0,NA,0,751,WANDA RD,KATELLA AV,329,N,N,A,-,N,NA,NA,NA,NA,NA,NA,NA,NA,NA,Y,1,1,0,2,A,-,00,23153,E,N,G,B,D,A,H,-,A,A,0,Y,NA,NA,NA,Y,NA,D,22,0,0,0,1,0,0,0,0,0,-,-,NA,NA,ORANGE,ORANGE,-117.82198197,33.8113618
81670296,2021,2022-01-04,3002,2021-11-17,1754,1628,NA,3,5,4,3002,0,0,0,NA,0,013,BIRCH ST,MARKETPLACE (E),0,NA,Y,A,-,N,NA,NA,NA,NA,NA,NA,NA,NA,NA,Y,4,0,2,2,A,-,09,21801,A,N,D,C,A,A,H,-,C,A,0,NA,NA,NA,NA,Y,NA,A,01,0,0,2,0,0,0,0,0,0,-,-,33.91790008544922,-117.88629913330078,ORANGE,BREA,-117.88974,33.91775
81670305,2021,2022-01-04,3002,2021-11-21,1907,1632,NA,7,5,4,3002,0,0,0,NA,0,014,IMPERIAL HY,PUENTE ST,750,W,N,A,-,Y,NA,NA,NA,NA,NA,NA,NA,NA,NA,N,3,0,1,2,A,-,03,22350,NA,N,D,C,A,A,H,-,C,D,0,NA,NA,Y,NA,Y,NA,C,02,0,1,0,0,0,0,0,0,1,-,-,33.917388916015625,-117.9156494140625,ORANGE,BREA,-117.91807556152344,33.917301177978516
81670589,2021,2022-01-05,3019,2021-11-12,1834,3552,SC,5,5,7,3019,0,0,0,NA,0,004,BRISTOL STREET,TOLLIVER STREET,0,NA,Y,A,-,N,NA,NA,NA,NA,NA,NA,NA,NA,NA,N,4,0,1,2,A,-,09,21804,A,N,H,G,A,A,H,-,C,D,0,NA,Y,NA,NA,Y,NA,L,04,0,0,1,0,0,0,1,0,0,-,-,33.737831115722656,-117.8850326538086,ORANGE,SANTA ANA,-117.88522338867188,33.73773193359375
81670653,2021,2022-01-05,3019,2021-11-20,1714,3727,SC,6,5,7,3019,0,0,0,NA,0,004,EDINGER AVENUE,TOWNSEND STREET,32,S,N,A,-,N,NA,NA,NA,NA,NA,NA,NA,NA,NA,Y,4,0,1,2,A,-,09,21802,A,N,D,C,A,A,H,-,C,A,0,NA,NA,NA,NA,Y,NA,A,01,0,0,1,0,0,0,0,0,0,-,-,33.72676086425781,-117.89581298828124,ORANGE,SANTA ANA,-117.89531707763672,33.72721862792969
8167093,2017,2018-03-07,3019,2017-10-26,1847,2647,SE,4,5,7,3019,0,0,0,NA,0,003,MAIN ST,COLUMBINE AV,0,NA,Y,A,-,N,NA,NA,NA,NA,NA,NA,NA,NA,NA,N,1,1,0,2,A,-,01,21200,5,N,H,G,A,A,H,-,C,A,0,NA,Y,NA,NA,Y,Y,L,04,0,0,0,0,0,1,0,0,0,-,-,33.70303,-117.86801,ORANGE,SANTA ANA,-117.86818005,33.70263006
81671716,2022,2022-01-06,3010,2022-01-04,1317,2092,349,2,5,6,3010,0,0,0,NA,0,004,BEACH SERVICE ROAD,E CLP GOLDENWEST,25,W,N,A,-,Y,NA,NA,NA,NA,NA,NA,NA,NA,NA,N,3,0,1,2,B,-,22,NA,NA,N,H,B,F,A,H,-,A,D,0,Y,Y,NA,NA,Y,NA,L,04,0,1,0,0,1,0,0,0,0,-,-,NA,NA,ORANGE,HUNTINGTON BEACH,NA,NA
81671813,2021,2022-01-06,3019,2021-11-24,1113,3545,NE,3,5,7,3019,0,0,0,NA,0,002,BROADWAY,17TH STREET,30,N,N,A,-,N,NA,NA,NA,NA,NA,NA,NA,NA,NA,N,4,0,1,2,A,-,03,22350,NA,N,C,C,A,A,H,-,A,A,0,NA,NA,NA,NA,Y,NA,A,01,0,0,1,0,0,0,0,0,0,-,-,33.75925064086914,-117.8695068359375,ORANGE,SANTA ANA,-117.86962890625,33.76019287109375
81671837,2021,2022-01-06,3019,2021-12-06,0021,3652,SE,1,5,7,3019,0,0,0,NA,0,003,LYON STREET,CHESTNUT AVENUE,300,N,N,A,-,N,NA,NA,NA,NA,NA,NA,NA,NA,NA,Y,4,0,1,2,A,-,03,22350,NA,N,C,C,A,A,H,-,C,D,0,NA,NA,NA,NA,Y,NA,A,01,0,0,1,0,0,0,0,0,0,-,-,33.74222183227539,-117.84522247314452,ORANGE,SANTA ANA,-117.84488677978516,33.74309158325195
81673129,2021,2022-01-07,3019,2021-12-04,0120,3615,NE,6,5,7,3019,0,0,0,NA,0,002,PARTON STREET,17TH STREET,277,S,N,A,-,N,NA,NA,NA,NA,NA,NA,NA,NA,NA,Y,4,0,1,2,A,-,08,22107,NA,N,B,E,A,A,H,-,C,D,0,NA,NA,NA,NA,Y,NA,A,01,0,0,1,0,0,0,0,0,0,-,-,33.759891510009766,-117.8747100830078,ORANGE,SANTA ANA,-117.87460327148438,33.759212493896484
81673891,2022,2022-01-10,3001,2022-01-05,1300,A1555,D-3,3,5,7,3001,0,0,0,NA,0,D-3,(1210) S. BROOKHURST STREET,W. BALL ROAD,207,S,N,A,-,N,NA,NA,NA,NA,NA,NA,NA,NA,NA,N,4,0,2,2,B,-,22,NA,NA,N,D,C,A,A,H,-,A,D,0,NA,NA,NA,NA,Y,NA,A,01,0,0,2,0,0,0,0,0,0,-,-,NA,NA,ORANGE,ANAHEIM,-117.95886993408205,33.81721496582031
81675183,2021,2022-01-11,3010,2021-12-12,0500,1152,138,7,5,6,3010,0,0,0,NA,0,009,EDWARDS ST,BOLSA AVE,20,S,N,A,-,N,NA,NA,NA,NA,NA,NA,NA,NA,NA,N,3,0,1,1,A,-,07,21658,A,N,F,A,A,A,H,-,C,A,0,NA,NA,Y,NA,Y,NA,C,02,0,1,0,0,0,0,0,0,1,-,-,33.74372100830078,-118.01515197753906,ORANGE,HUNTINGTON BEACH,-118.01569366455078,33.74429702758789
81676176,2021,2022-01-12,3002,2021-12-20,2023,1508,NA,1,5,4,3002,0,0,0,NA,0,012,BIRCH ST,KRAEMER BL,208,W,N,A,-,N,NA,NA,NA,NA,NA,NA,NA,NA,NA,N,4,0,1,2,A,-,03,22350,NA,N,C,C,A,A,H,-,C,A,0,NA,NA,NA,NA,Y,NA,A,07,0,0,1,0,0,0,0,0,0,-,-,33.91828155517578,-117.86386108398438,ORANGE,BREA,-117.86453247070313,33.918251037597656
81676292,2021,2022-01-12,3008,2021-11-30,1825,1582,ZONE,2,5,6,3008,0,0,0,NA,0,NA,CHAPMAN AVE,STATE COLLEGE BLVD,0,NA,Y,A,-,N,NA,NA,NA,NA,NA,NA,NA,NA,NA,N,4,0,1,2,A,-,04,21703,NA,N,C,C,A,A,H,-,C,A,0,NA,NA,NA,NA,Y,NA,D,22,0,0,1,0,0,0,0,0,0,-,-,NA,NA,ORANGE,FULLERTON,-117.88961791992188,33.874210357666016
8167850,2019,2020-01-27,3004,2019-09-17,1859,P459,2,2,5,6,3004,0,0,0,NA,0,001,NEWPORT BL,HARBOR BL,0,NA,Y,A,-,Y,ORA,12,55,-,-,1.82,I,5,N,N,4,0,1,2,A,-,12,21453,A,F,D,G,A,A,H,-,C,A,0,NA,Y,NA,NA,Y,NA,-,99,0,0,1,0,0,0,1,0,0,-,-,33.641231536865234,-117.91858673095705,ORANGE,COSTA MESA,-117.91880798339844,33.641082763671875
81678813,2022,2022-01-17,3001,2022-01-12,2149,A2461,D-1,3,5,7,3001,0,0,0,NA,0,D-1,CRESCENT AVENUE,GILBERT STREET,0,NA,Y,A,-,N,NA,NA,NA,NA,NA,NA,NA,NA,NA,Y,3,0,1,2,A,-,09,21801,A,N,D,C,A,A,H,-,C,A,0,NA,NA,NA,NA,Y,Y,A,01,0,1,0,0,0,0,0,0,0,-,-,NA,NA,ORANGE,ANAHEIM,-117.9677276611328,33.83970260620117
81679430,2022,2022-01-18,3001,2022-01-17,1201,A2187,NA,1,5,7,3001,0,0,0,NA,0,D-3,LEWIS STREET,BALL ROAD,856,S,N,A,-,N,NA,NA,NA,NA,NA,NA,NA,NA,NA,Y,3,0,1,2,A,-,03,22350,NA,N,C,C,A,A,H,-,A,D,0,NA,NA,NA,NA,Y,NA,A,01,0,1,0,0,0,0,0,0,0,-,-,33.81821060180664,-117.89785003662108,ORANGE,ANAHEIM,-117.89794921875,33.81575393676758
81679480,2021,2022-01-18,3008,2021-12-06,2106,1515,ZONE,1,5,6,3008,0,0,0,NA,0,NA,EUCLID ST,91 RAMP (N),9,E,Y,A,-,Y,NA,NA,NA,NA,NA,NA,NA,NA,NA,Y,4,0,2,2,A,-,12,21453,A,N,D,C,A,A,H,-,C,A,0,NA,NA,NA,NA,Y,NA,A,01,0,0,2,0,0,0,0,0,0,-,-,NA,NA,ORANGE,FULLERTON,NA,NA
81680354,2021,2022-01-19,3001,2021-11-29,1504,A2467,D-1,1,5,7,3001,0,0,0,NA,0,D-1,BROOKHURST STREET,BROADWAY,89,S,N,A,-,N,NA,NA,NA,NA,NA,NA,NA,NA,NA,Y,3,0,4,5,A,-,03,22350,NA,N,B,C,A,A,H,-,A,A,0,NA,NA,NA,NA,Y,NA,A,01,0,4,0,0,0,0,0,0,0,-,-,33.82830047607422,-117.9588623046875,ORANGE,ANAHEIM,-117.95895385742188,33.82864761352539
8168076,2019,2020-02-07,3002,2019-08-08,0427,1461,NA,4,5,4,3002,0,0,0,NA,0,014,BREA BL,IMPERIAL HWY,8,S,N,B,-,Y,ORA,12,90,-,-,4.391,I,5,E,NA,2,0,1,2,A,-,05,21202,A,N,H,G,A,A,H,-,C,A,0,NA,Y,NA,NA,Y,Y,L,04,1,0,0,0,0,0,1,0,0,-,-,33.91632843017578,-117.90038299560548,ORANGE,BREA,-117.90038299560548,33.91645050048828
8168114,2019,2020-01-21,3003,2019-08-14,1412,1093,NA,3,5,5,3003,0,0,0,NA,0,NA,RT 39,LA MIRADA BL,0,NA,N,A,-,Y,ORA,12,39,-,-,16.38,I,5,N,Y,4,0,2,3,A,-,09,21801,A,N,D,D,A,A,H,-,A,D,0,NA,NA,NA,NA,Y,NA,A,01,0,0,2,0,0,0,0,0,0,-,-,33.525901794433594,-117.59480285644533,ORANGE,BUENA PARK,-117.99541473388672,33.884429931640625
81684266,2022,2022-01-25,3019,2022-01-09,1559,3753,SE,7,5,7,3019,0,0,0,NA,0,003,GRAND AVENUE,DYER ROAD,0,NA,Y,A,-,N,NA,NA,NA,NA,NA,NA,NA,NA,NA,N,3,0,1,2,A,-,12,21453,A,N,D,C,A,A,H,-,A,A,0,NA,NA,Y,NA,Y,NA,C,02,0,1,0,0,0,0,0,0,1,-,-,33.707550048828125,-117.85334777832033,ORANGE,SANTA ANA,-117.8525390625,33.708499908447266
81685204,2021,2022-01-26,3019,2021-12-04,1333,3710,SC,6,5,7,3019,0,0,0,NA,0,004,MCFADDEN AVENUE,MOHAWK DRIVE,27,W,N,A,-,N,NA,NA,NA,NA,NA,NA,NA,NA,NA,N,4,0,1,2,A,-,03,22350,NA,N,C,C,A,A,H,-,A,A,0,NA,NA,NA,NA,Y,NA,A,01,0,0,1,0,0,0,0,0,0,-,-,33.73469161987305,-117.91018676757813,ORANGE,SANTA ANA,-117.91000366210938,33.734779357910156
8168769,2016,2016-11-28,3000,2016-10-11,1347,5036,892A6,2,5,5,3028,0,0,0,NA,0,750,ALICIA PKWY,VIA LINDA,21,E,N,A,-,N,NA,NA,NA,NA,NA,NA,NA,NA,NA,N,4,0,1,2,A,-,03,22350,NA,N,C,C,A,A,H,-,A,A,0,NA,NA,Y,NA,Y,NA,A,01,0,0,1,0,0,0,0,0,1,-,-,NA,NA,ORANGE,MISSION VIEJO,-117.67438047,33.61923995
81688148,2021,2022-01-28,3024,2021-12-23,1816,502,P-17,4,5,5,3024,0,0,0,NA,0,WEST,HAZARD AVENUE,CHESTNUT STREET,0,NA,Y,A,-,N,NA,NA,NA,NA,NA,NA,NA,NA,NA,N,4,0,1,2,A,-,09,21802,A,N,D,C,A,B,H,-,C,A,0,NA,NA,NA,NA,Y,NA,A,01,0,0,1,0,0,0,0,0,0,-,-,33.75136947631836,-118.00544738769533,ORANGE,WESTMINSTER,-118.00272369384766,33.75187301635742
81688849,2022,2022-01-31,3001,2022-01-26,1842,A1047,NA,3,5,7,3001,0,0,0,NA,0,D-1,KNOTT AVENUE,BALL ROAD,124,S,N,A,-,N,NA,NA,NA,NA,NA,NA,NA,NA,NA,N,3,0,1,3,A,-,09,21804,A,N,B,G,A,A,H,-,C,A,0,NA,Y,NA,NA,Y,NA,L,04,0,1,0,0,0,0,1,0,0,-,-,33.8173713684082,-118.01094818115234,ORANGE,ANAHEIM,-118.01079559326172,33.81690979003906
8168885,2016,2016-11-28,3008,2016-09-25,1826,1484,NA,7,5,6,3008,0,0,0,NA,0,003,STATE COLLEGE BL,YORBA LINDA BL,23,N,N,A,-,N,NA,NA,NA,NA,NA,NA,NA,NA,NA,N,3,0,1,2,A,-,12,21453,A,N,G,B,B,A,H,-,B,A,0,Y,NA,NA,NA,Y,NA,A,01,0,1,0,0,1,0,0,0,0,-,-,NA,NA,ORANGE,FULLERTON,-117.89010836,33.88799267
8168897,2016,2016-11-28,3008,2016-09-15,1404,1284,Z1,4,5,6,3008,0,0,0,NA,0,NA,COMMONWEALTH AV,GILBERT ST,300,W,N,A,-,N,NA,NA,NA,NA,NA,NA,NA,NA,NA,Y,4,0,1,2,A,-,03,22350,NA,N,C,C,A,A,H,-,A,A,0,NA,NA,NA,NA,Y,NA,A,01,0,0,1,0,0,0,0,0,0,-,-,NA,NA,ORANGE,FULLERTON,-117.96920603,33.87005
81689240,2021,2022-01-31,3008,2021-12-10,0828,1626,ZONE,5,5,6,3008,0,0,0,NA,0,NA,NUTWOOD AVE,57 RAMP (W),0,NA,Y,A,-,Y,NA,NA,NA,NA,NA,NA,NA,NA,NA,Y,4,0,1,1,A,-,03,22350,NA,N,E,I,A,A,H,-,A,A,0,NA,NA,NA,NA,Y,NA,A,01,0,0,1,0,0,0,0,0,0,-,-,NA,NA,ORANGE,FULLERTON,NA,NA
81691185,2022,2022-02-02,3001,2022-01-26,1510,A1397,NA,3,5,7,3001,0,0,0,NA,0,D-2,LINCOLN AVENUE,ANAHEIM BOULEVARD,186,W,N,A,-,N,NA,NA,NA,NA,NA,NA,NA,NA,NA,N,4,0,1,2,A,-,03,22350,NA,N,C,C,A,A,H,-,A,A,0,NA,NA,NA,NA,Y,NA,A,07,0,0,1,0,0,0,0,0,0,-,-,NA,NA,ORANGE,ANAHEIM,-117.91432189941406,33.836669921875
81694252,2022,2022-02-07,3022,2022-01-26,1334,1305,NA,3,5,5,3022,0,0,0,NA,0,NA,PASADENA AV,WHITBY CIR,0,NA,Y,A,-,N,NA,NA,NA,NA,NA,NA,NA,NA,NA,N,3,0,3,2,A,-,09,21802,A,N,D,C,A,A,H,-,A,A,0,NA,NA,NA,NA,Y,NA,A,01,0,3,0,0,0,0,0,0,0,-,-,33.735679626464844,-117.83173370361328,ORANGE,TUSTIN,-117.83177947998048,33.73574447631836
81694491,2022,2022-02-07,3002,2022-01-21,1237,1684,NA,5,5,4,3002,0,0,0,NA,0,014,IMPERIAL HY,RANDOLPH AV (E),0,NA,Y,A,-,Y,ORA,NA,90,NA,NA,5.078,H,NA,R,Y,4,0,1,2,A,-,12,21453,A,N,D,C,A,A,H,-,A,A,0,NA,NA,NA,NA,Y,NA,A,01,0,0,1,0,0,0,0,0,0,-,-,33.9122314453125,-117.88987731933594,ORANGE,BREA,-117.88975524902344,33.91245651245117
81698064,2022,2022-02-10,3014,2022-02-09,1031,1483,RD25,3,5,5,3014,0,0,0,NA,0,A2,SR-1 (WEST COAST HWY),OLD NEWPORT BLVD,221.8,E,N,A,-,Y,ORA,NA,1,NA,NA,19.729,H,NA,R,Y,1,1,0,2,A,-,11,21954,A,N,G,B,D,A,H,-,A,D,0,Y,NA,NA,NA,Y,NA,N,60,0,0,0,1,0,0,0,0,0,-,-,33.62128829956055,-117.92780303955078,ORANGE,NEWPORT BEACH,-117.92780303955078,33.6213264465332
8169842,2016,2016-11-17,3026,2016-10-26,1657,8929,NA,3,5,6,3026,0,0,0,NA,0,00U,RED HILL AV,REYNOLDS AV,10,E,N,A,-,N,NA,NA,NA,NA,NA,NA,NA,NA,NA,N,4,0,1,2,A,-,03,22350,NA,N,C,C,A,A,H,-,A,D,0,NA,NA,NA,NA,Y,NA,A,01,0,0,1,0,0,0,0,0,0,-,-,NA,NA,ORANGE,IRVINE,-117.85348927,33.69531125
8170163,2016,2016-11-17,3010,2016-10-26,1839,2116,149,3,5,6,3010,0,0,0,NA,0,012,MCFADDEN,GOLDEN WEST,19,W,N,A,-,N,NA,NA,NA,NA,NA,NA,NA,NA,NA,N,3,0,1,2,A,-,05,21650,NA,F,D,G,A,A,H,-,C,A,0,NA,Y,NA,NA,Y,NA,L,04,0,1,0,0,0,0,1,0,0,-,-,NA,NA,ORANGE,HUNTINGTON BEACH,-118.00697235,33.73736912
81703766,2022,2022-02-18,3001,2022-02-17,0304,A2461,D-3,4,5,7,3001,0,0,0,NA,0,D-3,HARBOR BOULEVARD,VERMONT AVENUE,290,S,N,A,-,N,NA,NA,NA,NA,NA,NA,NA,NA,NA,N,3,0,1,1,A,-,01,23152,A,N,E,I,A,A,H,-,C,D,0,NA,NA,NA,NA,Y,Y,A,01,0,1,0,0,0,0,0,0,0,-,-,NA,NA,ORANGE,ANAHEIM,-117.9152374267578,33.82107162475586
81704609,2022,2022-02-21,3015,2022-02-17,1107,1515,RD22,4,5,6,3015,0,0,0,NA,0,723M,BATAVIA ST,ALMOND AVE,0,NA,Y,A,-,N,NA,NA,NA,NA,NA,NA,NA,NA,NA,Y,4,0,3,2,A,-,12,22450,A,N,D,C,A,A,H,-,A,A,0,NA,NA,NA,NA,Y,NA,A,01,0,0,3,0,0,0,0,0,0,-,-,33.78559875488281,-117.86186981201172,ORANGE,ORANGE,-117.86184692382813,33.78605270385742
81705364,2022,2022-02-22,3022,2022-02-10,1308,1296,NORTH,4,5,5,3022,0,0,0,NA,0,NA,EL CAMINO REAL,JAMBOREE RD,220,W,N,A,-,N,NA,NA,NA,NA,NA,NA,NA,NA,NA,Y,4,0,1,3,A,-,03,22350,NA,N,C,C,A,A,H,-,A,A,0,NA,NA,NA,NA,Y,NA,D,22,0,0,1,0,0,0,0,0,0,-,-,33.7223014831543,-117.79216766357422,ORANGE,TUSTIN,-117.79303741455078,33.7227897644043
81705376,2022,2022-02-22,3001,2022-02-20,1218,A1852,D-3,7,5,7,3001,0,0,0,NA,0,D-3,ORANGEWOOD AVENUE,MALLUL DRIVE,50,E,N,A,-,N,NA,NA,NA,NA,NA,NA,NA,NA,NA,N,4,0,1,2,A,-,03,22350,NA,N,C,C,A,A,H,-,A,D,0,NA,NA,NA,NA,Y,NA,A,01,0,0,1,0,0,0,0,0,0,-,-,33.79587936401367,-117.9169692993164,ORANGE,ANAHEIM,-117.91665649414063,33.79610061645508
81706466,2022,2022-02-23,3019,2022-02-13,0440,3758,SE,7,5,7,3019,0,0,0,NA,0,003,MAIN STREET,STEVENS AVENUE,398,N,N,A,-,N,NA,NA,NA,NA,NA,NA,NA,NA,NA,Y,4,0,1,1,A,-,08,22107,NA,N,E,I,A,A,H,-,C,D,0,NA,NA,NA,NA,Y,NA,A,01,0,0,1,0,0,0,0,0,0,-,-,33.694271087646484,-117.86927795410156,ORANGE,SANTA ANA,-117.86817932128906,33.69615173339844
8170859,2016,2016-12-27,3004,2016-11-08,1442,P603,07,2,5,6,3004,0,0,0,NA,0,015,E 19TH ST,ORANGE AV,7,W,N,A,-,N,NA,NA,NA,NA,NA,NA,NA,NA,NA,N,3,0,1,2,A,-,10,21950,A,N,G,B,B,A,H,-,A,A,0,Y,NA,NA,NA,Y,NA,A,01,0,1,0,0,1,0,0,0,0,-,-,33.64096,-117.91318,ORANGE,COSTA MESA,-117.91315722,33.64100269
81709375,2022,2022-02-25,3015,2022-02-11,0821,1515,RD57,5,5,6,3015,0,0,0,NA,0,723M,LINCOLN AVE,PALM AVE,0,NA,Y,A,-,N,NA,NA,NA,NA,NA,NA,NA,NA,NA,Y,4,0,1,2,D,-,00,NA,NA,N,D,C,A,A,H,-,A,A,0,NA,NA,Y,NA,Y,NA,-,-,0,0,1,0,0,0,0,0,1,-,-,33.83613967895508,-117.8410415649414,ORANGE,ORANGE,-117.84122467041016,33.836158752441406
81710451,2022,2022-02-28,3022,2022-02-12,1510,1342,NA,6,5,5,3022,0,0,0,NA,0,NA,MITCHELL AV,NEWPORT AV,0,NA,Y,A,-,N,NA,NA,NA,NA,NA,NA,NA,NA,NA,N,4,0,2,2,A,-,03,22350,NA,N,C,C,A,A,H,-,A,A,0,NA,NA,NA,NA,Y,NA,A,01,0,0,2,0,0,0,0,0,0,-,-,33.73540115356445,-117.8249969482422,ORANGE,TUSTIN,-117.824951171875,33.73542022705078
81712833,2022,2022-03-02,3019,2022-02-18,1716,3678,NE,5,5,7,3019,0,0,0,NA,0,002,BROADWAY,BUFFALO AVENUE,500,S,N,A,-,N,NA,NA,NA,NA,NA,NA,NA,NA,NA,N,4,0,1,2,A,-,03,22350,NA,N,C,C,A,A,H,-,A,D,0,NA,NA,NA,NA,Y,NA,A,01,0,0,1,0,0,0,0,0,0,-,-,33.76483154296875,-117.86930084228516,ORANGE,SANTA ANA,-117.86956787109376,33.76424026489258
81712846,2022,2022-03-02,3019,2022-02-21,1145,3637,NA,1,5,7,3019,0,0,0,NA,0,NA,ROSS STREET,10TH STREET (N),0,NA,Y,B,-,N,NA,NA,NA,NA,NA,NA,NA,NA,NA,N,3,0,3,2,A,-,09,21801,A,N,A,C,A,A,H,-,A,D,0,NA,NA,NA,NA,Y,NA,A,01,0,1,2,0,0,0,0,0,0,-,-,33.75360107421875,-117.87212371826172,ORANGE,SANTA ANA,-117.87249755859376,33.75331115722656
81713724,2022,2022-03-03,3001,2022-03-01,2045,A2467,NA,2,5,7,3001,0,0,0,NA,0,D-3,KATELLA AVENUE,CLEMENTINE STREET,0,NA,Y,A,-,N,NA,NA,NA,NA,NA,NA,NA,NA,NA,N,4,0,1,2,A,-,12,21453,A,F,A,C,A,A,H,-,C,A,0,NA,NA,NA,NA,Y,NA,A,01,0,0,1,0,0,0,0,0,0,-,-,33.80303955078125,-117.91004180908205,ORANGE,ANAHEIM,-117.91007232666016,33.803253173828125