CASE_ID,ACCIDENT_YEAR,PROC_DATE,JURIS,COLLISION_DATE,COLLISION_TIME,OFFICER_ID,REPORTING_DISTRICT,DAY_OF_WEEK,CHP_SHIFT,POPULATION,CNTY_CITY_LOC,SPECIAL_COND,BEAT_TYPE,CHP_BEAT_TYPE,CITY_DIVISION_LAPD,CHP_BEAT_CLASS,BEAT_NUMBER,PRIMARY_RD,SECONDARY_RD,DISTANCE,DIRECTION,INTERSECTION,WEATHER_1,WEATHER_2,STATE_HWY_IND,CALTRANS_COUNTY,CALTRANS_DISTRICT,STATE_ROUTE,ROUTE_SUFFIX,POSTMILE_PREFIX,POSTMILE,LOCATION_TYPE,RAMP_INTERSECTION,SIDE_OF_HWY,TOW_AWAY,COLLISION_SEVERITY,NUMBER_KILLED,NUMBER_INJURED,PARTY_COUNT,PRIMARY_COLL_FACTOR,PCF_CODE_OF_VIOL,PCF_VIOL_CATEGORY,PCF_VIOLATION,PCF_VIOL_SUBSECTION,HIT_AND_RUN,TYPE_OF_COLLISION,MVIW,PED_ACTION,ROAD_SURFACE,ROAD_COND_1,ROAD_COND_2,LIGHTING,CONTROL_DEVICE,CHP_ROAD_TYPE,PEDESTRIAN_ACCIDENT,BICYCLE_ACCIDENT,MOTORCYCLE_ACCIDENT,TRUCK_ACCIDENT,NOT_PRIVATE_PROPERTY,ALCOHOL_INVOLVED,STWD_VEHTYPE_AT_FAULT,CHP_VEHTYPE_AT_FAULT,COUNT_SEVERE_INJ,COUNT_VISIBLE_INJ,COUNT_COMPLAINT_PAIN,COUNT_PED_KILLED,COUNT_PED_INJURED,COUNT_BICYCLIST_KILLED,COUNT_BICYCLIST_INJURED,COUNT_MC_KILLED,COUNT_MC_INJURED,PRIMARY_RAMP,SECONDARY_RAMP,LATITUDE,LONGITUDE,COUNTY,CITY,POINT_X,POINT_Y
8177346,2016,2016-12-02,3015,2016-11-07,1739,1265,76,1,5,6,3015,0,0,0,NA,0,331,CHAPMAN AV,PROSPECT ST,300,W,N,A,-,N,NA,NA,NA,NA,NA,NA,NA,NA,NA,N,4,0,1,2,D,-,00,NA,NA,N,D,G,A,A,H,-,C,D,0,NA,Y,NA,NA,Y,NA,-,-,0,0,1,0,0,0,1,0,0,-,-,NA,NA,ORANGE,ORANGE,-117.81938492,33.7878
8177355,2016,2016-12-01,3010,2016-11-19,1553,1109,272,6,5,6,3010,0,0,0,NA,0,006,ASH LN,WARNER AV,28,S,N,A,-,N,NA,NA,NA,NA,NA,NA,NA,NA,NA,Y,4,0,1,3,A,-,03,22350,NA,M,B,C,A,A,H,-,A,A,0,NA,NA,NA,NA,Y,NA,A,01,0,0,1,0,0,0,0,0,0,-,-,NA,NA,ORANGE,HUNTINGTON BEACH,-117.99208139,33.71559324
81774609,2022,2022-05-18,3019,2022-04-18,1555,2801,SE,1,5,7,3019,0,0,0,NA,0,003,MCFADDEN AVENUE,LINWOOD AVENUE,0,NA,Y,A,-,N,NA,NA,NA,NA,NA,NA,NA,NA,NA,N,4,0,1,2,A,-,09,21801,B,N,D,G,A,A,H,-,A,D,0,NA,Y,NA,Y,Y,NA,F,26,0,0,1,0,0,0,1,0,0,-,-,33.73360824584961,-117.84803771972656,ORANGE,SANTA ANA,-117.84835815429688,33.73374557495117
81775511,2022,2022-05-19,3015,2022-05-15,0157,1595,RD23,7,5,6,3015,0,0,0,NA,0,113,CHAPMAN AVE,GLASSELL ST,0,NA,Y,A,-,N,NA,NA,NA,NA,NA,NA,NA,NA,NA,Y,4,0,1,1,A,-,01,23152,B,N,E,I,A,A,H,-,C,D,0,NA,NA,NA,NA,Y,Y,A,01,0,0,1,0,0,0,0,0,0,-,-,NA,NA,ORANGE,ORANGE,-117.85291290283205,33.78773880004883
8177637,2016,2016-12-05,3026,2016-11-17,1839,538,3026,4,5,6,3026,0,0,0,NA,0,00U,MAIN ST,PARK PL,202,E,N,A,-,N,NA,NA,NA,NA,NA,NA,NA,NA,NA,N,4,0,1,2,A,-,03,22350,NA,N,C,C,A,A,H,-,C,A,0,NA,NA,NA,NA,Y,NA,A,07,0,0,1,0,0,0,0,0,0,-,-,NA,NA,ORANGE,IRVINE,-117.83680523,33.67947432
81776441,2022,2022-05-20,3019,2022-04-26,1234,3382,NE,2,5,7,3019,0,0,0,NA,0,002,SANTA CLARA AVENUE,TUSTIN AVENUE,0,NA,Y,A,-,N,NA,NA,NA,NA,NA,NA,NA,NA,NA,Y,4,0,1,2,A,-,09,21801,A,N,A,C,A,A,H,-,A,D,0,NA,NA,NA,NA,Y,NA,A,01,0,0,1,0,0,0,0,0,0,-,-,33.76591110229492,-117.83550262451172,ORANGE,SANTA ANA,-117.83575439453124,33.767154693603516
81780477,2022,2022-05-25,3014,2022-04-24,1940,1566,RD17,7,5,5,3014,0,0,0,NA,0,A2,SR-1 (WEST COAST HWY),61ST ST,50,E,N,A,-,Y,ORA,NA,1,NA,NA,20.962,H,NA,R,Y,3,0,1,2,A,-,01,23152,A,N,B,C,A,A,H,-,B,D,0,NA,NA,Y,NA,Y,Y,C,02,0,1,0,0,0,0,0,0,1,-,-,33.625789642333984,-117.94818878173828,ORANGE,NEWPORT BEACH,-117.94814300537108,33.625850677490234
81784021,2022,2022-05-30,3022,2022-05-19,1605,1109,NA,4,5,5,3022,0,0,0,NA,0,NA,BRYAN AV,NEWPORT AV,21,E,N,A,-,N,NA,NA,NA,NA,NA,NA,NA,NA,NA,N,3,0,1,2,A,-,21,22106,NA,N,C,C,A,A,H,-,A,A,0,NA,NA,NA,NA,Y,NA,A,01,0,1,0,0,0,0,0,0,0,-,-,NA,NA,ORANGE,TUSTIN,-117.81646728515624,33.74370574951172
81784049,2022,2022-05-30,3008,2022-03-26,1638,1629,ZONE,6,5,6,3008,0,0,0,NA,0,NA,STARBUCK ST,HUGHES DR,464,S,N,A,-,N,NA,NA,NA,NA,NA,NA,NA,NA,NA,N,3,0,1,2,A,-,11,21954,A,N,G,B,D,A,H,-,A,D,0,Y,NA,NA,NA,Y,NA,N,60,0,1,0,0,1,0,0,0,0,-,-,NA,NA,ORANGE,FULLERTON,-117.96372222900392,33.88234329223633
81784398,2022,2022-05-31,3001,2022-05-21,1400,A2503,NA,6,5,7,3001,0,0,0,NA,0,NA,EUCLID STREET,CERRITOS AVENUE,280,N,N,A,-,N,NA,NA,NA,NA,NA,NA,NA,NA,NA,N,4,0,1,2,A,-,04,21703,NA,N,C,C,A,A,H,-,A,D,0,NA,NA,NA,NA,Y,NA,A,07,0,0,1,0,0,0,0,0,0,-,-,33.809730529785156,-117.94171905517578,ORANGE,ANAHEIM,-117.94145965576172,33.81040573120117
8178589,2016,2016-12-07,3024,2016-11-18,1321,190,NA,5,5,5,3024,0,0,0,NA,0,EAST,BOLSA AV,MAGNOLIA ST,0,NA,Y,A,-,N,NA,NA,NA,NA,NA,NA,NA,NA,NA,Y,3,0,2,2,A,-,03,22350,NA,N,C,C,A,A,H,-,A,A,0,NA,NA,NA,NA,Y,NA,I,11,0,1,1,0,0,0,0,0,0,-,-,NA,NA,ORANGE,WESTMINSTER,-117.97226012,33.7448301
81786391,2022,2022-06-02,3015,2022-05-27,1604,1515,RD137,5,5,6,3015,0,0,0,NA,0,732M,CANNON ST,VIA ESCOLA,44,S,N,A,-,N,NA,NA,NA,NA,NA,NA,NA,NA,NA,N,3,0,1,3,A,-,03,22350,NA,N,C,C,A,A,H,-,A,D,0,NA,NA,NA,NA,Y,NA,A,07,0,1,0,0,0,0,0,0,0,-,-,33.83415985107422,-117.79447174072266,ORANGE,ORANGE,-117.79550933837892,33.835384368896484
8178730,2016,2016-12-22,3004,2016-11-07,1123,P462,16,1,5,6,3004,0,0,0,NA,0,004,ADAMS AV,HARBOR BL,0,NA,Y,A,-,N,NA,NA,NA,NA,NA,NA,NA,NA,NA,N,4,0,1,2,A,-,09,21804,A,N,B,G,A,A,H,-,A,A,0,NA,Y,NA,NA,Y,NA,L,04,0,0,1,0,0,0,1,0,0,-,-,33.67341,-117.91939,ORANGE,COSTA MESA,-117.91934,33.67330007
81787414,2022,2022-06-03,3001,2022-05-30,1339,A2292,D-3,1,5,7,3001,0,0,0,NA,0,D-3,ANAHEIM WAY,KATELLA,30,S,N,A,-,N,NA,NA,NA,NA,NA,NA,NA,NA,NA,Y,4,0,3,4,A,-,03,22350,NA,N,C,C,A,A,H,-,A,A,0,NA,NA,NA,NA,Y,NA,A,01,0,0,3,0,0,0,0,0,0,-,-,NA,NA,ORANGE,ANAHEIM,-117.9008560180664,33.80335998535156
8178778,2016,2016-12-06,3009,2016-11-16,1835,3965,97,3,5,6,3009,0,0,0,NA,0,1-3,WESTMINSTER,BROOKHURST,300,W,N,A,-,N,NA,NA,NA,NA,NA,NA,NA,NA,NA,N,4,0,1,2,A,-,09,21801,A,N,D,C,A,A,H,-,C,D,0,NA,NA,Y,NA,Y,NA,A,08,0,0,1,0,0,0,0,0,1,-,-,NA,NA,ORANGE,GARDEN GROVE,-117.95602434,33.75961329
81788590,2022,2022-06-06,3008,2022-04-14,2209,1636,ZONE,4,5,6,3008,0,0,0,NA,0,NA,MALVERN AVE,WESLEY DR,30,W,N,A,-,N,NA,NA,NA,NA,NA,NA,NA,NA,NA,Y,3,0,3,3,A,-,03,22350,NA,N,C,C,A,A,H,-,C,D,0,NA,NA,NA,NA,Y,NA,A,01,0,1,2,0,0,0,0,0,0,-,-,NA,NA,ORANGE,FULLERTON,-117.94562530517578,33.875244140625
81790042,2022,2022-06-07,3014,2022-05-13,0526,1504,RD28,5,5,5,3014,0,0,0,NA,0,A2,WESTCLIFF DRIVE,IRVINE AVE,330,E,N,A,-,N,NA,NA,NA,NA,NA,NA,NA,NA,NA,Y,3,0,2,2,A,-,03,22350,NA,N,C,C,A,A,H,-,A,D,0,NA,NA,NA,NA,Y,NA,A,07,0,1,1,0,0,0,0,0,0,-,-,33.3738899230957,-117.54268646240234,ORANGE,NEWPORT BEACH,-117.90779113769533,33.627872467041016
81790583,2022,2022-06-08,3010,2022-06-04,1658,1015,NA,6,5,6,3010,0,0,0,NA,0,NA,22ND ST,WALNUT AVE,0,NA,Y,B,-,N,NA,NA,NA,NA,NA,NA,NA,NA,NA,N,3,0,1,2,A,-,12,22450,A,N,H,G,A,A,H,-,A,A,0,NA,Y,NA,NA,Y,NA,A,07,0,1,0,0,0,0,1,0,0,-,-,33.66862869262695,-118.01567840576172,ORANGE,HUNTINGTON BEACH,-118.01570892333984,33.66853332519531
8179535,2016,2016-12-13,3000,2016-11-04,1950,2849,819H5,5,5,5,3050,0,0,0,NA,0,762,EL TORO RD,MUIRLANDS BL,213,E,N,A,-,N,NA,NA,NA,NA,NA,NA,NA,NA,NA,Y,2,0,1,2,D,-,00,NA,NA,N,C,C,A,A,H,-,C,D,0,NA,NA,Y,NA,Y,NA,-,-,1,0,0,0,0,0,0,0,1,-,-,NA,NA,ORANGE,LAKE FOREST,-117.6967895,33.62365668
81795389,2022,2022-06-15,3019,2022-04-14,1525,3716,SE,4,5,7,3019,0,0,0,NA,0,003,MCFADDEN AVENUE,STANDARD AVENUE,0,NA,Y,A,-,N,NA,NA,NA,NA,NA,NA,NA,NA,NA,N,4,0,4,3,A,-,03,22350,NA,F,C,C,A,A,H,-,A,A,0,NA,NA,NA,NA,Y,NA,A,07,0,0,4,0,0,0,0,0,0,-,-,33.73263931274414,-117.85672760009766,ORANGE,SANTA ANA,-117.85640716552734,33.733619689941406
81795504,2022,2022-06-15,3019,2022-05-13,0731,3793,WE,5,5,7,3019,0,0,0,NA,0,001,FAIRVIEW STREET,GLENDON PLACE,34,N,N,-,-,N,NA,NA,NA,NA,NA,NA,NA,NA,NA,N,4,0,1,2,A,-,03,22350,NA,M,C,C,A,A,H,-,A,D,0,NA,NA,NA,NA,Y,NA,A,01,0,0,1,0,0,0,0,0,0,-,-,33.77210998535156,-117.90313720703124,ORANGE,SANTA ANA,-117.90297698974608,33.77218246459961
81799325,2022,2022-06-21,3001,2022-06-10,1427,A1740,D-1,5,5,7,3001,0,0,0,NA,0,D-1,LINCOLN AVENUE,WESTCHESTER DRIVE,708,W,N,A,-,N,NA,NA,NA,NA,NA,NA,NA,NA,NA,N,3,0,1,2,A,-,07,21658,A,N,D,G,A,A,H,-,A,D,0,NA,Y,NA,NA,Y,NA,L,04,0,1,0,0,0,0,1,0,0,-,-,33.83197021484375,-118.0052490234375,ORANGE,ANAHEIM,-118.00774383544922,33.831871032714844
81799416,2022,2022-06-21,3008,2022-05-04,1750,1387,ZONE,3,5,6,3008,0,0,0,NA,0,NA,COMMONWEALTH AVE,CORNELL AVE,0,NA,Y,A,-,N,NA,NA,NA,NA,NA,NA,NA,NA,NA,Y,3,0,2,2,A,-,09,21802,A,N,D,C,A,A,H,-,A,A,0,NA,NA,NA,NA,Y,NA,A,01,0,1,1,0,0,0,0,0,0,-,-,NA,NA,ORANGE,FULLERTON,-117.90972900390624,33.87045669555664
81802437,2022,2022-06-24,3001,2022-06-21,1412,A2312,D-2,2,5,7,3001,0,0,0,NA,0,D-2,LINCOLN AVENUE,WILSHIRE AVENUE,0,NA,Y,A,-,N,NA,NA,NA,NA,NA,NA,NA,NA,NA,Y,4,0,2,2,A,-,12,21453,A,N,D,C,A,A,H,-,A,A,0,NA,NA,NA,NA,Y,NA,-,-,0,0,2,0,0,0,0,0,0,-,-,NA,NA,ORANGE,ANAHEIM,-117.9301986694336,33.83270263671875
81803399,2022,2022-06-27,3024,2022-05-13,1632,452,P-33,5,5,5,3024,0,0,0,NA,0,EAST,BOLSA AVENUE,MAGNOLIA STREET,448,W,N,A,-,N,NA,NA,NA,NA,NA,NA,NA,NA,NA,N,3,0,1,2,A,-,09,21804,A,N,D,C,A,A,H,-,A,D,0,NA,NA,NA,NA,Y,NA,A,01,0,1,0,0,0,0,0,0,0,-,-,33.74483108520508,-117.97222137451172,ORANGE,WESTMINSTER,-117.97325897216795,33.745052337646484
81804529,2022,2022-06-28,3001,2022-06-24,2217,A1047,NA,5,5,7,3001,0,0,0,NA,0,D-2,LA PALMA AVENUE,FAIRVIEW STREET,0,NA,Y,A,-,N,NA,NA,NA,NA,NA,NA,NA,NA,NA,Y,4,0,2,3,A,-,09,21801,A,N,A,C,A,A,H,-,C,A,0,NA,NA,NA,NA,Y,NA,A,01,0,0,2,0,0,0,0,0,0,-,-,33.84669876098633,-117.95175933837892,ORANGE,ANAHEIM,-117.95179748535156,33.84703063964844
81805470,2022,2022-06-29,3001,2022-06-25,0421,A2594,D-1,6,5,7,3001,0,0,0,NA,0,D-1,GILBERT STREET,ORANGE AVENUE,844,S,N,A,-,N,NA,NA,NA,NA,NA,NA,NA,NA,NA,Y,4,0,1,2,A,-,07,21658,A,F,B,E,A,A,H,-,B,D,0,NA,NA,NA,NA,Y,NA,A,01,0,0,1,0,0,0,0,0,0,-,-,33.82497024536133,-117.9675064086914,ORANGE,ANAHEIM,-117.96762084960938,33.82264709472656
81808807,2022,2022-07-01,3016,2022-02-09,0842,2182,16,3,5,5,3016,0,0,0,NA,0,001,ROSE DRIVE,IMPERIAL HIGHWAY,225,N,N,A,-,N,NA,NA,NA,NA,NA,NA,NA,NA,NA,Y,4,0,1,2,A,-,07,21658,A,N,B,C,A,A,H,-,A,D,0,NA,NA,NA,NA,Y,NA,A,01,0,0,1,0,0,0,0,0,0,-,-,33.904659271240234,-117.8423080444336,ORANGE,PLACENTIA,-117.84219360351563,33.90497589111328
81808818,2022,2022-07-01,3016,2022-02-21,1455,1254,15,1,5,5,3016,0,0,0,NA,0,001,YORBA LINDA BOULEVARD,MCCORMACK LANE,129,E,N,A,-,N,NA,NA,NA,NA,NA,NA,NA,NA,NA,Y,3,0,2,2,A,-,03,22350,NA,N,C,C,A,A,H,-,A,A,0,NA,NA,NA,NA,Y,NA,A,01,0,1,1,0,0,0,0,0,0,-,-,33.88928985595703,-117.84835052490234,ORANGE,PLACENTIA,-117.84786987304688,33.88930892944336
81808903,2022,2022-07-01,3016,2022-05-25,2012,2145,21,3,5,5,3016,0,0,0,NA,0,002,LA JOLLA STREET,TAFOLLA STREET,0,NA,Y,-,-,N,NA,NA,NA,NA,NA,NA,NA,NA,NA,Y,3,0,1,1,A,-,03,22350,NA,N,B,I,A,A,H,-,B,A,0,NA,NA,Y,NA,Y,NA,C,02,0,1,0,0,0,0,0,0,1,-,-,33.85786819458008,-117.87435150146484,ORANGE,PLACENTIA,-117.87445068359376,33.85820770263672
81809899,2022,2022-07-05,3008,2022-05-14,1347,1486,ZONE,6,5,6,3008,0,0,0,NA,0,NA,HARBOR BLVD,LA ENTRADA PL,0,NA,Y,A,-,N,NA,NA,NA,NA,NA,NA,NA,NA,NA,Y,4,0,2,2,A,-,09,21804,A,N,D,C,A,A,H,-,A,D,0,NA,NA,NA,NA,Y,NA,A,01,0,0,2,0,0,0,0,0,0,-,-,NA,NA,ORANGE,FULLERTON,-117.9301986694336,33.906742095947266
81810846,2022,2022-07-06,3010,2022-07-05,0932,0147,283,2,5,6,3010,0,0,0,NA,0,006,BEACH BL - SR39,NEWMAN AVE,170,N,N,A,-,Y,ORA,NA,39,NA,NA,3.882,H,NA,R,Y,3,0,2,2,A,-,03,22350,NA,N,C,C,A,A,H,-,A,D,0,NA,NA,NA,NA,Y,NA,D,22,0,1,1,0,0,0,0,0,0,-,-,33.70479965209961,-117.98909759521484,ORANGE,HUNTINGTON BEACH,-117.98910522460938,33.70479965209961
81812519,2022,2022-07-08,3001,2022-07-05,1721,A1466,D-1,2,5,7,3001,0,0,0,NA,0,D-1,BALL ROAD,BROOKHURST STREET,146,W,N,A,-,N,NA,NA,NA,NA,NA,NA,NA,NA,NA,Y,2,0,1,2,A,-,09,21804,A,N,D,C,A,A,H,-,A,D,0,NA,NA,Y,NA,Y,NA,A,01,1,0,0,0,0,0,0,0,1,-,-,33.817649841308594,-117.95894622802734,ORANGE,ANAHEIM,-117.95941925048828,33.817779541015625
8181305,2016,2016-12-08,3010,2016-11-27,2129,1080,442,7,5,6,3010,0,0,0,NA,0,003,DELAWARE,ADAMS,0,NA,Y,A,-,N,NA,NA,NA,NA,NA,NA,NA,NA,NA,Y,4,0,1,2,A,-,09,21801,A,N,D,C,A,A,H,-,A,A,0,NA,NA,NA,NA,Y,NA,A,01,0,0,1,0,0,0,0,0,0,-,-,NA,NA,ORANGE,HUNTINGTON BEACH,-117.99295009,33.67214001
8181433,2016,2016-12-06,3009,2016-11-26,1248,3486,96,6,5,6,3009,0,0,0,NA,0,013,ERIN ST,INGRAM AV,0,NA,Y,A,-,N,NA,NA,NA,NA,NA,NA,NA,NA,NA,N,4,0,1,3,A,-,09,21802,A,N,D,-,A,A,H,-,A,D,0,NA,NA,NA,NA,Y,NA,A,01,0,0,1,0,0,0,0,0,0,-,-,NA,NA,ORANGE,GARDEN GROVE,-117.96210006,33.76127008
81816734,2022,2022-07-14,3019,2022-05-23,1054,3295,WE,1,5,7,3019,0,0,0,NA,0,002,17TH STREET,BRISTOL STREET,0,NA,Y,A,-,N,NA,NA,NA,NA,NA,NA,NA,NA,NA,N,4,0,1,2,A,-,11,21954,A,N,G,B,D,A,H,-,A,A,0,Y,NA,NA,NA,Y,NA,N,60,0,0,1,0,1,0,0,0,0,-,-,33.76002883911133,-117.88511657714844,ORANGE,SANTA ANA,-117.88507843017578,33.760135650634766
81816826,2022,2022-07-14,3019,2022-06-01,1751,3716,SC,3,5,7,3019,0,0,0,NA,0,004,DOUGLAS STREET,SEGERSTROM AVENUE,0,NA,Y,A,-,N,NA,NA,NA,NA,NA,NA,NA,NA,NA,Y,4,0,3,2,A,-,09,21802,A,N,D,C,A,A,H,-,A,D,0,NA,NA,NA,NA,Y,NA,A,01,0,0,3,0,0,0,0,0,0,-,-,33.70695877075195,-117.8962631225586,ORANGE,SANTA ANA,-117.89541625976563,33.70734786987305
81817700,2022,2022-07-15,3001,2022-07-11,2110,A2767,D-2,1,5,7,3001,0,0,0,NA,0,D-2,LINCOLN AVENUE,STATE COLLEGE BOULEVARD,360,W,N,A,-,N,NA,NA,NA,NA,NA,NA,NA,NA,NA,Y,1,1,0,3,-,-,-,NA,NA,F,G,B,D,A,H,-,C,D,0,Y,NA,NA,NA,Y,NA,-,-,0,0,0,1,0,0,0,0,0,-,-,33.83998107910156,-117.88934326171876,ORANGE,ANAHEIM,-117.89049530029295,33.840187072753906
81817710,2022,2022-07-15,3001,2022-07-13,1351,A2292,D-1,3,5,7,3001,0,0,0,NA,0,D-1,GILBERT STREET,BALL ROAD,0,NA,Y,A,-,N,NA,NA,NA,NA,NA,NA,NA,NA,NA,N,4,0,3,2,A,-,09,21801,A,N,B,C,A,A,H,-,A,A,0,NA,NA,NA,NA,Y,NA,A,01,0,0,3,0,0,0,0,0,0,-,-,33.81718826293945,-117.9677734375,ORANGE,ANAHEIM,-117.96763610839844,33.81768798828125
8181900,2016,2016-12-08,3000,2016-11-04,1815,2849,891J1,5,5,5,3050,0,0,0,NA,0,762,PEACHWOOD,PALMWOOD,0,NA,Y,A,-,N,NA,NA,NA,NA,NA,NA,NA,NA,NA,Y,4,0,1,2,A,-,09,21802,A,N,D,C,A,A,H,-,C,A,0,NA,NA,NA,NA,Y,NA,A,07,0,0,1,0,0,0,0,0,0,-,-,NA,NA,ORANGE,LAKE FOREST,-117.68839008,33.65221002
8181959,2016,2016-12-07,3010,2016-11-15,1729,251,413,2,5,6,3010,0,0,0,NA,0,1729,DELAWARE,DEL WY,21,N,N,A,-,N,NA,NA,NA,NA,NA,NA,NA,NA,NA,N,4,0,3,2,A,-,09,21801,A,N,D,C,A,A,H,-,C,D,0,NA,NA,NA,NA,Y,NA,A,01,0,0,3,0,0,0,0,0,0,-,-,NA,NA,ORANGE,HUNTINGTON BEACH,-117.99421,33.68102
8181991,2016,2016-12-07,3010,2016-11-17,0829,164,169,4,5,6,3010,0,0,0,NA,0,009,GOLDENWEST,EDINGER,423,N,N,A,-,N,NA,NA,NA,NA,NA,NA,NA,NA,NA,Y,3,0,2,2,A,-,09,21804,A,N,D,C,A,A,H,-,A,D,0,NA,NA,NA,NA,Y,NA,A,07,0,1,1,0,0,0,0,0,0,-,-,NA,NA,ORANGE,HUNTINGTON BEACH,-118.00679099,33.73125955
8182010,2016,2016-12-07,3009,2016-11-23,1418,3397,143,3,5,6,3009,0,0,0,NA,0,2    2,LAMPSON AV,BUARO ST,45,E,N,A,-,N,NA,NA,NA,NA,NA,NA,NA,NA,NA,N,4,0,1,2,A,-,03,22350,NA,N,-,C,A,A,H,-,A,A,0,NA,NA,NA,NA,Y,NA,A,08,0,0,1,0,0,0,0,0,0,-,-,NA,NA,ORANGE,GARDEN GROVE,-117.91903226,33.781630559999996
8182033,2016,2017-03-04,3010,2016-11-22,2052,1085,423,2,5,6,3010,0,0,0,NA,0,003,RT 39,GARFIELD,100,S,N,A,-,Y,ORA,12,39,-,-,2.63,H,-,N,N,4,0,1,2,A,-,01,23152,A,N,C,C,A,A,H,-,C,A,0,NA,NA,NA,NA,Y,Y,A,01,0,0,1,0,0,0,0,0,0,-,-,NA,NA,ORANGE,HUNTINGTON BEACH,-117.98867198,33.68657641
81820871,2022,2022-07-20,3015,2022-07-04,1935,1678,RD51,1,5,6,3015,0,0,0,NA,0,111,ORANGEWOOD AVE,ECKHOFF ST,0,NA,Y,A,-,N,NA,NA,NA,NA,NA,NA,NA,NA,NA,Y,3,0,4,2,A,-,12,21453,A,N,D,C,A,A,H,-,A,A,0,NA,NA,NA,NA,Y,NA,A,07,0,1,3,0,0,0,0,0,0,-,-,33.79574966430664,-117.87384796142578,ORANGE,ORANGE,-117.87374114990234,33.79579162597656
81823827,2022,2022-07-25,3016,2022-07-06,1042,1299,18,3,5,5,3016,0,0,0,NA,0,002,CHAPMAN AVENUE,SUNSET DRIVE,111,W,N,A,-,N,NA,NA,NA,NA,NA,NA,NA,NA,NA,Y,4,0,1,2,A,-,09,21804,A,N,D,C,A,A,H,-,A,D,0,NA,NA,NA,NA,Y,NA,A,01,0,0,1,0,0,0,0,0,0,-,-,33.873619079589844,-117.87699127197266,ORANGE,PLACENTIA,-117.87776184082033,33.87363052368164
81824855,2022,2022-07-26,3002,2022-06-10,1506,1671,NA,5,5,4,3002,0,0,0,NA,0,012,CARBON CANYON RD,BREA HILLS AV,3854,E,N,A,-,Y,ORA,NA,142,NA,NA,2.525,H,NA,R,Y,4,0,2,3,A,-,03,22350,NA,N,C,C,A,A,H,-,A,D,0,NA,NA,NA,NA,Y,NA,A,07,0,0,2,0,0,0,0,0,0,-,-,33.92226028442383,-117.83316040039063,ORANGE,BREA,-117.83311462402344,33.92245101928711
8182877,2016,2016-12-08,3019,2016-10-19,0620,2630,NE,3,5,7,3019,0,0,0,NA,0,002,4TH ST,GRAND AV,0,NA,Y,A,-,N,NA,NA,NA,NA,NA,NA,NA,NA,NA,Y,4,0,3,2,D,-,00,NA,NA,N,A,C,A,A,H,-,A,A,0,NA,NA,NA,NA,Y,NA,-,-,0,0,3,0,0,0,0,0,0,-,-,33.74808,-117.85206,ORANGE,SANTA ANA,-117.85185008,33.748060100000004
81829468,2022,2022-08-01,3015,2022-07-21,1355,1530,22W,4,5,6,3015,0,0,0,NA,0,733M,MAIN ST,PROVIDENCE AVE,0,NA,Y,A,-,N,NA,NA,NA,NA,NA,NA,NA,NA,NA,N,4,0,1,2,A,-,10,21950,A,N,G,B,B,A,H,-,A,A,0,Y,NA,NA,NA,Y,NA,A,07,0,0,1,0,1,0,0,0,0,-,-,NA,NA,ORANGE,ORANGE,-117.86736297607422,33.781410217285156
81829781,2022,2022-08-01,3014,2022-07-19,1518,1555,RD26,2,5,5,3014,0,0,0,NA,0,A2,SR-1 (W COAST HWY),DOVER DR,739,W,N,A,-,Y,ORA,NA,1,NA,NA,18.586,H,NA,R,Y,4,0,1,3,A,-,03,22350,NA,N,C,C,A,A,H,-,A,D,0,NA,NA,NA,NA,Y,NA,A,01,0,0,1,0,0,0,0,0,0,-,-,33.6159782409668,-117.90979766845705,ORANGE,NEWPORT BEACH,-117.90980529785156,33.6160774230957
81830694,2022,2022-08-02,3019,2022-04-17,1234,3737,SC,7,5,7,3019,0,0,0,NA,0,003,RAITT STREET,WALNUT STREET,0,NA,Y,A,-,N,NA,NA,NA,NA,NA,NA,NA,NA,NA,N,3,0,1,2,A,-,11,21954,A,N,G,B,D,A,H,-,A,D,0,Y,NA,NA,NA,Y,NA,N,60,0,1,0,0,1,0,0,0,0,-,-,33.743961334228516,-117.89325714111328,ORANGE,SANTA ANA,-117.8931121826172,33.74441146850586
81830791,2022,2022-08-02,3019,2022-06-20,0410,3585,NE,1,5,7,3019,0,0,0,NA,0,002,BROADWAY,CIVIC CENTER DRIVE,49,S,N,A,-,N,NA,NA,NA,NA,NA,NA,NA,NA,NA,Y,4,0,1,2,A,-,03,22350,NA,F,C,C,A,A,H,-,C,A,0,NA,NA,Y,NA,Y,NA,-,99,0,0,1,0,0,0,0,0,1,-,-,33.75115966796875,-117.86937713623048,ORANGE,SANTA ANA,-117.86969757080078,33.75083541870117
81830880,2022,2022-08-02,3019,2022-06-30,1822,3549,NE,4,5,7,3019,0,0,0,NA,0,002,MEMORY LANE,MAIN STREET,0,NA,Y,A,-,N,NA,NA,NA,NA,NA,NA,NA,NA,NA,N,4,0,1,2,A,-,03,22350,NA,N,C,C,A,A,H,-,A,A,0,NA,NA,NA,NA,Y,NA,D,22,0,0,1,0,0,0,0,0,0,-,-,33.77252960205078,-117.8672103881836,ORANGE,SANTA ANA,-117.8672332763672,33.77277755737305