CASE_ID,ACCIDENT_YEAR,PROC_DATE,JURIS,COLLISION_DATE,COLLISION_TIME,OFFICER_ID,REPORTING_DISTRICT,DAY_OF_WEEK,CHP_SHIFT,POPULATION,CNTY_CITY_LOC,SPECIAL_COND,BEAT_TYPE,CHP_BEAT_TYPE,CITY_DIVISION_LAPD,CHP_BEAT_CLASS,BEAT_NUMBER,PRIMARY_RD,SECONDARY_RD,DISTANCE,DIRECTION,INTERSECTION,WEATHER_1,WEATHER_2,STATE_HWY_IND,CALTRANS_COUNTY,CALTRANS_DISTRICT,STATE_ROUTE,ROUTE_SUFFIX,POSTMILE_PREFIX,POSTMILE,LOCATION_TYPE,RAMP_INTERSECTION,SIDE_OF_HWY,TOW_AWAY,COLLISION_SEVERITY,NUMBER_KILLED,NUMBER_INJURED,PARTY_COUNT,PRIMARY_COLL_FACTOR,PCF_CODE_OF_VIOL,PCF_VIOL_CATEGORY,PCF_VIOLATION,PCF_VIOL_SUBSECTION,HIT_AND_RUN,TYPE_OF_COLLISION,MVIW,PED_ACTION,ROAD_SURFACE,ROAD_COND_1,ROAD_COND_2,LIGHTING,CONTROL_DEVICE,CHP_ROAD_TYPE,PEDESTRIAN_ACCIDENT,BICYCLE_ACCIDENT,MOTORCYCLE_ACCIDENT,TRUCK_ACCIDENT,NOT_PRIVATE_PROPERTY,ALCOHOL_INVOLVED,STWD_VEHTYPE_AT_FAULT,CHP_VEHTYPE_AT_FAULT,COUNT_SEVERE_INJ,COUNT_VISIBLE_INJ,COUNT_COMPLAINT_PAIN,COUNT_PED_KILLED,COUNT_PED_INJURED,COUNT_BICYCLIST_KILLED,COUNT_BICYCLIST_INJURED,COUNT_MC_KILLED,COUNT_MC_INJURED,PRIMARY_RAMP,SECONDARY_RAMP,LATITUDE,LONGITUDE,COUNTY,CITY,POINT_X,POINT_Y
8416954,2017,2017-08-03,3010,2017-07-22,1515,1118,451,6,5,6,3010,0,0,0,NA,0,004,OLIVE,8TH ST,0,NA,Y,A,-,N,NA,NA,NA,NA,NA,NA,NA,NA,NA,Y,3,0,2,2,A,-,09,21802,A,N,D,C,A,A,H,-,A,A,0,NA,NA,NA,NA,Y,NA,A,01,0,1,1,0,0,0,0,0,0,-,-,NA,NA,ORANGE,HUNTINGTON BEACH,-118.0034501,33.66118009
8417343,2017,2017-07-28,3009,2017-07-14,1932,3965,154,5,5,6,3009,0,0,0,NA,0,2   2,GARDEN GROVE BL,HASTER ST,120,W,N,A,-,N,NA,NA,NA,NA,NA,NA,NA,NA,NA,Y,4,0,1,2,A,-,09,21804,A,N,B,C,A,A,H,-,B,A,0,NA,NA,NA,NA,Y,NA,A,07,0,0,1,0,0,0,0,0,0,-,-,NA,NA,ORANGE,GARDEN GROVE,-117.90652395,33.77451
84176315,2024,2024-08-13,3008,2024-06-03,1053,1687,NA,1,5,6,3008,0,0,0,NA,0,NA,LEMON ST,FREEDOM AVE,500,N,N,B,-,N,NA,NA,NA,NA,NA,NA,NA,NA,NA,N,3,0,1,2,A,-,09,21804,A,N,D,G,A,A,H,-,A,A,0,NA,Y,NA,NA,Y,NA,A,01,0,1,0,0,0,0,1,0,0,-,-,33.86248016357422,-117.91988372802734,ORANGE,FULLERTON,-117.9198989868164,33.86389923095703
84176317,2024,2024-08-13,3008,2024-06-08,2134,1636,NA,6,5,6,3008,0,0,0,NA,0,NA,COMMONWEALTH AVE,HIGHLAND AVE,0,NA,Y,A,-,N,NA,NA,NA,NA,NA,NA,NA,NA,NA,N,4,0,1,2,A,-,10,21950,A,N,G,B,B,A,H,-,C,A,0,Y,NA,NA,NA,Y,NA,A,01,0,0,1,0,1,0,0,0,0,-,-,33.87038040161133,-117.92874908447266,ORANGE,FULLERTON,-117.9287109375,33.870330810546875
8418053,2017,2017-08-23,3001,2017-07-18,0629,1555,NA,2,5,7,3001,0,0,0,NA,0,0D3,EAST BALL RD,SOUTH EAST ST,267,W,N,A,-,N,NA,NA,NA,NA,NA,NA,NA,NA,NA,Y,4,0,1,4,A,-,08,22107,NA,N,B,C,A,A,H,-,B,D,0,NA,NA,NA,NA,Y,NA,A,01,0,0,1,0,0,0,0,0,0,-,-,NA,NA,ORANGE,ANAHEIM,-117.89699696,33.8181
8418191,2017,2017-08-01,3000,2017-07-11,1420,8926,972A5,2,5,4,3029,0,0,0,NA,0,735,DEL OBISPO,STONEHILL DR,318,S,N,A,-,N,NA,NA,NA,NA,NA,NA,NA,NA,NA,N,3,0,1,2,A,-,09,21804,A,N,D,C,A,A,H,-,A,D,0,NA,NA,NA,NA,Y,NA,A,01,0,1,0,0,0,0,0,0,0,-,-,NA,NA,ORANGE,DANA POINT,-117.68496031,33.47468986
8418628,2017,2017-07-27,3019,2017-07-03,1042,3198,WE,1,5,7,3019,0,0,0,NA,0,001,FAIRVIEW ST,CIVIC CENTER DR,120,N,N,A,-,N,NA,NA,NA,NA,NA,NA,NA,NA,NA,N,4,0,1,2,D,-,00,NA,NA,N,H,G,A,A,H,-,A,D,0,NA,Y,NA,NA,Y,NA,-,-,0,0,1,0,0,0,1,0,0,-,-,33.75155,-117.90298,ORANGE,SANTA ANA,-117.90303839,33.75177742
8418670,2017,2017-08-02,3007,2017-06-27,1558,1139,73,2,5,5,3007,0,0,0,NA,0,003,MAGNOLIA,JAY,0,NA,Y,A,-,N,NA,NA,NA,NA,NA,NA,NA,NA,NA,N,4,0,1,2,A,-,03,22350,NA,N,C,C,A,A,H,-,A,A,0,NA,NA,NA,NA,Y,NA,A,01,0,0,1,0,0,0,0,0,0,-,-,NA,NA,ORANGE,FOUNTAIN VALLEY,-117.97157011,33.69066002
8418992,2017,2017-08-02,3004,2017-07-24,2140,P640,32,1,5,6,3004,0,0,0,NA,0,015,AVENUE OF THE ARTS,ANTON BL,335,N,N,A,-,N,NA,NA,NA,NA,NA,NA,NA,NA,NA,N,3,0,1,2,A,-,10,21950,A,N,G,B,C,A,H,-,C,A,0,Y,NA,NA,NA,Y,NA,A,01,0,1,0,0,1,0,0,0,0,-,-,33.69151,-117.8217,ORANGE,COSTA MESA,-117.881032,33.691096
8419278,2017,2017-08-08,3007,2017-07-10,0724,1134,19,1,5,5,3007,0,0,0,NA,0,002,HARBOR,LILAC,0,NA,Y,A,-,N,NA,NA,NA,NA,NA,NA,NA,NA,NA,N,4,0,1,2,D,-,00,NA,NA,N,G,B,-,A,H,-,A,A,0,Y,NA,NA,NA,Y,NA,-,-,0,0,1,0,1,0,0,0,0,-,-,NA,NA,ORANGE,FOUNTAIN VALLEY,-117.91998006,33.73099009
8420320,2017,2017-08-11,3019,2017-06-22,1330,2460,SE,4,5,7,3019,0,0,0,NA,0,003,LYON ST,CHESTNUT AV,0,NA,Y,A,-,N,NA,NA,NA,NA,NA,NA,NA,NA,NA,Y,4,0,2,2,A,-,12,21453,A,N,D,C,A,A,H,-,A,A,0,NA,NA,NA,NA,Y,NA,A,01,0,0,2,0,0,0,0,0,0,-,-,33.74222,-117.84522,ORANGE,SANTA ANA,-117.84489006,33.74227011
8420464,2017,2017-08-09,3019,2017-06-27,0710,2460,SC,2,5,7,3019,0,0,0,NA,0,002,BROADWAY,5TH ST,0,NA,Y,A,-,N,NA,NA,NA,NA,NA,NA,NA,NA,NA,Y,3,0,1,2,A,-,09,21801,A,N,A,C,A,A,H,-,A,A,0,NA,NA,NA,NA,Y,NA,A,01,0,1,0,0,0,0,0,0,0,-,-,33.7488,-117.86942,ORANGE,SANTA ANA,-117.86971,33.74892001
8420562,2017,2018-06-11,3000,2017-07-06,0555,2731,797J5,4,5,4,3021,0,0,0,NA,0,023,BEACH BL,CATHERINE AV,0,NA,Y,A,-,Y,ORA,12,39,-,-,9.361,I,5,N,N,4,0,1,2,A,-,09,21802,A,N,D,C,A,A,H,-,A,D,0,NA,NA,NA,NA,Y,NA,A,01,0,0,1,0,0,0,0,0,0,-,-,NA,NA,ORANGE,STANTON,-117.99281856,33.78376553
8420668,2017,2018-05-18,3011,2017-07-17,1052,312852,84,1,5,4,3011,0,0,0,NA,0,003,4TH AV,COAST HWY,0,NA,Y,A,-,Y,ORA,12,1,-,-,4.681,I,5,N,Y,3,0,1,2,A,-,09,21801,A,N,D,C,A,A,H,-,A,D,0,NA,NA,Y,NA,Y,NA,A,07,0,1,0,0,0,0,0,0,1,-,-,NA,NA,ORANGE,LAGUNA BEACH,-117.73193109,33.49076504
8422820,2017,2017-08-09,3008,2017-04-02,1714,1469,NA,7,5,6,3008,0,0,0,NA,0,002,TRUSLOW AV,HARBOR BL,0,NA,Y,A,-,N,NA,NA,NA,NA,NA,NA,NA,NA,NA,N,2,0,1,2,A,-,10,21950,A,N,G,B,C,A,H,-,A,A,0,Y,NA,NA,NA,Y,NA,A,01,1,0,0,0,1,0,0,0,0,-,-,NA,NA,ORANGE,FULLERTON,-117.92429011,33.867320050000004
8422824,2017,2017-08-09,3008,2017-04-05,1204,1158,NA,3,5,6,3008,0,0,0,NA,0,0II,LEMON ST,WALNUT WY,0,NA,Y,A,-,N,NA,NA,NA,NA,NA,NA,NA,NA,NA,N,4,0,1,2,A,-,05,21650,1,N,A,G,A,A,H,-,A,-,0,NA,Y,NA,NA,Y,NA,L,04,0,0,1,0,0,0,1,0,0,-,-,NA,NA,ORANGE,FULLERTON,-117.91985002,33.86733011
8422834,2017,2017-08-09,3008,2017-03-28,0700,976,NA,2,5,6,3008,0,0,0,NA,0,003,IMPERIAL HWY,MERVYNS DR,0,NA,Y,A,-,N,NA,NA,NA,NA,NA,NA,NA,NA,NA,NA,4,0,2,3,A,-,12,21453,A,N,D,C,A,A,H,-,A,A,0,NA,NA,NA,NA,Y,NA,A,01,0,0,2,0,0,0,0,0,0,-,-,NA,NA,ORANGE,FULLERTON,-117.929563,33.917316
8423147,2017,2017-08-08,3000,2017-05-31,0948,5805,862E5,3,5,5,3050,0,0,0,NA,0,760,SADDLEBACK RANCH RD,GLEN RANCH RD,10,N,N,A,-,N,NA,NA,NA,NA,NA,NA,NA,NA,NA,N,4,0,1,1,A,-,08,22107,NA,N,E,I,A,A,-,-,A,A,0,NA,Y,NA,NA,Y,NA,L,04,0,0,1,0,0,0,1,0,0,-,-,NA,NA,ORANGE,LAKE FOREST,-117.63671112,33.6736524
8423224,2017,2017-08-18,3001,2017-06-29,2007,2079,NA,4,5,7,3001,0,0,0,NA,0,001,WEST BALL RD,N ROANNE ST,30,W,N,A,-,N,NA,NA,NA,NA,NA,NA,NA,NA,NA,N,4,0,1,4,A,-,03,22350,NA,N,C,C,A,A,H,-,B,A,0,NA,NA,NA,NA,Y,NA,D,22,0,0,1,0,0,0,0,0,0,-,-,NA,NA,ORANGE,ANAHEIM,-117.96946854,33.817660000000004
8424288,2017,2017-08-10,3000,2017-07-04,0030,3785,921B2,2,5,3,3051,0,0,0,NA,0,481,EL TORO RD,ALISO CREEK RD,0,NA,Y,A,-,N,NA,NA,NA,NA,NA,NA,NA,NA,NA,Y,4,0,1,1,A,-,03,22350,NA,N,E,I,A,A,H,-,C,A,0,NA,NA,NA,NA,Y,NA,A,01,0,0,1,0,0,0,0,0,0,-,-,NA,NA,ORANGE,LAGUNA WOODS,-117.7473401,33.59919007
8424293,2017,2017-08-16,3001,2017-06-28,1002,1410,NA,3,5,7,3001,0,0,0,NA,0,0D3,KATELLA AV,ZEYN ST,137,W,N,A,-,N,NA,NA,NA,NA,NA,NA,NA,NA,NA,N,3,0,1,1,A,-,03,22350,NA,N,F,A,A,A,H,-,A,D,0,NA,NA,Y,NA,Y,NA,C,02,0,1,0,0,0,0,0,0,1,-,-,NA,NA,ORANGE,ANAHEIM,-117.90858991,33.80342
8425634,2017,2017-08-15,3008,2017-04-07,1357,1364,NA,5,5,6,3008,0,0,0,NA,0,0Z3,CHAPMAN AV,COMMONWEALTH AV,0,NA,Y,A,-,N,NA,NA,NA,NA,NA,NA,NA,NA,NA,N,4,0,1,2,A,-,12,21453,A,N,D,G,A,A,H,-,A,A,0,NA,Y,NA,NA,Y,NA,-,-,0,0,1,0,0,0,1,0,0,-,-,NA,NA,ORANGE,FULLERTON,-117.88424006,33.87430004
8426121,2017,2017-08-24,3007,2017-07-27,1729,247,24,4,5,5,3007,0,0,0,NA,0,001,BROOKHURST,HEIL,289,N,N,A,-,N,NA,NA,NA,NA,NA,NA,NA,NA,NA,N,4,0,3,2,A,-,03,22350,NA,N,-,D,A,A,H,-,A,D,0,NA,NA,NA,NA,Y,NA,-,NA,0,0,3,0,0,0,0,0,0,-,-,NA,NA,ORANGE,FOUNTAIN VALLEY,-117.95468,33.72433214
8426260,2017,2017-08-22,3000,2017-08-09,1305,9684,921H3,3,5,4,3045,0,0,0,NA,0,745,ALICIA PKWY,COMMUNITY CENTER DR,34,S,N,A,-,N,NA,NA,NA,NA,NA,NA,NA,NA,NA,Y,4,0,1,2,D,-,00,NA,NA,N,D,C,A,A,H,-,A,A,0,NA,NA,NA,NA,Y,NA,-,-,0,0,1,0,0,0,0,0,0,-,-,NA,NA,ORANGE,LAGUNA HILLS,-117.699939,33.590679
8426309,2017,2017-08-21,3019,2017-07-28,0854,3509,WE,5,5,7,3019,0,0,0,NA,0,001,EUCLID ST,HENDERSON PL,246,N,N,A,-,N,NA,NA,NA,NA,NA,NA,NA,NA,NA,N,4,0,1,2,A,-,07,21658,A,N,B,C,A,A,H,-,A,D,0,NA,NA,NA,NA,Y,NA,A,07,0,0,1,0,0,0,0,0,0,-,-,33.7437,-117.93763,ORANGE,SANTA ANA,-117.93747,33.74431438
8426437,2017,2017-08-15,3002,2017-07-25,0958,1664,425X,2,5,4,3002,0,0,0,NA,0,011,LAMBERT RD,BERRY ST,331,E,N,A,-,N,NA,NA,NA,NA,NA,NA,NA,NA,NA,Y,4,0,1,2,A,-,03,22350,NA,N,C,C,A,A,H,-,A,A,0,NA,NA,NA,NA,Y,NA,D,22,0,0,1,0,0,0,0,0,0,-,-,NA,NA,ORANGE,BREA,-117.90567199,33.92466752
8426866,2017,2017-08-14,3004,2017-06-14,0736,P639,32,3,5,6,3004,0,0,0,NA,0,005,BRISTOL ST,SUNFLOWER AV,0,NA,Y,A,-,N,NA,NA,NA,NA,NA,NA,NA,NA,NA,N,3,0,1,2,D,-,00,NA,NA,N,G,B,B,A,H,-,A,A,0,Y,NA,NA,NA,Y,NA,-,-,0,1,0,0,1,0,0,0,0,-,-,33.694,-117.88553,ORANGE,COSTA MESA,-117.88555002,33.69429002
8428789,2017,2017-08-23,3019,2017-07-13,2018,3451,NE,4,5,7,3019,0,0,0,NA,0,002,17TH ST,TUSTIN AV,0,NA,Y,A,-,N,NA,NA,NA,NA,NA,NA,NA,NA,NA,Y,4,0,5,2,A,-,12,21453,A,N,D,C,A,A,H,-,C,A,0,NA,NA,NA,NA,Y,NA,A,01,0,0,5,0,0,0,0,0,0,-,-,33.75966,-117.83426,ORANGE,SANTA ANA,-117.83436006,33.7598101
8429679,2017,2017-08-18,3007,2017-08-02,1439,1126,55,3,5,5,3007,0,0,0,NA,0,NA,TALBERT AV,BROOKHURST ST,417,E,N,A,-,N,NA,NA,NA,NA,NA,NA,NA,NA,NA,Y,4,0,2,2,A,-,09,21801,A,N,D,C,A,A,H,-,A,A,0,NA,NA,NA,NA,Y,NA,A,01,0,0,2,0,0,0,0,0,0,-,-,NA,NA,ORANGE,FOUNTAIN VALLEY,-117.95306853,33.701766309999996
8430285,2017,2017-08-24,3000,2017-07-21,1500,1056,892D5,5,5,5,3028,0,0,0,NA,0,051,MARGUERITE PKWY,ALICIA PKWY,37,N,N,A,-,N,NA,NA,NA,NA,NA,NA,NA,NA,NA,Y,4,0,1,2,A,-,01,23152,F,N,C,C,A,A,H,-,A,A,0,NA,NA,NA,NA,Y,NA,A,01,0,0,1,0,0,0,0,0,0,-,-,33.62728,-117.65033,ORANGE,MISSION VIEJO,-117.65140813,33.62794092
8431662,2017,2017-09-19,3015,2017-08-03,1807,1541,55E,4,5,6,3015,0,0,0,NA,0,221,E TAFT AV,N CAMBRIDGE ST,0,NA,Y,A,-,N,NA,NA,NA,NA,NA,NA,NA,NA,NA,Y,3,0,1,2,A,-,09,21801,A,N,D,C,A,A,H,-,A,A,0,NA,NA,NA,NA,Y,NA,A,01,0,1,0,0,0,0,0,0,0,-,-,NA,NA,ORANGE,ORANGE,-117.84538008,33.81577008
8431966,2017,2017-08-24,3008,2017-04-13,1450,1296,NA,4,5,6,3008,0,0,0,NA,0,Z-2,ORANGETHORPE AV,LEMON ST,116,W,N,A,-,N,NA,NA,NA,NA,NA,NA,NA,NA,NA,N,4,0,2,2,A,-,03,22350,NA,N,C,C,A,A,H,-,A,A,0,NA,NA,NA,NA,Y,NA,A,01,0,0,2,0,0,0,0,0,0,-,-,NA,NA,ORANGE,FULLERTON,-117.92024546,33.8594563
8432297,2017,2017-08-23,3024,2017-08-03,1952,177,NA,4,5,5,3024,0,0,0,NA,0,EAST,BOLSA AV,BUSHARD ST,127,W,N,A,-,N,NA,NA,NA,NA,NA,NA,NA,NA,NA,Y,4,0,1,3,A,-,03,22350,NA,N,C,C,A,A,H,-,B,D,0,NA,NA,NA,NA,Y,NA,A,01,0,0,1,0,0,0,0,0,0,-,-,33.74475,-117.96352,ORANGE,WESTMINSTER,-117.96396679,33.74495689
8433730,2017,2017-08-25,3019,2017-07-19,2207,3467,NE,3,5,7,3019,0,0,0,NA,0,002,1ST ST,BEWLEY ST,60,W,N,A,-,N,NA,NA,NA,NA,NA,NA,NA,NA,NA,N,3,0,1,2,A,-,11,21956,NA,N,G,B,D,A,H,-,D,D,0,Y,NA,NA,NA,Y,NA,N,60,0,1,0,0,1,0,0,0,0,-,-,33.74502,-117.91806,ORANGE,SANTA ANA,-117.91812684,33.74518558
8433780,2017,2017-08-25,3000,2017-07-16,2048,1916,892E5,7,5,5,3028,0,0,0,NA,0,754,ALICIA PKWY,FINISTERRA,239,W,N,A,-,N,NA,NA,NA,NA,NA,NA,NA,NA,NA,Y,3,0,5,3,A,-,02,22400,A,N,C,C,A,A,H,-,C,D,0,NA,NA,NA,NA,Y,NA,A,01,0,2,3,0,0,0,0,0,0,-,-,NA,NA,ORANGE,MISSION VIEJO,-117.64618712,33.62511398
8434307,2017,2018-05-08,3004,2017-07-27,1842,P549,31,4,5,6,3004,0,0,0,NA,0,015,BRISTOL ST,SANTA ANA AV,649,E,N,A,-,N,NA,NA,NA,NA,NA,NA,NA,NA,NA,Y,4,0,1,1,A,-,01,23152,F,N,E,I,A,A,H,-,A,D,0,NA,NA,NA,NA,Y,NA,A,07,0,0,1,0,0,0,0,0,0,-,-,33.6652,-117.8801,ORANGE,COSTA MESA,-117.880491,33.66543392
8434318,2017,2018-06-11,3014,2017-08-09,1142,1046,RD25,3,5,5,3014,0,0,0,NA,0,0A2,RT 1,RIVERSIDE AV,39,W,N,A,-,Y,ORA,12,1,-,-,19.52,H,-,S,N,3,0,1,3,A,-,03,22350,NA,N,C,C,A,A,H,-,A,A,0,NA,NA,Y,NA,Y,NA,C,02,0,1,0,0,0,0,0,0,1,-,-,33.6204,-117.9245,ORANGE,NEWPORT BEACH,-117.92455594,33.6203917
84353284,2024,2024-08-14,3019,2024-06-02,539,3858,NA,7,5,7,3019,0,0,0,NA,0,001,CIVIC CENTER DRIVE,RAITT STREET,30,E,N,A,-,N,NA,NA,NA,NA,NA,NA,NA,NA,NA,Y,4,0,2,2,A,-,03,22350,NA,N,C,C,A,A,H,-,B,D,0,NA,NA,NA,NA,Y,NA,A,01,0,0,2,0,0,0,0,0,0,-,-,33.75101089477539,-117.89312744140624,ORANGE,SANTA ANA,-117.89305114746094,33.75149154663086
84354732,2024,2024-08-15,3001,2024-07-25,2126,A2540,NA,4,5,7,3001,0,0,0,NA,0,NA,BALL ROAD,WESTERN AVENUE,0,NA,Y,A,-,N,NA,NA,NA,NA,NA,NA,NA,NA,NA,Y,4,0,2,2,A,-,09,21801,A,N,D,C,A,A,H,-,C,A,0,NA,NA,NA,NA,Y,NA,A,01,0,0,2,0,0,0,0,0,0,-,-,NA,NA,ORANGE,ANAHEIM,-118.00205993652344,33.81733703613281
84354849,2024,2024-08-15,3002,2024-07-24,1818,1745,NA,3,5,4,3002,0,0,0,NA,0,011,CENTRAL AV,BERRY ST,552,W,N,A,-,N,NA,NA,NA,NA,NA,NA,NA,NA,NA,Y,3,0,1,2,A,-,00,23153,F,N,D,C,A,A,H,-,A,D,0,NA,NA,NA,NA,Y,NA,D,22,0,1,0,0,0,0,0,0,0,-,-,33.93178939819336,-117.90628814697266,ORANGE,BREA,-117.90829467773438,33.931880950927734
84358831,2024,2024-08-19,3001,2024-07-30,1900,A1996,NA,2,5,7,3001,0,0,0,NA,0,NA,ORANGEWOOD AVENUE,RAMPART STREET,0,NA,Y,A,-,N,NA,NA,NA,NA,NA,NA,NA,NA,NA,N,4,0,1,2,A,-,08,22107,NA,M,G,B,B,A,H,-,A,A,0,Y,NA,NA,NA,Y,NA,-,99,0,0,1,0,1,0,0,0,0,-,-,33.79436111450195,-117.882568359375,ORANGE,ANAHEIM,-117.88196563720705,33.795963287353516
84363029,2024,2024-08-21,3010,2024-08-19,1622,3042,NA,1,5,6,3010,0,0,0,NA,0,006,WARNER AVE,GOLDENWEST ST,332,E,N,A,-,N,NA,NA,NA,NA,NA,NA,NA,NA,NA,N,4,0,1,2,A,-,05,21650,1,N,H,G,A,A,H,-,A,A,0,NA,Y,NA,NA,Y,NA,L,04,0,0,1,0,0,0,1,0,0,-,-,33.71464920043945,-118.00665283203124,ORANGE,HUNTINGTON BEACH,-118.00558471679688,33.71550750732422
84364722,2024,2024-08-22,3001,2024-07-22,2020,A2576,NA,1,5,7,3001,0,0,0,NA,0,D-4,LA JOLLA STREET,RED GUM STREET,117,W,N,A,-,N,NA,NA,NA,NA,NA,NA,NA,NA,NA,Y,3,0,1,4,A,-,08,22107,NA,N,C,E,A,A,H,-,C,D,0,NA,NA,NA,NA,Y,NA,A,01,0,1,0,0,0,0,0,0,0,-,-,33.858131408691406,-117.86660766601563,ORANGE,ANAHEIM,-117.86767578125,33.85988235473633
84364843,2024,2024-08-22,3008,2024-07-09,2248,1171,NA,2,5,6,3008,0,0,0,NA,0,NA,GILBERT ST,CONEJO LN,0,NA,Y,A,-,N,NA,NA,NA,NA,NA,NA,NA,NA,NA,Y,4,0,1,1,A,-,07,21658,A,N,E,I,A,A,H,-,C,D,0,NA,NA,NA,NA,Y,NA,A,01,0,0,1,0,0,0,0,0,0,-,-,33.89067840576172,-117.96616363525392,ORANGE,FULLERTON,-117.96607971191406,33.89067840576172
8436899,2017,2017-09-19,3000,2017-08-14,0950,5455,972B2,1,5,5,3040,0,0,0,NA,0,741,CAMINO DEL AVION,ROGERS,71,E,N,A,-,N,NA,NA,NA,NA,NA,NA,NA,NA,NA,Y,4,0,1,1,A,-,08,22107,NA,N,E,I,A,A,H,-,A,D,0,NA,NA,NA,NA,Y,NA,A,07,0,0,1,0,0,0,0,0,0,-,-,NA,NA,ORANGE,LAGUNA NIGUEL,-117.68884461,33.48785479
8437141,2017,2017-09-20,3001,2017-09-09,1820,1397,NA,6,5,7,3001,0,0,0,NA,0,0D2,WEST CATALPA AV,NORTH NUTWOOD ST,223,E,N,A,-,N,NA,NA,NA,NA,NA,NA,NA,NA,NA,N,3,0,1,2,A,-,00,21760,C,N,B,G,A,A,H,-,A,D,0,NA,Y,NA,NA,Y,NA,A,01,0,1,0,0,0,0,1,0,0,-,-,NA,NA,ORANGE,ANAHEIM,-117.94963747,33.84375357
84372368,2024,2024-08-27,3026,2024-08-19,1701,11846,NA,1,5,6,3026,0,0,0,NA,0,002,MACARTHUR BLVD,DOUGLAS,0,NA,Y,A,-,N,NA,NA,NA,NA,NA,NA,NA,NA,NA,Y,4,0,1,2,A,-,09,21453,C,N,D,C,A,A,H,-,A,A,0,NA,NA,NA,NA,Y,NA,A,01,0,0,1,0,0,0,0,0,0,-,-,33.675201416015625,-117.86184692382813,ORANGE,IRVINE,-117.8621063232422,33.674930572509766
8437515,2017,2017-09-22,3024,2017-09-08,1700,374,P39,5,5,5,3024,0,0,0,NA,0,EAST,MCFADDEN AV,BUSHARD ST,70,W,N,A,-,N,NA,NA,NA,NA,NA,NA,NA,NA,NA,N,4,0,1,2,A,-,03,22350,NA,N,C,C,A,A,H,-,A,D,0,NA,NA,NA,NA,Y,NA,A,01,0,0,1,0,0,0,0,0,0,-,-,NA,NA,ORANGE,WESTMINSTER,-117.9636597,33.737628
8437534,2017,2017-11-09,3016,2017-08-31,1533,2145,0021,4,5,5,3016,0,0,0,NA,0,002,LA JOLLA ST,CYPRESS ST,0,NA,Y,A,-,N,NA,NA,NA,NA,NA,NA,NA,NA,NA,Y,3,0,2,3,A,-,10,21950,A,N,G,B,B,A,H,-,A,D,0,Y,NA,NA,NA,Y,NA,A,01,0,1,1,0,2,0,0,0,0,-,-,33.85703,-117.8776,ORANGE,PLACENTIA,-117.87769006,33.8573601
84376113,2024,2024-08-30,3001,2024-08-19,738,A2832,NA,1,5,7,3001,0,0,0,NA,0,D-4,GLASSELL STREET,FRONTERA STREET,295,N,N,A,-,N,NA,NA,NA,NA,NA,NA,NA,NA,NA,Y,4,0,1,2,A,-,07,21658,A,N,B,C,A,A,H,-,A,D,0,NA,NA,NA,NA,Y,NA,I,20,0,0,1,0,0,0,0,0,0,-,-,33.84642028808594,-117.85479736328124,ORANGE,ANAHEIM,-117.85496520996094,33.847007751464844
84376128,2024,2024-08-30,3001,2024-08-21,1457,A2382,NA,3,5,7,3001,0,0,0,NA,0,D-3,BALL ROAD,BELHAVEN STREET (W),88,E,N,A,-,N,NA,NA,NA,NA,NA,NA,NA,NA,NA,Y,4,0,1,2,A,-,03,22350,NA,N,C,C,A,A,H,-,A,D,0,NA,NA,NA,NA,Y,NA,D,22,0,0,1,0,0,0,0,0,0,-,-,NA,NA,ORANGE,ANAHEIM,-117.88522338867188,33.81809997558594
84376172,2024,2024-08-30,3001,2024-08-28,1627,A2339,NA,3,5,7,3001,0,0,0,NA,0,D-2,LA PALMA AVENUE,CHANTILLY STREET,0,NA,Y,A,-,N,NA,NA,NA,NA,NA,NA,NA,NA,NA,Y,3,0,2,3,A,-,09,21801,A,N,D,C,A,A,H,-,A,A,0,NA,NA,NA,NA,Y,NA,A,07,0,2,0,0,0,0,0,0,0,-,-,NA,NA,ORANGE,ANAHEIM,-117.87462615966795,33.8472900390625
84376238,2024,2024-08-30,3019,2024-08-22,1440,3201,NA,4,5,7,3019,0,0,0,NA,0,001,REGENT DRIVE,NEWHOPE STREET,20,E,N,A,-,N,NA,NA,NA,NA,NA,NA,NA,NA,NA,Y,4,0,1,2,A,-,08,22107,NA,F,A,C,A,A,H,-,A,D,0,NA,NA,NA,NA,Y,NA,A,01,0,0,1,0,0,0,0,0,0,-,-,33.732940673828125,-117.9290008544922,ORANGE,SANTA ANA,-117.92853546142578,33.73292922973633
84377820,2024,2024-09-02,3001,2024-08-20,1813,A2092,NA,2,5,7,3001,0,0,0,NA,0,D-3,ORANGEWOOD AVENUE,EUCLID STREET,188,E,N,A,-,N,NA,NA,NA,NA,NA,NA,NA,NA,NA,N,4,0,1,2,A,-,09,21804,A,N,A,C,A,A,H,-,A,D,0,NA,NA,NA,NA,Y,NA,A,01,0,0,1,0,0,0,0,0,0,-,-,NA,NA,ORANGE,ANAHEIM,-117.94063568115234,33.79594802856445
84378285,2024,2024-09-02,3008,2024-07-22,2135,1605,NA,1,5,6,3008,0,0,0,NA,0,NA,BREA BLVD,ROLLING HILLS DR,69,S,N,A,-,N,NA,NA,NA,NA,NA,NA,NA,NA,NA,Y,3,0,3,2,A,-,08,22107,NA,N,D,C,A,A,H,-,C,D,0,NA,NA,NA,NA,Y,NA,A,01,0,1,2,0,0,0,0,0,0,-,-,33.903079986572266,-117.90746307373048,ORANGE,FULLERTON,-117.90765380859376,33.9029541015625
8437946,2017,2017-08-25,3019,2017-07-24,1324,3317,SC,1,5,7,3019,0,0,0,NA,0,004,FLOWER ST,MACARTHUR BL,0,NA,Y,A,-,N,NA,NA,NA,NA,NA,NA,NA,NA,NA,Y,3,0,2,2,A,-,09,21801,A,N,A,C,A,A,H,-,A,A,0,NA,NA,NA,NA,Y,NA,A,01,0,1,1,0,0,0,0,0,0,-,-,33.69986,-117.87693,ORANGE,SANTA ANA,-117.87694002,33.69994012