CASE_ID,ACCIDENT_YEAR,PROC_DATE,JURIS,COLLISION_DATE,COLLISION_TIME,OFFICER_ID,REPORTING_DISTRICT,DAY_OF_WEEK,CHP_SHIFT,POPULATION,CNTY_CITY_LOC,SPECIAL_COND,BEAT_TYPE,CHP_BEAT_TYPE,CITY_DIVISION_LAPD,CHP_BEAT_CLASS,BEAT_NUMBER,PRIMARY_RD,SECONDARY_RD,DISTANCE,DIRECTION,INTERSECTION,WEATHER_1,WEATHER_2,STATE_HWY_IND,CALTRANS_COUNTY,CALTRANS_DISTRICT,STATE_ROUTE,ROUTE_SUFFIX,POSTMILE_PREFIX,POSTMILE,LOCATION_TYPE,RAMP_INTERSECTION,SIDE_OF_HWY,TOW_AWAY,COLLISION_SEVERITY,NUMBER_KILLED,NUMBER_INJURED,PARTY_COUNT,PRIMARY_COLL_FACTOR,PCF_CODE_OF_VIOL,PCF_VIOL_CATEGORY,PCF_VIOLATION,PCF_VIOL_SUBSECTION,HIT_AND_RUN,TYPE_OF_COLLISION,MVIW,PED_ACTION,ROAD_SURFACE,ROAD_COND_1,ROAD_COND_2,LIGHTING,CONTROL_DEVICE,CHP_ROAD_TYPE,PEDESTRIAN_ACCIDENT,BICYCLE_ACCIDENT,MOTORCYCLE_ACCIDENT,TRUCK_ACCIDENT,NOT_PRIVATE_PROPERTY,ALCOHOL_INVOLVED,STWD_VEHTYPE_AT_FAULT,CHP_VEHTYPE_AT_FAULT,COUNT_SEVERE_INJ,COUNT_VISIBLE_INJ,COUNT_COMPLAINT_PAIN,COUNT_PED_KILLED,COUNT_PED_INJURED,COUNT_BICYCLIST_KILLED,COUNT_BICYCLIST_INJURED,COUNT_MC_KILLED,COUNT_MC_INJURED,PRIMARY_RAMP,SECONDARY_RAMP,LATITUDE,LONGITUDE,COUNTY,CITY,POINT_X,POINT_Y
84443267,2024,2024-10-24,3019,2024-09-15,119,3756,NA,7,5,7,3019,0,0,0,NA,0,004,FLOWER STREET,MCFADDEN AVENUE,0,NA,Y,A,-,N,NA,NA,NA,NA,NA,NA,NA,NA,NA,Y,4,0,1,2,A,-,09,21801,A,N,A,C,A,A,H,-,C,A,0,NA,NA,NA,Y,Y,NA,F,26,0,0,1,0,0,0,0,0,0,-,-,33.73448944091797,-117.87647247314452,ORANGE,SANTA ANA,-117.87645721435548,33.734500885009766
84443304,2024,2024-10-24,3019,2024-09-26,1243,3891,NA,4,5,7,3019,0,0,0,NA,0,003,STANDARD AVENUE,1ST STREET,0,NA,Y,A,-,N,NA,NA,NA,NA,NA,NA,NA,NA,NA,N,4,0,1,2,D,-,00,NA,NA,N,D,C,A,A,H,-,A,A,0,NA,NA,Y,NA,Y,NA,-,-,0,0,1,0,0,0,0,0,1,-,-,33.74559020996094,-117.85726165771484,ORANGE,SANTA ANA,-117.8569793701172,33.74551773071289
84444742,2024,2024-10-24,3014,2024-10-16,1608,1503,NA,3,5,5,3014,0,0,0,NA,0,A2,SR-1 (W. COAST HWY),TUSTIN AVE,0,NA,Y,A,-,Y,ORA,NA,1,NA,NA,19.414,H,NA,R,N,3,0,1,2,A,-,08,22107,NA,N,H,A,A,A,H,-,A,A,0,NA,NA,Y,NA,Y,NA,A,08,0,1,0,0,0,0,0,0,1,-,-,33.619590759277344,-117.92299652099608,ORANGE,NEWPORT BEACH,-117.92288970947266,33.61975860595703
84448325,2024,2024-10-29,3015,2024-09-29,2030,1756,NA,7,5,6,3015,0,0,0,NA,0,123,W ALMOND AVE.,S. MCCOY RD.,150,W,N,A,-,N,NA,NA,NA,NA,NA,NA,NA,NA,NA,N,3,0,1,2,A,-,03,22350,NA,N,D,G,A,A,H,-,C,D,0,NA,Y,NA,NA,Y,NA,M,91,0,1,0,0,0,0,1,0,0,-,-,NA,NA,ORANGE,ORANGE,-117.8696517944336,33.78606033325195
84450127,2024,2024-10-30,3008,2024-09-18,1557,1468,NA,3,5,6,3008,0,0,0,NA,0,NA,STATE COLLEGE BLVD,LARK ELLEN DR,12,S,N,A,-,N,NA,NA,NA,NA,NA,NA,NA,NA,NA,N,3,0,1,2,A,-,10,21950,A,N,G,B,B,A,H,-,A,D,0,Y,NA,NA,NA,Y,Y,A,07,0,1,0,0,1,0,0,0,0,-,-,33.90544891357422,-117.88878631591795,ORANGE,FULLERTON,-117.88976287841795,33.906558990478516
8445172,2017,2017-10-11,3010,2017-08-21,1853,1261,175,1,5,6,3010,0,0,0,NA,0,008,WARNER,ALGONQUIN,58,W,N,A,-,N,NA,NA,NA,NA,NA,NA,NA,NA,NA,N,3,0,1,1,C,-,18,NA,NA,N,E,I,A,A,H,-,B,A,0,NA,NA,Y,NA,Y,NA,-,-,0,1,0,0,0,0,0,0,1,-,-,NA,NA,ORANGE,HUNTINGTON BEACH,-118.04961867,33.71468568
84453315,2024,2024-11-01,3016,2024-10-18,1941,1309,NA,5,5,5,3016,0,0,0,NA,0,002,ORANGETHORPE AVENUE,JEFFERSON STREET,0,NA,Y,A,-,N,NA,NA,NA,NA,NA,NA,NA,NA,NA,Y,4,0,2,2,A,-,01,23152,A,N,D,C,A,A,A,-,C,A,0,NA,NA,NA,NA,Y,Y,A,01,0,0,2,0,0,0,0,0,0,-,-,33.86769104003906,-117.83677673339844,ORANGE,PLACENTIA,-117.83708190917967,33.86817932128906
84453341,2024,2024-11-01,3019,2024-10-24,1704,3201,NA,4,5,7,3019,0,0,0,NA,0,002,SANTA ANA BOULEVARD,BUSH STREET,0,NA,Y,A,-,N,NA,NA,NA,NA,NA,NA,NA,NA,NA,N,2,0,1,2,A,-,10,21950,A,N,G,B,B,A,H,-,A,A,0,Y,NA,NA,NA,Y,NA,A,01,1,0,0,0,1,0,0,0,0,-,-,33.74993896484375,-117.86676025390624,ORANGE,SANTA ANA,-117.86663055419922,33.74972915649414
84455888,2024,2024-11-04,3001,2024-10-03,1000,A2657,NA,4,5,7,3001,0,0,0,NA,0,NA,DEL MONTE DRIVE,HARDING AVENUE,30,E,N,A,-,N,NA,NA,NA,NA,NA,NA,NA,NA,NA,N,4,0,1,2,A,-,09,21804,A,N,D,C,A,A,H,-,A,D,0,NA,NA,Y,NA,Y,NA,C,03,0,0,1,0,0,0,0,0,1,-,-,33.829769134521484,-117.99883270263672,ORANGE,ANAHEIM,-117.99884033203124,33.82982635498047
84457794,2024,2024-11-05,3002,2024-10-11,1329,1717,NA,5,5,4,3002,0,0,0,NA,0,012,CARBON CANYON RD,RUBY ST,2864,W,N,A,-,Y,ORA,NA,142,NA,NA,4.466,H,NA,R,Y,4,0,1,1,A,-,08,22107,NA,N,E,I,A,A,H,-,A,D,0,NA,NA,NA,NA,Y,NA,A,01,0,0,1,0,0,0,0,0,0,-,-,33.926910400390625,-117.80300903320313,ORANGE,BREA,-117.80308532714844,33.92707061767578
84457796,2024,2024-11-05,3002,2024-10-14,1809,1737,NA,1,5,4,3002,0,0,0,NA,0,013,STATE COLLEGE BL,IMPERIAL HY,378,S,N,A,-,N,NA,NA,NA,NA,NA,NA,NA,NA,NA,Y,2,0,2,3,A,-,05,21651,A,N,A,C,A,A,H,-,A,D,0,NA,NA,NA,NA,Y,NA,A,01,1,1,0,0,0,0,0,0,0,-,-,33.91151809692383,-117.88803863525392,ORANGE,BREA,-117.8884048461914,33.910987854003906
8445924,2017,2017-09-13,3026,2017-08-23,1730,7094,UNIVE,3,5,6,3026,0,0,0,NA,0,001,RED HILL AV,REYNOLDS AV,0,NA,Y,A,-,N,NA,NA,NA,NA,NA,NA,NA,NA,NA,N,4,0,2,2,A,-,09,21801,A,N,D,C,A,A,H,-,A,D,0,NA,NA,NA,NA,Y,NA,A,01,0,0,2,0,0,0,0,0,0,-,-,33.69544,-117.85343,ORANGE,IRVINE,-117.85351012,33.69529003
84459279,2024,2024-11-05,3026,2024-10-30,1723,12434,NA,3,5,6,3026,0,0,0,NA,0,007,EL CAMINO REAL,JAMBOREE RD,554,E,N,A,-,N,NA,NA,NA,NA,NA,NA,NA,NA,NA,Y,3,0,1,2,A,-,12,22450,A,N,D,C,A,A,H,-,A,D,0,NA,NA,NA,NA,Y,NA,A,07,0,1,0,0,0,0,0,0,0,-,-,33.72235107421875,-117.79212951660156,ORANGE,IRVINE,-117.79108428955078,33.721439361572266
8445940,2017,2017-09-13,3026,2017-08-24,1231,313,NA,4,5,6,3026,0,0,0,NA,0,NA,JEFFREY,IRVINE VALLEY,76,S,N,A,-,N,NA,NA,NA,NA,NA,NA,NA,NA,NA,N,4,0,1,2,A,-,03,22350,NA,N,C,C,A,A,H,-,A,D,0,NA,NA,NA,NA,Y,NA,A,07,0,0,1,0,0,0,0,0,0,-,-,NA,NA,ORANGE,IRVINE,-117.75125545,33.70723715
8446137,2017,2017-09-13,3001,2017-08-21,1829,1851,D4,1,5,7,3001,0,0,0,NA,0,NA,CANYON CREEK RD,SUNSET RIDGE RD,40,W,N,A,-,N,NA,NA,NA,NA,NA,NA,NA,NA,NA,Y,4,0,1,1,A,-,03,22350,NA,N,A,I,A,A,H,-,A,D,0,NA,NA,NA,NA,Y,NA,A,01,0,0,1,0,0,0,0,0,0,-,-,NA,NA,ORANGE,ANAHEIM,-117.74607053,33.85791727
84462823,2024,2024-11-08,3001,2024-10-16,1214,A2092,NA,3,5,7,3001,0,0,0,NA,0,D-3,SUNKIST STREET,SOUTH STREET,0,NA,Y,B,-,N,NA,NA,NA,NA,NA,NA,NA,NA,NA,N,4,0,2,2,A,-,09,21801,A,N,D,C,A,A,H,-,A,A,0,NA,NA,NA,NA,Y,NA,A,01,0,0,2,0,0,0,0,0,0,-,-,NA,NA,ORANGE,ANAHEIM,-117.88053131103516,33.83265686035156
8446482,2017,2017-09-14,3001,2017-08-27,1825,A2414,NA,7,5,7,3001,0,0,0,NA,0,0D2,S ROSE ST,E CHESTNUT ST,15,N,N,A,-,N,NA,NA,NA,NA,NA,NA,NA,NA,NA,Y,3,0,1,1,A,-,01,23152,A,N,E,I,A,A,H,-,A,D,0,NA,NA,NA,NA,Y,Y,A,01,0,1,0,0,0,0,0,0,0,-,-,NA,NA,ORANGE,ANAHEIM,-117.90274086,33.83656011
84465113,2024,2024-11-11,3014,2024-11-08,1125,1527,NA,5,5,5,3014,0,0,0,NA,0,A4,SR-1 (E COAST HWY),POPPY AVE,310,E,N,A,-,Y,NA,NA,NA,NA,NA,NA,NA,NA,NA,Y,4,0,1,2,A,-,08,22107,NA,N,B,E,A,A,H,-,A,D,0,NA,NA,NA,NA,Y,NA,D,22,0,0,1,0,0,0,0,0,0,-,-,33.592098236083984,-117.86579132080078,ORANGE,NEWPORT BEACH,-117.86602783203124,33.593387603759766
84467085,2024,2024-11-14,3022,2024-11-05,1619,1342,NA,2,5,5,3022,0,0,0,NA,0,NA,TUSTIN RANCH RD,IRVINE BLVD,20,S,N,A,-,N,NA,NA,NA,NA,NA,NA,NA,NA,NA,Y,3,0,1,2,A,-,03,22350,NA,N,C,C,A,A,H,-,A,A,0,NA,NA,NA,NA,Y,NA,A,01,0,1,0,0,0,0,0,0,0,-,-,33.737510681152344,-117.79408264160156,ORANGE,TUSTIN,-117.79428863525392,33.73755645751953
84468878,2024,2024-11-14,3010,2024-11-07,1825,6063,NA,4,5,6,3010,0,0,0,NA,0,003,YORKTOWN AVE,MAGNOLIA ST,0,NA,Y,A,-,N,NA,NA,NA,NA,NA,NA,NA,NA,NA,Y,4,0,2,2,A,-,12,21453,A,N,D,C,A,A,H,-,C,A,0,NA,NA,NA,NA,Y,NA,A,01,0,0,2,0,0,0,0,0,0,-,-,33.67974853515625,-117.97119140625,ORANGE,HUNTINGTON BEACH,-117.97132873535156,33.679466247558594
84469627,2024,2024-11-14,3014,2024-10-29,1920,1654,NA,2,5,5,3014,0,0,0,NA,0,A3,JAMBOREE RD,EASTBLUFF DR,0,NA,Y,A,-,N,NA,NA,NA,NA,NA,NA,NA,NA,NA,Y,3,0,2,2,A,-,12,21453,A,N,D,C,A,A,H,-,C,A,0,NA,NA,NA,NA,Y,NA,A,07,0,2,0,0,0,0,0,0,0,-,-,33.63121032714844,-117.87458038330078,ORANGE,NEWPORT BEACH,-117.87454223632813,33.6312370300293
84469690,2024,2024-11-14,3014,2024-11-10,2022,1462,NA,7,5,5,3014,0,0,0,NA,0,A1,NEWPORT BLVD,FINLEY AVE,0,NA,Y,A,-,N,NA,NA,NA,NA,NA,NA,NA,NA,NA,Y,3,0,1,2,A,-,09,21801,A,N,A,C,A,A,H,-,C,A,0,NA,NA,NA,NA,Y,NA,D,22,0,1,0,0,0,0,0,0,0,-,-,33.617191314697266,-117.9309310913086,ORANGE,NEWPORT BEACH,-117.93032073974608,33.61716842651367
84472041,2024,2024-11-18,3019,2024-11-13,1539,3737,NA,3,5,7,3019,0,0,0,NA,0,003,1ST STREET,HALLADAY STREET,0,NA,Y,A,-,N,NA,NA,NA,NA,NA,NA,NA,NA,NA,Y,4,0,1,2,A,-,09,21801,A,N,D,C,A,A,H,-,A,D,0,NA,NA,NA,NA,Y,NA,A,01,0,0,1,0,0,0,0,0,0,-,-,33.745628356933594,-117.85987091064452,ORANGE,SANTA ANA,-117.8596420288086,33.74546432495117
84474370,2024,2024-11-18,3014,2024-10-24,1745,1654,NA,4,5,5,3014,0,0,0,NA,0,A3,UNIVERSITY DR,SB 73 OFFRAMP,18,W,N,A,-,N,NA,NA,NA,NA,NA,NA,NA,NA,NA,N,3,0,1,2,A,-,10,21950,A,N,G,B,B,A,H,-,B,A,0,Y,NA,NA,NA,Y,NA,A,07,0,1,0,0,1,0,0,0,0,-,-,NA,NA,ORANGE,NEWPORT BEACH,NA,NA
8447626,2017,2017-09-28,3008,2017-04-27,1511,1158,NA,4,5,6,3008,0,0,0,NA,0,0II,CHAPMAN AV,MALDEN AV,0,NA,Y,B,-,N,NA,NA,NA,NA,NA,NA,NA,NA,NA,Y,4,0,3,2,A,-,09,21802,A,N,D,C,A,A,H,-,A,A,0,NA,NA,NA,NA,Y,NA,A,07,0,0,3,0,0,0,0,0,0,-,-,NA,NA,ORANGE,FULLERTON,-117.92656002,33.87388003
84476297,2024,2024-11-20,3010,2024-11-10,1856,6101,NA,7,5,6,3010,0,0,0,NA,0,005,MAIN ST,YORKTOWN AVE,656,N,N,A,-,N,NA,NA,NA,NA,NA,NA,NA,NA,NA,N,3,0,2,2,A,-,08,22107,NA,N,A,G,A,A,H,-,C,D,0,NA,Y,NA,NA,Y,NA,L,04,0,2,0,0,0,0,2,0,0,-,-,33.6793212890625,-118.00167846679688,ORANGE,HUNTINGTON BEACH,-118.00164031982422,33.68110656738281
8447664,2017,2017-10-03,3019,2017-08-03,0948,2875,NE,4,5,7,3019,0,0,0,NA,0,002,TUSTIN AV,CATALINA AV,113,N,N,A,-,N,NA,NA,NA,NA,NA,NA,NA,NA,NA,Y,4,0,3,2,A,-,09,21801,A,N,D,C,A,A,H,-,A,D,0,NA,NA,NA,NA,Y,NA,A,01,0,0,3,0,0,0,0,0,0,-,-,33.76442,-117.83568,ORANGE,SANTA ANA,-117.83577,33.76497977
8447703,2017,2018-03-21,3008,2017-05-27,1732,1117,NA,6,5,6,3008,0,0,0,NA,0,0Z3,PLACENTIA AV,CHAPMAN AV,280,N,N,A,-,N,NA,NA,NA,NA,NA,NA,NA,NA,NA,Y,3,0,2,2,A,-,09,21804,A,N,D,C,A,A,H,-,A,D,0,NA,NA,NA,NA,Y,NA,A,01,0,1,1,0,0,0,0,0,0,-,-,NA,NA,ORANGE,FULLERTON,-117.87901,33.87389
8447759,2017,2018-06-19,3024,2017-08-14,1056,176,P19,1,5,5,3024,0,0,0,NA,0,EAST,RT 39,15TH ST,35,S,N,A,-,Y,ORA,12,39,-,-,7.49,H,-,N,N,4,0,2,2,A,-,03,22350,NA,N,C,C,A,A,H,-,A,A,0,NA,NA,NA,NA,Y,NA,A,01,0,0,2,0,0,0,0,0,0,-,-,33.75743,-117.98937,ORANGE,WESTMINSTER,-117.98953047,33.75711835
84477772,2024,2024-11-22,3001,2024-11-09,1314,A2131,NA,6,5,7,3001,0,0,0,NA,0,D-4,LA PALMA AVENUE,FAIRMONT BOULEVARD,0,NA,Y,A,-,N,NA,NA,NA,NA,NA,NA,NA,NA,NA,Y,3,0,1,2,A,-,03,22350,NA,N,B,C,A,A,H,-,A,A,0,NA,NA,NA,NA,Y,NA,A,07,0,1,0,0,0,0,0,0,0,-,-,33.86425018310547,-117.77561950683594,ORANGE,ANAHEIM,-117.7756805419922,33.863975524902344
84477849,2024,2024-11-21,3019,2024-11-12,1408,3957,NA,2,5,7,3019,0,0,0,NA,0,001,EUCLID STREET,5TH STREET,0,NA,Y,A,-,N,NA,NA,NA,NA,NA,NA,NA,NA,NA,N,3,0,3,2,A,-,12,21453,A,N,D,C,A,A,H,-,A,A,0,NA,NA,NA,NA,Y,NA,-,-,0,1,2,0,0,0,0,0,0,-,-,33.74879837036133,-117.93760681152344,ORANGE,SANTA ANA,-117.93753051757813,33.748741149902344
8448310,2017,2017-09-29,3003,2017-08-23,1632,665,23,3,5,5,3003,0,0,0,NA,0,008,YOSEMITE DR,LASSEN DR W,156,N,N,A,-,N,NA,NA,NA,NA,NA,NA,NA,NA,NA,N,4,0,1,2,A,-,05,21460,NA,N,B,C,A,A,H,-,A,D,0,NA,NA,Y,NA,Y,NA,A,01,0,0,1,0,0,0,0,0,1,-,-,33.8189,-118.0157,ORANGE,BUENA PARK,-118.01738676,33.81912411
84485173,2024,2024-11-27,3019,2024-11-23,1437,3823,NA,6,5,7,3019,0,0,0,NA,0,003,GRAND AVENUE,WARNER AVENUE,0,NA,Y,C,-,N,NA,NA,NA,NA,NA,NA,NA,NA,NA,N,4,0,3,2,A,-,03,22350,NA,N,C,C,A,B,H,-,A,A,0,NA,NA,NA,NA,Y,NA,D,22,0,0,3,0,0,0,0,0,0,-,-,33.714908599853516,-117.85128021240234,ORANGE,SANTA ANA,-117.85057830810548,33.71590042114258
84487314,2024,2024-11-29,3010,2024-11-22,1746,2090,NA,5,5,6,3010,0,0,0,NA,0,002,HAMILTON AVE,SAINT JOHN LN,214,E,N,A,-,N,NA,NA,NA,NA,NA,NA,NA,NA,NA,N,4,0,1,2,A,-,05,21650,1,N,H,G,A,A,H,-,D,D,0,NA,Y,NA,NA,Y,NA,L,04,0,0,1,0,0,0,1,0,0,-,-,33.6502685546875,-117.95662689208984,ORANGE,HUNTINGTON BEACH,-117.95685577392578,33.65058135986328
84487391,2024,2024-11-29,3019,2024-11-21,1657,3716,NA,4,5,7,3019,0,0,0,NA,0,003,BROADWAY,RUSSELL AVENUE,0,NA,Y,A,-,N,NA,NA,NA,NA,NA,NA,NA,NA,NA,N,4,0,1,2,A,-,12,22450,A,N,D,C,A,A,H,-,C,A,0,NA,NA,NA,NA,Y,NA,-,-,0,0,1,0,0,0,0,0,0,-,-,33.73191833496094,-117.87020111083984,ORANGE,SANTA ANA,-117.86984252929688,33.73268508911133
8448807,2017,2017-09-14,3015,2017-08-22,1812,1098,15,2,5,6,3015,0,0,0,NA,0,731,KATELLA AV W,MAIN ST N,324,E,N,A,-,N,NA,NA,NA,NA,NA,NA,NA,NA,NA,N,4,0,1,2,A,-,09,21801,A,N,D,C,A,A,H,-,A,D,0,NA,NA,NA,NA,Y,NA,A,01,0,0,1,0,0,0,0,0,0,-,-,NA,NA,ORANGE,ORANGE,-117.86601228,33.80902706
84488093,2024,2024-12-02,3022,2024-09-20,1530,1447,NA,5,5,5,3022,0,0,0,NA,0,NA,BRYAN AV,FARMINGTON RD,0,NA,Y,A,-,N,NA,NA,NA,NA,NA,NA,NA,NA,NA,N,3,0,1,2,A,-,09,21804,A,N,D,G,A,A,H,-,A,A,0,NA,Y,NA,NA,Y,NA,-,99,0,1,0,0,0,0,1,0,0,-,-,33.736610412597656,-117.80615997314452,ORANGE,TUSTIN,-117.80614471435548,33.73655319213867
84489791,2024,2024-12-03,3019,2024-11-24,107,3957,NA,7,5,7,3019,0,0,0,NA,0,003,1ST STREET,WRIGHT STREET,351,W,N,A,-,N,NA,NA,NA,NA,NA,NA,NA,NA,NA,Y,3,0,1,2,A,-,03,22350,NA,N,C,C,A,A,H,-,C,D,0,NA,NA,NA,NA,Y,NA,A,01,0,1,0,0,0,0,0,0,0,-,-,33.74546813964844,-117.84718322753906,ORANGE,SANTA ANA,-117.8480987548828,33.74557113647461
84489849,2024,2024-12-05,3008,2024-10-19,1243,1484,NA,6,5,6,3008,0,0,0,NA,0,NA,CHAPMAN AVE,HARBOR BLVD,0,NA,Y,A,-,N,NA,NA,NA,NA,NA,NA,NA,NA,NA,Y,3,0,1,2,A,-,09,21801,A,N,D,C,A,A,H,-,A,A,0,NA,NA,Y,NA,Y,NA,A,08,0,1,0,0,0,0,0,0,1,-,-,33.873931884765625,-117.92433166503906,ORANGE,FULLERTON,-117.9243392944336,33.873931884765625
8449135,2017,2017-09-27,3026,2017-08-21,1454,468,CROSR,1,5,6,3026,0,0,0,NA,0,NA,ALTON PKWY,BANTING,0,NA,Y,A,-,N,NA,NA,NA,NA,NA,NA,NA,NA,NA,Y,3,0,2,2,A,-,12,21453,A,N,D,C,A,A,H,-,A,A,0,NA,NA,NA,NA,Y,NA,D,22,0,1,1,0,0,0,0,0,0,-,-,33.65721,-117.75997,ORANGE,IRVINE,-117.76002002,33.65724003
84491373,2024,2024-12-04,3008,2024-10-22,1815,1387,NA,2,5,6,3008,0,0,0,NA,0,NA,BROOKHURST RD,OAK AVE,200,S,N,A,-,N,NA,NA,NA,NA,NA,NA,NA,NA,NA,Y,4,0,1,2,A,-,03,22350,NA,F,C,C,A,A,H,-,C,A,0,NA,NA,NA,NA,Y,NA,-,99,0,0,1,0,0,0,0,0,0,-,-,NA,NA,ORANGE,FULLERTON,-117.95936584472656,33.86363983154297
84494256,2024,2024-12-06,3019,2024-12-02,1135,3737,NA,1,5,7,3019,0,0,0,NA,0,003,DYER ROAD,TECH CENTER DRIVE,10,E,N,A,-,N,NA,NA,NA,NA,NA,NA,NA,NA,NA,N,4,0,1,2,A,-,03,22350,NA,N,C,C,A,A,H,-,A,A,0,NA,NA,NA,NA,Y,NA,A,01,0,0,1,0,0,0,0,0,0,-,-,33.70766067504883,-117.85690307617188,ORANGE,SANTA ANA,-117.85602569580078,33.70854949951172
8449628,2015,2017-09-23,3006,2015-05-07,0347,270,7,4,5,3,3006,0,0,0,NA,0,001,ORANGETHORPE,WALKER,393,W,N,A,-,N,NA,NA,NA,NA,NA,NA,NA,NA,NA,N,2,0,1,2,A,-,10,21954,B,N,G,B,D,A,H,-,C,D,0,Y,NA,NA,NA,Y,Y,D,22,1,0,0,0,1,0,0,0,0,-,-,NA,NA,ORANGE,LA PALMA,-118.0388116,33.85881367
8449666,2015,2017-09-23,3006,2015-07-11,1339,270,7,6,5,3,3006,0,0,0,NA,0,001,ORANGETHORPE,POWER POLE 1754983E,24,E,N,A,-,N,NA,NA,NA,NA,NA,NA,NA,NA,NA,Y,3,0,3,2,A,-,09,21804,A,N,D,C,A,A,H,-,A,D,0,NA,NA,NA,NA,Y,NA,A,07,0,2,1,0,0,0,0,0,0,-,-,NA,NA,ORANGE,LA PALMA,NA,NA
8449729,2015,2017-09-23,3006,2015-01-30,0234,301,8,5,5,3,3006,0,0,0,NA,0,001,ORANGETHORPE AV,RT 91,0,NA,Y,B,C,N,NA,NA,NA,NA,NA,NA,NA,NA,NA,Y,3,0,1,2,A,-,01,23152,A,N,D,C,A,B,H,-,C,A,0,NA,NA,NA,NA,Y,Y,A,01,0,1,0,0,0,0,0,0,0,-,-,NA,NA,ORANGE,LA PALMA,-118.03426,33.85883009
8449855,2016,2017-09-16,3006,2016-02-26,1600,316,2,5,5,3,3006,0,0,0,NA,0,BEAT 1,FRESCA,WALKER ST,81,W,N,A,-,N,NA,NA,NA,NA,NA,NA,NA,NA,NA,N,2,0,1,2,A,-,09,21804,A,N,D,C,A,A,H,-,A,D,0,NA,NA,Y,NA,Y,NA,C,02,1,0,0,0,0,0,0,0,1,-,-,NA,NA,ORANGE,LA PALMA,-118.03783617,33.86149429
8449875,2016,2017-09-16,3006,2016-07-11,1937,320,17,1,5,3,3006,0,0,0,NA,0,001,WALKER,7901 WALKER,0,N,N,A,-,N,NA,NA,NA,NA,NA,NA,NA,NA,NA,N,3,0,1,2,A,-,09,21804,A,N,D,G,A,A,H,-,A,D,0,NA,Y,NA,NA,Y,NA,D,22,0,1,0,0,0,0,1,0,0,-,-,NA,NA,ORANGE,LA PALMA,-118.037263,33.847531
8449895,2016,2017-09-16,3006,2016-01-08,0716,277,27,5,5,3,3006,0,0,0,NA,0,002,VALLEY VIEW ST,LA PALMA AV,0,NA,Y,A,-,N,NA,NA,NA,NA,NA,NA,NA,NA,NA,N,3,0,1,2,A,-,03,22350,NA,F,G,B,B,A,H,-,A,A,0,Y,NA,NA,NA,Y,NA,A,01,0,1,0,0,1,0,0,0,0,-,-,NA,NA,ORANGE,LA PALMA,-118.02861002,33.84648004
8449941,2016,2017-09-23,3006,2016-10-24,0340,318,27,1,5,3,3006,0,0,0,NA,0,002,VALLE VIEW,LA PALMA,0,NA,Y,A,-,N,NA,NA,NA,NA,NA,NA,NA,NA,NA,Y,4,0,1,2,A,-,03,22350,NA,N,C,C,A,A,H,-,C,A,0,NA,NA,NA,NA,Y,Y,A,01,0,0,1,0,0,0,0,0,0,-,-,NA,NA,ORANGE,LA PALMA,-118.02861002,33.84648004
84501141,2024,2024-12-16,3008,2024-10-31,1949,1700,NA,4,5,6,3008,0,0,0,NA,0,NA,ROSECRANS AVE,SUNNY RIDGE DR,0,NA,Y,A,-,N,NA,NA,NA,NA,NA,NA,NA,NA,NA,Y,3,0,2,2,A,-,09,21801,A,N,D,C,A,A,H,-,C,A,0,NA,NA,NA,NA,Y,NA,A,07,0,1,1,0,0,0,0,0,0,-,-,NA,NA,ORANGE,FULLERTON,-117.97029876708984,33.895511627197266
8450266,2017,2017-10-03,3019,2017-08-24,0747,3295,SE,4,5,7,3019,0,0,0,NA,0,002,GRAND AV,MCFADDEN AV,800,S,N,A,-,N,NA,NA,NA,NA,NA,NA,NA,NA,NA,N,4,0,1,2,A,-,10,21952,NA,N,G,B,D,A,H,-,A,D,0,Y,NA,NA,NA,Y,NA,D,22,0,0,1,0,1,0,0,0,0,-,-,33.73361,-117.85011,ORANGE,SANTA ANA,-117.85043,33.73150723
8450310,2017,2017-10-03,3001,2017-09-10,1248,A1555,NA,7,5,7,3001,0,0,0,NA,0,0D3,ANAHEIM BL,MIDWAY DR,25,N,N,A,-,N,NA,NA,NA,NA,NA,NA,NA,NA,NA,Y,4,0,2,3,A,-,03,22350,NA,N,C,C,A,A,H,-,A,A,0,NA,NA,NA,NA,Y,NA,J,48,0,0,2,0,0,0,0,0,0,-,-,NA,NA,ORANGE,ANAHEIM,-117.90638837,33.81269818
84504127,2024,2024-12-16,3001,2024-11-20,1551,A2832,NA,3,5,7,3001,0,0,0,NA,0,044,NOHL RANCH ROAD,CANYON RIM ROAD,0,NA,Y,A,-,N,NA,NA,NA,NA,NA,NA,NA,NA,NA,Y,3,0,2,2,A,-,09,21801,A,N,D,C,A,A,H,-,A,A,0,NA,NA,NA,NA,Y,NA,A,07,0,1,1,0,0,0,0,0,0,-,-,33.84347915649414,-117.77639770507813,ORANGE,ANAHEIM,-117.77597045898438,33.843292236328125
84504333,2024,2024-12-16,3001,2024-11-23,2219,A2920,NA,6,5,7,3001,0,0,0,NA,0,D-1,MAGNOLIA AVENUE,WOODLAND DRIVE,0,NA,Y,B,-,N,NA,NA,NA,NA,NA,NA,NA,NA,NA,Y,4,0,1,2,A,-,12,21453,A,M,D,C,A,B,H,-,C,A,0,NA,NA,NA,NA,Y,NA,-,99,0,0,1,0,0,0,0,0,0,-,-,NA,NA,ORANGE,ANAHEIM,-117.97617340087892,33.849334716796875