CASE_ID,ACCIDENT_YEAR,PROC_DATE,JURIS,COLLISION_DATE,COLLISION_TIME,OFFICER_ID,REPORTING_DISTRICT,DAY_OF_WEEK,CHP_SHIFT,POPULATION,CNTY_CITY_LOC,SPECIAL_COND,BEAT_TYPE,CHP_BEAT_TYPE,CITY_DIVISION_LAPD,CHP_BEAT_CLASS,BEAT_NUMBER,PRIMARY_RD,SECONDARY_RD,DISTANCE,DIRECTION,INTERSECTION,WEATHER_1,WEATHER_2,STATE_HWY_IND,CALTRANS_COUNTY,CALTRANS_DISTRICT,STATE_ROUTE,ROUTE_SUFFIX,POSTMILE_PREFIX,POSTMILE,LOCATION_TYPE,RAMP_INTERSECTION,SIDE_OF_HWY,TOW_AWAY,COLLISION_SEVERITY,NUMBER_KILLED,NUMBER_INJURED,PARTY_COUNT,PRIMARY_COLL_FACTOR,PCF_CODE_OF_VIOL,PCF_VIOL_CATEGORY,PCF_VIOLATION,PCF_VIOL_SUBSECTION,HIT_AND_RUN,TYPE_OF_COLLISION,MVIW,PED_ACTION,ROAD_SURFACE,ROAD_COND_1,ROAD_COND_2,LIGHTING,CONTROL_DEVICE,CHP_ROAD_TYPE,PEDESTRIAN_ACCIDENT,BICYCLE_ACCIDENT,MOTORCYCLE_ACCIDENT,TRUCK_ACCIDENT,NOT_PRIVATE_PROPERTY,ALCOHOL_INVOLVED,STWD_VEHTYPE_AT_FAULT,CHP_VEHTYPE_AT_FAULT,COUNT_SEVERE_INJ,COUNT_VISIBLE_INJ,COUNT_COMPLAINT_PAIN,COUNT_PED_KILLED,COUNT_PED_INJURED,COUNT_BICYCLIST_KILLED,COUNT_BICYCLIST_INJURED,COUNT_MC_KILLED,COUNT_MC_INJURED,PRIMARY_RAMP,SECONDARY_RAMP,LATITUDE,LONGITUDE,COUNTY,CITY,POINT_X,POINT_Y
8465655,2018,2019-03-01,3022,2018-11-23,2140,1225,NA,5,5,5,3022,0,0,0,NA,0,NA,RED HILL AV,BARRANCA PKWY,33,N,N,B,-,N,NA,NA,NA,NA,NA,NA,NA,NA,NA,Y,1,1,5,2,A,-,01,23153,F,N,C,C,A,A,H,-,C,A,0,NA,NA,NA,NA,Y,NA,D,22,2,1,2,0,0,0,0,0,0,-,-,33.70573043823242,-117.84339141845705,ORANGE,TUSTIN,-117.84313201904295,33.705718994140625
8465854,2019,2021-05-25,3003,2019-04-04,0038,1184,NA,4,5,5,3003,0,0,0,NA,0,NA,BEACH BL,LA PALMA AV,635,N,N,A,-,N,NA,NA,NA,NA,NA,NA,NA,NA,NA,Y,1,1,2,2,A,-,03,22350,NA,N,D,C,A,A,H,-,C,D,0,NA,NA,Y,NA,Y,Y,C,02,0,2,0,0,0,0,0,1,0,-,-,33.8484992980957,-117.39978790283205,ORANGE,BUENA PARK,-117.9980239868164,33.848392486572266
84659258,2025,2025-04-23,3019,2025-04-16,1542,3201,NA,3,5,7,3019,0,0,0,NA,0,003,GRAND AVENUE,WILSHIRE AVENUE,20,N,N,A,-,N,NA,NA,NA,NA,NA,NA,NA,NA,NA,N,4,0,2,2,A,-,07,21658,A,N,B,C,A,A,H,-,A,D,0,NA,NA,NA,NA,Y,NA,A,01,0,0,2,0,0,0,0,0,0,-,-,33.72898864746094,-117.85025024414063,ORANGE,SANTA ANA,-117.85044860839844,33.729103088378906
84660863,2025,2025-04-24,3019,2025-04-17,1251,3737,NA,4,5,7,3019,0,0,0,NA,0,002,ROSS STREET,4TH STREET,110,S,N,A,-,N,NA,NA,NA,NA,NA,NA,NA,NA,NA,N,4,0,1,2,A,-,17,22517,NA,N,B,G,A,A,H,-,A,D,0,NA,Y,NA,NA,Y,NA,A,08,0,0,1,0,0,0,1,0,0,-,-,33.74726104736328,-117.87254333496094,ORANGE,SANTA ANA,-117.87245941162108,33.7476692199707
8466098,2017,2017-10-05,3001,2017-09-16,2248,415,NA,6,5,7,3001,0,0,0,NA,0,D-3,DISNEYLAND DR,BALL RD,110,N,N,A,-,N,NA,NA,NA,NA,NA,NA,NA,NA,NA,N,3,0,4,3,A,-,03,22350,NA,N,C,C,A,A,H,-,A,D,0,NA,NA,NA,NA,Y,NA,A,07,0,2,2,0,0,0,0,0,0,-,-,NA,NA,ORANGE,ANAHEIM,-117.92242896,33.81844229
84662200,2025,2025-04-24,3026,2025-04-22,1231,8929,NA,2,5,6,3026,0,0,0,NA,0,NA,PASEO WESTPARK,SAN REMO,0,NA,Y,A,-,N,NA,NA,NA,NA,NA,NA,NA,NA,NA,Y,3,0,2,2,A,-,09,21801,A,N,A,C,A,A,H,-,A,A,0,NA,NA,NA,NA,Y,NA,A,01,0,2,0,0,0,0,0,0,0,-,-,33.683990478515625,-117.81664276123048,ORANGE,IRVINE,-117.81675720214844,33.684146881103516
84665030,2025,2025-04-28,3002,2025-03-15,1403,1747,NA,6,5,4,3002,0,0,0,NA,0,003,IMPERIAL HY,SHOPPING CENTER WY,0,NA,Y,A,-,Y,ORA,NA,90,NA,NA,6.356,H,NA,L,Y,3,0,1,2,A,-,12,21453,A,N,D,C,A,A,H,-,A,A,0,NA,NA,NA,NA,Y,NA,A,01,0,1,0,0,0,0,0,0,0,-,-,33.91109848022461,-117.86760711669922,ORANGE,BREA,-117.86760711669922,33.911094665527344
84665579,2025,2025-04-28,3008,2025-03-11,757,1486,NA,2,5,6,3008,0,0,0,NA,0,NA,STATE COLLEGE BLVD,FENDER AVE,0,NA,Y,C,-,N,NA,NA,NA,NA,NA,NA,NA,NA,NA,Y,4,0,1,2,A,-,09,21801,A,N,D,C,A,B,H,-,A,A,0,NA,NA,NA,NA,Y,NA,A,07,0,0,1,0,0,0,0,0,0,-,-,33.86790084838867,-117.88937377929688,ORANGE,FULLERTON,-117.88954162597656,33.86811447143555
8466746,2017,2017-10-12,3015,2017-04-15,1358,1440,26S,6,5,6,3015,0,0,0,NA,0,716,NORTH TUSTIN ST,EAST CHAPMAN AV,100,E,N,A,-,N,NA,NA,NA,NA,NA,NA,NA,NA,NA,Y,4,0,3,2,A,-,09,21804,A,N,D,C,A,A,H,-,A,D,0,NA,NA,NA,NA,Y,NA,A,01,0,0,3,0,0,0,0,0,0,-,-,NA,NA,ORANGE,ORANGE,-117.83574,33.78783
84669423,2025,2025-04-30,3010,2025-04-26,1402,6139,NA,6,5,6,3010,0,0,0,NA,0,007,WARNER AVE,BEACH BL - SR39 BLVD,45,W,N,A,-,Y,ORA,NA,39,NA,NA,4.547,H,NA,L,N,4,0,1,2,A,-,03,22350,NA,N,C,C,A,A,H,-,A,A,0,NA,NA,NA,NA,Y,NA,A,08,0,0,1,0,0,0,0,0,0,-,-,33.71451187133789,-117.9892807006836,ORANGE,HUNTINGTON BEACH,-117.98922729492188,33.71451187133789
8466959,2017,2017-10-13,3009,2017-09-27,1033,3927,117,3,5,6,3009,0,0,0,NA,0,023,WESTMINSTER AV,LAKE ST,0,NA,Y,A,-,N,NA,NA,NA,NA,NA,NA,NA,NA,NA,Y,4,0,2,3,B,-,22,NA,NA,N,E,J,F,A,H,-,A,D,0,Y,NA,NA,NA,Y,NA,A,01,0,0,2,0,1,0,0,0,0,-,-,NA,NA,ORANGE,GARDEN GROVE,-117.9443001,33.75966001
8466999,2017,2017-10-12,3019,2017-07-30,1900,3398,WE,7,5,7,3019,0,0,0,NA,0,001,1ST ST,NEWHOPE,25,E,N,A,-,N,NA,NA,NA,NA,NA,NA,NA,NA,NA,Y,2,0,1,4,A,-,03,22350,NA,F,C,C,A,A,H,-,A,A,0,NA,NA,NA,NA,Y,NA,A,01,1,0,0,0,0,0,0,0,0,-,-,33.7451,-117.92893,ORANGE,SANTA ANA,-117.92867797,33.74510128
84675951,2025,2025-05-06,3014,2025-04-13,2208,1661,NA,7,5,5,3014,0,0,0,NA,0,A3,JAMBOREE RD,UNIVERSITY,438,S,N,A,-,N,NA,NA,NA,NA,NA,NA,NA,NA,NA,Y,3,0,1,1,A,-,01,23152,A,N,F,I,A,A,H,-,C,D,0,NA,NA,NA,NA,Y,Y,A,01,0,1,0,0,0,0,0,0,0,-,-,33.64569091796875,-117.86699676513672,ORANGE,NEWPORT BEACH,-117.8668975830078,33.645938873291016
84676151,2025,2025-05-06,3010,2025-04-28,1640,2083,NA,1,5,6,3010,0,0,0,NA,0,003,ADAMS AVE,PICCADILLY LN,100,W,N,A,-,N,NA,NA,NA,NA,NA,NA,NA,NA,NA,Y,4,0,2,3,A,-,03,22350,NA,N,C,C,A,A,H,-,A,-,0,NA,NA,NA,NA,Y,NA,A,01,0,0,2,0,0,0,0,0,0,-,-,33.672550201416016,-117.95101928710938,ORANGE,HUNTINGTON BEACH,-117.95101928710938,33.672332763671875
84676167,2025,2025-05-09,3008,2025-03-01,110,1664,NA,6,5,6,3008,0,0,0,NA,0,NA,FULLERTON CREEK DR,MOUNTAIN VIEW PL,660,E,N,A,-,N,NA,NA,NA,NA,NA,NA,NA,NA,NA,Y,3,0,1,1,A,-,01,23152,A,N,E,I,A,A,H,-,C,D,0,NA,NA,NA,NA,Y,Y,A,01,0,1,0,0,0,0,0,0,0,-,-,33.884239196777344,-117.89605712890624,ORANGE,FULLERTON,-117.89373016357422,33.88458251953125
84676229,2025,2025-05-06,3002,2025-03-07,1518,1747,NA,5,5,4,3002,0,0,0,NA,0,002,CENTRAL AV,ELMWOOD AV,234,E,N,B,C,N,NA,NA,NA,NA,NA,NA,NA,NA,NA,Y,3,0,3,2,A,-,03,22350,NA,N,C,C,A,B,H,-,A,A,0,NA,NA,NA,NA,Y,NA,A,01,0,2,1,0,0,0,0,0,0,-,-,33.93193054199219,-117.90561676025392,ORANGE,BREA,NA,NA
84677824,2025,2025-05-07,3019,2025-03-22,2206,3941,NA,6,5,7,3019,0,0,0,NA,0,002,3RD STREET,BROADWAY,50,W,N,A,-,N,NA,NA,NA,NA,NA,NA,NA,NA,NA,N,3,0,1,2,A,-,10,21954,B,N,G,B,D,A,H,-,C,A,0,Y,NA,NA,NA,Y,Y,N,60,0,1,0,0,1,0,0,0,0,-,-,33.74702835083008,-117.86946868896484,ORANGE,SANTA ANA,-117.8698959350586,33.747100830078125
84679680,2025,2025-05-08,3019,2025-05-04,1711,3575,NA,7,5,7,3019,0,0,0,NA,0,001,FOREST AVENUE,3RD STREET,0,NA,Y,A,-,N,NA,NA,NA,NA,NA,NA,NA,NA,NA,N,3,0,1,2,A,-,12,22450,A,N,D,C,A,A,H,-,A,A,0,NA,NA,Y,NA,Y,NA,C,03,0,1,0,0,0,0,0,0,1,-,-,33.746498107910156,-117.89005279541016,ORANGE,SANTA ANA,-117.88996887207033,33.74702835083008
8468239,2017,2017-10-23,3003,2017-09-23,0720,1201,NA,6,5,5,3003,0,0,0,NA,0,002,11TH ST,BEACH BL,4,W,N,A,-,N,NA,NA,NA,NA,NA,NA,NA,NA,NA,N,3,0,1,2,D,-,00,NA,NA,F,G,B,B,A,H,-,A,D,0,Y,NA,NA,NA,Y,NA,-,-,0,1,0,0,1,0,0,0,0,-,-,33.8628,-117.9982,ORANGE,BUENA PARK,-117.99822315,33.86282994
8468679,2017,2018-05-29,3022,2017-09-05,1342,1193,NORTH,2,5,5,3022,0,0,0,NA,0,NA,TUSTIN RANCH RD,RT 5,99,S,N,A,-,Y,ORA,12,5,-,R,28.456,R,4,S,Y,4,0,1,2,A,-,07,21658,A,N,C,C,A,A,H,-,A,A,0,NA,NA,NA,NA,Y,NA,I,11,0,0,1,0,0,0,0,0,0,-,-,33.726820000000004,-117.80293,ORANGE,TUSTIN,-117.8068138,33.72739248
84687906,2025,2025-05-15,3001,2025-04-11,1802,A2576,NA,5,5,7,3001,0,0,0,NA,0,031,BALL ROAD,WALNUT STREET,0,NA,Y,A,-,N,NA,NA,NA,NA,NA,NA,NA,NA,NA,Y,4,0,2,2,D,-,00,NA,NA,N,D,C,A,A,H,-,A,A,0,NA,NA,NA,NA,Y,NA,-,-,0,0,2,0,0,0,0,0,0,-,-,NA,NA,ORANGE,ANAHEIM,-117.92849731445313,33.81797790527344
84689470,2025,2025-05-16,3014,2025-05-01,30,1672,NA,4,5,5,3014,0,0,0,NA,0,A3,SR-1 (E. COAST HWY),MACARTHUR BLVD,0,NA,Y,A,-,Y,NA,NA,NA,NA,NA,NA,NA,NA,NA,Y,3,0,1,2,A,-,01,23152,A,N,C,C,A,A,H,-,C,A,0,NA,NA,NA,NA,Y,Y,A,01,0,1,0,0,0,0,0,0,0,-,-,33.60430145263672,-117.87419891357422,ORANGE,NEWPORT BEACH,-117.87409973144533,33.604164123535156
8469195,2017,2018-05-25,3010,2017-09-04,1905,3037,349,1,5,6,3010,0,0,0,NA,0,004,PACIFIC COAST HWY,17TH ST,11,NA,N,B,-,Y,ORA,12,1,-,-,25.521,I,5,N,N,3,0,1,2,A,-,09,21801,A,N,D,G,A,A,H,-,B,A,0,NA,Y,NA,NA,Y,NA,D,22,0,1,0,0,0,0,1,0,0,-,-,NA,NA,ORANGE,HUNTINGTON BEACH,-118.01246866,33.66479497
8469352,2017,2018-07-10,3012,2017-10-10,1246,568,11,2,5,5,3012,0,0,0,NA,0,001,WHITTIER BL,IDAHO ST,234,W,N,A,-,Y,ORA,12,39,-,-,21.16,H,-,N,N,4,0,1,2,A,-,01,23152,E,N,C,C,A,A,H,-,A,A,0,NA,NA,NA,NA,Y,NA,A,01,0,0,1,0,0,0,0,0,0,-,-,NA,NA,ORANGE,LA HABRA,-117.9600689,33.93909712
84694994,2025,2025-05-21,3019,2025-04-17,1723,3678,NA,4,5,7,3019,0,0,0,NA,0,003,BROADWAY,ANAHURST PLACE,0,NA,Y,A,-,N,NA,NA,NA,NA,NA,NA,NA,NA,NA,Y,4,0,1,2,A,-,09,21803,A,N,D,C,A,A,H,-,A,D,0,NA,NA,NA,NA,Y,NA,D,22,0,0,1,0,0,0,0,0,0,-,-,33.717140197753906,-117.87064361572266,ORANGE,SANTA ANA,-117.86997222900392,33.7179069519043
8469628,2018,2018-08-06,3010,2018-01-14,1423,1109,462,7,5,6,3010,0,0,0,NA,0,004,RT 1,HUNTINGTON,149,S,N,A,-,Y,ORA,12,1,-,-,24.24,H,-,N,N,4,0,1,2,A,-,03,22350,NA,N,C,C,A,A,H,-,A,A,0,NA,NA,NA,NA,Y,NA,A,07,0,0,1,0,0,0,0,0,0,-,-,NA,NA,ORANGE,HUNTINGTON BEACH,-117.99517822265624,33.653011322021484
84696555,2025,2025-05-22,3019,2025-05-10,1235,3892,NA,6,5,7,3019,0,0,0,NA,0,002,CATALINA AVENUE,PONDEROSA STREET,247,W,N,A,-,N,NA,NA,NA,NA,NA,NA,NA,NA,NA,N,4,0,1,2,A,-,11,21954,A,N,G,B,D,A,H,-,A,D,0,Y,NA,NA,NA,Y,NA,N,60,0,0,1,0,1,0,0,0,0,-,-,33.764549255371094,-117.8336181640625,ORANGE,SANTA ANA,-117.83444213867188,33.7648811340332
84696563,2025,2025-05-22,3019,2025-05-11,2059,3776,NA,7,5,7,3019,0,0,0,NA,0,001,MCFADDEN AVENUE,HARBOR BOULEVARD,75,E,N,A,-,N,NA,NA,NA,NA,NA,NA,NA,NA,NA,N,4,0,1,2,A,-,21,22106,NA,N,C,C,A,A,H,-,C,D,0,NA,NA,NA,NA,Y,NA,D,22,0,0,1,0,0,0,0,0,0,-,-,33.738529205322266,-117.92012786865234,ORANGE,SANTA ANA,-117.91990661621094,33.73833084106445
84698134,2024,2025-05-23,3019,2024-03-22,610,3692,NA,5,5,7,3019,0,0,0,NA,0,003,MACARTHUR BOULEVARD,BIRCH STREET,0,NA,Y,A,-,N,NA,NA,NA,NA,NA,NA,NA,NA,NA,N,1,1,1,2,D,-,00,NA,NA,N,D,C,A,A,H,-,C,A,0,NA,NA,Y,NA,Y,NA,-,-,0,0,1,0,0,0,0,1,0,-,-,33.69981002807617,-117.87168884277344,ORANGE,SANTA ANA,-117.87171936035156,33.69994354248047
84698162,2025,2025-05-23,3010,2025-04-28,1824,6042,NA,1,5,6,3010,0,0,0,NA,0,003,MEMPHIS AVE,ALABAMA ST,0,NA,Y,A,-,N,NA,NA,NA,NA,NA,NA,NA,NA,NA,Y,4,0,1,2,A,-,09,21802,A,N,D,C,A,A,H,-,A,A,0,NA,NA,NA,NA,Y,NA,A,01,0,0,1,0,0,0,0,0,0,-,-,33.66830825805664,-117.99668121337892,ORANGE,HUNTINGTON BEACH,-117.99671936035156,33.66847610473633
84698173,2025,2025-05-23,3019,2025-02-14,1822,3692,NA,5,5,7,3019,0,0,0,NA,0,004,RAITT STREET,MYRTLE STREET,118,S,N,A,-,N,NA,NA,NA,NA,NA,NA,NA,NA,NA,N,1,1,0,2,A,-,01,21200,5,N,C,G,A,A,H,-,C,D,0,NA,Y,NA,NA,Y,Y,L,04,0,0,0,0,0,1,0,0,0,-,-,33.74123001098633,-117.89331817626952,ORANGE,SANTA ANA,-117.89322662353516,33.74140930175781
84698182,2025,2025-05-23,3019,2025-04-17,1759,3720,NA,4,5,7,3019,0,0,0,NA,0,002,BROADWAY,SANTA CLARA AVENUE,0,NA,Y,A,-,N,NA,NA,NA,NA,NA,NA,NA,NA,NA,N,4,0,1,2,D,-,00,NA,NA,N,B,C,A,A,H,-,B,A,0,NA,NA,Y,NA,Y,NA,-,-,0,0,1,0,0,0,0,0,1,-,-,33.766658782958984,-117.86949920654295,ORANGE,SANTA ANA,-117.86952972412108,33.766849517822266
84698201,2025,2025-05-23,3019,2025-05-14,2229,3965,NA,3,5,7,3019,0,0,0,NA,0,004,BISHOP STREET,FLOWER STREET,200,W,N,A,-,N,NA,NA,NA,NA,NA,NA,NA,NA,NA,Y,4,0,3,2,A,-,08,22107,NA,N,A,C,A,A,H,-,C,D,0,NA,NA,NA,NA,Y,NA,A,07,0,0,3,0,0,0,0,0,0,-,-,33.73942184448242,-117.87631225585938,ORANGE,SANTA ANA,-117.87708282470705,33.739402770996094
84698213,2025,2025-05-23,3019,2025-05-16,2232,3823,NA,5,5,7,3019,0,0,0,NA,0,001,NEWHOPE STREET,KENT AVENUE (S),278,N,N,A,-,N,NA,NA,NA,NA,NA,NA,NA,NA,NA,N,3,0,1,3,A,-,03,22350,NA,N,C,E,A,A,H,-,C,D,0,NA,NA,NA,NA,Y,NA,A,01,0,1,0,0,0,0,0,0,0,-,-,33.73439025878906,-117.92899322509766,ORANGE,SANTA ANA,-117.92862701416016,33.735172271728516
84700773,2025,2025-05-27,3016,2025-04-05,859,1255,NA,6,5,5,3016,0,0,0,NA,0,002,MADISON AVENUE,DIANE AVENUE,20,W,N,-,-,N,NA,NA,NA,NA,NA,NA,NA,NA,NA,Y,3,0,2,2,A,-,08,22107,NA,N,D,C,A,A,H,-,A,D,0,NA,NA,NA,NA,Y,NA,A,01,0,2,0,0,0,0,0,0,0,-,-,33.8821907043457,-117.87390899658205,ORANGE,PLACENTIA,-117.87388610839844,33.882164001464844
84702541,2025,2025-05-28,3001,2025-04-27,1809,A2576,NA,7,5,7,3001,0,0,0,NA,0,032,KATELLA AVENUE,CLEMENTINE STREET,532,W,N,B,-,N,NA,NA,NA,NA,NA,NA,NA,NA,NA,N,3,0,1,3,A,-,03,22350,NA,N,C,C,A,A,H,-,A,D,0,NA,NA,NA,NA,Y,NA,A,07,0,1,0,0,0,0,0,0,0,-,-,33.80303955078125,-117.91004180908205,ORANGE,ANAHEIM,-117.9118194580078,33.803260803222656
84702681,2025,2025-05-28,3010,2025-05-24,1717,2090,NA,6,5,6,3010,0,0,0,NA,0,002,PACIFIC COAST HWY - SR1,MAGNOLIA ST,0,NA,Y,A,-,Y,NA,NA,NA,NA,NA,NA,NA,NA,NA,Y,4,0,2,2,A,-,08,22107,NA,N,C,C,A,A,H,-,A,A,0,NA,NA,NA,NA,Y,NA,A,01,0,0,2,0,0,0,0,0,0,-,-,NA,NA,ORANGE,HUNTINGTON BEACH,-117.97357940673828,33.63986587524414
8470288,2017,2017-10-19,3015,2017-09-19,0617,1364,NA,2,5,6,3015,0,0,0,NA,0,NA,TUSTIN,CHAPMAN AV,0,NA,Y,A,-,N,NA,NA,NA,NA,NA,NA,NA,NA,NA,Y,4,0,2,2,A,-,09,21453,C,N,D,C,A,A,H,-,A,A,0,NA,NA,NA,NA,Y,NA,A,01,0,0,2,0,0,0,0,0,0,-,-,NA,NA,ORANGE,ORANGE,-117.83574011,33.7878301
84704582,2025,2025-05-29,3019,2025-05-25,1049,3931,NA,7,5,7,3019,0,0,0,NA,0,003,WILSHIRE AVENUE,MAIN STREET,50,W,N,A,-,N,NA,NA,NA,NA,NA,NA,NA,NA,NA,N,4,0,1,2,A,-,03,22350,NA,M,A,E,A,A,H,-,A,D,0,NA,NA,NA,Y,Y,NA,D,22,0,0,1,0,0,0,0,0,0,-,-,33.73065185546875,-117.86782073974608,ORANGE,SANTA ANA,-117.8679428100586,33.73074722290039
8470585,2017,2017-11-29,3019,2017-09-30,1724,3438,NE,6,5,7,3019,0,0,0,NA,0,002,FLOWER ST,WASHINGTON AV,12,S,N,A,-,N,NA,NA,NA,NA,NA,NA,NA,NA,NA,N,3,0,3,2,A,-,03,22350,NA,N,C,C,A,A,H,-,A,A,0,NA,NA,NA,NA,Y,NA,A,01,0,2,1,0,0,0,0,0,0,-,-,33.75564,-117.87663,ORANGE,SANTA ANA,-117.87651062,33.75571711
84706568,2025,2025-05-30,3019,2025-05-20,1000,2676,NA,2,5,7,3019,0,0,0,NA,0,004,SULLIVAN STREET,EDINGER AVENUE,5,N,N,A,-,N,NA,NA,NA,NA,NA,NA,NA,NA,NA,N,4,0,1,2,A,-,05,21650,NA,N,D,C,A,A,H,-,A,A,0,NA,NA,Y,NA,Y,NA,C,03,0,0,1,0,0,0,0,0,1,-,-,33.7269401550293,-117.90302276611328,ORANGE,SANTA ANA,-117.90254974365234,33.72731399536133
84706593,2025,2025-05-30,3010,2025-05-20,729,1107,NA,2,5,6,3010,0,0,0,NA,0,NA,GARFIELD AVE,DELAWARE ST,0,NA,Y,A,-,N,NA,NA,NA,NA,NA,NA,NA,NA,NA,N,4,0,2,3,A,-,12,21453,A,N,D,C,A,A,H,-,A,A,0,NA,NA,Y,NA,Y,NA,A,08,0,0,2,0,0,0,0,0,1,-,-,33.685550689697266,-117.99382781982422,ORANGE,HUNTINGTON BEACH,-117.9931411743164,33.6866569519043
84708478,2025,2025-06-02,3008,2025-03-08,1155,1692,NA,6,5,6,3008,0,0,0,NA,0,NA,BASTANCHURY RD,EUCLID ST,2660,E,N,A,-,N,NA,NA,NA,NA,NA,NA,NA,NA,NA,Y,4,0,2,2,A,-,03,22350,NA,N,C,C,A,A,H,-,A,D,0,NA,NA,NA,NA,Y,NA,A,08,0,0,2,0,0,0,0,0,0,-,-,33.888938903808594,-117.94249725341795,ORANGE,FULLERTON,-117.93680572509766,33.892295837402344
84708732,2025,2025-06-02,3001,2025-05-20,1309,A2382,NA,2,5,7,3001,0,0,0,NA,0,D-1,BROOKHURST STREET,MIDWOOD LANE,334,N,N,A,-,N,NA,NA,NA,NA,NA,NA,NA,NA,NA,Y,3,0,1,1,A,-,01,23152,F,N,E,I,A,A,H,-,A,D,0,NA,NA,NA,NA,Y,NA,D,22,0,1,0,0,0,0,0,0,0,-,-,NA,NA,ORANGE,ANAHEIM,-117.95897674560548,33.80490493774414
84708870,2025,2025-06-03,3008,2025-04-10,1740,1387,NA,4,5,6,3008,0,0,0,NA,0,NA,VALENCIA DR,EUCLID ST,35,E,N,A,-,N,NA,NA,NA,NA,NA,NA,NA,NA,NA,N,4,0,2,3,A,-,03,22350,NA,N,B,C,A,A,H,-,A,A,0,NA,NA,NA,NA,Y,NA,D,22,0,0,2,0,0,0,0,0,0,-,-,NA,NA,ORANGE,FULLERTON,-117.94182586669922,33.86659240722656
8470980,2017,2017-10-27,3019,2017-10-04,1647,3449,NE,3,5,7,3019,0,0,0,NA,0,004,17TH ST,CABRILLO PARK DR,0,NA,Y,A,-,N,NA,NA,NA,NA,NA,NA,NA,NA,NA,N,4,0,1,2,D,-,00,NA,NA,N,D,C,A,A,H,-,A,A,0,NA,NA,NA,NA,Y,NA,-,-,0,0,1,0,0,0,0,0,0,-,-,33.75979,-117.8417,ORANGE,SANTA ANA,-117.84178008,33.75985003
8470981,2017,2017-10-24,3019,2017-10-05,0755,2859,WE,4,5,7,3019,0,0,0,NA,0,001,1 POWER SPUR,EUCLID ST,8,S,N,A,-,N,NA,NA,NA,NA,NA,NA,NA,NA,NA,N,4,0,1,2,A,-,10,21950,A,N,G,B,-,A,H,-,A,A,0,Y,NA,NA,NA,Y,NA,A,01,0,0,1,0,1,0,0,0,0,-,-,33.73828,-117.93767,ORANGE,SANTA ANA,NA,NA
84710235,2025,2025-06-02,3026,2025-05-31,123,722,NA,6,5,6,3026,0,0,0,NA,0,006,QUAIL HILL PARKWAY,PASSAGE,0,NA,Y,A,-,N,NA,NA,NA,NA,NA,NA,NA,NA,NA,N,4,0,1,1,A,-,08,22107,NA,N,A,I,A,A,H,-,C,A,0,NA,NA,NA,NA,Y,Y,A,07,0,0,1,0,0,0,0,0,0,-,-,NA,NA,ORANGE,IRVINE,-117.77936553955078,33.653465270996094
84710614,2025,2025-06-03,3019,2025-05-18,1629,3910,NA,7,5,7,3019,0,0,0,NA,0,004,SEGERSTROM AVENUE,GREENVILLE STREET,0,NA,Y,A,-,N,NA,NA,NA,NA,NA,NA,NA,NA,NA,N,4,0,2,2,A,-,12,21453,A,N,D,C,A,A,H,-,A,A,0,NA,NA,NA,NA,Y,NA,A,01,0,0,2,0,0,0,0,0,0,-,-,33.70878982543945,-117.90448760986328,ORANGE,SANTA ANA,-117.90410614013672,33.70884323120117
8471329,2017,2017-10-19,3019,2017-09-26,0705,3151,SC,2,5,7,3019,0,0,0,NA,0,003,WARNER AV,LINDA WY,207,E,N,A,-,N,NA,NA,NA,NA,NA,NA,NA,NA,NA,Y,4,0,1,2,A,-,08,22107,NA,N,B,C,A,A,H,-,A,D,0,NA,NA,NA,NA,Y,NA,A,01,0,0,1,0,0,0,0,0,0,-,-,33.71538,-117.89402,ORANGE,SANTA ANA,-117.89314469,33.71565755
8471357,2017,2017-10-19,3019,2017-09-08,1358,2776,NE,5,5,7,3019,0,0,0,NA,0,002,MAIN ST,WASHINGTON AV,8,S,N,A,-,N,NA,NA,NA,NA,NA,NA,NA,NA,NA,N,3,0,1,2,A,-,10,21950,A,N,G,B,B,A,H,-,A,A,0,Y,NA,NA,NA,Y,NA,A,07,0,1,0,0,1,0,0,0,0,-,-,33.75585,-117.86769,ORANGE,SANTA ANA,-117.86758088,33.75558808
8471368,2017,2017-10-20,3019,2017-09-19,0739,2460,SC,2,5,7,3019,0,0,0,NA,0,002,BRISTOL ST,1ST ST,15,N,N,B,-,N,NA,NA,NA,NA,NA,NA,NA,NA,NA,N,3,0,1,2,A,-,09,21804,A,N,D,G,A,A,H,-,A,A,0,NA,Y,NA,NA,Y,NA,L,04,0,1,0,0,0,0,1,0,0,-,-,33.74557,-117.88494,ORANGE,SANTA ANA,-117.88517,33.74547
8471376,2017,2017-10-20,3019,2017-09-21,0530,3515,SC,4,5,7,3019,0,0,0,NA,0,004,FAIRVIEW AV,EDINGER AV,139,N,N,B,-,N,NA,NA,NA,NA,NA,NA,NA,NA,NA,Y,3,0,2,3,A,-,08,22107,NA,N,B,C,A,A,H,-,A,D,0,NA,NA,NA,NA,Y,NA,-,NA,0,1,1,0,0,0,0,0,0,-,-,NA,NA,ORANGE,SANTA ANA,-117.90612715,33.72768661