CASE_ID,ACCIDENT_YEAR,PROC_DATE,JURIS,COLLISION_DATE,COLLISION_TIME,OFFICER_ID,REPORTING_DISTRICT,DAY_OF_WEEK,CHP_SHIFT,POPULATION,CNTY_CITY_LOC,SPECIAL_COND,BEAT_TYPE,CHP_BEAT_TYPE,CITY_DIVISION_LAPD,CHP_BEAT_CLASS,BEAT_NUMBER,PRIMARY_RD,SECONDARY_RD,DISTANCE,DIRECTION,INTERSECTION,WEATHER_1,WEATHER_2,STATE_HWY_IND,CALTRANS_COUNTY,CALTRANS_DISTRICT,STATE_ROUTE,ROUTE_SUFFIX,POSTMILE_PREFIX,POSTMILE,LOCATION_TYPE,RAMP_INTERSECTION,SIDE_OF_HWY,TOW_AWAY,COLLISION_SEVERITY,NUMBER_KILLED,NUMBER_INJURED,PARTY_COUNT,PRIMARY_COLL_FACTOR,PCF_CODE_OF_VIOL,PCF_VIOL_CATEGORY,PCF_VIOLATION,PCF_VIOL_SUBSECTION,HIT_AND_RUN,TYPE_OF_COLLISION,MVIW,PED_ACTION,ROAD_SURFACE,ROAD_COND_1,ROAD_COND_2,LIGHTING,CONTROL_DEVICE,CHP_ROAD_TYPE,PEDESTRIAN_ACCIDENT,BICYCLE_ACCIDENT,MOTORCYCLE_ACCIDENT,TRUCK_ACCIDENT,NOT_PRIVATE_PROPERTY,ALCOHOL_INVOLVED,STWD_VEHTYPE_AT_FAULT,CHP_VEHTYPE_AT_FAULT,COUNT_SEVERE_INJ,COUNT_VISIBLE_INJ,COUNT_COMPLAINT_PAIN,COUNT_PED_KILLED,COUNT_PED_INJURED,COUNT_BICYCLIST_KILLED,COUNT_BICYCLIST_INJURED,COUNT_MC_KILLED,COUNT_MC_INJURED,PRIMARY_RAMP,SECONDARY_RAMP,LATITUDE,LONGITUDE,COUNTY,CITY,POINT_X,POINT_Y
90155401,2016,2016-04-12,9675,2016-04-05,1340,017773,NA,2,1,6,3026,0,1,1,NA,2,406,I-405 S/B,JAMBOREE RD,528,N,N,A,-,Y,NA,NA,405,NA,NA,NA,NA,NA,S,Y,4,0,1,2,A,-,07,21658,A,N,C,C,A,A,H,-,A,D,0,NA,NA,NA,NA,Y,NA,A,08,0,0,1,0,0,0,0,0,0,-,-,33.67736,-117.84507,ORANGE,IRVINE,-117.84509433,33.67730512
9015769,2019,2020-02-14,3003,2019-12-13,1530,1093,54,5,5,5,3003,0,0,0,NA,0,002,KNOTT AV,ORANGE THORPE AV,362,N,N,A,-,N,NA,NA,NA,NA,NA,NA,NA,NA,NA,N,4,0,1,2,A,-,09,21804,A,N,D,C,A,A,H,-,A,D,0,NA,NA,NA,NA,Y,NA,A,01,0,0,1,0,0,0,0,0,0,-,-,33.85960006713867,-118.0115966796875,ORANGE,BUENA PARK,-118.01130676269533,33.859901428222656
90161836,2016,2016-04-20,9670,2016-04-18,1607,018887,NA,1,2,5,3003,0,1,3,NA,2,092,SR-91 E/B - RIVERSIDE FREEWAY,BEACH BLVD,138,W,N,A,-,Y,NA,NA,91,NA,NA,NA,NA,NA,E,Y,4,0,2,3,A,-,03,22350,NA,N,C,C,A,A,H,-,A,D,0,NA,NA,NA,NA,Y,NA,A,01,0,0,2,0,0,0,0,0,0,-,-,33.85591,-117.99853,ORANGE,BUENA PARK,-117.9985308,33.8559814
90163258,2016,2016-04-22,9675,2016-04-08,0210,018272,NA,5,3,7,3001,0,1,3,NA,2,094,SR-91 WESTBOUND (RIVERSIDE FREEWAY),LAKEVIEW AVE.,2000,E,N,B,-,Y,NA,NA,91,NA,NA,NA,NA,NA,W,Y,4,0,1,2,C,-,18,NA,NA,N,C,C,A,B,H,-,D,D,0,NA,NA,NA,Y,Y,NA,-,-,0,0,1,0,0,0,0,0,0,-,-,33.85416,-117.80861,ORANGE,ANAHEIM,-117.8086632,33.85437101
90163305,2016,2016-04-22,9675,2016-04-10,0930,021233,NA,7,1,6,3026,0,1,1,NA,2,407,I-5 NORTHBOUND TO I-405 NORTHBOUND,BAKE PKWY,200,N,N,B,-,Y,NA,NA,5,NA,NA,NA,R,NA,N,Y,4,0,1,2,A,-,07,21658,A,N,B,C,A,A,H,-,A,D,0,NA,NA,Y,NA,Y,NA,C,02,0,0,1,0,0,0,0,0,1,-,-,33.63945,-117.73039,ORANGE,IRVINE,-117.73039,33.63945
90165928,2016,2016-04-26,9675,2016-04-12,1815,018834,NA,2,2,7,3019,0,1,1,NA,2,502,I-5 NORTHBOUND,MAIN ST,600,S,N,A,-,Y,NA,NA,NA,NA,NA,NA,NA,NA,NA,Y,4,0,2,2,A,-,03,22350,NA,N,C,C,A,A,H,-,A,D,0,NA,NA,NA,NA,Y,NA,A,01,0,0,2,0,0,0,0,0,0,-,-,33.76445,-117.56642,ORANGE,SANTA ANA,-117.86731,33.76809
90169487,2016,2016-04-29,9690,2016-04-25,1035,014919,NA,1,1,5,3017,0,1,1,NA,2,059,I-5 N/B (SAN DIEGO FRWY),AVENIDA PICO,1260,N,N,A,-,Y,NA,NA,5,NA,NA,NA,NA,NA,N,N,4,0,1,2,A,-,07,21658,A,N,B,C,A,A,D,-,A,D,0,NA,NA,NA,NA,Y,NA,A,08,0,0,1,0,0,0,0,0,0,-,-,33.44103,-117.62587,ORANGE,SAN CLEMENTE,-117.62589547,33.44099211
90170607,2016,2016-05-02,9670,2016-04-21,2137,019808,NA,4,2,5,3003,0,1,1,NA,2,501,I-5 S/B,ORANGETHORPE AVE,528,N,N,A,-,Y,NA,NA,5,NA,NA,NA,NA,NA,S,Y,3,0,2,3,A,-,03,22350,NA,N,C,C,A,A,H,-,C,D,0,NA,NA,NA,NA,Y,NA,A,01,0,1,1,0,0,0,0,0,0,-,-,33.86067,-117.98875,ORANGE,BUENA PARK,-117.98878055,33.86062115
90170756,2016,2016-05-02,9675,2016-04-28,1545,021206,NA,4,2,4,3002,0,1,3,NA,2,570,SR-57 SOUTHBOUND,IMPERIAL HIGHWAY,1000,N,N,A,-,Y,NA,NA,57,NA,NA,NA,NA,NA,S,N,4,0,1,2,A,-,03,22350,NA,N,C,C,A,A,H,-,A,D,0,NA,NA,NA,NA,Y,NA,A,01,0,0,1,0,0,0,0,0,0,-,-,33.91491,-117.8824,ORANGE,BREA,-117.88248347,33.91495006
90174968,2016,2016-05-09,9675,2016-04-20,0814,021233,NA,3,1,6,3026,0,1,1,NA,2,540,I-5 SOUTHBOUND,JEFFREY RD,600,S,N,A,-,Y,NA,NA,5,NA,NA,NA,NA,NA,S,Y,4,0,1,2,A,-,03,22350,NA,N,C,C,A,A,H,-,A,D,0,NA,NA,Y,NA,Y,NA,C,02,0,0,1,0,0,0,0,0,1,-,-,33.68855,-117.76758,ORANGE,IRVINE,-117.767647,33.68850619
90174999,2016,2016-05-09,9675,2016-04-22,0157,018272,NA,5,3,6,3026,0,1,1,NA,2,504,I-5 N/B (SANTA ANA FREEWAY),JEFFREY RD.,2380,S,N,B,-,Y,NA,NA,5,NA,NA,NA,NA,NA,N,Y,4,0,1,1,A,-,08,22107,NA,N,E,I,A,A,H,-,C,D,0,NA,NA,NA,Y,Y,NA,F,26,0,0,1,0,0,0,0,0,0,-,-,33.68609,-117.76547,ORANGE,IRVINE,-117.76559233,33.68600923
90175540,2016,2016-05-09,9670,2016-04-30,0605,015927,670,6,1,6,3009,0,1,3,NA,2,023,SR-22 W/B TO EUCLID ST. (TRASK AVE.),TRASK AVE.,130,E,N,B,-,Y,NA,NA,22,NA,NA,NA,R,NA,W,N,4,0,1,1,A,-,03,22350,NA,N,E,I,A,B,H,-,B,A,0,NA,NA,NA,NA,Y,NA,A,01,0,0,1,0,0,0,0,0,0,-,-,33.76657,-117.93486,ORANGE,GARDEN GROVE,-117.93486,33.76657
90177440,2016,2016-05-11,9670,2016-05-03,0953,018212,NA,2,1,6,3009,0,1,3,NA,2,021,SR-22 W/B (GARDEN GROVE FREEWAY),SPRINGDALE ST,528,W,N,A,-,Y,NA,NA,22,NA,NA,NA,NA,NA,W,Y,4,0,1,3,A,-,03,22350,NA,N,C,C,A,A,H,-,A,D,0,NA,NA,NA,NA,Y,NA,A,01,0,0,1,0,0,0,0,0,0,-,-,33.7745,-118.02293,ORANGE,GARDEN GROVE,-118.02292912,33.77438654
90178496,2016,2016-05-13,9675,2016-04-29,1451,019979,NA,5,2,6,3004,0,1,1,NA,2,045,I-405 NORTHBOUND,HARBOR BLVD,1000,S,N,A,-,Y,NA,NA,405,NA,NA,NA,NA,NA,N,Y,4,0,2,2,A,-,03,22350,NA,N,C,C,A,A,H,-,A,D,0,NA,NA,NA,NA,Y,NA,A,08,0,0,2,0,0,0,0,0,0,-,-,33.688,-117.9114,ORANGE,COSTA MESA,-117.91139924,33.68809211
90180119,2016,2016-05-16,9675,2016-05-05,1620,019407,NA,4,2,6,3026,0,1,1,NA,2,504,I-5 NORTHBOUND,BARRANCA PKWY,955,N,N,A,-,Y,NA,NA,5,NA,NA,NA,NA,NA,N,Y,4,0,1,3,A,-,03,22350,NA,N,C,C,A,A,H,-,A,D,0,NA,NA,NA,NA,Y,NA,A,01,0,0,1,0,0,0,0,0,0,-,-,33.66667,-117.75243,ORANGE,IRVINE,-117.75243012,33.6666699
90182765,2016,2016-05-19,9690,2016-05-14,0920,018646,NA,6,1,4,3045,0,1,1,NA,2,055,I-5 S/B (SAN DIEGO FRWY),LOS ALISOS BLVD O/C,900,S,N,B,-,Y,NA,NA,5,NA,NA,NA,NA,NA,S,N,3,0,1,2,A,-,03,22350,NA,N,C,C,A,A,H,-,A,D,0,NA,NA,NA,NA,Y,NA,A,07,0,1,0,0,0,0,0,0,0,-,-,33.60747,-117.6968,ORANGE,LAGUNA HILLS,-117.69672846,33.6076425
90182888,2016,2016-05-19,9675,2016-05-10,1345,019471,NA,2,1,7,3019,0,1,3,NA,2,552,SR-55 S/B,MACARTHUR BLVD,400,N,N,A,-,Y,NA,NA,55,NA,NA,NA,NA,NA,S,Y,4,0,1,3,A,-,03,22350,NA,N,C,C,A,A,H,-,A,D,0,NA,NA,NA,NA,Y,NA,D,22,0,0,1,0,0,0,0,0,0,-,-,33.69999,-117.86057,ORANGE,SANTA ANA,-117.86037631,33.69978377
90182941,2016,2016-05-19,9690,2016-05-18,2010,018349,NA,3,2,5,3017,0,1,1,NA,2,059,I-5 N/B (SAN DIEGO FRWY),EL CAMINO REAL,500,N,N,A,-,Y,NA,NA,5,NA,NA,NA,NA,NA,N,N,4,0,2,2,A,-,07,21658,A,N,B,C,A,A,H,-,C,D,0,NA,NA,NA,NA,Y,NA,A,07,0,0,2,0,0,0,0,0,0,-,-,33.4213,-117.60676,ORANGE,SAN CLEMENTE,-117.60693023,33.42117743
90183008,2016,2016-05-19,9675,2016-05-13,1500,019618,NA,5,2,7,3001,0,1,3,NA,2,095,SR-91 E/B,WEIR CYN RD,1000,E,N,A,-,Y,NA,NA,91,NA,NA,NA,NA,NA,E,Y,4,0,1,3,A,-,03,22350,NA,N,C,C,A,A,H,-,A,D,0,NA,NA,NA,NA,Y,NA,A,01,0,0,1,0,0,0,0,0,0,-,-,33.87046,-117.74247,ORANGE,ANAHEIM,-117.74248245,33.87055315
90183494,2016,2016-05-20,9675,2016-05-16,0615,014895,NA,1,1,7,3001,0,1,3,NA,2,094,STATE ROUTE 91 W/B,IMPERIAL HIGHWAY,2640,W,N,B,-,Y,NA,NA,91,NA,NA,NA,NA,NA,W,Y,4,0,1,2,A,-,03,22350,NA,N,C,C,A,A,H,-,A,D,0,NA,NA,NA,NA,Y,NA,A,01,0,0,1,0,0,0,0,0,0,-,-,33.85645,-117.78562,ORANGE,ANAHEIM,-117.78561169,33.85643324
90183777,2016,2016-05-20,9690,2016-05-13,1352,018840,NA,5,1,5,3017,0,1,1,NA,2,059,I-5 N/B (SAN DIEGO FRWY),AVENIDA VISTA HERMOSA,1500,N,N,A,-,Y,NA,NA,5,NA,NA,NA,NA,NA,N,Y,3,0,1,2,A,-,03,22350,NA,N,C,C,A,A,D,-,A,D,0,NA,NA,NA,NA,Y,NA,A,01,0,1,0,0,0,0,0,0,0,-,-,33.44767,-117.63542,ORANGE,SAN CLEMENTE,-117.63544083,33.44762986
90184640,2016,2016-05-23,9670,2016-05-14,1800,016271,NA,6,2,6,3009,0,1,3,NA,2,024,SR-22 E/B,GARDEN GROVE BLVD,528,W,N,A,-,Y,NA,NA,22,NA,NA,NA,NA,NA,E,Y,4,0,3,2,A,-,03,22350,NA,N,C,C,A,A,H,-,A,D,0,NA,NA,NA,NA,Y,NA,A,07,0,0,3,0,0,0,0,0,0,-,-,33.77365,-117.90607,ORANGE,GARDEN GROVE,-117.90612131,33.773749
90185317,2016,2016-05-26,9675,2016-05-11,1330,020780,NA,3,1,6,3026,0,1,3,NA,2,130,STATE ROUTE 133 SOUTHBOUND,IRVINE BOULEVARD,185,S,N,A,-,Y,NA,NA,133,NA,NA,NA,NA,NA,S,Y,3,0,1,2,A,-,08,22107,NA,N,E,I,A,A,H,-,A,D,0,NA,NA,NA,NA,Y,NA,D,22,0,1,0,0,0,0,0,0,0,-,-,33.69574,-117.73665,ORANGE,IRVINE,-117.73681767,33.69588299
90189620,2016,2016-05-31,9690,2016-05-22,0630,018479,NA,7,1,5,3028,0,1,1,NA,2,056,I-5 N/B (SAN DIEGO FRWY),OSO PKWY,350,S,N,B,-,Y,NA,NA,5,NA,NA,NA,NA,NA,N,Y,4,0,1,2,A,-,03,22350,NA,N,C,C,A,A,H,-,A,D,0,NA,NA,NA,NA,Y,Y,A,01,0,0,1,0,0,0,0,0,0,-,-,33.56921,-117.67249,ORANGE,MISSION VIEJO,-117.67183685,33.56915889
9019003,2019,2020-02-05,3004,2019-12-14,2310,P667,05,6,5,6,3004,0,0,0,NA,0,006,EAST 17TH ST,SANTA ANA AV,0,NA,Y,A,-,N,NA,NA,NA,NA,NA,NA,NA,NA,NA,N,3,0,1,3,A,-,12,21453,NA,N,D,C,A,A,H,-,C,A,0,NA,NA,NA,NA,Y,NA,A,07,0,1,0,0,0,0,0,0,0,-,-,33.63290023803711,-117.91539764404295,ORANGE,COSTA MESA,-117.91539764404295,33.633079528808594
90190791,2016,2016-05-31,9675,2016-05-30,0209,020535,NA,1,3,7,3019,0,1,1,NA,2,502,I-5 NORTHBOUND,BROADWAY,300,N,N,A,-,Y,NA,NA,5,NA,NA,NA,NA,NA,N,Y,3,0,1,2,A,-,01,23152,A,N,C,C,A,A,H,-,C,D,0,NA,NA,NA,NA,Y,Y,A,01,0,1,0,0,0,0,0,0,0,-,-,33.77115,-117.86946,ORANGE,SANTA ANA,-117.86947717,33.77113543
90191445,2016,2016-05-31,9670,2016-05-22,1113,018212,NA,7,1,9,3000,0,3,5,NA,2,005,VAN BUREN ST (15300 BLOCK),MCFADDEN AVE,528,N,N,A,-,N,NA,NA,NA,NA,NA,NA,NA,NA,NA,Y,3,0,3,2,A,-,08,22107,NA,N,A,E,A,A,H,-,A,D,0,NA,NA,NA,NA,Y,NA,A,01,0,2,1,0,0,0,0,0,0,-,-,33.77999,-117.98631,ORANGE,UNINCORPORATED,-117.98686,33.73748
90192452,2016,2016-06-01,9670,2016-05-25,0730,021242,NA,3,1,4,3020,0,1,1,NA,2,440,I-405 N/B,SEAL BEACH BLVD,1320,N,N,A,-,Y,NA,NA,NA,NA,NA,NA,NA,NA,NA,N,4,0,1,2,A,-,03,22350,NA,N,C,C,A,A,H,-,A,D,0,NA,NA,NA,NA,Y,NA,A,01,0,0,1,0,0,0,0,0,0,-,-,33.4628,-118.4424,ORANGE,SEAL BEACH,NA,NA
90193249,2016,2016-06-02,9675,2016-05-06,1009,015207,NA,5,1,6,3004,0,1,1,NA,2,045,I-405 S/B,HARBOR BLVD.,1056,N,N,C,-,Y,NA,NA,NA,NA,NA,NA,NA,NA,NA,Y,4,0,4,4,A,-,03,22350,NA,N,C,C,A,B,H,-,A,D,0,NA,NA,NA,NA,Y,NA,A,01,0,0,4,0,0,0,0,0,0,-,-,33.68959,-117.92552,ORANGE,COSTA MESA,-117.91953,33.68935
90193327,2016,2016-06-02,9675,2016-05-25,1044,021224,NA,3,1,6,3004,0,1,3,NA,2,553,SR-55 SOUTHBOUND,I-405 SOUTHBOUND,100,N,N,B,-,Y,NA,NA,55,NA,NA,NA,NA,NA,S,N,4,0,1,2,A,-,03,22350,NA,N,C,C,A,A,H,-,A,D,0,NA,NA,NA,NA,Y,NA,A,01,0,0,1,0,0,0,0,0,0,-,-,33.68777,-117.87191,ORANGE,COSTA MESA,-117.8718844,33.68774571
90193357,2016,2016-06-02,9690,2016-05-29,1050,018840,NA,7,1,4,3029,0,1,1,NA,2,058,I-5 S/B (SAN DIEGO FRWY),VIA CALIFORNIA,1000,S,N,B,-,Y,NA,NA,5,NA,NA,NA,NA,NA,S,Y,3,0,5,3,A,-,03,22350,NA,N,C,C,A,A,D,-,A,D,0,NA,NA,NA,NA,Y,NA,A,01,0,1,4,0,0,0,0,0,0,-,-,33.46369,-117.66487,ORANGE,DANA POINT,-117.66483988,33.46373406
90194745,2015,2016-06-06,9675,2015-10-24,0542,020668,NA,6,3,6,3008,0,1,3,NA,2,071,STATE ROUTE 57 SOUTHBOUND,YORBA LINDA BOULEVARD,2950,S,N,A,-,Y,NA,NA,NA,NA,NA,NA,NA,NA,NA,Y,1,1,2,2,A,-,01,23152,E,N,A,C,A,A,H,-,C,D,0,NA,NA,NA,NA,Y,NA,D,22,1,1,0,0,0,0,0,0,0,-,-,33.53153,-117.52501,ORANGE,FULLERTON,-117.88056214,33.88093433
90195608,2016,2016-07-07,9675,2016-05-24,0840,021224,NA,2,1,5,3022,0,1,1,NA,2,503,I-5 SOUTHBOUND,TUSTIN RANCH ROAD,2000,N,N,A,-,Y,NA,NA,5,NA,NA,NA,NA,NA,S,Y,2,0,2,6,A,-,03,22350,NA,N,B,C,A,A,H,-,A,D,0,NA,NA,Y,NA,Y,NA,C,02,2,0,0,0,0,0,0,0,2,-,-,33.72916,-117.80925,ORANGE,TUSTIN,-117.80929284,33.72909829
90196029,2016,2016-06-07,9670,2016-05-26,0640,021282,NA,4,1,7,3001,0,1,3,NA,2,092,SR-91 E/B TO EAST ST.,EAST ST,9,W,N,A,-,Y,NA,NA,91,NA,NA,NA,R,NA,E,N,4,0,1,2,A,-,05,21650,NA,N,H,G,A,A,H,-,A,A,0,NA,Y,NA,NA,Y,NA,L,04,0,0,1,0,0,0,1,0,0,-,-,33.85403,-117.95614,ORANGE,ANAHEIM,-117.95614,33.85403
90197219,2016,2016-06-08,9670,2016-05-26,0715,016209,NA,4,1,6,3009,0,1,3,NA,2,023,SR-22 W/B (GARDEN GROVE FREEWAY),BEACH BLVD.,2620,E,N,B,-,Y,NA,NA,22,NA,NA,NA,NA,NA,W,Y,4,0,1,2,C,-,18,NA,NA,N,H,A,A,A,H,-,A,D,0,NA,NA,NA,NA,Y,NA,-,-,0,0,1,0,0,0,0,0,0,-,-,33.77079,-117.98352,ORANGE,GARDEN GROVE,-117.98352379,33.77071859
90199035,2016,2016-06-10,9675,2016-06-04,1207,021224,NA,6,1,7,3019,0,1,1,NA,2,502,I-5 NORTHBOUND,17TH ST,1000,N,N,A,-,Y,NA,NA,NA,NA,NA,NA,NA,NA,NA,Y,4,0,1,3,A,-,03,22350,NA,N,C,C,A,A,H,-,A,D,0,NA,NA,NA,NA,Y,NA,A,01,0,0,1,0,0,0,0,0,0,-,-,33.65062,-117.75533,ORANGE,SANTA ANA,-117.8639353,33.76224682
90199202,2016,2016-06-10,9690,2016-06-02,1605,020463,NA,4,2,9,3000,0,3,5,NA,2,004,FLINTRIDGE AVE,SIENNA PKWY,0,NA,Y,A,-,N,NA,NA,NA,NA,NA,NA,NA,NA,NA,Y,4,0,1,1,C,-,18,NA,NA,N,E,I,A,A,H,-,A,A,0,NA,NA,NA,NA,Y,NA,-,-,0,0,1,0,0,0,0,0,0,-,-,33.56064,-117.63607,ORANGE,UNINCORPORATED,-117.63617001,33.56070002
90200334,2016,2016-06-13,9670,2016-05-31,1445,021212,NA,2,2,6,3009,0,1,3,NA,2,024,SR-22 E/B,HARBOR BLVD,1584,E,N,A,-,Y,NA,NA,22,NA,NA,NA,NA,NA,E,Y,3,0,3,3,A,-,03,22350,NA,N,C,C,A,A,H,-,A,D,0,NA,NA,NA,NA,Y,NA,A,01,0,1,2,0,0,0,0,0,0,-,-,33.76895,-117.91668,ORANGE,GARDEN GROVE,-117.91670948,33.76903527
90204264,2016,2016-06-17,9675,2016-06-10,1440,020668,NA,5,2,5,3022,0,1,3,NA,2,552,SR-55 N/B,MCFADDEN ST,1000,S,N,A,-,Y,NA,NA,55,NA,NA,NA,NA,NA,N,Y,4,0,1,2,A,-,03,22350,NA,N,C,C,A,A,H,-,A,D,0,NA,NA,NA,NA,Y,NA,A,01,0,0,1,0,0,0,0,0,0,-,-,33.72379,-117.8362,ORANGE,TUSTIN,-117.83652037,33.72405493
90204305,2016,2016-06-17,9675,2016-06-12,1855,020668,NA,7,2,6,3004,0,1,1,NA,2,405,I-405 S/B,FAIRVIEW RD,500,N,N,A,-,Y,NA,NA,NA,NA,NA,NA,NA,NA,NA,Y,3,0,1,2,A,-,07,21658,A,N,B,C,A,A,H,-,A,D,0,NA,NA,NA,Y,Y,NA,A,01,0,1,0,0,0,0,0,0,0,-,-,33.4117,-117.54537,ORANGE,COSTA MESA,-117.90794,33.68772
9020514,2019,2020-06-10,3000,2019-10-25,0737,2731,797J2,5,5,4,3021,0,0,0,NA,0,021,BEACH BL,CERRITOS AV,13,S,N,A,-,Y,ORA,12,39,-,-,11.181,I,5,S,N,4,0,1,2,A,-,08,22107,NA,N,D,-,B,A,H,-,A,A,0,Y,NA,NA,NA,Y,NA,A,07,0,0,1,0,1,0,0,0,0,-,-,NA,NA,ORANGE,STANTON,-117.99330902099608,33.81023406982422
90205473,2016,2016-06-20,9670,2016-06-04,1732,020860,NA,6,2,5,3007,0,1,1,NA,2,040,I-405 N/B,WARD ST,400,N,N,A,-,Y,NA,NA,405,NA,NA,NA,NA,NA,N,Y,4,0,4,5,A,-,03,22350,NA,N,C,C,A,A,H,-,A,D,0,NA,NA,NA,NA,Y,NA,A,07,0,0,4,0,0,0,0,0,0,-,-,33.70072,-117.9468,ORANGE,FOUNTAIN VALLEY,-117.94681355,33.70068769
90207309,2016,2016-06-22,9690,2016-06-17,2217,020194,NA,5,3,5,3050,0,1,1,NA,2,055,I-5 N/B (SAN DIEGO FRWY),LOS ALISOS BLVD.,120,N,N,A,-,Y,NA,NA,5,NA,NA,NA,NA,NA,N,Y,3,0,2,2,A,-,08,22107,NA,N,B,E,A,A,H,-,C,D,0,NA,NA,NA,NA,Y,NA,A,01,0,1,1,0,0,0,0,0,0,-,-,33.60964,-117.70027,ORANGE,LAKE FOREST,-117.70032047,33.60953274
9020815,2019,2020-01-18,3001,2019-11-01,1319,A211,NA,5,5,7,3001,0,0,0,NA,0,0D3,BALL RD,ANAHEIM BL,15,W,N,A,-,N,NA,NA,NA,NA,NA,NA,NA,NA,NA,N,3,0,1,2,A,-,12,21453,A,F,D,G,A,A,H,-,-,A,0,NA,Y,NA,NA,Y,NA,-,-,0,1,0,0,0,0,1,0,0,-,-,33.81679153442383,-117.90825653076172,ORANGE,ANAHEIM,-117.90811157226563,33.81806182861328
90208378,2016,2016-06-23,9675,2016-06-15,1740,018733,NA,3,2,4,3002,0,1,3,NA,2,570,SR-57 NORTHBOUND,TONNER CYN RD,600,N,N,A,-,Y,NA,NA,57,NA,NA,NA,NA,NA,N,Y,4,0,1,2,A,-,03,22350,NA,N,B,C,A,A,H,-,A,D,0,NA,NA,Y,NA,Y,NA,C,02,0,0,1,0,0,0,0,0,1,-,-,33.93917,-117.87662,ORANGE,BREA,-117.8766337,33.93918003
9020863,2019,2020-01-18,3001,2019-12-30,1211,A1410,NA,1,5,7,3001,0,0,0,NA,0,0D1,LINCOLN AV,CRESCENT WY,11,W,N,B,-,N,NA,NA,NA,NA,NA,NA,NA,NA,NA,N,3,0,2,3,A,-,09,21801,A,N,D,C,A,A,H,-,A,A,0,NA,NA,NA,NA,Y,NA,A,07,0,1,1,0,0,0,0,0,0,-,-,33.832820892333984,-117.94737243652344,ORANGE,ANAHEIM,-117.94732666015624,33.83256912231445
90208932,2016,2016-06-24,9690,2016-06-16,1512,016128,NA,4,2,9,3000,0,1,3,NA,1,074,SR 74 W/B (ORTEGA HWY),GIBBY ROAD,200,E,N,A,-,Y,NA,NA,74,NA,NA,NA,NA,NA,W,Y,3,0,4,4,A,-,03,22350,NA,N,C,C,A,A,H,-,A,A,0,NA,NA,NA,NA,Y,NA,A,01,0,2,2,0,0,0,0,0,0,-,-,33.5142,-117.57699,ORANGE,UNINCORPORATED,-117.57698695,33.514178
9020913,2019,2020-06-29,3001,2019-11-04,0853,A2194,NA,1,5,7,3001,0,0,0,NA,0,NA,BROOKHURST ST,RT 5,0,NA,Y,A,-,Y,ORA,12,5,-,-,40.908,R,4,S,Y,4,0,1,2,A,-,03,22350,NA,N,C,C,A,A,H,-,A,A,0,NA,NA,NA,NA,Y,NA,A,07,0,0,1,0,0,0,0,0,0,-,-,NA,NA,ORANGE,ANAHEIM,-117.96212768554688,33.846920013427734
9020947,2019,2020-06-25,3000,2019-12-09,1125,1920,797J4,1,5,4,3021,0,0,0,NA,0,721,BEACH BL,HYNES RD,375,S,N,A,-,Y,ORA,12,39,-,-,10.04,H,-,N,N,4,0,1,3,A,-,03,22350,NA,N,D,G,A,A,H,-,A,D,0,NA,Y,NA,NA,Y,NA,A,01,0,0,1,0,0,0,1,0,0,-,-,NA,NA,ORANGE,STANTON,-117.99290466308594,33.793670654296875
90209525,2016,2016-06-27,9690,2016-06-18,0231,019925,NA,6,3,4,3018,0,1,1,NA,2,057,I-5 S/B (SAN DIEGO FRWY),STONEHILL DR,1487,N,N,A,-,Y,NA,NA,5,NA,NA,NA,NA,NA,S,Y,2,0,1,1,A,-,08,22107,NA,N,E,I,A,A,H,-,C,D,0,NA,NA,Y,NA,Y,NA,C,02,1,0,0,0,0,0,0,0,1,-,-,33.47747,-117.67367,ORANGE,SAN JUAN CAPISTRANO,-117.67358283,33.47741353
90210260,2016,2016-06-27,9670,2016-06-15,1240,016209,NA,3,1,5,3024,0,1,1,NA,2,420,I-405 N/B (SAN DIEGO FREEWAY),EDWARDS ST.,200,S,N,A,-,Y,NA,NA,405,NA,NA,NA,NA,NA,N,Y,4,0,3,3,A,-,03,22350,NA,N,C,C,A,A,H,-,A,D,0,NA,NA,NA,NA,Y,NA,A,01,0,0,3,0,0,0,0,0,0,-,-,33.75286,-118.01456,ORANGE,WESTMINSTER,-118.01449648,33.75293641
90211279,2016,2016-08-17,9675,2016-06-15,1825,018733,NA,3,2,4,3002,0,1,3,NA,2,570,SR-57 NORTHBOUND,LAMBERT RD,50,N,N,A,-,Y,NA,NA,57,NA,NA,NA,NA,NA,N,Y,3,0,1,4,A,-,03,22350,NA,N,B,C,A,A,H,-,A,D,0,NA,NA,Y,NA,Y,NA,C,02,0,1,0,0,0,0,0,0,1,-,-,33.92615,-117.88008,ORANGE,BREA,-117.88005437,33.92615039
90211878,2016,2016-06-29,9675,2016-06-21,1255,015914,NA,2,1,5,3022,0,1,1,NA,2,503,I-5 NORTHBOUND,SR-55 NORTHBOUND,300,S,N,B,-,Y,NA,NA,NA,NA,NA,NA,NA,NA,NA,Y,4,0,3,2,A,-,03,22350,NA,N,C,C,A,A,H,-,A,D,0,NA,NA,NA,NA,Y,Y,A,01,0,0,3,0,0,0,0,0,0,-,-,33.4418,-117.506,ORANGE,TUSTIN,-117.83375,33.74079
9021191,2019,2020-01-13,3000,2019-11-22,1908,2785,921E6,5,5,4,3049,0,0,0,NA,0,784,ALISO CREEK,AUTUMNGLEN,384,S,N,B,-,N,NA,NA,NA,NA,NA,NA,NA,NA,NA,Y,4,0,1,2,A,-,09,21801,A,N,D,C,A,A,H,-,C,D,0,NA,NA,NA,NA,Y,NA,A,01,0,0,1,0,0,0,0,0,0,-,-,NA,NA,ORANGE,ALISO VIEJO,-117.72332763671876,33.572689056396484