CASE_ID,ACCIDENT_YEAR,PROC_DATE,JURIS,COLLISION_DATE,COLLISION_TIME,OFFICER_ID,REPORTING_DISTRICT,DAY_OF_WEEK,CHP_SHIFT,POPULATION,CNTY_CITY_LOC,SPECIAL_COND,BEAT_TYPE,CHP_BEAT_TYPE,CITY_DIVISION_LAPD,CHP_BEAT_CLASS,BEAT_NUMBER,PRIMARY_RD,SECONDARY_RD,DISTANCE,DIRECTION,INTERSECTION,WEATHER_1,WEATHER_2,STATE_HWY_IND,CALTRANS_COUNTY,CALTRANS_DISTRICT,STATE_ROUTE,ROUTE_SUFFIX,POSTMILE_PREFIX,POSTMILE,LOCATION_TYPE,RAMP_INTERSECTION,SIDE_OF_HWY,TOW_AWAY,COLLISION_SEVERITY,NUMBER_KILLED,NUMBER_INJURED,PARTY_COUNT,PRIMARY_COLL_FACTOR,PCF_CODE_OF_VIOL,PCF_VIOL_CATEGORY,PCF_VIOLATION,PCF_VIOL_SUBSECTION,HIT_AND_RUN,TYPE_OF_COLLISION,MVIW,PED_ACTION,ROAD_SURFACE,ROAD_COND_1,ROAD_COND_2,LIGHTING,CONTROL_DEVICE,CHP_ROAD_TYPE,PEDESTRIAN_ACCIDENT,BICYCLE_ACCIDENT,MOTORCYCLE_ACCIDENT,TRUCK_ACCIDENT,NOT_PRIVATE_PROPERTY,ALCOHOL_INVOLVED,STWD_VEHTYPE_AT_FAULT,CHP_VEHTYPE_AT_FAULT,COUNT_SEVERE_INJ,COUNT_VISIBLE_INJ,COUNT_COMPLAINT_PAIN,COUNT_PED_KILLED,COUNT_PED_INJURED,COUNT_BICYCLIST_KILLED,COUNT_BICYCLIST_INJURED,COUNT_MC_KILLED,COUNT_MC_INJURED,PRIMARY_RAMP,SECONDARY_RAMP,LATITUDE,LONGITUDE,COUNTY,CITY,POINT_X,POINT_Y
90399256,2017,2017-02-23,9675,2017-02-21,1800,019407,NA,2,2,5,3022,0,1,1,NA,2,503,I-5 N/B TO RED HILL AVE.,RED HILL AVE,457,S,N,A,-,Y,NA,NA,5,NA,NA,NA,R,NA,N,Y,4,0,1,3,A,-,03,22350,NA,N,C,C,A,A,H,-,C,D,0,NA,NA,NA,NA,Y,NA,A,07,0,0,1,0,0,0,0,0,0,-,-,33.73372,-117.8159,ORANGE,TUSTIN,-117.8159,33.73372
90400837,2017,2017-02-27,9670,2017-02-14,1317,019690,NA,2,1,4,3020,0,1,1,NA,2,045,I-405 S/B,BOLSA CHICA RD,3000,N,N,A,-,Y,NA,NA,405,NA,NA,NA,NA,NA,S,Y,4,0,1,3,A,-,03,22350,NA,N,C,C,A,A,H,-,A,D,0,NA,NA,NA,NA,Y,NA,D,22,0,0,1,0,0,0,0,0,0,-,-,33.77395,-118.05017,ORANGE,SEAL BEACH,-118.05017166,33.7742424
9040178,2020,2020-02-26,3000,2020-01-21,0755,10779,891D5,2,5,4,3045,0,0,0,NA,0,745,AVENIDA DE LA CARLOTA,LAKE FOREST DR,233,S,N,B,-,N,NA,NA,NA,NA,NA,NA,NA,NA,NA,Y,4,0,1,2,A,-,03,22350,NA,N,-,C,A,B,H,-,A,D,0,NA,NA,NA,NA,Y,NA,A,01,0,0,1,0,0,0,0,0,0,-,-,NA,NA,ORANGE,LAGUNA HILLS,-117.7239990234375,33.628021240234375
90401897,2017,2017-02-28,9670,2017-01-12,0838,021543,NA,4,1,6,3009,0,1,3,NA,2,023,SR-22 W/B (GARDEN GROVE FREEWAY),GARDEN GOVE BLVD,528,E,N,C,-,Y,NA,NA,NA,NA,NA,NA,NA,NA,NA,Y,4,0,2,2,C,-,18,NA,NA,N,C,C,A,B,H,-,A,D,0,NA,NA,NA,NA,Y,NA,-,-,0,0,2,0,0,0,0,0,0,-,-,33.46354,-117.54456,ORANGE,GARDEN GROVE,-118.00407421,33.77293711
9040475,2020,2020-03-03,3000,2020-01-09,1817,1916,921G1,4,5,4,3045,0,0,0,NA,0,746,PASEO DE VALENCIA,KENNINGTON DR,85,N,N,A,-,N,NA,NA,NA,NA,NA,NA,NA,NA,NA,Y,3,0,1,2,A,-,07,21658,A,N,B,C,A,A,H,-,C,A,0,NA,NA,Y,NA,Y,NA,A,07,0,1,0,0,0,0,0,0,1,-,-,NA,NA,ORANGE,LAGUNA HILLS,-117.70249176025392,33.601688385009766
90405916,2017,2017-03-06,9670,2017-02-17,1525,019290,NA,5,2,5,3003,0,1,3,NA,2,091,SR-91 W/B (RIVERSIDE FWY),KNOTT AVENUE,300,E,N,C,-,Y,NA,NA,NA,NA,NA,NA,NA,NA,NA,Y,4,0,1,3,A,-,03,22350,NA,N,C,C,A,A,H,-,A,D,0,NA,NA,NA,Y,Y,NA,D,22,0,0,1,0,0,0,0,0,0,-,-,33.8561,-118.06761,ORANGE,BUENA PARK,-118.01028411,33.85608453
90407841,2017,2017-03-08,9670,2017-02-26,1310,019120,NA,7,1,5,3007,0,1,1,NA,2,041,I-405 S/B TO MAGNOLIA STREET,MAGNOLIA ST,528,N,N,B,C,Y,NA,NA,405,NA,NA,NA,R,NA,S,Y,4,0,1,1,A,-,03,22350,NA,N,F,I,A,B,H,-,A,B,0,NA,NA,NA,NA,Y,NA,A,01,0,0,1,0,0,0,0,0,0,-,-,33.72067,-117.97349,ORANGE,FOUNTAIN VALLEY,-117.97349,33.72067
90408809,2016,2017-03-09,9670,2016-04-09,1410,018534,NA,6,2,4,3020,0,1,1,NA,2,045,INTERSTATE 405 SOUTHBOUND,STATE ROUTE 22 WESTBOUND OVERCROSSING,994,N,N,B,-,Y,NA,NA,405,NA,NA,NA,NA,NA,S,Y,1,1,1,2,A,-,08,22107,NA,N,B,C,A,B,H,-,A,D,0,NA,NA,NA,NA,Y,NA,D,22,0,0,1,0,0,0,0,0,0,-,-,33.77613,-118.08884,ORANGE,SEAL BEACH,-118.08864168,33.77629454
90409212,2017,2017-03-09,9675,2017-03-05,1425,021435,NA,7,2,5,3016,0,1,3,NA,2,571,SR-57 SOUTHBOUND,ORANGETHORPE AVE,30,N,N,B,-,Y,NA,NA,57,NA,NA,NA,NA,NA,S,Y,2,0,2,2,A,-,08,22107,NA,N,D,C,A,B,H,-,A,D,0,NA,NA,NA,NA,Y,NA,A,07,1,0,1,0,0,0,0,0,0,-,-,33.86165,-117.87744000000001,ORANGE,PLACENTIA,-117.87748282,33.86163702
90409392,2017,2017-03-09,9675,2017-03-03,1845,019693,NA,5,2,6,3004,0,1,1,NA,2,405,I-405 NORTHBOUND,FAIRVIEW RD,500,S,N,A,-,Y,NA,NA,NA,NA,NA,NA,NA,NA,NA,Y,4,0,1,2,A,-,03,22350,NA,N,C,C,A,A,H,-,D,D,0,NA,NA,NA,NA,Y,NA,A,01,0,0,1,0,0,0,0,0,0,-,-,33.41137,-117.54134,ORANGE,COSTA MESA,-117.90793,33.688
9041010,2020,2020-03-09,3015,2020-01-13,1037,1332,117N,1,5,6,3015,0,0,0,NA,0,232,EAST CHAPMAN AV,S NEWPORT,125,W,N,A,-,N,NA,NA,NA,NA,NA,NA,NA,NA,NA,Y,4,0,1,2,A,-,09,21804,A,N,D,C,A,A,H,-,A,D,0,NA,NA,NA,NA,Y,NA,A,07,0,0,1,0,0,0,0,0,0,-,-,NA,NA,ORANGE,ORANGE,-117.7717514038086,33.79521179199219
9041161,2020,2020-03-10,3010,2020-01-15,0810,1225,412,3,5,6,3010,0,0,0,NA,0,005,DELAWARE,MAIN,0,NA,Y,A,-,N,NA,NA,NA,NA,NA,NA,NA,NA,NA,N,3,0,1,2,A,-,09,21801,A,N,D,G,A,A,H,-,A,A,0,NA,Y,NA,NA,Y,NA,A,07,0,1,0,0,0,0,1,0,0,-,-,NA,NA,ORANGE,HUNTINGTON BEACH,-117.9931869506836,33.690670013427734
90413059,2017,2017-03-15,9670,2017-03-03,1610,013970,NA,5,2,5,3007,0,1,1,NA,2,040,I-405 N/B,BROOKHURST ST,528,S,N,A,-,Y,NA,NA,405,NA,NA,NA,NA,NA,N,N,4,0,2,2,A,-,03,22350,NA,N,C,C,A,A,H,-,A,D,0,NA,NA,NA,NA,Y,NA,A,01,0,0,2,0,0,0,0,0,0,-,-,33.70372,-117.95225,ORANGE,FOUNTAIN VALLEY,-117.9522496,33.70372049
90414182,2017,2017-03-17,9670,2017-01-27,1950,017951,NA,5,2,9,3000,0,3,5,NA,2,005,NEWLAND STREET (14800 BLOCK),BOLSA AVENUE,84,N,N,A,-,N,NA,NA,NA,NA,NA,NA,NA,NA,NA,Y,4,0,3,2,A,-,21,22106,NA,N,B,C,A,A,H,-,C,D,0,NA,NA,NA,NA,Y,NA,A,01,0,0,3,0,0,0,0,0,0,-,-,33.7451,-117.98098,ORANGE,UNINCORPORATED,-117.98089864,33.7449503
90414785,2017,2017-03-17,9670,2017-03-10,1920,017022,NA,5,2,4,3020,0,1,1,NA,2,044,I-405 N/B (SAN DIEGO FREEWAY),SEAL BEACH BOULEVARD,1933,S,N,A,-,Y,NA,NA,405,NA,NA,NA,NA,NA,N,N,4,0,2,3,A,-,03,22350,NA,N,C,C,A,A,H,-,A,D,0,NA,NA,NA,NA,Y,NA,A,01,0,0,2,0,0,0,0,0,0,-,-,33.77445,-118.06837,ORANGE,SEAL BEACH,-118.06837034,33.77443212
90415277,2017,2017-03-20,9675,2017-03-12,0300,021233,NA,7,3,7,3001,0,1,3,NA,2,095,SR-91 WESTBOUND,COAL CYN RD,2000,W,N,A,-,Y,NA,NA,91,NA,NA,NA,NA,NA,W,Y,2,0,2,3,A,-,01,23152,A,N,E,I,A,A,H,-,D,D,0,NA,NA,NA,NA,Y,Y,A,01,2,0,0,0,0,0,0,0,0,-,-,33.87418,-117.69274,ORANGE,ANAHEIM,-117.69274403,33.87414139
90415318,2017,2017-03-20,9690,2017-03-18,0321,020537,NA,6,3,5,3017,0,1,1,NA,2,059,I-5 N/B TO AVENIDA PICO,AVENIDA PICO,1654,S,N,B,-,Y,NA,NA,5,NA,NA,NA,R,NA,N,Y,4,0,2,2,A,-,01,23152,A,N,C,C,A,A,D,-,C,A,0,NA,NA,NA,NA,Y,Y,A,07,0,0,2,0,0,0,0,0,0,-,-,33.43712,-117.61911,ORANGE,SAN CLEMENTE,-117.61911,33.43712
9041639,2020,2020-03-16,3009,2020-01-07,1225,4626,071,2,5,6,3009,0,0,0,NA,0,1-2,MAGNOLIA ST,TRACY AV,113,S,N,A,-,N,NA,NA,NA,NA,NA,NA,NA,NA,NA,N,4,0,1,2,A,-,03,22350,NA,N,C,C,A,A,A,-,A,D,0,NA,NA,NA,NA,Y,NA,A,01,0,0,1,0,0,0,0,0,0,-,-,NA,NA,ORANGE,GARDEN GROVE,-117.97557067871094,33.79682159423828
9041678,2020,2020-02-21,3009,2020-01-28,1504,3927,114,2,5,6,3009,0,0,0,NA,0,021,EUCLID ST,MAIN ST,0,NA,Y,A,-,N,NA,NA,NA,NA,NA,NA,NA,NA,NA,Y,4,0,1,1,A,-,03,22350,NA,N,E,J,A,A,H,-,A,A,0,NA,NA,NA,NA,Y,NA,A,08,0,0,1,0,0,0,0,0,0,-,-,NA,NA,ORANGE,GARDEN GROVE,-117.9410400390625,33.7800407409668
90417223,2017,2017-03-22,9670,2017-03-20,1940,017022,NA,1,2,4,3020,0,1,1,NA,2,044,I-405 N/B (SAN DIEGO FREEWAY),SEAL BEACH BOULEVARD,2218,S,N,A,-,Y,NA,NA,405,NA,NA,NA,NA,NA,N,Y,4,0,1,2,A,-,03,22350,NA,N,C,C,A,A,H,-,C,D,0,NA,NA,NA,NA,Y,NA,A,01,0,0,1,0,0,0,0,0,0,-,-,33.77461,-118.06719,ORANGE,SEAL BEACH,-118.06718647,33.77442608
90417717,2017,2017-03-22,9670,2017-03-17,1740,019690,NA,5,2,9,3000,0,3,5,NA,2,005,NEWLAND ST (14600 BLOCK),ROOSEVELT AVE,130,S,N,A,-,N,NA,NA,NA,NA,NA,NA,NA,NA,NA,N,4,0,1,3,A,-,03,22350,NA,N,C,C,A,A,H,-,A,D,0,NA,NA,NA,NA,Y,NA,A,01,0,0,1,0,0,0,0,0,0,-,-,33.74987,-117.98087,ORANGE,UNINCORPORATED,-117.98091606,33.74987359
90419992,2017,2017-03-24,9675,2017-03-04,1137,021377,NA,6,1,7,3001,0,1,3,NA,2,095,SR-91 EASTBOUND,COAL CYN RD,3800,E,N,B,-,Y,NA,NA,91,NA,NA,NA,NA,NA,E,Y,3,0,2,2,A,-,07,21658,A,N,B,C,A,A,H,-,A,D,0,NA,NA,Y,NA,Y,NA,A,01,0,1,1,0,0,0,0,0,2,-,-,33.86865,-117.67499,ORANGE,ANAHEIM,-117.67501516,33.86881994
90420552,2017,2017-03-24,9670,2017-02-28,0640,016194,NA,2,1,5,3003,0,1,3,NA,2,092,SR-91 E/B,SR-39 (BEACH BLVD.),2112,E,N,A,-,Y,NA,NA,91,NA,NA,NA,NA,NA,E,Y,4,0,1,2,A,-,03,22350,NA,N,C,C,A,A,H,-,A,D,0,NA,NA,NA,NA,Y,NA,A,07,0,0,1,0,0,0,0,0,0,-,-,33.85589,-117.99073,ORANGE,BUENA PARK,-117.99073073,33.85603942
90420960,2017,2017-03-27,9670,2017-03-15,1550,021071,NA,3,2,6,3008,0,1,3,NA,2,094,SR-91 E/B,EUCLID ST,500,E,N,A,-,Y,NA,NA,91,NA,NA,NA,NA,NA,E,Y,4,0,1,3,A,-,03,22350,NA,N,C,A,A,A,H,-,A,D,0,NA,NA,NA,Y,Y,NA,F,55,0,0,1,0,0,0,0,0,0,-,-,33.85394,-117.93677,ORANGE,FULLERTON,-117.93677055,33.85409461
90424716,2017,2017-03-30,9675,2017-03-29,0824,015927,NA,3,1,7,3001,0,1,3,NA,2,093,SR-91 WESTBOUND,SR-57 SOUTHBOUND,528,W,N,A,-,Y,NA,NA,91,NA,NA,NA,NA,NA,W,Y,4,0,2,3,A,-,03,22350,NA,N,C,C,A,A,H,-,A,D,0,NA,NA,NA,NA,Y,NA,A,01,0,0,2,0,0,0,0,0,0,-,-,33.85035,-117.87699,ORANGE,ANAHEIM,-117.87695587,33.85042393
90425702,2017,2017-04-03,9675,2017-03-28,0853,015927,NA,2,1,7,3019,0,1,1,NA,2,502,I-5 SOUTHBOUND,LINCOLN AVE,100,S,N,A,-,Y,NA,NA,5,NA,NA,NA,NA,NA,S,Y,4,0,1,2,A,-,03,22350,NA,N,C,C,A,A,H,-,A,D,0,NA,NA,NA,NA,Y,NA,A,01,0,0,1,0,0,0,0,0,0,-,-,33.75652,-117.85583,ORANGE,SANTA ANA,-117.85588256,33.75640069
90426073,2017,2017-04-03,9675,2017-03-31,1045,021406,NA,5,1,7,3001,0,1,3,NA,2,094,SR-91 W/B,IMPERIAL HIGHWAY,7920,E,N,A,-,Y,NA,NA,NA,NA,NA,NA,NA,NA,NA,Y,4,0,1,2,A,-,00,23153,F,N,C,C,A,A,H,-,A,D,0,NA,NA,NA,NA,Y,NA,A,01,0,0,1,0,0,0,0,0,0,-,-,33.5255,-117.45423,ORANGE,ANAHEIM,NA,NA
90426805,2017,2017-04-04,9675,2017-03-23,1650,017993,NA,4,2,7,3001,0,1,3,NA,2,095,SR-91 EASTBOUND,COAL CYN RD,50,E,N,A,-,Y,NA,NA,91,NA,NA,NA,NA,NA,E,Y,3,0,1,2,A,-,03,22350,NA,N,C,C,A,A,H,-,A,D,0,NA,NA,Y,NA,Y,NA,C,02,0,1,0,0,0,0,0,0,1,-,-,33.87164,-117.68666,ORANGE,ANAHEIM,-117.68666207,33.87163497
90427243,2017,2017-04-04,9670,2017-02-12,0750,014558,NA,7,1,6,3009,0,1,3,NA,2,022,SR-22 E/B,BROOKHURST STREET,200,E,N,A,-,Y,NA,NA,22,NA,NA,NA,NA,NA,E,N,4,0,1,2,A,-,07,21658,A,N,C,C,A,A,H,-,A,D,0,NA,NA,NA,NA,Y,NA,A,01,0,0,1,0,0,0,0,0,0,-,-,33.76588,-117.95431,ORANGE,GARDEN GROVE,-117.95431011,33.76589558
90427543,2017,2017-04-05,9675,2017-03-11,0405,021483,NA,6,3,9,3000,0,3,5,NA,2,002,17TH ST. EASTBOUND,ESPLANADE AVE,0,NA,Y,A,-,N,NA,NA,NA,NA,NA,NA,NA,NA,NA,N,2,0,1,2,A,-,12,21453,A,N,H,G,A,A,H,-,C,A,0,NA,Y,NA,NA,Y,NA,-,-,1,0,0,0,0,0,1,0,0,-,-,33.75974,-117.81184,ORANGE,UNINCORPORATED,-117.81187007,33.75981011
90428943,2017,2017-04-28,9675,2017-04-02,1225,019618,NA,7,1,7,3001,0,1,3,NA,2,093,SR-91 E/B,TUSTIN AVE.,900,W,N,A,-,Y,NA,NA,NA,NA,NA,NA,NA,NA,NA,Y,4,0,1,3,A,-,03,22350,NA,N,C,C,A,A,H,-,A,D,0,NA,NA,NA,NA,Y,NA,D,22,0,0,1,0,0,0,0,0,0,-,-,33.51326,-117.50356,ORANGE,ANAHEIM,-117.8408859,33.85136549
90429081,2017,2017-04-06,9675,2017-04-02,1355,020582,NA,7,1,7,3001,0,1,3,NA,2,095,SR-91 E/B,COAL CYN RD,2000,E,N,A,-,Y,NA,NA,91,NA,NA,NA,NA,NA,E,Y,4,0,1,2,A,-,08,22107,NA,N,B,C,A,A,H,-,A,D,0,NA,NA,NA,NA,Y,NA,A,07,0,0,1,0,0,0,0,0,0,-,-,33.86858,-117.6754,ORANGE,ANAHEIM,-117.67541381,33.86877332
90429549,2017,2017-04-07,9675,2017-04-06,0123,017043,NA,4,3,7,3019,0,1,3,NA,2,552,SR-55 NB,EDINGER AVENUE,650,N,N,A,-,Y,NA,NA,55,NA,NA,NA,NA,NA,N,Y,4,0,1,1,A,-,08,22107,NA,N,E,I,A,A,H,-,C,D,0,NA,NA,NA,NA,Y,NA,A,01,0,0,1,0,0,0,0,0,0,-,-,33.72852,-117.83392,ORANGE,SANTA ANA,-117.8341889,33.72857176
90430391,2017,2017-04-10,9675,2017-03-25,0115,021297,NA,6,3,7,3001,0,1,3,NA,2,095,SR-91 WESTBOUND,YORBA LINDA BLVD,504,E,N,A,-,Y,NA,NA,91,NA,NA,NA,NA,NA,W,Y,2,0,1,1,A,-,08,22107,NA,N,E,I,A,A,H,-,C,D,0,NA,NA,NA,NA,Y,NA,D,22,1,0,0,0,0,0,0,0,0,-,-,33.8714,-117.74334,ORANGE,ANAHEIM,-117.74326982,33.8709865
90430423,2017,2017-05-15,9675,2017-03-31,1840,021435,NA,5,2,7,3001,0,1,3,NA,2,095,SR-91 EASTBOUND,COAL CYN RD,1000,E,N,A,-,Y,NA,NA,91,NA,NA,NA,NA,NA,E,Y,4,0,4,5,A,-,03,22350,NA,N,C,C,A,A,H,-,D,D,0,NA,NA,NA,NA,Y,NA,A,01,0,0,4,0,0,0,0,0,0,-,-,33.8697,-117.70609,ORANGE,ANAHEIM,-117.70588386,33.8692569
90431269,2017,2017-04-11,9670,2017-02-15,1015,018757,NA,3,1,6,3009,0,1,3,NA,2,021,SR-22 W/B,VALLEY VIEW ST,2000,E,N,A,-,Y,NA,NA,22,NA,NA,NA,NA,NA,W,Y,3,0,1,2,A,-,03,22350,NA,N,C,C,A,A,H,-,A,D,0,NA,NA,NA,NA,Y,NA,A,01,0,1,0,0,0,0,0,0,0,-,-,33.7744,-118.0299,ORANGE,GARDEN GROVE,-118.02989984,33.774415
90433820,2017,2017-04-13,9675,2017-03-26,0505,021322,NA,7,3,7,3001,0,1,3,NA,2,572,SR-57 SOUTHBOUND,BALL RD,600,S,N,A,-,Y,NA,NA,57,NA,NA,NA,NA,NA,S,Y,4,0,1,2,A,-,03,22350,NA,F,C,C,A,A,H,-,C,D,0,NA,NA,NA,NA,Y,NA,-,99,0,0,1,0,0,0,0,0,0,-,-,33.81633,-117.87679,ORANGE,ANAHEIM,-117.87679073,33.81633018
90436067,2017,2017-04-17,9675,2017-04-04,1210,015207,NA,2,1,9,3000,0,2,4,NA,2,034,SANTIAGO CANYON RD. (S/B),MODJESKA CYN RD.,2059,S,N,A,-,N,NA,NA,NA,NA,NA,NA,NA,NA,NA,Y,3,0,2,2,A,-,01,23152,A,N,E,I,A,A,H,-,A,D,0,NA,NA,NA,NA,Y,Y,A,01,0,1,1,0,0,0,0,0,0,-,-,33.71007,-117.64458,ORANGE,UNINCORPORATED,-117.64509257,33.71175882
9043821,2020,2020-06-03,3004,2020-02-19,0408,P676,20,3,5,6,3004,0,0,0,NA,0,008,FAIRVIEW RD,ADAMS AV,0,NA,Y,A,-,N,NA,NA,NA,NA,NA,NA,NA,NA,NA,Y,4,0,1,1,A,-,01,23152,A,N,A,I,A,A,H,-,C,A,0,NA,NA,NA,NA,Y,Y,A,01,0,0,1,0,0,0,0,0,0,-,-,33.67599868774414,-117.90789794921876,ORANGE,COSTA MESA,-117.90786743164063,33.67599105834961
90438319,2017,2017-04-20,9675,2017-04-13,1640,019348,NA,4,2,6,3026,0,1,1,NA,2,407,I-405 NORTHBOUND,JAMBOREE RD,300,S,N,A,-,Y,NA,NA,NA,NA,NA,NA,NA,NA,NA,N,4,0,4,2,A,-,03,22350,NA,N,C,C,A,A,H,-,A,D,0,NA,NA,NA,NA,Y,NA,A,01,0,0,4,0,0,0,0,0,0,-,-,33.4003,-117.5019,ORANGE,IRVINE,-117.8430636,33.67643619
90438542,2017,2017-04-20,9675,2017-04-14,1000,019618,NA,5,1,7,3001,0,1,3,NA,2,095,SR-91 E/B,COAL CANYON RD.,945,W,N,A,-,Y,NA,NA,NA,NA,NA,NA,NA,NA,NA,Y,4,0,2,3,A,-,03,22350,NA,N,C,C,A,A,H,-,A,D,0,NA,NA,NA,NA,Y,NA,A,07,0,0,2,0,0,0,0,0,0,-,-,33.52227,-117.41249,ORANGE,ANAHEIM,NA,NA
90439289,2017,2017-04-21,9675,2017-04-15,1315,019979,NA,6,1,6,3015,0,1,3,NA,2,222,SR-22 EASTBOUND TO SR-57 NORTHBOUND,BRISTOL ST,1000,E,N,A,-,Y,NA,NA,22,NA,NA,NA,R,NA,E,N,3,0,1,1,A,-,03,22350,NA,N,E,I,A,A,H,-,A,D,0,NA,NA,Y,NA,Y,NA,C,02,0,1,0,0,0,0,0,0,1,-,-,33.77824,-117.87184,ORANGE,ORANGE,-117.87184,33.77824
90439598,2017,2017-04-21,9675,2017-04-16,1725,021435,NA,7,2,7,3001,0,1,3,NA,2,093,SR-91 EASTBOUND TO SR-57 NORTHBOUND,MIRALOMA AVE,1060,E,N,A,-,Y,NA,NA,91,NA,NA,NA,R,NA,E,Y,4,0,1,1,A,-,03,22350,NA,N,E,I,A,A,H,-,A,D,0,NA,NA,NA,NA,Y,NA,A,01,0,0,1,0,0,0,0,0,0,-,-,33.85035,-117.87543,ORANGE,ANAHEIM,-117.87543,33.85035
90440187,2017,2017-04-24,9670,2017-02-06,0249,021467,NA,1,3,5,3007,0,1,1,NA,2,040,I-405 N/B (SAN DIEGO FWY),WARD ST,792,S,N,C,-,Y,NA,NA,405,NA,NA,NA,NA,NA,N,Y,4,0,3,6,A,-,01,23152,A,N,C,C,A,B,H,-,C,D,0,NA,NA,NA,NA,Y,Y,D,22,0,0,3,0,0,0,0,0,0,-,-,33.69905,-117.94278,ORANGE,FOUNTAIN VALLEY,-117.94279404,33.69901625
90440633,2017,2017-04-24,9675,2017-04-18,0940,013308,NA,2,1,4,3002,0,1,3,NA,2,570,SR-57 SOUTHBOUND,IMPERIAL HIGHWAY,550,S,N,A,-,Y,NA,NA,57,NA,NA,NA,NA,NA,S,N,4,0,1,2,A,-,07,21658,A,N,C,C,A,A,H,-,A,D,0,NA,NA,NA,Y,Y,NA,A,01,0,0,1,0,0,0,0,0,0,-,-,33.90874,-117.883,ORANGE,BREA,-117.88304387,33.90871095
90444912,2017,2017-04-28,9670,2017-04-18,0636,021585,NA,2,1,7,3001,0,1,1,NA,2,050,I-5 N/B (SAN DIEGO FREEWAY),LA PALMA AVE.,1584,N,N,A,-,Y,NA,NA,5,NA,NA,NA,NA,NA,N,Y,4,0,1,1,A,-,08,22107,NA,N,F,I,A,A,H,-,A,D,0,NA,NA,NA,NA,Y,NA,A,07,0,0,1,0,0,0,0,0,0,-,-,33.84981,-117.96745,ORANGE,ANAHEIM,-117.96739839,33.84991465
90445248,2017,2017-04-28,9690,2017-04-23,1235,018953,NA,7,1,4,3018,0,1,1,NA,2,057,I-5 S/B (SAN DIEGO FRWY),PACIFIC COAST HIGHWAY,150,N,N,A,-,Y,NA,NA,5,NA,NA,NA,NA,NA,S,Y,2,0,1,3,A,-,07,21658,A,N,B,C,A,A,H,-,A,D,0,NA,NA,NA,NA,Y,NA,A,01,1,0,0,0,0,0,0,0,0,-,-,33.46721,-117.67065,ORANGE,SAN JUAN CAPISTRANO,-117.67063207,33.46725256
90447297,2017,2017-05-02,9670,2017-05-01,0730,013970,NA,1,1,5,3024,0,1,1,NA,2,043,I-405 S/B,SPRINGDALE ST,50,N,N,A,-,Y,NA,NA,NA,NA,NA,NA,NA,NA,NA,N,4,0,1,3,A,-,03,22350,NA,N,C,C,A,A,H,-,A,D,0,NA,NA,NA,NA,Y,NA,A,08,0,0,1,0,0,0,0,0,0,-,-,33.75134,-118.0251,ORANGE,WESTMINSTER,-118.02477498,33.76123784
9044802,2019,2020-02-14,3015,2019-12-07,1612,1240,RD22,6,5,6,3015,0,0,0,NA,0,723M,LEMON ST,LA VETA AV,305,N,N,B,-,N,NA,NA,NA,NA,NA,NA,NA,NA,NA,Y,4,0,1,2,A,-,09,21804,A,N,D,C,A,B,H,-,A,D,0,NA,NA,NA,NA,Y,NA,A,01,0,0,1,0,0,0,0,0,0,-,-,33.780548095703125,-117.85521697998048,ORANGE,ORANGE,-117.85530090332033,33.781436920166016
90451207,2017,2017-05-08,9670,2017-05-04,1845,021670,NA,4,2,5,3024,0,1,1,NA,2,040,I-405 N/B FROM BROOKHURST ST.,BROOKHURST ST,500,N,N,A,-,Y,NA,NA,NA,NA,NA,NA,NA,NA,NA,N,4,0,1,3,A,-,03,22350,NA,N,C,C,A,A,H,-,A,D,0,NA,NA,NA,NA,Y,NA,A,07,0,0,1,0,0,0,0,0,0,-,-,33.7074,-117.95584,ORANGE,WESTMINSTER,-117.95555938,33.70646404
90455891,2017,2017-05-15,9675,2017-05-05,0747,020699,NA,5,1,6,3015,0,1,1,NA,2,502,I-5 SOUTHBOUND,CHAMPMAN AVE.,500,S,N,B,-,Y,NA,NA,5,NA,NA,NA,NA,NA,S,Y,4,0,1,1,A,-,03,22350,NA,N,F,A,A,A,H,-,A,D,0,NA,NA,Y,NA,Y,NA,C,02,0,0,1,0,0,0,0,0,1,-,-,33.78378,-117.88291,ORANGE,ORANGE,-117.88276185,33.78393331
90457774,2017,2017-05-17,9675,2017-05-07,1305,019652,NA,7,1,7,3001,0,1,3,NA,2,095,SR-91 WESTBOUND,RIVERSIDE/ORANGE COUNTY LINE,1000,W,N,B,-,Y,NA,NA,91,NA,NA,NA,NA,NA,W,Y,3,0,4,4,A,-,03,22350,NA,N,E,J,A,B,H,-,A,D,0,NA,NA,NA,NA,Y,NA,A,01,0,1,3,0,0,0,0,0,0,-,-,33.86936,-117.68016,ORANGE,ANAHEIM,-117.68014161,33.86944095
9045778,2019,2020-02-19,3001,2019-08-11,0053,415,NA,7,5,7,3001,0,0,0,NA,0,D 1,FREMONT ST,BOUQUET AV,3,S,N,A,-,N,NA,NA,NA,NA,NA,NA,NA,NA,NA,Y,3,0,2,1,A,-,01,23152,F,N,E,I,A,A,H,-,C,D,0,NA,NA,NA,NA,Y,NA,A,01,0,2,0,0,0,0,0,0,0,-,-,NA,NA,ORANGE,ANAHEIM,-118.0159149169922,33.815250396728516
9045814,2019,2020-02-19,3000,2019-08-16,1509,5013,951J3,5,5,5,3040,0,0,0,NA,0,741,STREET OF THE GOLDEN LANTERN,PASEO DE COLINAS,19,S,N,A,-,N,NA,NA,NA,NA,NA,NA,NA,NA,NA,Y,4,0,1,3,A,-,03,22350,NA,N,C,C,A,A,H,-,A,A,0,NA,NA,NA,NA,Y,NA,A,07,0,0,1,0,0,0,0,0,0,-,-,NA,NA,ORANGE,LAGUNA NIGUEL,-117.685647,33.537762