CASE_ID,ACCIDENT_YEAR,PROC_DATE,JURIS,COLLISION_DATE,COLLISION_TIME,OFFICER_ID,REPORTING_DISTRICT,DAY_OF_WEEK,CHP_SHIFT,POPULATION,CNTY_CITY_LOC,SPECIAL_COND,BEAT_TYPE,CHP_BEAT_TYPE,CITY_DIVISION_LAPD,CHP_BEAT_CLASS,BEAT_NUMBER,PRIMARY_RD,SECONDARY_RD,DISTANCE,DIRECTION,INTERSECTION,WEATHER_1,WEATHER_2,STATE_HWY_IND,CALTRANS_COUNTY,CALTRANS_DISTRICT,STATE_ROUTE,ROUTE_SUFFIX,POSTMILE_PREFIX,POSTMILE,LOCATION_TYPE,RAMP_INTERSECTION,SIDE_OF_HWY,TOW_AWAY,COLLISION_SEVERITY,NUMBER_KILLED,NUMBER_INJURED,PARTY_COUNT,PRIMARY_COLL_FACTOR,PCF_CODE_OF_VIOL,PCF_VIOL_CATEGORY,PCF_VIOLATION,PCF_VIOL_SUBSECTION,HIT_AND_RUN,TYPE_OF_COLLISION,MVIW,PED_ACTION,ROAD_SURFACE,ROAD_COND_1,ROAD_COND_2,LIGHTING,CONTROL_DEVICE,CHP_ROAD_TYPE,PEDESTRIAN_ACCIDENT,BICYCLE_ACCIDENT,MOTORCYCLE_ACCIDENT,TRUCK_ACCIDENT,NOT_PRIVATE_PROPERTY,ALCOHOL_INVOLVED,STWD_VEHTYPE_AT_FAULT,CHP_VEHTYPE_AT_FAULT,COUNT_SEVERE_INJ,COUNT_VISIBLE_INJ,COUNT_COMPLAINT_PAIN,COUNT_PED_KILLED,COUNT_PED_INJURED,COUNT_BICYCLIST_KILLED,COUNT_BICYCLIST_INJURED,COUNT_MC_KILLED,COUNT_MC_INJURED,PRIMARY_RAMP,SECONDARY_RAMP,LATITUDE,LONGITUDE,COUNTY,CITY,POINT_X,POINT_Y
9075721,2020,2020-05-20,3000,2020-02-13,0800,9573,862E7,4,5,5,3050,0,0,0,NA,0,760,SANTA MARGARITA PKWY,EL TORO RD,653,S,N,A,-,N,NA,NA,NA,NA,NA,NA,NA,NA,NA,Y,4,0,1,1,A,-,03,22350,NA,N,F,A,A,-,-,-,A,A,0,NA,NA,Y,NA,Y,NA,C,02,0,0,1,0,0,0,0,0,1,-,-,NA,NA,ORANGE,LAKE FOREST,-117.65178680419922,33.65803909301758
90760213,2018,2018-07-02,9670,2018-06-20,1550,020175,NA,3,2,7,3001,0,1,1,NA,2,503,I-5 S/B,GLEN AUTRY WAY,200,S,N,A,-,Y,NA,NA,5,NA,NA,NA,NA,NA,S,Y,4,0,2,4,A,-,03,22350,NA,N,C,C,A,A,H,-,A,D,0,NA,NA,NA,NA,Y,NA,D,22,0,0,2,0,0,0,0,0,0,-,-,33.79793930053711,-117.89705657958984,ORANGE,ANAHEIM,-117.89706420898438,33.79793167114258
90761398,2018,2018-07-03,9675,2018-06-21,1939,021749,NA,4,2,7,3001,0,1,3,NA,2,095,SR-91 EASTBOUND,COAL CYN RD,2500,E,N,A,-,Y,NA,NA,91,NA,NA,NA,NA,NA,E,Y,3,0,1,3,A,-,07,21658,A,N,B,C,A,A,H,-,A,D,0,NA,NA,Y,NA,Y,NA,A,07,0,1,0,0,0,0,0,0,1,-,-,33.868900299072266,-117.67913818359376,ORANGE,ANAHEIM,-117.67913055419922,33.868953704833984
90761950,2018,2018-07-03,9675,2018-06-26,0114,021233,NA,2,3,7,3001,0,1,3,NA,2,094,SR-91 EASTBOUND,IMPERIAL HIGHWAY,2500,E,N,A,-,Y,NA,NA,91,NA,NA,NA,NA,NA,E,Y,4,0,1,2,A,-,08,22107,NA,N,C,C,A,A,H,-,C,D,0,NA,NA,NA,NA,Y,NA,A,01,0,0,1,0,0,0,0,0,0,-,-,33.86347961425781,-117.77108001708984,ORANGE,ANAHEIM,-117.77098846435548,33.863285064697266
90763860,2018,2018-07-06,9675,2018-06-26,1545,021305,NA,2,2,6,3015,0,1,3,NA,2,572,SR-57 SOUTHBOUND TO SR-22 WESTBOUND,THE CITY DRIVE,461,E,N,A,-,Y,NA,NA,NA,NA,NA,NA,NA,NA,NA,N,3,0,1,2,A,-,07,21658,A,N,C,A,A,A,H,-,A,D,0,NA,NA,Y,NA,Y,NA,A,01,0,1,0,0,0,0,0,0,1,-,-,33.779441833496094,-117.88712310791016,ORANGE,ORANGE,NA,NA
90764467,2018,2018-07-06,9690,2018-07-01,0710,016128,NA,7,1,4,3018,0,1,1,NA,2,057,I-5 S/B (SAN DIEGO FRWY),J. SERRA,2000,N,N,A,-,Y,NA,NA,5,NA,NA,NA,NA,NA,S,Y,3,0,1,2,A,-,03,22350,NA,N,C,C,A,A,H,-,A,D,0,NA,NA,NA,NA,Y,NA,A,01,0,1,0,0,0,0,0,0,0,-,-,33.52693176269531,-117.66922760009766,ORANGE,SAN JUAN CAPISTRANO,-117.66928863525392,33.526859283447266
90766313,2018,2018-07-10,9675,2018-07-05,1737,020240,NA,4,2,6,3026,0,1,1,NA,2,504,I-5 SOUTHBOUND,ALTON PKWY,1733,S,N,A,-,Y,NA,NA,5,NA,NA,NA,NA,NA,S,N,4,0,1,2,A,-,03,22350,NA,N,C,C,A,A,H,-,A,D,0,NA,NA,NA,Y,Y,NA,F,55,0,0,1,0,0,0,0,0,0,-,-,33.65150833129883,-117.74085998535156,ORANGE,IRVINE,-117.74078369140624,33.65156936645508
9076751,2020,2020-05-19,3026,2020-02-11,1509,4779,NA,2,5,6,3026,0,0,0,NA,0,NA,VON KARMAN AV,ALTON PKWY,35,N,N,A,-,N,NA,NA,NA,NA,NA,NA,NA,NA,NA,Y,4,0,2,2,A,-,03,22350,NA,N,C,C,A,A,H,-,A,A,0,NA,NA,NA,NA,Y,NA,A,01,0,0,2,0,0,0,0,0,0,-,-,NA,NA,ORANGE,IRVINE,-117.83863067626952,33.693172454833984
90768096,2018,2018-07-12,9670,2018-06-22,1700,017951,NA,5,2,5,3024,0,1,1,NA,2,043,I-405 SOUTHBOUND (SAN DIEGO FREEWAY),EDWARDS STREET,647,S,N,A,-,Y,NA,NA,405,NA,NA,NA,NA,NA,S,Y,4,0,2,3,A,-,08,22107,NA,N,C,C,A,A,H,-,A,D,0,NA,NA,NA,NA,Y,NA,E,22,0,0,2,0,0,0,0,0,0,-,-,33.751800537109375,-118.01357269287108,ORANGE,WESTMINSTER,-118.0135498046875,33.751827239990234
90768414,2018,2018-07-13,9675,2018-07-07,2117,021914,NA,6,2,7,3001,0,1,3,NA,2,095,SR-91 EASTBOUND,WEIR CYN RD,2000,E,N,A,-,Y,NA,NA,91,NA,NA,NA,NA,NA,E,Y,4,0,2,3,A,-,03,22350,NA,F,C,C,A,A,H,-,D,D,0,NA,NA,NA,NA,Y,NA,A,01,0,0,2,0,0,0,0,0,0,-,-,33.87168884277344,-117.68808746337892,ORANGE,ANAHEIM,-117.68789672851563,33.87214279174805
90770176,2018,2018-07-16,9690,2018-07-06,2310,014329,NA,5,3,5,3017,0,1,1,NA,2,059,I-5 N/B (SAN DIEGO FRWY),AVENIDA VISTA HERMOSA,1000,S,N,A,-,Y,NA,NA,5,NA,NA,NA,NA,NA,N,Y,3,0,1,2,A,-,08,22107,NA,N,F,J,A,A,H,-,C,D,0,NA,NA,NA,NA,Y,NA,A,07,0,1,0,0,0,0,0,0,0,-,-,33.443050384521484,-117.62850952148438,ORANGE,SAN CLEMENTE,-117.62849426269533,33.44306945800781
90770397,2018,2018-07-17,9675,2018-07-09,1824,021377,NA,1,2,7,3001,0,1,3,NA,2,572,SR-57 NORTHBOUND,BALL RD,1400,S,N,B,-,Y,NA,NA,57,NA,NA,NA,NA,NA,N,Y,3,0,1,4,A,-,03,22350,NA,N,C,C,A,A,H,-,A,D,0,NA,NA,Y,NA,Y,NA,A,07,0,1,0,0,0,0,0,0,1,-,-,33.81412887573242,-117.87734222412108,ORANGE,ANAHEIM,-117.8773193359375,33.81412124633789
90770432,2018,2018-07-17,9670,2018-07-11,0835,021242,NA,3,1,7,3001,0,1,3,NA,2,093,SR-91 W/B,EUCLID ST,528,W,N,A,-,Y,NA,NA,91,NA,NA,NA,NA,NA,W,Y,4,0,1,2,A,-,03,22350,NA,N,C,C,A,A,H,-,A,D,0,NA,NA,NA,NA,Y,NA,A,01,0,0,1,0,0,0,0,0,0,-,-,33.85419845581055,-117.9438018798828,ORANGE,ANAHEIM,-117.9438018798828,33.85423278808594
90770477,2018,2018-07-17,9675,2018-06-14,0945,016199,NA,4,1,7,3019,0,1,1,NA,2,502,I-5 SOUTHBOUND,LINCOLN AVE,1056,N,N,A,-,Y,NA,NA,5,NA,NA,NA,NA,NA,S,N,4,0,1,2,A,-,03,22350,NA,F,C,C,A,A,H,-,A,D,0,NA,NA,NA,NA,Y,NA,A,01,0,0,1,0,0,0,0,0,0,-,-,33.75735855102539,-117.85781097412108,ORANGE,SANTA ANA,-117.85784149169922,33.757301330566406
90771030,2018,2018-07-17,9675,2018-07-14,0850,020550,NA,6,1,6,3004,0,1,3,NA,2,553,SR-55 SOUTHBOUND,MACARTHUR BLVD,1600,S,N,A,-,Y,NA,NA,NA,NA,NA,NA,NA,NA,NA,Y,4,0,1,2,A,-,03,22350,NA,N,C,C,A,A,H,-,A,D,0,NA,NA,NA,NA,Y,NA,A,01,0,0,1,0,0,0,0,0,0,-,-,33.69512939453125,-117.86515808105467,ORANGE,COSTA MESA,NA,NA
90771375,2018,2018-07-18,9675,2018-07-14,0300,021874,NA,6,3,6,3026,0,1,3,NA,2,261,SR-261 SOUTHBOUND,IRVINE BLVD,50,S,N,A,-,Y,NA,NA,261,NA,NA,NA,NA,NA,S,Y,3,0,1,1,A,-,08,22107,NA,N,F,I,A,A,H,-,D,D,0,NA,NA,NA,NA,Y,NA,D,22,0,1,0,0,0,0,0,0,0,-,-,33.72550964355469,-117.77967834472656,ORANGE,IRVINE,-117.77992248535156,33.725807189941406
90772086,2018,2018-07-18,9675,2018-07-08,1827,021377,NA,7,2,6,3004,0,1,3,NA,2,073,SR-73 N/B TO I-405 N/B,FAIRHAVEN AVE,2400,S,N,A,-,Y,NA,NA,73,NA,NA,NA,R,NA,N,Y,3,0,2,2,A,-,01,23152,A,N,B,C,A,A,H,-,A,D,0,NA,NA,NA,NA,Y,Y,A,01,0,1,1,0,0,0,0,0,0,-,-,33.687931060791016,-117.89958190917967,ORANGE,COSTA MESA,-117.89958190917967,33.687931060791016
90776425,2018,2018-07-25,9675,2018-07-14,0453,021962,NA,6,3,7,3001,0,1,3,NA,2,094,SR-91 EASTBOUND,IMPERIAL HIGHWAY,2376,W,N,A,-,Y,NA,NA,91,NA,NA,NA,NA,NA,E,Y,4,0,2,2,A,-,03,22350,NA,N,C,C,A,A,H,-,B,D,0,NA,NA,NA,NA,Y,NA,A,01,0,0,2,0,0,0,0,0,0,-,-,33.85414123535156,-117.79862213134766,ORANGE,ANAHEIM,-117.79862213134766,33.854225158691406
90776500,2018,2018-07-25,9670,2018-07-13,1335,021579,NA,5,1,5,3007,0,1,1,NA,2,400,I-405 N/B,WARNER AVE,500,N,N,A,-,Y,NA,NA,405,NA,NA,NA,NA,NA,N,Y,4,0,1,2,A,-,03,22350,NA,N,C,C,A,A,H,-,A,D,0,NA,NA,NA,NA,Y,NA,D,22,0,0,1,0,0,0,0,0,0,-,-,33.71757888793945,-117.96874237060548,ORANGE,FOUNTAIN VALLEY,-117.9687728881836,33.7175407409668
90778711,2018,2018-07-27,9675,2018-07-18,1820,021386,NA,3,2,6,3008,0,1,3,NA,2,570,STATE ROUTE 57 NORTHBOUND,YORBA LINDA BOULEVARD,3000,N,N,B,-,Y,NA,NA,57,NA,NA,NA,NA,NA,N,N,4,0,2,2,A,-,03,22350,NA,N,C,C,A,A,H,-,A,D,0,NA,NA,NA,NA,Y,NA,A,01,0,0,2,0,0,0,0,0,0,-,-,33.89741134643555,-117.88070678710938,ORANGE,FULLERTON,-117.88084411621094,33.897396087646484
9078010,2020,2020-10-08,3010,2020-03-18,2222,4094,413,3,5,6,3010,0,0,0,NA,0,005,ELLIS,RT 39,125,E,N,A,-,Y,ORA,12,39,-,-,3.12,I,6,N,Y,4,0,3,2,A,-,07,21658,A,N,B,C,A,A,H,-,C,A,0,NA,NA,NA,NA,Y,NA,A,01,0,0,3,0,0,0,0,0,0,-,-,NA,NA,ORANGE,HUNTINGTON BEACH,-117.9887466430664,33.69374084472656
90782209,2018,2018-08-01,9670,2018-05-14,0504,016271,NA,1,3,5,3003,0,1,3,NA,2,092,SR-91 EASTBOUND TO KNOTT AVENUE,KNOTT AVENUE,13,W,N,A,-,Y,NA,NA,NA,NA,NA,NA,NA,NA,NA,N,3,0,1,2,A,-,10,21950,A,N,D,G,A,A,H,-,B,A,0,NA,Y,NA,NA,Y,NA,A,07,0,1,0,0,0,0,1,0,0,-,-,NA,NA,ORANGE,BUENA PARK,-118.01131439208984,33.855899810791016
90782508,2018,2018-08-02,9670,2018-07-31,0830,013680,NA,2,1,6,3008,0,1,3,NA,2,094,SR-91 E/B,GILBERT ST,300,W,N,A,-,Y,NA,NA,91,NA,NA,NA,NA,NA,E,Y,2,0,1,2,A,-,03,22350,NA,N,C,C,A,A,H,-,A,D,0,NA,NA,Y,NA,Y,NA,C,02,1,0,0,0,0,0,0,0,1,-,-,33.85383987426758,-117.9553680419922,ORANGE,FULLERTON,-117.9553680419922,33.85391616821289
90782705,2018,2018-08-02,9675,2018-07-25,0640,017833,NA,3,1,6,3026,0,1,1,NA,2,503,I-5 SOUTHBOUND,JAMBOREE RD,35,S,N,A,-,Y,NA,NA,5,NA,NA,NA,NA,NA,S,Y,4,0,1,2,A,-,03,22350,NA,N,C,C,A,A,H,-,A,D,0,NA,NA,NA,NA,Y,NA,D,22,0,0,1,0,0,0,0,0,0,-,-,33.71726989746094,-117.79234313964844,ORANGE,IRVINE,-117.79225158691406,33.7173957824707
90783923,2018,2018-08-03,9675,2018-07-27,1730,021941,NA,5,2,7,3001,0,1,3,NA,2,093,SR-91 W/B,KRAEMER BLVD,1000,E,N,A,-,Y,NA,NA,91,NA,NA,NA,NA,NA,W,N,3,0,1,1,A,-,03,22350,NA,N,F,A,A,A,H,-,A,D,0,NA,NA,Y,NA,Y,NA,C,02,0,1,0,0,0,0,0,0,1,-,-,33.850650787353516,-117.84539794921876,ORANGE,ANAHEIM,-117.84537506103516,33.85055923461914
90784149,2018,2018-08-06,9675,2018-07-26,0810,019348,NA,4,1,7,3019,0,1,3,NA,2,222,SR-22 EASTBOUND,BRISTOL ST,400,E,N,A,-,Y,NA,NA,22,NA,NA,NA,NA,NA,E,Y,4,0,3,4,A,-,03,22350,NA,N,C,C,A,A,H,-,A,D,0,NA,NA,NA,NA,Y,NA,A,01,0,0,3,0,0,0,0,0,0,-,-,33.77894973754883,-117.88395690917967,ORANGE,SANTA ANA,-117.88395690917967,33.7789421081543
90784701,2018,2018-08-06,9675,2018-07-26,0125,020699,NA,4,3,7,3001,0,1,3,NA,2,095,SR-91 EASTBOUND,COAL CYN RD,2475,W,N,A,-,Y,NA,NA,91,NA,NA,NA,NA,NA,E,Y,2,0,1,2,A,-,08,22107,NA,N,C,C,A,A,H,-,D,D,0,NA,NA,NA,NA,Y,Y,A,01,1,0,0,0,0,0,0,0,0,-,-,33.86936950683594,-117.67227172851563,ORANGE,ANAHEIM,-117.67227172851563,33.8693733215332
90786343,2018,2018-08-08,9675,2018-07-31,1155,019652,NA,2,1,5,3016,0,1,3,NA,2,571,SR-57 NORTHBOUND,CHAPMAN AVE,1500,S,N,A,-,Y,NA,NA,57,NA,NA,NA,NA,NA,N,Y,3,0,1,3,A,-,03,22350,NA,N,C,C,A,A,H,-,A,D,0,NA,NA,NA,NA,Y,NA,D,22,0,1,0,0,0,0,0,0,0,-,-,33.869998931884766,-117.8797607421875,ORANGE,PLACENTIA,-117.87974548339844,33.8700065612793
90786588,2018,2018-08-08,9690,2018-08-01,1330,014953,NA,3,1,4,3045,0,1,1,NA,2,055,I-5 S/B (SAN DIEGO FRWY),EL TORO RD,1725,S,N,A,-,Y,NA,NA,5,NA,NA,NA,NA,NA,S,Y,4,0,1,3,A,-,07,21658,A,N,B,C,A,A,H,-,A,D,0,NA,NA,NA,NA,Y,NA,A,07,0,0,1,0,0,0,0,0,0,-,-,33.61112976074219,-117.70362854003906,ORANGE,LAGUNA HILLS,-117.70362854003906,33.61112594604492
90788518,2018,2018-08-23,9690,2018-07-28,1457,019199,NA,6,2,5,3040,0,1,1,NA,2,057,I-5 N/B (SAN DIEGO FRWY),CROWN VALLEY OVERCROSSING,100,N,N,A,-,Y,NA,NA,5,NA,NA,NA,NA,NA,N,Y,3,0,1,2,A,-,07,21658,A,N,B,A,A,A,H,-,A,D,0,NA,NA,Y,NA,Y,NA,D,22,0,1,0,0,0,0,0,0,0,-,-,33.56045150756836,-117.67310333251952,ORANGE,LAGUNA NIGUEL,-117.67283630371094,33.5604248046875
90788981,2018,2018-08-13,9675,2018-08-09,1500,021272,NA,4,2,7,3001,0,1,3,NA,2,240,SR-241 NORTHBOUND,SR-91 EASTBOUND,700,S,N,B,-,Y,NA,NA,NA,NA,NA,NA,NA,NA,NA,Y,4,0,1,2,A,-,06,21755,NA,N,B,C,A,A,H,-,A,D,0,NA,NA,Y,NA,Y,NA,C,02,0,0,1,0,0,0,0,0,1,-,-,33.86494064331055,-117.7160415649414,ORANGE,ANAHEIM,NA,NA
90789531,2018,2018-08-13,9670,2018-08-02,0825,018516,NA,4,1,5,3003,0,1,3,NA,2,091,SR-91 W/B,VALLEY VIEW ST,950,E,N,B,-,Y,NA,NA,91,NA,NA,NA,NA,NA,W,Y,4,0,1,3,A,-,03,22350,NA,N,C,C,A,A,H,-,A,D,0,NA,NA,NA,NA,Y,NA,D,22,0,0,1,0,0,0,0,0,0,-,-,33.85615158081055,-118.0254135131836,ORANGE,BUENA PARK,-118.02540588378906,33.85615921020508
9079064,2020,2020-05-21,3003,2020-02-27,1019,1093,NA,4,5,5,3003,0,0,0,NA,0,NA,CRESCENT AV,VALLEY VIEW ST,0,NA,Y,A,-,N,NA,NA,NA,NA,NA,NA,NA,NA,NA,Y,4,0,1,2,A,-,12,21453,A,N,D,C,A,A,H,-,A,A,0,NA,NA,NA,NA,Y,NA,A,07,0,0,1,0,0,0,0,0,0,-,-,33.50210189819336,-118.14199829101563,ORANGE,BUENA PARK,-118.02864074707033,33.83943176269531
9079065,2020,2020-07-03,3026,2020-01-18,0113,607,1,6,5,6,3026,0,0,0,NA,0,00U,S JAMBOREE RD,BECKMAN AV,8,S,N,A,-,N,NA,NA,NA,NA,NA,NA,NA,NA,NA,Y,2,0,1,2,A,-,12,21453,A,F,D,C,A,-,H,-,C,A,0,NA,NA,NA,NA,Y,Y,-,-,1,0,0,0,0,0,0,0,0,-,-,NA,NA,ORANGE,IRVINE,-117.82872772216795,33.69218444824219
9079185,2020,2020-05-20,3000,2020-02-26,1813,7734,892F2,3,5,5,3028,0,0,0,NA,0,752,MELINDA RD,JORNADA,0,NA,Y,A,-,N,NA,NA,NA,NA,NA,NA,NA,NA,NA,Y,3,0,2,2,A,-,09,21801,A,N,A,C,A,A,H,-,C,D,0,NA,NA,NA,NA,Y,NA,A,01,0,1,1,0,0,0,0,0,0,-,-,NA,NA,ORANGE,MISSION VIEJO,-117.630859375,33.64377975463867
90792091,2018,2018-08-16,9670,2018-08-07,1935,022065,NA,2,2,5,3024,0,1,1,NA,2,042,I-405 N/B,BOLSA AVE,20,S,N,A,-,Y,NA,NA,405,NA,NA,NA,NA,NA,N,Y,4,0,1,3,A,-,03,22350,NA,N,C,C,A,A,H,-,A,D,0,NA,NA,NA,NA,Y,NA,A,01,0,0,1,0,0,0,0,0,0,-,-,33.744380950927734,-118.00428771972656,ORANGE,WESTMINSTER,-118.0043487548828,33.74430465698242
90792993,2018,2018-08-17,9675,2018-08-09,0459,018039,NA,4,3,7,3019,0,1,1,NA,2,502,I-5 SOUTHBOUND,17TH STREET,1400,N,N,A,-,Y,NA,NA,5,NA,NA,NA,NA,NA,S,Y,4,0,1,4,A,-,03,22350,NA,N,C,C,A,A,H,-,A,D,0,NA,NA,NA,NA,Y,NA,A,01,0,0,1,0,0,0,0,0,0,-,-,33.76182174682617,-117.86422729492188,ORANGE,SANTA ANA,-117.86419677734376,33.7618408203125
90799420,2018,2018-08-27,9675,2018-08-15,0640,017833,NA,3,1,6,3026,0,1,3,NA,2,130,SR-133 SOUTHBOUND,TRABUCO RD,818,S,N,A,-,Y,NA,NA,133,NA,NA,NA,NA,NA,S,Y,4,0,2,2,A,-,03,22350,NA,N,C,C,A,A,H,-,A,D,0,NA,NA,NA,NA,Y,NA,D,22,0,0,2,0,0,0,0,0,0,-,-,33.68299865722656,-117.74761962890624,ORANGE,IRVINE,-117.74763488769533,33.683013916015625
90803398,2018,2018-10-19,9675,2018-08-26,2110,021305,NA,7,2,6,3008,0,1,3,NA,2,571,SR-57 NORTHBOUND,YORBA LINDA BLVD,2200,S,N,A,-,Y,NA,NA,57,NA,NA,NA,NA,NA,N,Y,4,0,1,3,A,-,07,21658,A,M,B,C,A,A,H,-,C,D,0,NA,NA,NA,NA,Y,NA,-,99,0,0,1,0,0,0,0,0,0,-,-,33.88254165649414,-117.88027954101563,ORANGE,FULLERTON,-117.88031768798828,33.882537841796875
90803735,2018,2018-08-31,9675,2018-08-29,1030,019088,NA,3,1,6,3008,0,1,3,NA,2,570,SR-57 S/B,BASTANCHURY RD,200,N,N,A,-,Y,NA,NA,57,NA,NA,NA,NA,NA,S,Y,4,0,1,3,A,-,03,22350,NA,N,C,C,A,A,H,-,A,D,0,NA,NA,NA,NA,Y,NA,D,22,0,0,1,0,0,0,0,0,0,-,-,33.89727020263672,-117.88107299804688,ORANGE,FULLERTON,-117.8811492919922,33.89726257324219
90804424,2018,2018-09-04,9670,2018-08-24,1619,021910,NA,5,2,4,3020,0,1,1,NA,2,440,I-405 N/B,SEAL BEACH BLVD,1056,N,N,A,-,Y,NA,NA,405,NA,NA,NA,NA,NA,N,Y,3,0,1,2,A,-,03,22350,NA,N,C,C,A,A,H,-,A,D,0,NA,NA,Y,NA,Y,NA,C,02,0,1,0,0,0,0,0,0,1,-,-,33.77449035644531,-118.07875061035156,ORANGE,SEAL BEACH,-118.07875061035156,33.7745361328125
90804511,2018,2018-09-04,9675,2018-08-25,1410,021983,NA,6,2,6,3004,0,1,3,NA,2,553,SR-55 SOUTHBOUND TO VICTORIA STREET,WILSON ST,50,N,N,A,-,Y,NA,NA,55,NA,NA,NA,R,NA,S,Y,4,0,1,3,A,-,03,22350,NA,N,C,C,A,A,H,-,A,D,0,NA,NA,NA,NA,Y,NA,A,07,0,0,1,0,0,0,0,0,0,-,-,33.65562057495117,-117.90471649169922,ORANGE,COSTA MESA,-117.90471649169922,33.65562057495117
90804979,2018,2018-09-04,9675,2018-08-23,0640,019171,NA,4,1,6,3026,0,1,1,NA,2,530,I-5 S/B (SANTA ANA FWY),CULVER DR,100,S,N,A,-,Y,NA,NA,5,NA,NA,NA,NA,NA,S,N,3,0,1,3,A,-,07,21658,A,N,B,C,A,A,H,-,A,D,0,NA,NA,Y,NA,Y,NA,A,01,0,1,0,0,0,0,0,0,1,-,-,33.68898010253906,-117.7685775756836,ORANGE,IRVINE,-117.76814270019533,33.689266204833984
90807060,2018,2018-09-06,9670,2018-09-05,1715,021755,NA,3,2,5,3007,0,1,1,NA,2,040,I-405 N/B,BUSHARD ST,100,N,N,A,-,Y,NA,NA,405,NA,NA,NA,NA,NA,N,N,4,0,1,2,A,-,03,22350,NA,N,C,C,A,A,H,-,A,D,0,NA,NA,NA,NA,Y,NA,A,01,0,0,1,0,0,0,0,0,0,-,-,33.709228515625,-117.95894622802734,ORANGE,FOUNTAIN VALLEY,-117.95890808105467,33.70928192138672
90807135,2018,2018-09-06,9670,2018-08-30,0449,021733,NA,4,3,4,3020,0,1,1,NA,2,045,I-405 S/B,SEAL BEACH BLVD,500,N,N,A,-,Y,NA,NA,405,NA,NA,NA,NA,NA,S,N,3,0,1,2,A,-,11,21956,NA,N,G,B,E,A,H,-,C,D,0,Y,NA,NA,NA,Y,NA,N,60,0,1,0,0,1,0,0,0,0,-,-,33.774200439453125,-118.07700347900392,ORANGE,SEAL BEACH,-118.07700347900392,33.77428436279297
90807463,2018,2018-09-06,9690,2018-09-01,1000,015927,NA,6,1,5,3017,0,1,1,NA,2,059,I-5 S/B (SAN DIEGO FRWY),AVENIDA MENDOCINO,200,N,N,A,-,Y,NA,NA,5,NA,NA,NA,NA,NA,S,Y,3,0,1,2,A,-,03,22350,NA,N,C,C,A,A,H,-,A,D,0,NA,NA,NA,NA,Y,NA,A,01,0,1,0,0,0,0,0,0,0,-,-,33.411800384521484,-117.60150146484376,ORANGE,SAN CLEMENTE,-117.60161590576172,33.4117431640625
90808859,2018,2018-09-10,9670,2018-09-03,1405,022055,NA,1,2,4,3020,0,1,1,NA,2,044,I-405 N/B,SEAL BEACH BLVD.,100,S,N,A,-,Y,NA,NA,405,NA,NA,NA,NA,NA,N,Y,3,0,2,2,A,-,03,22350,NA,N,C,C,A,A,H,-,A,D,0,NA,NA,NA,NA,Y,NA,A,01,0,1,1,0,0,0,0,0,0,-,-,33.774688720703125,-118.07044219970705,ORANGE,SEAL BEACH,-118.07044219970705,33.77446746826172
90808963,2018,2018-09-10,9670,2018-09-06,0837,019290,NA,4,1,4,3020,0,1,1,NA,2,045,I-405 S/B (SAN DIEGO FWY),OLD BOLSA CHICA RD,2112,N,N,B,-,Y,NA,NA,405,NA,NA,NA,NA,NA,S,Y,4,0,1,2,A,-,03,22350,NA,N,C,C,A,A,H,-,A,D,0,NA,NA,NA,NA,Y,NA,A,07,0,0,1,0,0,0,0,0,0,-,-,33.7741813659668,-118.0596923828125,ORANGE,SEAL BEACH,-118.0596923828125,33.774261474609375
90809074,2018,2018-09-10,9675,2018-09-04,0725,019394,NA,2,1,6,3004,0,1,3,NA,2,553,SR-55 NORTHBOUND,BAKER ST,330,N,N,B,-,Y,NA,NA,NA,NA,NA,NA,NA,NA,NA,Y,2,0,3,3,A,-,03,22350,NA,N,C,C,A,A,H,-,A,D,0,NA,NA,NA,NA,Y,NA,A,01,1,2,0,0,0,0,0,0,0,-,-,33.40501022338867,-117.52429962158205,ORANGE,COSTA MESA,-117.8785400390625,33.680606842041016
90809316,2018,2018-09-10,9670,2018-09-01,1345,022055,NA,6,1,5,3007,0,1,1,NA,2,040,I-405 N/B,WARD STREET,100,N,N,A,-,Y,NA,NA,405,NA,NA,NA,NA,NA,N,Y,4,0,1,3,A,-,03,22350,NA,F,C,C,A,A,D,-,A,D,0,NA,NA,NA,NA,Y,NA,A,01,0,0,1,0,0,0,0,0,0,-,-,33.70048904418945,-117.94632720947266,ORANGE,FOUNTAIN VALLEY,-117.9463348388672,33.70048522949219
90811845,2018,2018-09-13,9675,2018-09-06,1525,019942,NA,4,2,7,3001,0,1,3,NA,2,572,SR-57 NORTHBOUND,KATELLA AVE,400,N,N,A,-,Y,NA,NA,57,NA,NA,NA,NA,NA,N,Y,3,0,2,2,A,-,03,22350,NA,N,C,C,A,A,H,-,A,D,0,NA,NA,NA,NA,Y,NA,D,22,0,1,1,0,0,0,0,0,0,-,-,33.80746841430664,-117.87966918945313,ORANGE,ANAHEIM,-117.87989807128906,33.80755615234375