CASE_ID,ACCIDENT_YEAR,PROC_DATE,JURIS,COLLISION_DATE,COLLISION_TIME,OFFICER_ID,REPORTING_DISTRICT,DAY_OF_WEEK,CHP_SHIFT,POPULATION,CNTY_CITY_LOC,SPECIAL_COND,BEAT_TYPE,CHP_BEAT_TYPE,CITY_DIVISION_LAPD,CHP_BEAT_CLASS,BEAT_NUMBER,PRIMARY_RD,SECONDARY_RD,DISTANCE,DIRECTION,INTERSECTION,WEATHER_1,WEATHER_2,STATE_HWY_IND,CALTRANS_COUNTY,CALTRANS_DISTRICT,STATE_ROUTE,ROUTE_SUFFIX,POSTMILE_PREFIX,POSTMILE,LOCATION_TYPE,RAMP_INTERSECTION,SIDE_OF_HWY,TOW_AWAY,COLLISION_SEVERITY,NUMBER_KILLED,NUMBER_INJURED,PARTY_COUNT,PRIMARY_COLL_FACTOR,PCF_CODE_OF_VIOL,PCF_VIOL_CATEGORY,PCF_VIOLATION,PCF_VIOL_SUBSECTION,HIT_AND_RUN,TYPE_OF_COLLISION,MVIW,PED_ACTION,ROAD_SURFACE,ROAD_COND_1,ROAD_COND_2,LIGHTING,CONTROL_DEVICE,CHP_ROAD_TYPE,PEDESTRIAN_ACCIDENT,BICYCLE_ACCIDENT,MOTORCYCLE_ACCIDENT,TRUCK_ACCIDENT,NOT_PRIVATE_PROPERTY,ALCOHOL_INVOLVED,STWD_VEHTYPE_AT_FAULT,CHP_VEHTYPE_AT_FAULT,COUNT_SEVERE_INJ,COUNT_VISIBLE_INJ,COUNT_COMPLAINT_PAIN,COUNT_PED_KILLED,COUNT_PED_INJURED,COUNT_BICYCLIST_KILLED,COUNT_BICYCLIST_INJURED,COUNT_MC_KILLED,COUNT_MC_INJURED,PRIMARY_RAMP,SECONDARY_RAMP,LATITUDE,LONGITUDE,COUNTY,CITY,POINT_X,POINT_Y
91072435,2019,2019-09-11,9675,2019-09-04,0930,020131,NA,3,1,7,3001,0,1,3,NA,2,572,SR-57 SOUTHBOUND,KATELLA AVE,500,N,N,A,-,Y,NA,NA,57,NA,NA,NA,NA,NA,S,Y,4,0,1,4,A,-,03,22350,NA,N,C,C,A,A,H,-,A,D,0,NA,NA,NA,NA,Y,NA,A,07,0,0,1,0,0,0,0,0,0,-,-,33.810298919677734,-117.87879943847656,ORANGE,ANAHEIM,-117.87903594970705,33.81039810180664
91072953,2019,2019-09-12,9675,2019-09-05,1000,019942,NA,4,1,6,3015,0,1,1,NA,2,502,I-5 SOUTHBOUND,CHAPMAN AVE,600,S,N,A,-,Y,NA,NA,5,NA,NA,NA,NA,NA,S,Y,4,0,1,2,A,-,03,22350,NA,N,C,C,A,A,H,-,A,D,0,NA,NA,NA,NA,Y,NA,A,07,0,0,1,0,0,0,0,0,0,-,-,33.78643035888672,-117.88478088378906,ORANGE,ORANGE,-117.88497161865234,33.78627395629883
91073350,2019,2019-09-12,9670,2019-08-27,1205,015207,NA,2,1,6,3008,0,1,3,NA,2,094,SR-91 W/B FROM HARBOR BLVD.,HARBOR BLVD.,72,W,N,B,-,Y,NA,NA,91,NA,NA,NA,R,NA,W,N,4,0,1,2,A,-,11,21954,A,N,G,B,E,A,H,-,A,A,0,Y,NA,NA,NA,Y,NA,N,60,0,0,1,0,1,0,0,0,0,-,-,33.85361099243164,-117.9255599975586,ORANGE,FULLERTON,-117.9255599975586,33.85361099243164
91074778,2019,2019-09-16,9670,2019-09-14,2210,021755,NA,6,3,6,3010,0,3,5,NA,2,005,SR-39 (BEACH BLVD),MCFADDEN AVE,528,N,N,A,-,N,NA,NA,NA,NA,NA,NA,NA,NA,NA,Y,3,0,1,1,A,-,01,23152,A,N,E,I,A,A,H,-,C,D,0,NA,NA,NA,NA,Y,Y,D,22,0,1,0,0,0,0,0,0,0,-,-,33.73965072631836,-117.9892578125,ORANGE,HUNTINGTON BEACH,-117.989327,33.738893
91075346,2019,2019-09-16,9690,2019-09-12,1750,014953,NA,4,2,9,3000,0,1,3,NA,1,013,SR-133 S/B (LAGUNA CANYON ROAD),SR 73 (SJHTC),2339,N,N,A,-,Y,NA,NA,133,NA,NA,NA,NA,NA,S,Y,4,0,1,2,A,-,03,22350,NA,N,C,C,A,A,H,-,A,D,0,NA,NA,NA,NA,Y,NA,A,01,0,0,1,0,0,0,0,0,0,-,-,33.59904861450195,-117.7622299194336,ORANGE,UNINCORPORATED,-117.76217651367188,33.59907150268555
91076090,2019,2019-09-17,9675,2019-09-11,1541,020699,NA,3,2,6,3015,0,1,3,NA,2,222,SR-22 WESTBOUND,I-5 NORTHBOUND,1000,W,N,A,-,Y,NA,NA,22,NA,NA,NA,NA,NA,W,Y,3,0,1,2,A,-,03,22350,NA,N,F,C,A,A,H,-,A,D,0,NA,NA,Y,NA,Y,NA,C,02,0,1,0,0,0,0,0,0,1,-,-,33.77893829345703,-117.88581848144533,ORANGE,ORANGE,-117.88581848144533,33.77907943725586
91079743,2019,2019-10-04,9690,2019-09-12,0725,014329,NA,4,1,5,3050,0,1,1,NA,2,055,I-5 N/B (SAN DIEGO FRWY),EL TORO RD,1500,N,N,A,-,Y,NA,NA,5,NA,NA,NA,NA,NA,N,Y,4,0,1,3,A,-,08,22107,NA,N,B,C,A,A,H,-,A,D,0,NA,NA,NA,NA,Y,NA,A,01,0,0,1,0,0,0,0,0,0,-,-,33.618900299072266,-117.71166229248048,ORANGE,LAKE FOREST,-117.71160125732422,33.61894989013672
91080810,2019,2019-09-23,9675,2019-09-16,2205,022052,NA,1,3,6,3004,0,1,3,NA,2,553,SR-55 SOUTHBOUND TO I-405 NORTHBOUND,MACARTHUR BLVD,4840,S,N,A,-,Y,NA,NA,55,NA,NA,NA,R,NA,S,Y,4,0,1,1,A,-,08,22107,NA,N,E,I,A,A,H,-,D,D,0,NA,NA,NA,NA,Y,NA,A,01,0,0,1,0,0,0,0,0,0,-,-,33.68864822387695,-117.87246704101563,ORANGE,COSTA MESA,-117.87246704101563,33.68864822387695
9108120,2021,2021-02-01,3002,2021-01-03,1024,1447,NA,7,5,4,3002,0,0,0,NA,0,014,IMPERIAL HWY,ASSOCIATED RD,0,NA,Y,A,-,Y,ORA,12,90,-,-,5.651,I,5,E,Y,3,0,2,2,A,-,12,21453,A,N,D,C,A,A,H,-,A,A,0,NA,NA,NA,NA,Y,NA,A,01,0,1,1,0,0,0,0,0,0,-,-,33.91033935546875,-117.88023376464844,ORANGE,BREA,-117.8801040649414,33.91072463989258
91084068,2019,2019-09-26,9670,2019-09-14,0613,021459,NA,6,1,7,3001,0,1,3,NA,2,093,SR-91 W/B,STATE COLLEGE BLVD,1978,W,N,A,-,Y,NA,NA,NA,NA,NA,NA,NA,NA,NA,Y,2,0,1,3,A,-,03,22350,NA,N,C,C,E,A,H,-,C,D,0,Y,NA,NA,NA,Y,NA,D,22,1,0,0,0,1,0,0,0,0,-,-,33.51139831542969,-117.535400390625,ORANGE,ANAHEIM,-117.8959503173828,33.854061126708984
91084073,2019,2019-09-26,9675,2019-09-20,2224,020732,NA,5,3,6,3004,0,1,3,NA,2,553,SR-55 NORTHBOUND,MESA DR,500,S,N,A,-,Y,NA,NA,55,NA,NA,NA,NA,NA,N,Y,3,0,1,3,A,-,03,22350,NA,N,C,C,A,A,H,-,C,D,0,NA,NA,NA,NA,Y,NA,A,07,0,1,0,0,0,0,0,0,0,-,-,33.664581298828125,-117.89602661132813,ORANGE,COSTA MESA,-117.89611053466795,33.6646614074707
91085898,2019,2019-09-27,9670,2019-09-20,0810,016209,NA,5,1,6,3009,0,1,3,NA,2,120,SR-22 E/B (GARDEN GROVE FREEWAY),SPRINGDALE ST.,1056,W,N,A,-,Y,NA,NA,22,NA,NA,NA,NA,NA,E,Y,2,0,1,1,A,-,08,22107,NA,N,E,A,A,A,H,-,A,D,0,NA,NA,Y,NA,Y,NA,C,02,1,0,0,0,0,0,0,0,1,-,-,33.77425003051758,-118.02503967285156,ORANGE,GARDEN GROVE,-118.02503967285156,33.77422332763672
91089085,2019,2019-10-02,9670,2019-09-26,1636,021715,NA,4,2,5,3007,0,1,1,NA,2,400,I-405 N/B,WARD ST,100,N,N,A,-,Y,NA,NA,NA,NA,NA,NA,NA,NA,NA,Y,3,0,1,2,A,-,07,21658,A,N,B,C,A,A,H,-,A,D,0,NA,NA,Y,NA,Y,NA,A,01,0,1,0,0,0,0,0,0,1,-,-,33.70024871826172,-117.94959259033205,ORANGE,FOUNTAIN VALLEY,-117.9459228515625,33.70027160644531
91091422,2019,2019-10-07,9675,2019-10-03,2112,021716,NA,4,2,6,3015,0,1,1,NA,2,502,I-5 N/B FROM STATE COLLEGE BLVD.,STATE COLLEGE BLVD,340,S,N,A,-,Y,NA,NA,5,NA,NA,NA,R,NA,N,Y,4,0,1,1,A,-,01,23152,A,N,F,I,A,A,H,-,C,D,0,NA,NA,NA,NA,Y,Y,A,01,0,0,1,0,0,0,0,0,0,-,-,33.79201126098633,-117.88863372802734,ORANGE,ORANGE,-117.88863372802734,33.79201126098633
91094970,2019,2019-10-10,9675,2019-10-02,2155,021305,NA,3,2,6,3026,0,1,1,NA,2,504,I-5 N/B TO I-405 N/B,IRVINE CENTER DR,2300,S,N,A,-,Y,NA,NA,5,NA,NA,NA,R,NA,N,N,4,0,1,1,A,-,08,22107,NA,N,E,I,A,A,H,-,C,D,0,NA,NA,NA,NA,Y,NA,A,01,0,0,1,0,0,0,0,0,0,-,-,33.646339416503906,-117.73970794677734,ORANGE,IRVINE,-117.73970794677734,33.646339416503906
91096559,2019,2019-10-14,9670,2019-10-10,1844,020860,NA,4,2,3,3006,0,1,3,NA,2,091,SR-91 W/B,ORANGETHORPE AVE,100,W,N,A,-,Y,NA,NA,91,NA,NA,NA,NA,NA,W,Y,3,0,2,4,A,-,03,22350,NA,N,C,C,A,A,H,-,C,D,0,NA,NA,NA,NA,Y,NA,D,22,0,1,1,0,0,0,0,0,0,-,-,33.85905075073242,-118.0349578857422,ORANGE,LA PALMA,-118.03485870361328,33.85929870605469
91097488,2019,2019-10-15,9675,2019-10-05,1405,021633,NA,6,2,6,3015,0,1,3,NA,2,222,SR-22 W/B,CAMBRIDGE ST,30,W,N,A,-,Y,NA,NA,22,NA,NA,NA,NA,NA,W,Y,3,0,1,2,A,-,08,22107,NA,N,F,A,A,A,H,-,A,D,0,NA,NA,Y,NA,Y,NA,C,02,0,1,0,0,0,0,0,0,1,-,-,33.776119232177734,-117.84467315673828,ORANGE,ORANGE,-117.84467315673828,33.77613067626953
91102815,2019,2019-10-22,9690,2019-10-16,1917,019089,NA,3,2,9,3000,0,2,4,NA,2,034,ANTONIO PKWY,MEANDERING TRAIL,0,NA,Y,A,-,N,NA,NA,NA,NA,NA,NA,NA,NA,NA,Y,4,0,1,2,A,-,09,21453,C,N,A,C,A,A,H,-,C,A,0,NA,NA,NA,NA,Y,NA,D,22,0,0,1,0,0,0,0,0,0,-,-,33.59550857543945,-117.62452697753906,ORANGE,UNINCORPORATED,-117.6246337890625,33.595149993896484
91102828,2019,2019-10-22,9675,2019-10-12,1745,021694,NA,6,2,9,3000,0,2,4,NA,2,035,SILVERADO CANYON ROAD,BLACK STAR CANYON ROAD,1100,E,N,A,-,N,NA,NA,NA,NA,NA,NA,NA,NA,NA,Y,3,0,1,1,A,-,03,22350,NA,N,E,I,A,A,H,-,A,D,0,NA,NA,NA,NA,Y,NA,A,01,0,1,0,0,0,0,0,0,0,-,-,33.7482795715332,-117.66812896728516,ORANGE,UNINCORPORATED,-117.66886901855467,33.74784469604492
91105231,2019,2019-10-24,9675,2019-10-17,0930,017313,NA,4,1,5,3022,0,1,1,NA,2,502,I-5 NORTHBOUND,RED HILL AVE,525,N,N,A,-,Y,NA,NA,NA,NA,NA,NA,NA,NA,NA,Y,4,0,1,2,A,-,03,22350,NA,N,C,C,A,A,H,-,A,D,0,NA,NA,NA,NA,Y,NA,A,01,0,0,1,0,0,0,0,0,0,-,-,33.7342414855957,-117.81419372558594,ORANGE,TUSTIN,-117.81656646728516,33.734596252441406
91106408,2019,2019-10-25,9675,2019-10-17,1835,018102,NA,4,2,7,3001,0,1,3,NA,2,240,SR-241 NORTHBOUND,SR-91,7900,S,N,A,-,Y,NA,NA,241,NA,NA,NA,NA,NA,N,Y,4,0,2,5,A,-,03,22350,NA,N,C,C,A,A,H,-,B,D,0,NA,NA,NA,NA,Y,NA,A,01,0,0,2,0,0,0,0,0,0,-,-,33.83713150024414,-117.71743774414063,ORANGE,ANAHEIM,-117.71772003173828,33.83711242675781
91106587,2019,2019-10-25,9675,2019-10-16,0950,020131,NA,3,1,6,3004,0,1,1,NA,2,405,I-405 SOUTHBOUND,HARBOR BLVD,1500,N,N,A,-,Y,NA,NA,405,NA,NA,NA,NA,NA,S,Y,4,0,1,2,A,-,03,22350,NA,N,C,C,A,A,H,-,A,D,0,NA,NA,NA,NA,Y,NA,A,07,0,0,1,0,0,0,0,0,0,-,-,33.691001892089844,-117.92400360107422,ORANGE,COSTA MESA,-117.92403411865234,33.69091796875
91108491,2019,2019-10-29,9675,2019-10-21,1950,019135,NA,1,2,9,3000,0,1,1,NA,2,405,I-405 SOUTHBOUND,RED HILL AVE,1000,S,N,A,-,Y,NA,NA,405,NA,NA,NA,NA,NA,S,Y,3,0,1,1,A,-,08,22107,NA,N,E,I,A,A,H,-,C,D,0,NA,NA,NA,NA,Y,NA,A,01,0,1,0,0,0,0,0,0,0,-,-,33.68463134765625,-117.8612823486328,ORANGE,UNINCORPORATED,-117.86134338378906,33.68449020385742
91110871,2019,2020-03-24,9675,2019-10-25,1450,021834,NA,5,2,6,3004,0,1,3,NA,2,553,SR-55 NORTHBOUND,SR-73 NORTHBOUND,700,N,N,A,-,Y,NA,NA,55,NA,NA,NA,NA,NA,N,Y,4,0,1,1,A,-,03,22350,NA,N,E,J,A,A,C,-,A,D,0,NA,NA,NA,NA,Y,NA,A,01,0,0,1,0,0,0,0,0,0,-,-,33.675079345703125,-117.88381958007813,ORANGE,COSTA MESA,-117.88393402099608,33.67520523071289
91110989,2019,2019-10-31,9690,2019-10-29,0855,015275,NA,2,1,5,3028,0,1,1,NA,2,056,I-5 S/B (SAN DIEGO FRWY),OSO PARKWAY,1056,S,N,A,-,Y,NA,NA,5,NA,NA,NA,NA,NA,S,Y,4,0,1,3,A,-,03,22350,NA,N,C,C,A,A,H,-,A,D,0,NA,NA,NA,NA,Y,NA,A,01,0,0,1,0,0,0,0,0,0,-,-,33.57400131225586,-117.67204284667967,ORANGE,MISSION VIEJO,-117.67201995849608,33.57400131225586
91111460,2019,2019-11-01,9675,2019-10-22,0925,018539,NA,2,1,6,3015,0,1,3,NA,2,572,SR-57 S/B,CHAPMAN AVE,475,N,N,A,-,Y,NA,NA,57,NA,NA,NA,NA,NA,S,Y,4,0,1,3,A,-,03,22350,NA,N,C,C,A,A,H,-,A,D,0,NA,NA,NA,NA,Y,NA,A,01,0,0,1,0,0,0,0,0,0,-,-,33.78926086425781,-117.87995910644533,ORANGE,ORANGE,-117.880126953125,33.78925704956055
91112252,2019,2019-11-04,9675,2019-10-23,1910,019018,NA,3,2,6,3026,0,1,1,NA,2,406,I-405 NORTHBOUND,JEFFREY RD,500,N,N,A,-,N,NA,NA,405,NA,NA,NA,NA,NA,N,Y,4,0,1,3,A,-,03,22350,NA,N,C,C,A,A,H,-,C,D,0,NA,NA,NA,NA,Y,NA,A,01,0,0,1,0,0,0,0,0,0,-,-,33.66460037231445,-117.8010025024414,ORANGE,IRVINE,-117.801025390625,33.66441345214844
91112408,2019,2019-11-04,9675,2019-10-31,1725,019420,NA,4,2,6,3026,0,1,3,NA,2,074,SR-73 S/B (CORONA DEL MAR FWY),BISON AVE,670,N,N,A,-,Y,NA,NA,73,NA,NA,NA,NA,NA,S,Y,3,0,1,3,A,-,07,21658,A,N,B,C,A,A,H,-,A,D,0,NA,NA,NA,NA,Y,NA,A,08,0,1,0,0,0,0,0,0,0,-,-,33.639198303222656,-117.8581771850586,ORANGE,IRVINE,-117.85813903808594,33.63923645019531
9111376,2020,2020-11-16,3013,2020-05-14,1219,205,L08,4,5,3,3013,0,0,0,NA,0,002,LOS ALAMITOS BL,GREEN AV,0,NA,Y,A,-,N,NA,NA,NA,NA,NA,NA,NA,NA,NA,Y,4,0,2,2,A,-,09,21802,A,N,D,C,A,A,H,-,A,D,0,NA,NA,NA,NA,Y,NA,A,01,0,0,2,0,0,0,0,0,0,-,-,NA,NA,ORANGE,LOS ALAMITOS,-118.07196807861328,33.80192184448242
91114905,2019,2019-11-06,9670,2019-11-03,0515,021242,NA,7,3,5,3003,0,1,3,NA,2,091,STATE ROUTE 91 WESTBOUND,BEACH BLVD,1584,E,N,A,-,Y,NA,NA,91,NA,NA,NA,NA,NA,W,Y,3,0,1,1,A,-,01,23152,A,N,E,I,A,A,H,-,D,D,0,NA,NA,NA,NA,Y,Y,A,01,0,1,0,0,0,0,0,0,0,-,-,33.85626983642578,-117.98983001708984,ORANGE,BUENA PARK,-117.98983001708984,33.856258392333984
91115253,2019,2019-11-07,9675,2019-10-30,1710,020091,NA,3,2,6,3026,0,1,1,NA,2,504,I-5 N/B FROM BAKE PARKWAY W/B,BAKE PARKWAY,200,N,N,A,-,Y,NA,NA,5,NA,NA,NA,R,NA,N,Y,3,0,4,5,A,-,03,22350,NA,N,C,C,A,A,H,-,A,D,0,NA,NA,NA,NA,Y,NA,D,22,0,4,0,0,0,0,0,0,0,-,-,33.63911819458008,-117.72856903076172,ORANGE,IRVINE,-117.72856903076172,33.63911819458008
91117656,2019,2019-11-12,9675,2019-11-01,1705,019942,NA,5,2,7,3001,0,1,3,NA,2,094,SR-91 WESTBOUND,IMPERIAL HIGHWAY,1200,W,N,A,-,Y,NA,NA,91,NA,NA,NA,NA,NA,W,Y,4,0,1,3,A,-,03,22350,NA,N,C,C,A,A,H,-,A,D,0,NA,NA,NA,NA,Y,NA,A,01,0,0,1,0,0,0,0,0,0,-,-,33.85462188720703,-117.79701232910156,ORANGE,ANAHEIM,-117.79701232910156,33.85444641113281
91118277,2019,2019-12-10,9670,2019-11-05,1250,018516,NA,2,1,7,3001,0,1,3,NA,2,094,SR-91 E/B,GILBERT STREET,200,W,N,A,-,Y,NA,NA,91,NA,NA,NA,NA,NA,E,Y,3,0,1,3,A,-,03,22350,NA,N,C,C,A,A,H,-,A,D,0,NA,NA,NA,NA,Y,NA,A,01,0,1,0,0,0,0,0,0,0,-,-,33.854801177978516,-117.9686279296875,ORANGE,ANAHEIM,-117.96864318847656,33.854766845703125
91120896,2019,2019-11-15,9675,2019-11-06,1750,021834,NA,3,2,7,3019,0,1,1,NA,2,520,I-5 NORTHBOUND,MAIN ST,2000,S,N,A,-,Y,NA,NA,5,NA,NA,NA,NA,NA,N,Y,4,0,1,2,A,-,03,22350,NA,N,C,C,A,A,H,-,D,D,0,NA,NA,Y,NA,Y,NA,C,02,0,0,1,0,0,0,0,0,1,-,-,33.76288986206055,-117.864501953125,ORANGE,SANTA ANA,-117.86441040039063,33.762943267822266
91122960,2019,2019-11-18,9675,2019-11-08,1715,021690,NA,5,2,6,3026,0,1,1,NA,2,504,I-5 N/B TO JEFFREY ROAD,JEFFREY RD,100,S,N,A,-,Y,NA,NA,5,NA,NA,NA,R,NA,N,Y,4,0,1,2,A,-,03,22350,NA,N,C,C,A,A,H,-,C,D,0,NA,NA,NA,NA,Y,NA,A,01,0,0,1,0,0,0,0,0,0,-,-,33.687461853027344,-117.76628875732422,ORANGE,IRVINE,-117.76628875732422,33.687461853027344
91128743,2019,2019-11-25,9675,2019-11-15,0854,016748,NA,5,1,4,3002,0,1,3,NA,2,570,SR-57 SOUTHBOUND,BIRCH ST,200,N,N,B,-,Y,NA,NA,NA,NA,NA,NA,NA,NA,NA,Y,4,0,1,3,A,-,03,22350,NA,N,C,C,A,A,D,-,A,D,0,NA,NA,NA,NA,Y,NA,A,01,0,0,1,0,0,0,0,0,0,-,-,33.550689697265625,-117.52507019042967,ORANGE,BREA,-117.88089752197266,33.91845703125
91129209,2019,2019-11-25,9670,2019-11-17,1929,020175,NA,7,2,7,3001,0,1,3,NA,2,094,SR-91 W/B,RAYMOND AVENUE,528,E,N,A,-,Y,NA,NA,91,NA,NA,NA,NA,NA,W,N,4,0,2,2,A,-,07,21658,A,N,E,I,A,A,H,-,C,D,0,NA,NA,NA,NA,Y,NA,-,99,0,0,2,0,0,0,0,0,0,-,-,33.85356140136719,-117.91085815429688,ORANGE,ANAHEIM,-117.9108657836914,33.85392761230469
9112921,2020,2020-09-01,3001,2020-06-12,1711,A2292,D2,5,5,7,3001,0,0,0,NA,0,0D2,EAST ST,BELMONT AV,94,N,N,A,-,N,NA,NA,NA,NA,NA,NA,NA,NA,NA,NA,3,0,1,2,A,-,11,21956,NA,N,G,B,D,A,H,-,A,D,0,Y,NA,NA,NA,Y,NA,N,60,0,1,0,0,1,0,0,0,0,-,-,33.84693145751953,-117.90557098388672,ORANGE,ANAHEIM,-117.90609741210938,33.848480224609375
91130712,2019,2019-11-27,9675,2019-11-19,1753,019938,NA,2,2,6,3026,0,1,1,NA,2,504,I-5 NORTHBOUND,JEFFREY RD,1591,S,N,B,-,Y,NA,NA,5,NA,NA,NA,NA,NA,N,N,4,0,1,3,A,-,03,22350,NA,N,C,C,A,A,H,-,C,D,0,NA,NA,NA,NA,Y,NA,A,07,0,0,1,0,0,0,0,0,0,-,-,33.686241149902344,-117.76555633544922,ORANGE,IRVINE,-117.76568603515624,33.686153411865234
91130985,2019,2019-11-27,9675,2019-11-21,1250,018539,NA,4,1,5,3016,0,1,3,NA,2,571,SR-57 S/B,LA JOLLA ST,175,N,N,B,-,Y,NA,NA,57,NA,NA,NA,NA,NA,S,Y,4,0,1,1,A,-,08,22107,NA,N,E,I,A,A,H,-,A,D,0,NA,NA,NA,NA,Y,NA,A,01,0,0,1,0,0,0,0,0,0,-,-,33.85784149169922,-117.87635040283205,ORANGE,PLACENTIA,-117.87631225585938,33.85784912109375
91132057,2019,2019-12-02,9675,2019-11-22,1603,020091,NA,5,2,6,3026,0,1,1,NA,2,405,I-405 S/B TO MACARTHUR BLVD.,MACARTHUR BLVD,80,S,N,A,-,Y,NA,NA,NA,NA,NA,NA,NA,NA,NA,Y,4,0,1,2,A,-,07,21658,A,N,B,C,A,A,H,-,B,D,0,NA,NA,NA,NA,Y,NA,A,07,0,0,1,0,0,0,0,0,0,-,-,33.680030822753906,-117.85816192626952,ORANGE,IRVINE,-117.85704040527344,33.68259048461914
91132061,2019,2019-12-02,9675,2019-11-22,1625,020240,NA,5,2,7,3001,0,1,3,NA,2,572,SR-57 SOUTHBOUND,BALL RD,1190,S,N,A,-,Y,NA,NA,57,NA,NA,NA,NA,NA,S,N,4,0,1,2,A,-,03,22350,NA,N,C,C,A,A,H,-,A,D,0,NA,NA,NA,NA,Y,NA,A,01,0,0,1,0,0,0,0,0,0,-,-,33.81475067138672,-117.87718200683594,ORANGE,ANAHEIM,-117.87728881835938,33.81479263305664
91132518,2019,2019-12-02,9675,2019-11-27,2347,021305,NA,3,3,7,3019,0,1,1,NA,2,502,I-5 N/B FROM MAIN ST.,MAIN ST,5,S,N,B,-,Y,NA,NA,5,NA,NA,NA,R,NA,N,N,3,0,1,1,A,-,01,23152,A,N,E,I,A,B,H,-,C,A,0,NA,NA,NA,NA,Y,Y,A,07,0,1,0,0,0,0,0,0,0,-,-,33.766849517822266,-117.86724090576172,ORANGE,SANTA ANA,-117.86724090576172,33.766849517822266
91132552,2019,2019-12-02,9675,2019-12-01,2319,021305,NA,7,3,7,3001,0,1,3,NA,2,572,SR-57 NORTHBOUND,LINCOLN AVE,1332,S,N,A,-,Y,NA,NA,57,NA,NA,NA,NA,NA,N,N,4,0,1,2,A,-,07,21658,A,N,B,C,A,A,H,-,C,D,0,NA,NA,NA,Y,Y,Y,-,-,0,0,1,0,0,0,0,0,0,-,-,33.83403015136719,-117.87589263916016,ORANGE,ANAHEIM,-117.87592315673828,33.83403015136719
91132971,2019,2019-12-02,9690,2019-11-23,0505,020637,NA,6,3,5,3017,0,1,1,NA,2,059,I-5 S/B (SAN DIEGO FRWY),AVENIDA VAQUERO,216,N,N,A,-,Y,NA,NA,5,NA,NA,NA,NA,NA,S,Y,3,0,1,1,A,-,01,23152,A,N,E,I,A,A,H,-,D,D,0,NA,NA,NA,NA,Y,Y,A,01,0,1,0,0,0,0,0,0,0,-,-,33.453041076660156,-117.64469909667967,ORANGE,SAN CLEMENTE,-117.6446533203125,33.45314025878906
91134189,2019,2019-12-03,9675,2019-11-24,1921,021377,NA,7,2,6,3015,0,1,3,NA,2,222,SR-22 W/B TO I-5 NB,I-5,1025,E,N,A,-,Y,NA,NA,22,NA,NA,NA,R,NA,W,Y,3,0,1,1,A,-,08,22107,NA,N,E,I,A,A,D,-,C,D,0,NA,NA,NA,NA,Y,NA,A,01,0,1,0,0,0,0,0,0,0,-,-,33.77851867675781,-117.87210845947266,ORANGE,ORANGE,-117.87210845947266,33.77851867675781
91134402,2019,2019-12-03,9675,2019-11-22,1736,020699,NA,5,2,5,3022,0,1,1,NA,2,503,I-5 NORTHBOUND,SR-55 NORTHBOUND,400,S,N,A,-,Y,NA,NA,5,NA,NA,NA,NA,NA,N,N,4,0,1,2,A,-,03,22350,NA,N,C,C,A,A,H,-,E,D,0,NA,NA,NA,NA,Y,NA,A,07,0,0,1,0,0,0,0,0,0,-,-,33.73963165283203,-117.8305435180664,ORANGE,TUSTIN,-117.8305435180664,33.7396125793457
91134802,2019,2019-12-03,9690,2019-11-26,2240,017988,NA,2,3,4,3029,0,1,3,NA,2,051,SR 1 (PACIFIC COAST HWY),I-5 S/B (SAN DIEGO FRWY),763,N,N,A,-,Y,NA,NA,1,NA,NA,NA,NA,NA,NA,Y,4,0,2,2,A,-,03,22350,NA,N,C,C,A,A,H,-,C,D,0,NA,NA,NA,NA,Y,NA,A,01,0,0,2,0,0,0,0,0,0,-,-,33.465118408203125,-117.67115020751952,ORANGE,DANA POINT,-117.67127227783205,33.46521759033203
91136648,2019,2019-12-05,9690,2019-11-28,1530,020086,NA,4,2,9,3000,0,1,3,NA,1,074,SR 74 W/B (ORTEGA HWY),RIVERSIDE COUNTY LINE,7920,W,N,B,C,N,NA,NA,74,NA,NA,NA,NA,NA,W,Y,4,0,1,1,A,-,08,22107,NA,N,E,I,A,B,H,-,A,D,0,NA,NA,NA,NA,Y,NA,A,07,0,0,1,0,0,0,0,0,0,-,-,33.58863830566406,-117.51628112792967,ORANGE,UNINCORPORATED,-117.51636505126952,33.58879852294922
9114196,2020,2020-09-01,3000,2020-06-06,1100,9573,891E5,6,5,5,3050,0,0,0,NA,0,7A60,ROCKFIELD BL,CENTRE DR,201,S,N,A,-,N,NA,NA,NA,NA,NA,NA,NA,NA,NA,N,4,0,1,2,A,-,09,21804,A,N,D,C,A,A,H,-,A,A,0,NA,NA,NA,NA,Y,NA,A,01,0,0,1,0,0,0,0,0,0,-,-,NA,NA,ORANGE,LAKE FOREST,-117.71782684326172,33.63023376464844