CASE_ID,ACCIDENT_YEAR,PROC_DATE,JURIS,COLLISION_DATE,COLLISION_TIME,OFFICER_ID,REPORTING_DISTRICT,DAY_OF_WEEK,CHP_SHIFT,POPULATION,CNTY_CITY_LOC,SPECIAL_COND,BEAT_TYPE,CHP_BEAT_TYPE,CITY_DIVISION_LAPD,CHP_BEAT_CLASS,BEAT_NUMBER,PRIMARY_RD,SECONDARY_RD,DISTANCE,DIRECTION,INTERSECTION,WEATHER_1,WEATHER_2,STATE_HWY_IND,CALTRANS_COUNTY,CALTRANS_DISTRICT,STATE_ROUTE,ROUTE_SUFFIX,POSTMILE_PREFIX,POSTMILE,LOCATION_TYPE,RAMP_INTERSECTION,SIDE_OF_HWY,TOW_AWAY,COLLISION_SEVERITY,NUMBER_KILLED,NUMBER_INJURED,PARTY_COUNT,PRIMARY_COLL_FACTOR,PCF_CODE_OF_VIOL,PCF_VIOL_CATEGORY,PCF_VIOLATION,PCF_VIOL_SUBSECTION,HIT_AND_RUN,TYPE_OF_COLLISION,MVIW,PED_ACTION,ROAD_SURFACE,ROAD_COND_1,ROAD_COND_2,LIGHTING,CONTROL_DEVICE,CHP_ROAD_TYPE,PEDESTRIAN_ACCIDENT,BICYCLE_ACCIDENT,MOTORCYCLE_ACCIDENT,TRUCK_ACCIDENT,NOT_PRIVATE_PROPERTY,ALCOHOL_INVOLVED,STWD_VEHTYPE_AT_FAULT,CHP_VEHTYPE_AT_FAULT,COUNT_SEVERE_INJ,COUNT_VISIBLE_INJ,COUNT_COMPLAINT_PAIN,COUNT_PED_KILLED,COUNT_PED_INJURED,COUNT_BICYCLIST_KILLED,COUNT_BICYCLIST_INJURED,COUNT_MC_KILLED,COUNT_MC_INJURED,PRIMARY_RAMP,SECONDARY_RAMP,LATITUDE,LONGITUDE,COUNTY,CITY,POINT_X,POINT_Y
91209777,2020,2020-03-17,9675,2020-03-11,1935,018985,NA,3,2,6,3015,0,1,3,NA,2,550,SR-55 S/B,LINCOLN AVE,500,N,N,A,-,Y,NA,NA,55,NA,NA,NA,NA,NA,S,Y,3,0,1,1,A,-,08,22107,NA,N,E,I,A,A,H,-,C,D,0,NA,NA,NA,NA,Y,NA,A,07,0,1,0,0,0,0,0,0,0,-,-,33.83652114868164,-117.83554840087892,ORANGE,ORANGE,-117.83536529541016,33.836463928222656
91211579,2020,2020-03-19,9670,2020-03-12,0830,019502,NA,4,1,5,3024,0,1,1,NA,2,042,I-405 N/B,WESTMINSTER BLVD,600,S,N,B,-,Y,NA,NA,405,NA,NA,NA,NA,NA,N,Y,4,0,2,2,A,-,03,22350,NA,N,C,C,A,A,D,-,A,D,0,NA,NA,NA,NA,Y,NA,A,01,0,0,2,0,0,0,0,0,0,-,-,33.752540588378906,-118.01412200927734,ORANGE,WESTMINSTER,-118.01408386230467,33.752586364746094
9121232,2020,2020-09-04,3004,2020-06-01,0544,P682,10,1,5,6,3004,0,0,0,NA,0,004,HARBOR BL,WILSON ST,50,N,N,A,-,N,NA,NA,NA,NA,NA,NA,NA,NA,NA,N,3,0,2,3,A,-,08,22107,NA,F,C,C,A,A,H,-,A,A,0,NA,NA,NA,NA,Y,NA,A,07,0,1,1,0,0,0,0,0,0,-,-,33.65644836425781,-117.9191436767578,ORANGE,COSTA MESA,-117.91919708251952,33.65626907348633
91212882,2020,2020-03-20,9675,2020-03-12,1535,019420,NA,4,2,6,3026,0,1,1,NA,2,504,I-5 N/B FROM BAKE PARKWAY,BAKE PKWY,300,N,N,C,-,Y,NA,NA,5,NA,NA,NA,R,NA,N,Y,4,0,1,2,A,-,03,22350,NA,N,B,C,A,B,H,-,A,D,0,NA,NA,NA,NA,Y,NA,A,01,0,0,1,0,0,0,0,0,0,-,-,33.640220642089844,-117.73110198974608,ORANGE,IRVINE,-117.73110198974608,33.640220642089844
91215681,2019,2020-03-25,9675,2019-07-31,0705,015041,NA,3,1,4,3002,0,1,3,NA,2,570,STATE ROUTE 57 SOUTHBOUND,BREA TRAIL,208,N,N,B,-,Y,NA,NA,57,NA,NA,NA,NA,NA,S,Y,1,1,0,2,A,-,06,21755,A,N,B,C,A,A,H,-,A,D,0,NA,NA,Y,Y,Y,NA,C,02,0,0,0,0,0,0,0,1,0,-,-,33.922000885009766,-117.88034057617188,ORANGE,BREA,-117.88031768798828,33.922000885009766
9121658,2020,2020-11-06,3004,2020-05-11,1506,P462,02,1,5,6,3004,0,0,0,NA,0,007,WEST 19TH ST,ANAHEIM AV,10,E,N,A,-,N,NA,NA,NA,NA,NA,NA,NA,NA,NA,Y,3,0,1,2,A,-,11,21954,A,N,G,B,E,A,H,-,A,A,0,Y,NA,NA,NA,Y,NA,N,60,0,1,0,0,1,0,0,0,0,-,-,33.643341064453125,-117.92257690429688,ORANGE,COSTA MESA,-117.9233169555664,33.64344787597656
9122071,2020,2020-09-15,3008,2020-06-18,1610,1519,ZONE3,4,5,6,3008,0,0,0,NA,0,NA,PLACENTIA AV,NUTWOOD AV,185,N,N,A,-,N,NA,NA,NA,NA,NA,NA,NA,NA,NA,Y,4,0,1,2,A,-,03,22350,NA,N,C,C,A,A,H,-,A,A,0,NA,NA,NA,NA,Y,NA,A,01,0,0,1,0,0,0,0,0,0,-,-,NA,NA,ORANGE,FULLERTON,-117.87776184082033,33.87830352783203
9122352,2020,2020-09-21,3002,2020-07-04,1125,1447,NA,6,5,4,3002,0,0,0,NA,0,011,BERRY ST,LAMBERT RD,0,NA,Y,A,-,N,NA,NA,NA,NA,NA,NA,NA,NA,NA,Y,4,0,2,2,A,-,12,21453,A,N,D,C,A,A,H,-,A,A,0,NA,NA,NA,NA,Y,NA,A,01,0,0,2,0,0,0,0,0,0,-,-,33.92464065551758,-117.90673828125,ORANGE,BREA,-117.9067611694336,33.92464065551758
91224987,2020,2020-04-13,9690,2020-04-07,1957,019089,NA,2,2,4,3018,0,1,1,NA,2,057,I-5 N/B (SAN DIEGO FRWY),SAN JUAN CREEK RD,2493,S,N,C,-,Y,NA,NA,5,NA,NA,NA,NA,NA,N,Y,4,0,1,1,A,-,03,22350,NA,N,E,I,A,B,H,-,D,A,0,NA,NA,NA,NA,Y,NA,A,01,0,0,1,0,0,0,0,0,0,-,-,33.485679626464844,-117.66635894775392,ORANGE,SAN JUAN CAPISTRANO,-117.66627502441406,33.485618591308594
91225457,2020,2020-04-14,9670,2020-03-30,2046,016271,NA,1,2,5,3024,0,1,1,NA,2,042,I-405 N/B FROM GOLDENWEST STREET,GOLDENWEST STREET,0,NA,Y,A,-,Y,NA,NA,405,NA,NA,NA,R,NA,N,N,4,0,1,2,A,-,10,21950,A,F,G,B,B,A,H,-,D,D,0,Y,NA,NA,NA,Y,NA,-,99,0,0,1,0,1,0,0,0,0,-,-,33.747100830078125,-118.00689697265624,ORANGE,WESTMINSTER,-118.00689697265624,33.747100830078125
9122568,2020,2020-10-24,3010,2020-07-09,1304,2057,421,4,5,6,3010,0,0,0,NA,0,005,GOLDENWEST,YORKTOWN,0,NA,Y,A,-,N,NA,NA,NA,NA,NA,NA,NA,NA,NA,N,3,0,1,2,A,-,05,21650,1,N,A,G,A,A,H,-,A,A,0,NA,Y,NA,NA,Y,NA,L,04,0,1,0,0,0,0,1,0,0,-,-,NA,NA,ORANGE,HUNTINGTON BEACH,-118.00636291503906,33.679439544677734
9122814,2020,2020-09-15,3001,2020-06-24,0744,1252,NA,3,5,7,3001,0,0,0,NA,0,D-2,ANAHEIM BL,CENTER ST S,0,NA,Y,B,-,N,NA,NA,NA,NA,NA,NA,NA,NA,NA,Y,3,0,3,2,A,-,09,21801,A,N,D,C,A,A,H,-,A,A,0,NA,NA,NA,NA,Y,NA,A,07,0,1,2,0,0,0,0,0,0,-,-,33.834251403808594,-117.9135284423828,ORANGE,ANAHEIM,-117.91390991210938,33.835548400878906
9122818,2020,2020-09-22,3001,2020-06-30,2343,1278,NA,2,5,7,3001,0,0,0,NA,0,D-1,BROOKHURST ST,LINCOLN AV,0,NA,Y,A,-,N,NA,NA,NA,NA,NA,NA,NA,NA,NA,Y,4,0,2,2,A,-,12,21453,A,N,D,C,A,A,H,-,C,A,0,NA,NA,NA,NA,Y,NA,A,01,0,0,2,0,0,0,0,0,0,-,-,33.83192825317383,-117.95881652832033,ORANGE,ANAHEIM,-117.95896911621094,33.83258819580078
91228653,2020,2020-04-22,9690,2020-04-19,1455,020038,NA,7,2,9,3000,0,1,3,NA,1,074,SR-74 (ORTEGA HWY),HOT SPRINGS CANYON RD,5808,E,N,A,-,Y,NA,NA,74,NA,NA,NA,NA,NA,NA,Y,2,0,1,1,A,-,03,22350,NA,N,F,A,A,A,H,-,A,D,0,NA,NA,Y,NA,Y,NA,C,02,1,0,0,0,0,0,0,0,1,-,-,33.592098236083984,-117.49707794189452,ORANGE,UNINCORPORATED,-117.4970932006836,33.59210968017578
9122966,2020,2020-09-15,3013,2020-06-17,1203,207,L08,3,5,3,3013,0,0,0,NA,0,003,LOS ALAMITOS BL,HEDWIG RD,0,NA,Y,B,-,N,NA,NA,NA,NA,NA,NA,NA,NA,NA,Y,3,0,1,2,A,-,09,21802,A,N,B,C,A,A,H,-,A,D,0,NA,NA,NA,NA,Y,NA,D,22,0,1,0,0,0,0,0,0,0,-,-,NA,NA,ORANGE,LOS ALAMITOS,-118.07196807861328,33.80017852783203
91236435,2020,2020-05-12,9675,2020-05-04,1515,020923,NA,1,2,6,3015,0,1,3,NA,2,550,SR-55 S/B,LINCOLN AVE,1500,S,N,A,-,Y,NA,NA,55,NA,NA,NA,NA,NA,S,Y,3,0,1,2,A,-,08,22107,NA,N,B,C,A,A,H,-,A,D,0,NA,NA,Y,NA,Y,NA,C,02,0,1,0,0,0,0,0,0,1,-,-,33.832611083984375,-117.83522033691406,ORANGE,ORANGE,-117.8352508544922,33.83259963989258
91239012,2020,2020-05-18,9690,2020-05-16,1435,021875,NA,6,2,9,3000,0,3,5,NA,2,004,ANTONIO PKWY,AVENDALE BLVD,205,N,N,A,-,N,NA,NA,NA,NA,NA,NA,NA,NA,NA,N,4,0,1,2,A,-,03,22350,NA,N,C,C,A,A,H,-,A,A,0,NA,NA,NA,NA,Y,NA,A,01,0,0,1,0,0,0,0,0,0,-,-,33.55223846435547,-117.62982177734376,ORANGE,UNINCORPORATED,-117.62982177734376,33.552215576171875
91239583,2020,2020-05-19,9675,2020-05-14,1619,022038,NA,4,2,7,3019,0,1,1,NA,2,502,I-5 N/B (SANTA ANA FWY),GRAND AVE,1500,S,N,A,-,Y,NA,NA,5,NA,NA,NA,NA,NA,N,N,4,0,2,2,A,-,07,21658,A,N,B,C,A,A,H,-,A,D,0,NA,NA,NA,NA,Y,NA,A,01,0,0,2,0,0,0,0,0,0,-,-,33.75297927856445,-117.84748077392578,ORANGE,SANTA ANA,-117.84744262695313,33.75304412841797
91240295,2020,2020-05-20,9675,2020-05-18,0540,016299,NA,1,3,7,3001,0,1,3,NA,2,093,SR-91 E/B TO SR-57 N/B,SUNKIST STREET,500,E,N,B,C,Y,NA,NA,91,NA,NA,NA,R,NA,E,Y,4,0,1,1,A,-,03,22350,NA,N,E,I,A,B,H,-,B,D,0,NA,NA,NA,NA,Y,NA,A,01,0,0,1,0,0,0,0,0,0,-,-,33.85013961791992,-117.876220703125,ORANGE,ANAHEIM,-117.876220703125,33.85013961791992
91243581,2020,2020-05-28,9690,2020-05-27,1518,014765,NA,3,2,5,3028,0,1,1,NA,2,056,I-5 S/B (SAN DIEGO FRWY),CROWN VALLEY PKWY,2112,N,N,A,-,Y,NA,NA,5,NA,NA,NA,NA,NA,S,Y,3,0,1,3,A,-,03,22350,NA,F,C,C,A,A,D,-,A,D,0,NA,NA,NA,NA,Y,NA,D,22,0,1,0,0,0,0,0,0,0,-,-,33.56515884399414,-117.672607421875,ORANGE,MISSION VIEJO,-117.67255401611328,33.565155029296875
91246126,2020,2020-06-01,9675,2020-05-29,0441,021984,NA,5,3,7,3001,0,1,3,NA,2,093,SR-91 EASTBOUND,TUSTIN AVE,200,W,N,A,-,Y,NA,NA,91,NA,NA,NA,NA,NA,E,N,4,0,1,1,A,-,03,22350,NA,N,F,A,A,A,H,-,C,D,0,NA,NA,Y,NA,Y,NA,C,02,0,0,1,0,0,0,0,0,1,-,-,33.85137176513672,-117.83914947509766,ORANGE,ANAHEIM,-117.8391571044922,33.85132598876953
91251141,2020,2020-06-12,9675,2020-06-06,1212,016748,NA,6,1,6,3008,0,1,3,NA,2,570,SR-57 N/B FROM W/B YORBA LINDA BLVD,YORBA LINDA BLVD,15,N,N,B,-,Y,NA,NA,NA,NA,NA,NA,NA,NA,NA,N,3,0,1,2,A,-,03,22350,NA,N,D,G,A,A,H,-,A,A,0,NA,Y,NA,NA,Y,NA,A,01,0,1,0,0,0,0,1,0,0,-,-,33.52111053466797,-117.52423095703124,ORANGE,FULLERTON,-117.88047790527344,33.889060974121094
91254587,2020,2020-06-19,9675,2020-06-12,0424,020694,NA,5,3,7,3019,0,1,1,NA,2,502,I-5 NORTHBOUND,LA VETA AVE,450,N,N,A,-,Y,NA,NA,5,NA,NA,NA,NA,NA,N,Y,3,0,2,2,A,-,01,23152,A,N,C,C,A,A,H,-,D,D,0,NA,NA,NA,NA,Y,Y,A,07,0,1,1,0,0,0,0,0,0,-,-,33.78145980834961,-117.87879180908205,ORANGE,SANTA ANA,-117.87872314453124,33.781558990478516
91256074,2020,2020-06-23,9675,2020-06-22,1722,018985,NA,1,2,6,3026,0,1,1,NA,2,406,I-405 N/B,HARVARD AVE.,400,S,N,A,-,Y,NA,NA,405,NA,NA,NA,NA,NA,N,Y,4,0,1,2,A,-,03,22350,NA,N,C,C,A,A,H,-,A,D,0,NA,NA,NA,NA,Y,NA,A,07,0,0,1,0,0,0,0,0,0,-,-,33.672271728515625,-117.83036041259766,ORANGE,IRVINE,-117.83039093017578,33.672176361083984
91258740,2019,2020-06-25,9690,2019-12-14,2305,020637,NA,6,3,9,3000,0,3,5,NA,2,007,AVENIDA LA PATA,STALLION RIDGE ROAD,2624,N,N,A,-,N,NA,NA,NA,NA,NA,NA,NA,NA,NA,Y,1,1,1,1,A,-,01,23152,A,N,E,I,A,A,H,-,C,D,0,NA,NA,NA,NA,Y,Y,A,07,0,1,0,0,0,0,0,0,0,-,-,33.50701904296875,-117.62148284912108,ORANGE,UNINCORPORATED,-117.62130737304688,33.50660705566406
91259390,2020,2020-06-26,9690,2020-06-21,1525,021875,NA,7,2,9,3000,0,1,3,NA,1,074,SR 74 E/B (ORTEGA HWY),LUCAS CYN RD,2640,W,N,A,-,Y,NA,NA,74,NA,NA,NA,NA,NA,E,N,3,0,1,1,A,-,08,22107,NA,N,H,I,A,A,H,-,A,D,0,NA,NA,NA,NA,Y,NA,A,08,0,1,0,0,0,0,0,0,0,-,-,33.58523178100586,-117.5219497680664,ORANGE,UNINCORPORATED,-117.52208709716795,33.58523941040039
91259629,2020,2020-06-29,9670,2020-06-26,1410,019304,NA,5,2,6,3009,0,1,3,NA,2,021,SR-22 W/B,VALLEY VIEW ST,1320,E,N,A,-,Y,NA,NA,22,NA,NA,NA,NA,NA,W,Y,4,0,1,3,A,-,03,22350,NA,N,C,C,A,A,H,-,A,D,0,NA,NA,NA,NA,Y,NA,A,01,0,0,1,0,0,0,0,0,0,-,-,33.77439880371094,-118.0302276611328,ORANGE,GARDEN GROVE,-118.0302276611328,33.774417877197266
91260236,2020,2020-06-29,9675,2020-06-22,1712,019135,NA,1,2,6,3008,0,1,3,NA,2,570,SR-57 NORTHBOUND,BASTANCHURY RD,600,S,N,A,-,Y,NA,NA,57,NA,NA,NA,NA,NA,N,Y,3,0,1,1,A,-,08,22107,NA,N,F,A,A,A,H,-,A,D,0,NA,NA,NA,NA,Y,NA,A,07,0,1,0,0,0,0,0,0,0,-,-,33.89485168457031,-117.88056182861328,ORANGE,FULLERTON,-117.88065338134766,33.89484405517578
91260778,2020,2020-06-30,9675,2020-06-23,1046,020544,NA,2,1,6,3026,0,1,1,NA,2,504,I-5 SOUTHBOUND TO ALTON PKWY,ALTON PKWY,457,S,N,A,-,Y,NA,NA,5,NA,NA,NA,R,NA,S,Y,4,0,1,2,A,-,03,22350,NA,N,E,I,A,A,H,-,A,A,0,NA,NA,NA,NA,Y,NA,A,01,0,0,1,0,0,0,0,0,0,-,-,33.654361724853516,-117.7436981201172,ORANGE,IRVINE,-117.7436981201172,33.654361724853516
9126364,2020,2020-09-14,3007,2020-06-30,1702,1156,66,2,5,5,3007,0,0,0,NA,0,003,PACIFIC,ELLIS,9,N,N,A,-,N,NA,NA,NA,NA,NA,NA,NA,NA,NA,N,3,0,1,2,A,-,05,21650,NA,N,H,G,A,A,H,-,A,D,0,NA,Y,NA,NA,Y,NA,L,04,0,1,0,0,0,0,1,0,0,-,-,NA,NA,ORANGE,FOUNTAIN VALLEY,-117.93910980224608,33.694244384765625
91263856,2020,2020-07-06,9675,2020-06-29,1707,018733,NA,1,2,9,3000,0,3,5,NA,2,002,NEWPORT AVE.,DODGE AVE.,0,NA,Y,A,-,N,NA,NA,NA,NA,NA,NA,NA,NA,NA,Y,3,0,1,2,A,-,09,21801,A,N,D,C,A,A,H,-,A,A,0,NA,NA,NA,NA,Y,NA,A,01,0,1,0,0,0,0,0,0,0,-,-,33.76588821411133,-117.79601287841795,ORANGE,UNINCORPORATED,-117.79604339599608,33.765811920166016
91264934,2020,2020-07-08,9670,2020-06-26,0430,021861,NA,5,3,7,3001,0,1,1,NA,2,503,I-5 S/B,EUCLID ST,792,S,N,B,-,Y,NA,NA,5,NA,NA,NA,NA,NA,S,Y,2,0,1,2,A,-,03,22350,NA,F,C,C,A,A,H,-,D,D,0,NA,NA,NA,NA,Y,NA,-,99,1,0,0,0,0,0,0,0,0,-,-,33.834808349609375,-117.9390869140625,ORANGE,ANAHEIM,-117.93910217285156,33.83475112915039
9126705,2020,2020-10-26,3007,2020-07-14,1701,321,54,2,5,5,3007,0,0,0,NA,0,003,BROOKHURST,TALBERT,735,N,N,A,-,N,NA,NA,NA,NA,NA,NA,NA,NA,NA,Y,4,0,1,2,A,-,03,22350,NA,N,C,C,A,A,H,-,A,D,0,NA,NA,NA,NA,Y,NA,A,01,0,0,1,0,0,0,0,0,0,-,-,NA,NA,ORANGE,FOUNTAIN VALLEY,-117.95442199707033,33.70371627807617
9126709,2020,2020-10-24,3007,2020-07-02,1244,1155,74,4,5,5,3007,0,0,0,NA,0,003,ELLIS,BROOKHURST,465,W,N,A,-,N,NA,NA,NA,NA,NA,NA,NA,NA,NA,Y,4,0,1,2,A,-,03,22350,NA,N,C,C,A,A,H,-,A,A,0,NA,NA,NA,NA,Y,NA,A,01,0,0,1,0,0,0,0,0,0,-,-,NA,NA,ORANGE,FOUNTAIN VALLEY,-117.95579528808594,33.69411849975586
91267472,2020,2020-07-13,9670,2020-07-10,1745,019925,NA,5,2,5,3003,0,1,3,NA,2,091,SR-91 W/B,VALLEY VIEW ST.,60,W,N,A,-,Y,NA,NA,91,NA,NA,NA,NA,NA,W,Y,3,0,3,3,A,-,03,22350,NA,N,C,C,A,A,H,-,A,D,0,NA,NA,NA,NA,Y,NA,A,01,0,2,1,0,0,0,0,0,0,-,-,33.85696029663086,-118.02899932861328,ORANGE,BUENA PARK,-118.02899932861328,33.85696029663086
91268309,2020,2020-07-14,9675,2020-07-06,1726,021834,NA,1,2,7,3001,0,1,3,NA,2,095,SR-91 EASTBOUND,GYPSUM CYN ROAD,1900,W,N,A,-,Y,NA,NA,91,NA,NA,NA,NA,NA,E,Y,4,0,1,3,A,-,03,22350,NA,N,C,C,A,A,H,-,A,D,0,NA,NA,NA,NA,Y,NA,A,08,0,0,1,0,0,0,0,0,0,-,-,33.86640167236328,-117.71784210205078,ORANGE,ANAHEIM,-117.71784210205078,33.86637496948242
9126885,2020,2020-10-13,3001,2020-07-05,1304,A2382,NA,7,5,7,3001,0,0,0,NA,0,0D1,ORANGE AV,HALLIDAY ST,0,NA,Y,A,-,N,NA,NA,NA,NA,NA,NA,NA,NA,NA,NA,4,0,1,2,A,-,09,21804,A,N,D,G,A,A,H,-,A,A,0,NA,Y,NA,NA,Y,NA,L,04,0,0,1,0,0,0,1,0,0,-,-,33.82463073730469,-117.99669647216795,ORANGE,ANAHEIM,-117.99674224853516,33.8247184753418
9127093,2020,2020-09-21,3000,2020-06-25,2123,1916,891E5,4,5,4,3045,0,0,0,NA,0,746,LAKE FOREST DR,AVENIDA DE LA CARLOTA,751,E,N,A,-,N,NA,NA,NA,NA,NA,NA,NA,NA,NA,Y,4,0,1,2,A,-,07,21658,A,M,B,C,A,A,H,-,C,D,0,NA,NA,NA,NA,Y,NA,A,01,0,0,1,0,0,0,0,0,0,-,-,NA,NA,ORANGE,LAGUNA HILLS,-117.72153472900392,33.62835693359375
91271630,2020,2020-07-21,9670,2020-07-13,0005,021755,NA,1,3,6,3009,0,1,3,NA,2,024,SR-22 E/B,HARBOR BLVD,1584,W,N,A,-,Y,NA,NA,22,NA,NA,NA,NA,NA,E,Y,4,0,2,2,A,-,01,23152,A,N,C,C,A,A,H,-,C,D,0,NA,NA,NA,NA,Y,Y,A,01,0,0,2,0,0,0,0,0,0,-,-,33.7659912109375,-117.92723846435548,ORANGE,GARDEN GROVE,-117.92723846435548,33.76610565185547
91272705,2020,2020-07-22,9690,2020-07-20,0955,014849,NA,1,1,9,3000,0,1,3,NA,1,074,SR 74 E/B (ORTEGA HWY),MM 3.24,35,W,N,A,-,Y,NA,NA,NA,NA,NA,NA,NA,NA,NA,Y,2,0,1,1,A,-,08,22107,NA,N,E,I,A,A,H,-,A,D,0,NA,NA,Y,NA,Y,NA,C,02,1,0,0,0,0,0,0,0,1,-,-,33.654701232910156,-117.62407684326172,ORANGE,UNINCORPORATED,NA,NA
91273382,2020,2020-07-23,9675,2020-07-16,0452,018983,NA,4,3,7,3019,0,1,3,NA,2,553,SR-55 SOUTHBOUND,MAIN STREET,255,N,N,A,-,Y,NA,NA,55,NA,NA,NA,NA,NA,S,Y,2,0,2,2,A,-,03,22350,NA,N,C,C,A,A,H,-,C,D,0,NA,NA,NA,NA,Y,NA,A,07,1,1,0,0,0,0,0,0,0,-,-,33.69287109375,-117.86733245849608,ORANGE,SANTA ANA,-117.86715698242188,33.692718505859375
91275267,2020,2020-07-28,9675,2020-07-25,2300,022283,NA,6,3,6,3015,0,1,3,NA,2,551,SR-55 S/B TO SR-22 W/B,LA VETA AVE,935,S,N,A,-,Y,NA,NA,55,NA,NA,NA,R,NA,S,Y,3,0,1,1,A,-,01,23152,A,N,E,I,A,A,H,-,C,D,0,NA,NA,NA,NA,Y,Y,A,01,0,1,0,0,0,0,0,0,0,-,-,33.7783203125,-117.83251190185548,ORANGE,ORANGE,-117.83251190185548,33.7783203125
91277308,2020,2020-07-30,9690,2020-07-27,1805,014765,NA,1,2,5,3028,0,1,1,NA,2,056,I-5 S/B (SAN DIEGO FRWY),CROWN VALLEY PKWY,2640,N,N,A,-,Y,NA,NA,NA,NA,NA,NA,NA,NA,NA,N,4,0,2,2,A,-,03,22350,NA,N,C,C,A,A,D,-,A,D,0,NA,NA,NA,Y,Y,NA,G,25,0,0,2,0,0,0,0,0,0,-,-,33.33599090576172,-117.40200042724608,ORANGE,MISSION VIEJO,-117.67236328125,33.56647491455078
91280328,2020,2020-08-04,9675,2020-07-30,1808,022023,NA,4,2,7,3019,0,1,1,NA,2,502,I-5 N/B,4TH ST,500,S,N,A,-,Y,NA,NA,5,NA,NA,NA,NA,NA,N,N,4,0,1,2,A,-,03,22350,NA,N,C,C,A,A,H,-,A,D,0,NA,NA,NA,NA,Y,NA,A,01,0,0,1,0,0,0,0,0,0,-,-,33.74440002441406,-117.84139251708984,ORANGE,SANTA ANA,-117.84140014648438,33.744388580322266
9128131,2020,2020-11-30,3010,2020-07-04,1027,2263,452,6,5,6,3010,0,0,0,NA,0,003,RT 39,INDIANAPOLIS AV,0,NA,Y,A,-,Y,ORA,12,39,-,-,1.131,I,5,N,N,3,0,2,3,A,-,08,22107,NA,N,D,G,A,A,H,-,A,A,0,NA,Y,NA,NA,Y,NA,A,07,0,1,1,0,0,0,2,0,0,-,-,NA,NA,ORANGE,HUNTINGTON BEACH,-117.98837280273438,33.664886474609375
91285180,2020,2020-08-12,9675,2020-08-11,1230,016299,NA,2,1,7,3001,0,1,3,NA,2,094,STATE ROUTE 91 WESTBOUND,IMPERIAL HIGHWAY,1500,E,N,A,-,Y,NA,NA,91,NA,NA,NA,NA,NA,W,Y,4,0,1,2,A,-,03,22350,NA,N,C,C,A,A,H,-,A,D,0,NA,NA,NA,NA,Y,NA,A,01,0,0,1,0,0,0,0,0,0,-,-,33.858070373535156,-117.78282165527344,ORANGE,ANAHEIM,-117.78272247314452,33.85786819458008
91288846,2020,2020-08-19,9670,2020-08-12,1659,017022,NA,3,2,5,3007,0,1,1,NA,2,040,I-405 N/B,WARD STREET,200,S,N,A,-,Y,NA,NA,405,NA,NA,NA,NA,NA,N,N,4,0,1,3,A,-,03,22350,NA,N,C,C,A,A,D,-,A,D,0,NA,NA,NA,NA,Y,NA,A,01,0,0,1,0,0,0,0,0,0,-,-,33.69987106323242,-117.94499206542967,ORANGE,FOUNTAIN VALLEY,-117.94496917724608,33.699920654296875
91288939,2020,2020-08-19,9675,2020-08-17,1700,019018,NA,1,2,7,3019,0,1,3,NA,2,552,SR-55 SOUTHBOUND,WARNER AVE,100,N,N,A,-,Y,NA,NA,55,NA,NA,NA,NA,NA,S,Y,3,0,2,1,A,-,08,22107,NA,N,E,I,A,A,H,-,A,D,0,NA,NA,NA,NA,Y,NA,A,01,0,1,1,0,0,0,0,0,0,-,-,33.743228912353516,-117.83406066894533,ORANGE,SANTA ANA,-117.83383178710938,33.74321746826172
91290422,2020,2020-08-21,9675,2020-08-19,0730,016748,NA,3,1,6,3008,0,1,3,NA,2,571,SR-57 SOUTHBOUND,NUTWOOD AVE,1800,N,N,A,-,Y,NA,NA,NA,NA,NA,NA,NA,NA,NA,Y,4,0,2,4,A,-,03,22350,NA,N,C,C,A,A,H,-,A,D,0,NA,NA,NA,NA,Y,NA,A,07,0,0,2,0,0,0,0,0,0,-,-,33.52595901489258,-117.52500915527344,ORANGE,FULLERTON,-117.88060760498048,33.88314437866211
91292801,2020,2020-08-26,9675,2020-08-25,1245,016299,NA,2,1,7,3001,0,1,3,NA,2,095,STATE ROUTE 91 EASTBOUND,GYPSUM CANYON ROAD,3696,W,N,A,-,Y,NA,NA,91,NA,NA,NA,NA,NA,E,N,4,0,1,2,A,-,01,23152,F,N,C,C,A,D,H,-,A,D,0,NA,NA,NA,NA,Y,NA,A,07,0,0,1,0,0,0,0,0,0,-,-,33.86647033691406,-117.71263122558594,ORANGE,ANAHEIM,-117.71263122558594,33.86647033691406
91293559,2020,2020-08-27,9670,2020-08-25,1850,021242,NA,2,2,5,3003,0,1,3,NA,2,092,SR-91 EASTBOUND FROM BEACH BOULEVARD,BEACH BLVD,300,W,N,A,-,Y,NA,NA,91,NA,NA,NA,R,NA,E,Y,4,0,1,2,A,-,03,22350,NA,N,C,C,A,A,H,-,A,A,0,NA,NA,NA,NA,Y,NA,A,01,0,0,1,0,0,0,0,0,0,-,-,33.855220794677734,-117.99838256835938,ORANGE,BUENA PARK,-117.99838256835938,33.855220794677734