CASE_ID,ACCIDENT_YEAR,PROC_DATE,JURIS,COLLISION_DATE,COLLISION_TIME,OFFICER_ID,REPORTING_DISTRICT,DAY_OF_WEEK,CHP_SHIFT,POPULATION,CNTY_CITY_LOC,SPECIAL_COND,BEAT_TYPE,CHP_BEAT_TYPE,CITY_DIVISION_LAPD,CHP_BEAT_CLASS,BEAT_NUMBER,PRIMARY_RD,SECONDARY_RD,DISTANCE,DIRECTION,INTERSECTION,WEATHER_1,WEATHER_2,STATE_HWY_IND,CALTRANS_COUNTY,CALTRANS_DISTRICT,STATE_ROUTE,ROUTE_SUFFIX,POSTMILE_PREFIX,POSTMILE,LOCATION_TYPE,RAMP_INTERSECTION,SIDE_OF_HWY,TOW_AWAY,COLLISION_SEVERITY,NUMBER_KILLED,NUMBER_INJURED,PARTY_COUNT,PRIMARY_COLL_FACTOR,PCF_CODE_OF_VIOL,PCF_VIOL_CATEGORY,PCF_VIOLATION,PCF_VIOL_SUBSECTION,HIT_AND_RUN,TYPE_OF_COLLISION,MVIW,PED_ACTION,ROAD_SURFACE,ROAD_COND_1,ROAD_COND_2,LIGHTING,CONTROL_DEVICE,CHP_ROAD_TYPE,PEDESTRIAN_ACCIDENT,BICYCLE_ACCIDENT,MOTORCYCLE_ACCIDENT,TRUCK_ACCIDENT,NOT_PRIVATE_PROPERTY,ALCOHOL_INVOLVED,STWD_VEHTYPE_AT_FAULT,CHP_VEHTYPE_AT_FAULT,COUNT_SEVERE_INJ,COUNT_VISIBLE_INJ,COUNT_COMPLAINT_PAIN,COUNT_PED_KILLED,COUNT_PED_INJURED,COUNT_BICYCLIST_KILLED,COUNT_BICYCLIST_INJURED,COUNT_MC_KILLED,COUNT_MC_INJURED,PRIMARY_RAMP,SECONDARY_RAMP,LATITUDE,LONGITUDE,COUNTY,CITY,POINT_X,POINT_Y
9323345,2021,2021-10-04,3000,2021-08-25,0825,9573,891H5,3,5,5,3050,0,0,0,NA,0,760,EL TORO RD,JERONIMO RD,251,E,N,A,-,N,NA,NA,NA,NA,NA,NA,NA,NA,NA,Y,4,0,1,2,A,-,03,22350,NA,N,C,C,A,A,H,-,A,A,0,NA,NA,NA,NA,Y,NA,A,07,0,0,1,0,0,0,0,0,0,-,-,NA,NA,ORANGE,LAKE FOREST,-117.6899642944336,33.62892532348633
9324526,2021,2021-11-10,3004,2021-09-02,1825,P648,01,4,5,6,3004,0,0,0,NA,0,009,PLACENTIA AV,W 18TH ST,0,NA,Y,A,-,N,NA,NA,NA,NA,NA,NA,NA,NA,NA,N,3,0,1,2,A,-,05,21650,1,N,D,G,A,A,H,-,A,A,0,NA,Y,NA,NA,Y,NA,L,04,0,1,0,0,0,0,1,0,0,-,-,33.639801025390625,-117.93180084228516,ORANGE,COSTA MESA,-117.93196105957033,33.639739990234375
9326066,2021,2021-10-22,3026,2021-09-21,1748,6352,NA,2,5,6,3026,0,0,0,NA,0,NA,TURTLE ROCK DR,SYCAMORE CREEK E,0,NA,Y,A,-,N,NA,NA,NA,NA,NA,NA,NA,NA,NA,Y,3,0,2,2,A,-,09,21801,A,N,D,C,A,A,H,-,A,A,0,NA,NA,NA,NA,Y,NA,A,01,0,1,1,0,0,0,0,0,0,-,-,33.64775085449219,-117.81109619140624,ORANGE,IRVINE,-117.81422424316406,33.648624420166016
9336920,2021,2021-09-28,3026,2021-08-26,1308,4779,C,4,5,6,3026,0,0,0,NA,0,00C,CULVER DR,BARRANCA PKWY,61,S,N,A,-,N,NA,NA,NA,NA,NA,NA,NA,NA,NA,Y,4,0,2,2,A,-,03,22350,NA,N,C,C,A,A,H,-,A,A,0,NA,NA,NA,NA,Y,NA,A,01,0,0,2,0,0,0,0,0,0,-,-,NA,NA,ORANGE,IRVINE,-117.8085479736328,33.68396759033203
9337356,2021,2021-10-13,3000,2021-08-30,0015,9704,892A7,1,5,5,3028,0,0,0,NA,0,754,JERONIMO RD,CORDILLERA DR,314,N,N,A,-,N,NA,NA,NA,NA,NA,NA,NA,NA,NA,Y,4,0,1,1,A,-,08,22107,NA,N,E,I,A,A,H,-,C,D,0,NA,NA,NA,NA,Y,NA,A,01,0,0,1,0,0,0,0,0,0,-,-,NA,NA,ORANGE,MISSION VIEJO,-117.67512512207033,33.61252212524414
9338468,2021,2021-10-19,3004,2021-09-11,0013,02,02,6,5,6,3004,0,0,0,NA,0,001,NEWPORT BL,E 18TH ST,14,S,N,A,-,N,NA,NA,55,NA,NA,NA,NA,NA,NA,Y,3,0,2,2,A,-,00,21352,A,N,C,C,A,A,H,-,E,A,0,NA,NA,NA,NA,Y,Y,A,01,0,2,0,0,0,0,0,0,0,-,-,33.64039993286133,-117.91929626464844,ORANGE,COSTA MESA,-117.91939544677734,33.6404914855957
9348633,2020,2022-06-22,3016,2020-01-23,0954,1254,8,4,5,5,3016,0,0,0,NA,0,001,BASTANCHURY RD,BROOKHAVEN AV,0,NA,Y,A,-,N,NA,NA,NA,NA,NA,NA,NA,NA,NA,N,4,0,1,2,A,-,10,21950,A,N,G,B,B,A,H,-,A,A,0,Y,NA,NA,NA,Y,NA,D,22,0,0,1,0,1,0,0,0,0,-,-,33.896480560302734,-117.85926055908205,ORANGE,PLACENTIA,-117.85929107666016,33.89659118652344
9348748,2020,2022-06-22,3016,2020-07-01,1732,1283,NA,3,5,5,3016,0,0,0,NA,0,NA,SANTA FE AV,WALNUT AV,0,NA,Y,A,-,N,NA,NA,NA,NA,NA,NA,NA,NA,NA,N,4,0,1,2,A,-,09,21802,A,N,D,C,A,A,H,-,A,A,0,NA,NA,NA,NA,Y,NA,A,01,0,0,1,0,0,0,0,0,0,-,-,33.869850158691406,-117.87368774414063,ORANGE,PLACENTIA,-117.8750228881836,33.86973190307617
9349051,2021,2021-10-18,3000,2021-08-01,2047,9704,892F4,7,5,5,3028,0,0,0,NA,0,754,ALICIA PKWY,LANZAROTE,0,NA,Y,A,-,N,NA,NA,NA,NA,NA,NA,NA,NA,NA,N,2,0,1,2,A,-,11,21954,A,F,G,B,D,A,H,-,C,D,0,Y,NA,NA,NA,Y,NA,N,60,1,0,0,0,0,0,0,0,0,-,-,NA,NA,ORANGE,MISSION VIEJO,-117.63778686523438,33.62751770019531
93490847,2024,2024-08-02,9670,2024-07-31,1610,022493,NA,3,2,9,3000,0,3,5,NA,2,004,GILBERT ST (1300 BLOCK),GUINIDA LN,45,N,N,A,-,N,NA,NA,NA,NA,NA,NA,NA,NA,NA,N,4,0,1,2,A,-,09,21801,A,N,D,C,A,A,H,-,A,D,0,NA,NA,NA,NA,Y,NA,A,01,0,0,1,0,0,0,0,0,0,-,-,33.81462097167969,-117.96762847900392,ORANGE,UNINCORPORATED,-117.96762847900392,33.8145637512207
9350620,2021,2021-11-16,3004,2021-10-07,1205,P633,24,4,5,6,3004,0,0,0,NA,0,015,SUNFLOWER AV,WIMBLEDON WY,0,NA,Y,B,-,N,NA,NA,NA,NA,NA,NA,NA,NA,NA,Y,4,0,1,2,A,-,08,22107,NA,N,D,C,A,A,H,-,A,A,0,NA,NA,NA,NA,Y,NA,A,07,0,0,1,0,0,0,0,0,0,-,-,33.69620132446289,-117.90399932861328,ORANGE,COSTA MESA,-117.90402221679688,33.69630432128906
9350665,2021,2021-11-15,3004,2021-10-13,1624,P633,15,3,5,6,3004,0,0,0,NA,0,015,MESA VERDE DR EAST,HARBOR BL,11,W,N,A,-,N,NA,NA,NA,NA,NA,NA,NA,NA,NA,N,4,0,1,2,A,-,10,21950,A,N,G,B,B,A,H,-,A,A,0,Y,NA,NA,NA,Y,NA,A,07,0,0,1,0,1,0,0,0,0,-,-,33.6702995300293,-117.91940307617188,ORANGE,COSTA MESA,-117.91936492919922,33.67043685913086
9350668,2021,2021-11-15,3004,2021-10-11,1751,P652,18,1,5,6,3004,0,0,0,NA,0,011,ADAMS AV,SHANTAR DR,0,NA,Y,A,-,N,NA,NA,NA,NA,NA,NA,NA,NA,NA,Y,3,0,1,2,A,-,01,23152,A,N,D,C,A,A,H,-,A,A,0,NA,NA,NA,NA,Y,Y,A,01,0,1,0,0,0,0,0,0,0,-,-,33.6727294921875,-117.94058990478516,ORANGE,COSTA MESA,-117.94058227539063,33.672481536865234
9352506,2021,2021-11-13,3006,2021-09-21,1534,310,27,2,5,3,3006,0,0,0,NA,0,002,VALLEY VIEW ST,LA PALMA AV,42,N,N,A,-,N,NA,NA,NA,NA,NA,NA,NA,NA,NA,N,4,0,1,2,A,-,03,22350,NA,N,C,C,A,A,H,-,A,A,0,NA,NA,NA,NA,Y,Y,A,01,0,0,1,0,0,0,0,0,0,-,-,NA,NA,ORANGE,LA PALMA,-118.0286102294922,33.846466064453125
9353233,2021,2021-11-13,3003,2021-09-11,0740,1160,99,6,5,5,3003,0,0,0,NA,0,004,WESTERN AV,LA PALMA AV,0,NA,Y,A,-,N,NA,NA,NA,NA,NA,NA,NA,NA,NA,Y,2,0,1,2,D,-,00,NA,NA,N,D,C,A,A,H,-,A,A,0,NA,NA,Y,NA,Y,NA,-,-,1,0,0,0,0,0,0,0,1,-,-,33.84659957885742,-118.0023193359375,ORANGE,BUENA PARK,-118.00238037109376,33.84663391113281
9354926,2021,2021-11-10,3012,2021-10-06,1209,644,21,3,5,5,3012,0,0,0,NA,0,002,WHITTIER BL,CYPRESS ST,22,W,N,A,-,Y,ORA,12,39,-,-,22.21,H,-,S,N,4,0,1,2,A,-,08,22100,A,N,D,C,A,A,H,-,A,A,0,NA,NA,NA,Y,Y,NA,A,01,0,0,1,0,0,0,0,0,0,-,-,NA,NA,ORANGE,LA HABRA,-117.94208526611328,33.939170837402344
9355467,2021,2021-11-15,3004,2021-10-16,1917,P678,11,6,5,6,3004,0,0,0,NA,0,015,NEWPORT BL,W BAY ST,0,NA,Y,A,-,N,NA,NA,55,NA,NA,NA,NA,NA,NA,N,2,0,4,2,A,-,12,21453,NA,N,D,C,A,A,H,-,C,A,0,NA,NA,NA,NA,Y,NA,D,22,1,3,0,0,0,0,0,0,0,-,-,33.64807891845703,-117.91282653808594,ORANGE,COSTA MESA,-117.91260528564452,33.64781951904297
9357150,2021,2021-11-09,3000,2021-08-18,1645,9776,921F2,3,5,3,3051,0,0,0,NA,0,3A82,MOULTON PKWY,VIA IGLESIA,37,N,N,B,C,N,NA,NA,NA,NA,NA,NA,NA,NA,NA,Y,4,0,1,3,A,-,03,22350,NA,N,C,C,A,B,H,-,A,A,0,NA,NA,NA,NA,Y,NA,A,01,0,0,1,0,0,0,0,0,0,-,-,NA,NA,ORANGE,LAGUNA WOODS,-117.71703338623048,33.601139068603516
9359247,2021,2021-11-29,3009,2021-10-21,0154,4720,044,4,5,6,3009,0,0,0,NA,0,1-1,KNOTT ST,STANFORD AV,94,N,N,A,-,N,NA,NA,NA,NA,NA,NA,NA,NA,NA,Y,3,0,1,1,A,-,01,23152,A,N,F,I,A,A,H,-,C,A,0,NA,NA,NA,NA,Y,Y,A,07,0,1,0,0,0,0,0,0,0,-,-,NA,NA,ORANGE,GARDEN GROVE,-118.01102447509766,33.77823257446289
9359392,2021,2021-11-13,3010,2021-10-20,2315,1224,283,3,5,6,3010,0,0,0,NA,0,006,NEWLAND ST,SLATER AV,50,S,N,A,-,N,NA,NA,NA,NA,NA,NA,NA,NA,NA,N,4,0,1,2,A,-,04,21703,NA,N,C,C,A,A,H,-,C,A,0,NA,NA,NA,NA,Y,NA,A,07,0,0,1,0,0,0,0,0,0,-,-,NA,NA,ORANGE,HUNTINGTON BEACH,-117.98046112060548,33.70832443237305
9360859,2021,2021-11-24,3012,2021-10-19,0044,695,14,2,5,5,3012,0,0,0,NA,0,001,W LA HABRA,IDAHO,0,NA,Y,A,-,N,NA,NA,NA,NA,NA,NA,NA,NA,NA,N,2,0,1,2,D,-,00,NA,NA,F,G,B,B,A,H,-,C,A,0,Y,NA,NA,NA,Y,NA,-,-,1,0,0,0,1,0,0,0,0,-,-,NA,NA,ORANGE,LA HABRA,-117.9592056274414,33.931854248046875
9361414,2021,2021-11-23,3004,2021-10-29,1740,P631,04,5,5,6,3004,0,0,0,NA,0,015,TUSTIN AV,16TH PL,0,NA,Y,A,-,N,NA,NA,NA,NA,NA,NA,NA,NA,NA,N,3,0,1,2,A,-,03,22350,NA,N,C,C,A,A,H,-,A,A,0,NA,NA,NA,NA,Y,NA,D,22,0,1,0,0,0,0,0,0,0,-,-,33.62841033935547,-117.9142608642578,ORANGE,COSTA MESA,-117.91438293457033,33.6284294128418
9361822,2021,2021-12-14,3003,2021-10-28,1700,1160,NA,4,5,5,3003,0,0,0,NA,0,005,CRESCENT AV,SAN CAPISTRANO WY,0,NA,Y,A,-,N,NA,NA,NA,NA,NA,NA,NA,NA,NA,N,4,0,1,2,A,-,09,21801,NA,N,A,C,A,A,H,-,A,D,0,NA,NA,NA,NA,Y,NA,A,01,0,0,1,0,0,0,0,0,0,-,-,33.839900970458984,-118.01744079589844,ORANGE,BUENA PARK,-118.0174560546875,33.839332580566406
9363639,2021,2021-12-01,3000,2021-10-01,2208,7734,862E7,5,5,5,3028,0,0,0,NA,0,753,MARGUERITE PKWY,LOS ALISOS BL,0,NA,Y,A,-,N,NA,NA,NA,NA,NA,NA,NA,NA,NA,Y,4,0,3,2,A,-,09,21453,C,N,D,C,A,A,H,-,A,A,0,NA,NA,NA,NA,Y,NA,A,07,0,0,3,0,0,0,0,0,0,-,-,NA,NA,ORANGE,MISSION VIEJO,-117.64183044433594,33.65711212158203
9363855,2021,2021-12-16,3004,2021-11-08,1300,P705,16,1,5,6,3004,0,0,0,NA,0,011,ADAMS AV,PINECREEK DR,5,E,N,A,-,N,NA,NA,NA,NA,NA,NA,NA,NA,NA,N,3,0,1,2,D,-,00,NA,NA,N,G,B,B,A,H,-,A,A,0,Y,NA,NA,NA,Y,NA,-,-,0,1,0,0,1,0,0,0,0,-,-,33.67510986328125,-117.91381072998048,ORANGE,COSTA MESA,-117.91389465332033,33.67506790161133
9363898,2021,2021-12-21,3000,2021-09-30,2153,5377,952A1,4,5,5,3040,0,0,0,NA,0,743,CROWN VALLEY PKWY,CABOT,0,NA,Y,A,-,N,NA,NA,NA,NA,NA,NA,NA,NA,NA,Y,4,0,1,2,A,-,09,21453,C,N,D,C,A,A,H,-,C,A,0,NA,NA,NA,Y,Y,NA,F,55,0,0,1,0,0,0,0,0,0,-,-,NA,NA,ORANGE,LAGUNA NIGUEL,-117.67906951904295,33.55707550048828
9363951,2021,2021-12-02,3000,2021-07-29,1500,4267,893B2,4,5,4,3048,0,0,0,NA,0,6M67,SANTA MARGARITA PKWY,GAVILAN,0,NA,Y,A,-,N,NA,NA,NA,NA,NA,NA,NA,NA,NA,Y,4,0,1,1,A,-,03,22350,NA,N,E,J,A,A,H,-,A,D,0,NA,NA,NA,NA,Y,NA,A,01,0,0,1,0,0,0,0,0,0,-,-,NA,NA,ORANGE,RANCHO SANTA MARGARITA,-117.58876037597656,33.64716720581055
9364001,2021,2021-12-16,3010,2021-11-07,1635,1066,155,7,5,6,3010,0,0,0,NA,0,00E,HEIL,CABALLERO,250,E,N,A,-,N,NA,NA,NA,NA,NA,NA,NA,NA,NA,N,4,0,1,2,A,-,09,21804,A,N,D,C,A,A,H,-,A,D,0,NA,NA,NA,NA,Y,NA,A,01,0,0,1,0,0,0,0,0,0,-,-,NA,NA,ORANGE,HUNTINGTON BEACH,-118.04554748535156,33.72256088256836
9365459,2021,2021-12-13,3000,2021-10-04,1845,10393,891F7,1,5,4,3045,0,0,0,NA,0,445,EL TORO RD,AVENIDA DE LA CARLOTA,0,NA,Y,A,-,N,NA,NA,NA,NA,NA,NA,NA,NA,NA,Y,4,0,1,2,A,-,00,24153,A,N,-,C,A,A,H,-,C,A,0,NA,NA,NA,NA,Y,NA,A,01,0,0,1,0,0,0,0,0,0,-,-,NA,NA,ORANGE,LAGUNA HILLS,-117.70860290527344,33.6138916015625
9366911,2021,2022-01-11,3009,2021-12-01,1507,4303,124,3,5,6,3009,0,0,0,NA,0,021,GARDEN GROVE BL,SAFFORD ST,0,NA,Y,A,-,N,NA,NA,NA,NA,NA,NA,NA,NA,NA,N,3,0,1,2,A,-,09,21801,A,M,A,C,A,A,H,-,A,D,0,NA,NA,NA,NA,Y,Y,A,01,0,1,0,0,0,0,0,0,0,-,-,NA,NA,ORANGE,GARDEN GROVE,-117.93074035644533,33.77435302734375
9367117,2021,2021-11-16,3009,2021-10-20,0842,4156,115,3,5,6,3009,0,0,0,NA,0,2-3,EUCLID ST,TRASK AV,0,NA,Y,A,-,N,NA,NA,NA,NA,NA,NA,NA,NA,NA,Y,4,0,1,2,A,-,12,21453,A,N,D,C,A,A,H,-,A,A,0,NA,NA,NA,NA,Y,NA,-,-,0,0,1,0,0,0,0,0,0,-,-,NA,NA,ORANGE,GARDEN GROVE,-117.93787384033205,33.766937255859375
9369252,2021,2021-12-10,3013,2021-09-22,2058,226,L08,3,5,3,3013,0,0,0,NA,0,004,BLOOMFIELD ST,FLORISTA ST,0,NA,Y,A,-,N,NA,NA,NA,NA,NA,NA,NA,NA,NA,Y,4,0,1,2,A,-,09,21802,A,N,D,C,A,A,H,-,C,A,0,NA,NA,NA,NA,Y,NA,A,01,0,0,1,0,0,0,0,0,0,-,-,NA,NA,ORANGE,LOS ALAMITOS,-118.06317901611328,33.804351806640625
9370096,2021,2021-12-23,3000,2021-10-17,0356,9459,891G3,7,5,5,3050,0,0,0,NA,0,463,LAKE FOREST DR,JERONIMO RD,1008,W,N,A,-,N,NA,NA,NA,NA,NA,NA,NA,NA,NA,Y,4,0,2,1,A,-,08,22107,NA,F,E,I,A,A,H,-,C,A,0,NA,NA,NA,NA,Y,NA,A,01,0,0,2,0,0,0,0,0,0,-,-,NA,NA,ORANGE,LAKE FOREST,-117.70623779296876,33.639408111572266
9370673,2021,2021-12-28,3012,2021-11-18,2103,680,14,4,5,5,3012,0,0,0,NA,0,001,BEACH BL,EL PORTAL,0,NA,Y,A,-,N,NA,NA,NA,NA,NA,NA,NA,NA,NA,Y,4,0,1,2,A,-,04,21703,NA,N,C,C,A,A,H,-,C,D,0,NA,NA,NA,NA,Y,NA,A,01,0,0,1,0,0,0,0,0,0,-,-,NA,NA,ORANGE,LA HABRA,-117.96778869628906,33.934165954589844
93728067,2024,2024-08-06,9670,2024-08-05,25,023099,NA,1,3,4,3020,0,1,1,NA,2,045,I-405 S/B,SEAL BEACH BLVD,1270,S,N,A,-,Y,ORA,NA,405,NA,NA,22.394,H,NA,L,N,4,0,1,2,A,-,03,22350,NA,F,C,C,A,A,H,-,D,D,0,NA,NA,NA,NA,Y,NA,-,99,0,0,1,0,0,0,0,0,0,-,-,33.774051666259766,-118.0708236694336,ORANGE,SEAL BEACH,-118.07081604003906,33.77425003051758
9374252,2021,2021-12-17,3009,2021-11-24,1536,4587,111,3,5,6,3009,0,0,0,NA,0,2 1,KATELLA,EUCLID,55,W,N,A,-,N,NA,NA,NA,NA,NA,NA,NA,NA,NA,N,4,0,1,2,A,-,08,22107,NA,N,G,B,D,A,H,-,A,A,0,Y,NA,NA,NA,Y,NA,A,01,0,0,1,0,1,0,0,0,0,-,-,NA,NA,ORANGE,GARDEN GROVE,-117.94168853759766,33.80308151245117
9375277,2021,2021-12-22,3000,2021-09-27,0810,10558,798A1,1,5,4,3021,0,0,0,NA,0,2A21,FERN AV,PALAIS RD,91,NA,N,A,-,N,NA,NA,NA,NA,NA,NA,NA,NA,NA,N,3,0,1,2,A,-,09,21801,A,N,B,C,A,A,H,-,A,D,0,NA,NA,NA,NA,Y,NA,A,01,0,1,0,0,0,0,0,0,0,-,-,NA,NA,ORANGE,STANTON,-117.98895263671876,33.8134765625
9375284,2021,2021-12-15,3000,2021-10-24,1913,3358,972B5,7,5,4,3018,0,0,0,NA,0,731,CAMINO CAPISTRANO,STONEHILL ST,43,S,N,A,-,N,NA,NA,NA,NA,NA,NA,NA,NA,NA,Y,4,0,2,2,A,-,01,23152,A,F,D,C,A,A,H,-,A,A,0,NA,NA,NA,NA,Y,Y,D,22,0,0,2,0,0,0,0,0,0,-,-,NA,NA,ORANGE,SAN JUAN CAPISTRANO,-117.6753158569336,33.47338104248047
9375848,2021,2021-12-24,3000,2021-10-07,1830,10574,797J3,4,5,4,3021,0,0,0,NA,0,4A23,BEACH BL,KATELLA AV,100,NA,N,A,-,Y,ORA,12,39,-,-,10.66,I,5,S,Y,4,0,1,4,D,-,00,NA,NA,F,D,C,A,A,H,-,B,A,0,NA,NA,NA,NA,Y,NA,-,-,0,0,1,0,0,0,0,0,0,-,-,NA,NA,ORANGE,STANTON,-117.99327087402344,33.80266189575195
9375981,2021,2021-12-23,3009,2021-10-25,1419,4626,116,1,5,6,3009,0,0,0,NA,0,023,EUCLID ST,WOODBURY RD,0,NA,Y,C,-,N,NA,NA,NA,NA,NA,NA,NA,NA,NA,N,4,0,1,2,A,-,09,21802,A,N,D,C,A,B,H,-,A,A,0,NA,NA,NA,NA,Y,NA,A,01,0,0,1,0,0,0,0,0,0,-,-,NA,NA,ORANGE,GARDEN GROVE,-117.9377899169922,33.763519287109375
9378286,2021,2022-01-20,3000,2021-12-18,0040,6717,891J3,6,5,5,3050,0,0,0,NA,0,18762,TRABUCO RD,RIDGE ROUTE DR,41,N,N,A,-,N,NA,NA,NA,NA,NA,NA,NA,NA,NA,Y,4,0,1,2,A,-,01,23152,A,N,C,C,A,A,H,-,C,A,0,NA,NA,NA,NA,Y,Y,A,01,0,0,1,0,0,0,0,0,0,-,-,33.383079528808594,-117.41034698486328,ORANGE,LAKE FOREST,-117.68421173095705,33.64177322387695
9378293,2021,2022-01-20,3000,2021-12-01,1615,5455,892J2,3,5,4,3048,0,0,0,NA,0,767,SANTA MARGARITA PKWY,TOLL RD,19,E,N,A,-,N,NA,NA,NA,NA,NA,NA,NA,NA,NA,Y,3,0,2,2,A,-,12,21453,A,N,D,C,A,A,H,-,A,A,0,NA,NA,NA,NA,Y,NA,A,07,0,1,1,0,0,0,0,0,0,-,NF,NA,NA,ORANGE,RANCHO SANTA MARGARITA,NA,NA
9378330,2021,2022-01-13,3000,2021-11-20,0200,10682,797J6,6,5,4,3021,0,0,0,NA,0,023,HOOVER ST,GARDEN GROVE BL,319,N,N,A,-,N,NA,NA,NA,NA,NA,NA,NA,NA,NA,N,3,0,1,1,A,-,03,22350,NA,M,E,I,A,A,H,-,C,D,0,NA,NA,NA,NA,Y,NA,-,NA,0,1,0,0,0,0,0,0,0,-,-,NA,NA,ORANGE,STANTON,-117.99864959716795,33.774635314941406
9378935,2021,2021-12-29,3009,2021-12-10,2024,4844,055,5,5,6,3009,0,0,0,NA,0,1-1,BEACH BL,GARDEN GROVE BL,150,S,N,A,-,Y,ORA,12,39,-,-,8.572,I,5,N,N,4,0,1,2,A,-,09,21800,A,N,D,C,A,A,H,-,C,A,0,NA,NA,NA,NA,Y,NA,A,01,0,0,1,0,0,0,0,0,0,-,-,NA,NA,ORANGE,GARDEN GROVE,-117.99253845214844,33.772274017333984
9379059,2021,2022-01-04,3011,2021-12-21,0817,31542,85,2,5,4,3011,0,0,0,NA,0,003,RT 1,7TH AV,0,NA,Y,B,-,Y,ORA,12,1,-,-,5.501,I,5,N,Y,3,0,1,2,D,-,00,NA,NA,N,A,C,A,A,H,-,A,A,0,NA,NA,NA,NA,Y,NA,-,-,0,1,0,0,0,0,0,0,0,-,-,NA,NA,ORANGE,LAGUNA BEACH,-117.74186706542967,33.49946594238281
9379246,2021,2022-01-12,3010,2021-12-24,2238,2123,326,5,5,6,3010,0,0,0,NA,0,004,PACIFIC COAST HWY,SEAPOINT,212,S,N,B,-,Y,ORA,12,1,-,-,27.01,H,-,S,Y,2,0,3,3,A,-,08,22107,NA,N,A,C,A,A,H,-,C,D,0,NA,NA,NA,NA,Y,Y,A,01,1,0,2,0,0,0,0,0,0,-,-,NA,NA,ORANGE,HUNTINGTON BEACH,-118.03179931640624,33.67962646484375
9379676,2022,2022-01-31,3010,2022-01-04,2224,2040,273,2,5,6,3010,0,0,0,NA,0,006,BEACH BL,SLATER AV,0,NA,Y,A,-,Y,ORA,12,39,-,-,4.131,I,5,N,Y,4,0,1,3,A,-,12,21453,A,N,D,C,A,A,H,-,C,A,0,NA,NA,NA,NA,Y,NA,A,01,0,0,1,0,0,0,0,0,0,-,-,NA,NA,ORANGE,HUNTINGTON BEACH,-117.98910522460938,33.70841979980469
9379756,2021,2022-02-03,3012,2021-12-16,1315,624,34,4,5,5,3012,0,0,0,NA,0,003,IMPERIAL HWY,BRASS LANTERN DR,515,E,N,A,-,N,NA,NA,NA,NA,NA,NA,NA,NA,NA,N,4,0,1,2,A,-,09,21804,A,N,D,C,A,A,H,-,A,D,0,NA,NA,NA,NA,Y,NA,A,01,0,0,1,0,0,0,0,0,0,-,-,NA,NA,ORANGE,LA HABRA,-117.96991729736328,33.91728973388672
9380460,2021,2022-01-18,3009,2021-12-23,1712,0126,075,4,5,6,3009,0,0,0,NA,0,011,TRASK AV,MAGNOLIA AV,10,E,N,C,-,N,NA,NA,22,NA,NA,NA,NA,NA,NA,N,3,0,1,2,A,-,00,21451,5,N,G,B,B,B,H,-,C,A,0,Y,NA,NA,NA,Y,NA,N,60,0,1,0,0,1,0,0,0,0,-,-,33.76668167114258,-117.97251892089844,ORANGE,GARDEN GROVE,-117.97267150878906,33.765968322753906
9382244,2021,2021-12-27,3009,2021-11-25,0708,4857,075,4,5,6,3009,0,0,0,NA,0,013,TRASK AV,NEWLAND ST,15,E,N,A,-,N,NA,NA,NA,NA,NA,NA,NA,NA,NA,N,3,0,1,2,A,-,10,21950,A,N,G,B,B,A,H,-,A,A,0,Y,NA,NA,NA,Y,NA,-,NA,0,1,0,0,1,0,0,0,0,-,-,NA,NA,ORANGE,GARDEN GROVE,-117.98104095458984,33.76660919189453
9383719,2021,2022-01-26,3009,2021-12-03,0447,4111,091,5,5,6,3009,0,0,0,NA,0,012,BROOKHURST ST,CHAPMAN AV,407,N,N,A,-,N,NA,NA,NA,NA,NA,NA,NA,NA,NA,Y,4,0,2,2,A,-,08,22107,NA,N,D,C,A,A,H,-,C,A,0,NA,NA,NA,Y,Y,NA,A,01,0,0,2,0,0,0,0,0,0,-,-,NA,NA,ORANGE,GARDEN GROVE,-117.95883941650392,33.78964614868164
9385071,2021,2022-01-18,3004,2021-12-13,1855,P651,13,1,5,6,3004,0,0,0,NA,0,004,FAIR DR,HARBOR BL,14,E,N,A,-,N,NA,NA,NA,NA,NA,NA,NA,NA,NA,N,3,0,1,2,A,-,11,21453,D,N,G,B,C,A,H,-,C,A,0,Y,NA,NA,NA,Y,NA,N,60,0,1,0,0,1,0,0,0,0,-,-,33.663368225097656,-117.9189910888672,ORANGE,COSTA MESA,-117.9192352294922,33.663265228271484
9389183,2021,2022-01-27,3009,2021-12-20,0206,4358,117,1,5,6,3009,0,0,0,NA,0,2-3,WESTMINSTER AV,TAFT ST,2,W,N,A,-,N,NA,NA,NA,NA,NA,NA,NA,NA,NA,N,4,0,2,3,A,-,10,21950,A,N,G,B,B,A,H,-,A,A,0,Y,NA,NA,NA,Y,NA,A,01,0,0,2,0,2,0,0,0,0,-,-,NA,NA,ORANGE,GARDEN GROVE,-117.94200897216795,33.75957107543945
9389196,2021,2022-01-31,3000,2021-12-03,1738,2785,921G2,5,5,4,3045,0,0,0,NA,0,784,PASEO DE VALENCIA,BECKENHAM ST,200,S,N,B,-,N,NA,NA,NA,NA,NA,NA,NA,NA,NA,Y,4,0,1,2,A,-,03,22350,NA,N,C,C,A,A,H,-,C,A,0,NA,NA,NA,NA,Y,NA,A,07,0,0,1,0,0,0,0,0,0,-,-,NA,NA,ORANGE,LAGUNA HILLS,-117.70188903808594,33.59938430786133