CASE_ID,ACCIDENT_YEAR,PROC_DATE,JURIS,COLLISION_DATE,COLLISION_TIME,OFFICER_ID,REPORTING_DISTRICT,DAY_OF_WEEK,CHP_SHIFT,POPULATION,CNTY_CITY_LOC,SPECIAL_COND,BEAT_TYPE,CHP_BEAT_TYPE,CITY_DIVISION_LAPD,CHP_BEAT_CLASS,BEAT_NUMBER,PRIMARY_RD,SECONDARY_RD,DISTANCE,DIRECTION,INTERSECTION,WEATHER_1,WEATHER_2,STATE_HWY_IND,CALTRANS_COUNTY,CALTRANS_DISTRICT,STATE_ROUTE,ROUTE_SUFFIX,POSTMILE_PREFIX,POSTMILE,LOCATION_TYPE,RAMP_INTERSECTION,SIDE_OF_HWY,TOW_AWAY,COLLISION_SEVERITY,NUMBER_KILLED,NUMBER_INJURED,PARTY_COUNT,PRIMARY_COLL_FACTOR,PCF_CODE_OF_VIOL,PCF_VIOL_CATEGORY,PCF_VIOLATION,PCF_VIOL_SUBSECTION,HIT_AND_RUN,TYPE_OF_COLLISION,MVIW,PED_ACTION,ROAD_SURFACE,ROAD_COND_1,ROAD_COND_2,LIGHTING,CONTROL_DEVICE,CHP_ROAD_TYPE,PEDESTRIAN_ACCIDENT,BICYCLE_ACCIDENT,MOTORCYCLE_ACCIDENT,TRUCK_ACCIDENT,NOT_PRIVATE_PROPERTY,ALCOHOL_INVOLVED,STWD_VEHTYPE_AT_FAULT,CHP_VEHTYPE_AT_FAULT,COUNT_SEVERE_INJ,COUNT_VISIBLE_INJ,COUNT_COMPLAINT_PAIN,COUNT_PED_KILLED,COUNT_PED_INJURED,COUNT_BICYCLIST_KILLED,COUNT_BICYCLIST_INJURED,COUNT_MC_KILLED,COUNT_MC_INJURED,PRIMARY_RAMP,SECONDARY_RAMP,LATITUDE,LONGITUDE,COUNTY,CITY,POINT_X,POINT_Y
9569938,2023,2023-04-20,3000,2023-01-21,1125,10900,971G6,6,5,4,3029,0,0,0,NA,0,1A35,STREET OF THE GREEN LANTERN,PACIFIC COAST HWY,31,W,N,A,-,N,NA,NA,NA,NA,NA,NA,NA,NA,NA,N,3,0,1,2,A,-,03,22350,NA,N,F,J,A,A,H,-,A,D,0,NA,Y,NA,NA,Y,NA,L,04,0,1,0,0,0,0,1,0,0,-,-,NA,NA,ORANGE,DANA POINT,-117.707763671875,33.46550750732422
9570703,2023,2023-04-13,3012,2023-02-14,1716,686,41,2,5,5,3012,0,0,0,NA,0,004,LAMBERT RD,EUCLID AV,25,W,N,A,-,N,NA,NA,NA,NA,NA,NA,NA,NA,NA,N,4,0,1,2,A,-,03,22350,NA,N,C,C,A,A,H,-,B,A,0,NA,NA,NA,NA,Y,NA,A,01,0,0,1,0,0,0,0,0,0,-,-,NA,NA,ORANGE,LA HABRA,-117.94611358642578,33.92461013793945
9571309,2023,2023-04-26,3009,2023-03-28,1951,3397,WEST,2,5,6,3009,0,0,0,NA,0,104,BROOKHURST ST,STANFORD AV,0,NA,Y,A,-,N,NA,NA,NA,NA,NA,NA,NA,NA,NA,N,4,0,1,2,A,-,10,21950,A,N,G,B,B,A,H,-,C,A,0,Y,NA,NA,NA,Y,NA,A,01,0,0,1,0,1,0,0,0,0,-,-,NA,NA,ORANGE,GARDEN GROVE,-117.95770263671876,33.77765655517578
9573487,2023,2023-04-28,3004,2023-03-27,2137,P683,25,1,5,6,3004,0,0,0,NA,0,004,HARBOR BL,SOUTH COAST DR,0,NA,Y,A,-,N,NA,NA,NA,NA,NA,NA,NA,NA,NA,N,4,0,1,2,A,-,10,21950,NA,F,B,B,D,A,H,-,C,A,0,Y,NA,NA,NA,Y,Y,-,99,0,0,1,0,1,0,0,0,0,-,-,33.691490173339844,-117.919677734375,ORANGE,COSTA MESA,-117.91954040527344,33.69161605834961
9573783,2023,2023-04-21,3000,2023-03-01,1619,9334,SANCL,3,5,5,3017,0,0,0,NA,0,992J4,SOUTH EL CAMINO REAL,AVENIDA VICTORIA,0,NA,Y,A,-,N,NA,NA,NA,NA,NA,NA,NA,NA,NA,N,4,0,1,2,A,-,11,21950,B,N,G,B,B,A,H,-,A,A,0,Y,NA,NA,NA,Y,NA,N,60,0,0,1,0,1,0,0,0,0,-,-,NA,NA,ORANGE,SAN CLEMENTE,-117.61160278320313,33.426475524902344
9577118,2023,2023-05-26,3009,2023-04-29,1850,4857,042,6,5,6,3009,0,0,0,NA,0,011,CHAPMAN,WESTERN,0,NA,Y,A,-,N,NA,NA,NA,NA,NA,NA,NA,NA,NA,Y,3,0,4,2,A,-,09,21801,A,N,D,C,A,A,H,-,A,A,0,NA,NA,NA,NA,Y,NA,A,01,0,4,0,0,0,0,0,0,0,-,-,NA,NA,ORANGE,GARDEN GROVE,-118.00152587890624,33.788330078125
9577120,2023,2023-05-19,3009,2023-04-26,1205,4352,112,3,5,6,3009,0,0,0,NA,0,021,CHAPMAN AV,MEDINA DR,0,NA,Y,A,-,N,NA,NA,NA,NA,NA,NA,NA,NA,NA,N,4,0,1,2,A,-,05,21650,1,N,D,G,A,A,H,-,A,A,0,NA,Y,NA,NA,Y,NA,L,04,0,0,1,0,0,0,1,0,0,-,-,NA,NA,ORANGE,GARDEN GROVE,-117.94598388671876,33.78864669799805
9578862,2023,2023-05-24,3000,2023-04-18,1605,11797,972G7,2,5,5,3017,0,0,0,NA,0,777,CALLE VALLARTA,CALLE GUADALAJARA,688,E,N,A,-,N,NA,NA,NA,NA,NA,NA,NA,NA,NA,N,3,0,1,2,A,-,21,22106,NA,N,C,G,A,A,H,-,A,D,0,NA,Y,NA,NA,Y,NA,A,07,0,1,0,0,0,0,1,0,0,-,-,NA,NA,ORANGE,SAN CLEMENTE,-117.63042449951172,33.45740509033203
9579249,2023,2023-05-22,3000,2023-04-18,1928,10576,922F1,2,5,5,3028,0,0,0,NA,0,752,LA PAZ RD,SILLEROS,141,W,N,A,-,N,NA,NA,NA,NA,NA,NA,NA,NA,NA,Y,3,0,1,1,A,-,01,23152,A,N,E,I,A,A,H,-,C,D,0,NA,NA,NA,NA,Y,Y,A,01,0,1,0,0,0,0,0,0,0,-,-,NA,NA,ORANGE,MISSION VIEJO,-117.63712310791016,33.602989196777344
9579797,2023,2023-06-05,3003,2023-05-06,1956,1266,3003,6,5,5,3003,0,0,0,NA,0,004,LA PALMA AV,SAN RAFAEL DR,640,W,N,A,-,N,NA,NA,NA,NA,NA,NA,NA,NA,NA,Y,3,0,3,1,A,-,01,23153,A,N,E,I,A,A,H,-,C,D,0,NA,NA,NA,NA,Y,Y,A,01,0,2,1,0,0,0,0,0,0,-,-,33.84648132324219,-118.02631378173828,ORANGE,BUENA PARK,-118.02625274658205,33.84649658203125
9581966,2023,2023-05-25,3000,2023-04-16,1645,3358,972A3,7,5,4,3018,0,0,0,NA,0,731,CAMINO DEL AVION,AVE DESCANSO,16,E,N,A,-,N,NA,NA,NA,NA,NA,NA,NA,NA,NA,N,3,0,1,2,A,-,01,23152,A,F,D,G,A,A,H,-,A,D,0,NA,NA,NA,NA,Y,Y,D,22,0,1,0,0,0,0,0,0,0,-,-,NA,NA,ORANGE,SAN JUAN CAPISTRANO,-117.67972564697266,33.4871711730957
9582289,2023,2023-05-26,3000,2023-04-15,856,4647,951H6,6,5,5,3040,0,0,0,NA,0,6M39,MONDANO DR,VIA MARINI,168,E,N,A,-,N,NA,NA,NA,NA,NA,NA,NA,NA,NA,N,3,0,1,1,C,-,18,NA,NA,N,F,A,A,A,H,-,A,D,0,NA,Y,NA,NA,Y,NA,-,-,0,1,0,0,0,0,1,0,0,-,-,NA,NA,ORANGE,LAGUNA NIGUEL,-117.69930267333984,33.51575469970703
9582398,2023,2023-05-30,3004,2023-05-07,1428,P688,NA,7,5,6,3004,0,0,0,NA,0,004,HARBOR BL,SUNFLOWER AV,0,NA,Y,A,-,N,NA,NA,NA,NA,NA,NA,NA,NA,NA,Y,3,0,2,2,A,-,12,21453,NA,N,D,C,A,A,H,-,A,A,0,NA,NA,NA,NA,Y,NA,D,22,0,2,0,0,0,0,0,0,0,-,-,33.69567108154297,-117.9193878173828,ORANGE,COSTA MESA,-117.9193878173828,33.69565963745117
9583905,2023,2023-08-17,3009,2023-07-21,2050,4111,092,5,5,6,3009,0,0,0,NA,0,012,GILBERT ST,ROYAL PALM BL,0,NA,Y,A,-,N,NA,NA,NA,NA,NA,NA,NA,NA,NA,Y,4,0,1,2,A,-,09,21801,A,N,D,C,A,A,H,-,C,A,0,NA,NA,NA,NA,Y,NA,A,01,0,0,1,0,0,0,0,0,0,-,-,NA,NA,ORANGE,GARDEN GROVE,-117.96749877929688,33.79496383666992
9584453,2023,2023-05-20,3004,2023-05-03,757,P655,88,3,5,6,3004,0,0,0,NA,0,015,FAIR DR,CIVIC CENTER,0,NA,N,A,-,N,NA,NA,NA,NA,NA,NA,NA,NA,NA,Y,3,0,2,2,A,-,09,21801,A,N,D,C,A,A,H,-,A,A,0,NA,NA,NA,NA,Y,NA,A,01,0,2,0,0,0,0,0,0,0,-,-,33.66386032104492,-117.90213775634766,ORANGE,COSTA MESA,NA,NA
9586116,2023,2023-06-06,3004,2023-04-29,1953,P707,20,6,5,6,3004,0,0,0,NA,0,004,HARBOR BL,BAKER ST,52,S,N,A,-,N,NA,NA,NA,NA,NA,NA,NA,NA,NA,N,4,0,2,2,A,-,03,22350,NA,M,C,C,A,A,H,-,A,A,0,NA,NA,NA,NA,Y,NA,A,01,0,0,2,0,0,0,0,0,0,-,-,33.6798210144043,-117.91919708251952,ORANGE,COSTA MESA,-117.91943359375,33.679866790771484
9586985,2023,2023-08-14,3009,2023-07-08,1625,4503,117,6,5,6,3009,0,0,0,NA,0,002,WESTMINSTER AV,TAFT ST,344,E,N,A,-,N,NA,NA,NA,NA,NA,NA,NA,NA,NA,N,4,0,1,2,A,-,09,21804,A,N,D,C,A,A,H,-,A,D,0,NA,NA,Y,NA,Y,NA,A,07,0,0,1,0,0,0,0,0,0,-,-,NA,NA,ORANGE,GARDEN GROVE,-117.9408721923828,33.759578704833984
9587184,2023,2023-08-25,3004,2023-08-10,832,P633,01,4,5,6,3004,0,0,0,NA,0,015,JAMES ST,POMONA AV,0,NA,Y,A,-,N,NA,NA,NA,NA,NA,NA,NA,NA,NA,Y,4,0,1,2,A,-,09,21802,A,N,D,C,A,A,H,-,A,D,0,NA,NA,NA,NA,Y,NA,A,01,0,0,1,0,0,0,0,0,0,-,-,33.638999938964844,-117.92759704589844,ORANGE,COSTA MESA,-117.92761993408205,33.63903045654297
9588220,2023,2023-06-28,3004,2023-06-10,1627,P691,33,6,5,6,3004,0,0,0,NA,0,005,BRISTOL ST,ANTON BL,342,N,N,B,-,N,NA,NA,NA,NA,NA,NA,NA,NA,NA,Y,3,0,1,2,A,-,03,22350,NA,F,B,C,A,A,H,-,A,D,0,NA,NA,Y,NA,Y,NA,-,-,0,1,0,0,0,0,0,0,1,-,-,33.691001892089844,-117.88500213623048,ORANGE,COSTA MESA,-117.8856201171875,33.6910285949707
9588471,2023,2023-07-05,3009,2023-06-06,1138,4963,145,2,5,6,3009,0,0,0,NA,0,023,TRASK AV,HARBOR BL,83,W,N,B,-,N,NA,NA,NA,NA,NA,NA,NA,NA,NA,N,4,0,1,2,A,-,07,21658,A,N,B,C,A,A,H,-,A,A,0,NA,NA,NA,NA,Y,NA,D,22,0,0,1,0,0,0,0,0,0,-,-,NA,NA,ORANGE,GARDEN GROVE,-117.92072296142578,33.767093658447266
9588631,2023,2023-06-15,3004,2023-05-23,2130,P673,25,2,5,6,3004,0,0,0,NA,0,008,FAIRVIEW RD,SOUTH COAST DR,15,N,N,A,-,N,NA,NA,NA,NA,NA,NA,NA,NA,NA,Y,3,0,2,2,A,-,03,22350,NA,N,C,C,A,A,H,-,C,A,0,NA,NA,NA,NA,Y,NA,A,01,0,1,1,0,0,0,0,0,0,-,-,NA,NA,ORANGE,COSTA MESA,-117.90784454345705,33.69129943847656
9589903,2023,2023-07-20,3004,2023-06-07,2218,P668,12,3,5,6,3004,0,0,0,NA,0,015,NEWPORT BL,DEL MAR AV,458,N,N,A,-,N,NA,NA,NA,NA,NA,NA,NA,NA,NA,N,3,0,1,2,A,-,05,21650,1,N,G,G,A,A,H,-,C,D,0,NA,Y,NA,NA,Y,NA,L,04,0,1,0,0,0,0,1,0,0,-,-,33.664100646972656,-117.89569854736328,ORANGE,COSTA MESA,-117.89618682861328,33.66458511352539
9592531,2023,2023-07-05,3009,2023-06-08,852,5003,112,4,5,6,3009,0,0,0,NA,0,021,CHAPMAN AV,MEDINA DR,0,NA,Y,A,-,N,NA,NA,NA,NA,NA,NA,NA,NA,NA,Y,4,0,1,2,A,-,09,21801,A,N,D,C,A,A,H,-,A,D,0,NA,NA,NA,NA,Y,NA,A,01,0,0,1,0,0,0,0,0,0,-,-,NA,NA,ORANGE,GARDEN GROVE,-117.94598388671876,33.78864669799805
9592707,2023,2023-08-03,3000,2023-06-06,1430,11797,972D7,2,5,5,3017,0,0,0,NA,0,777,CAMINO DE ESTRELLA,CAMINO MIRA COSTA,0,NA,Y,B,-,N,NA,NA,NA,NA,NA,NA,NA,NA,NA,N,4,0,1,2,A,-,09,21800,A,N,A,C,A,A,H,-,A,A,0,NA,NA,NA,NA,Y,NA,A,01,0,0,1,0,0,0,0,0,0,-,-,NA,NA,ORANGE,SAN CLEMENTE,-117.65821838378906,33.45639419555664
9592721,2023,2023-07-13,3002,2023-03-27,2130,3893,740C4,1,5,5,3025,0,0,0,NA,0,002,YORBA LINDA BL,LAKEVIEW AV,536,E,N,A,-,N,NA,NA,NA,NA,NA,NA,NA,NA,NA,N,4,0,1,2,A,-,07,21658,A,N,C,C,A,A,H,-,C,D,0,NA,NA,NA,NA,Y,NA,A,01,0,0,1,0,0,0,0,0,0,-,-,NA,NA,ORANGE,YORBA LINDA,-117.80966186523438,33.888519287109375
9594364,2023,2023-06-23,3000,2023-05-09,1553,11797,993A5,2,5,5,3017,0,0,0,NA,0,777,SOUTH EL CAMINO REAL,AVENIDA RAMONA,6,N,N,A,-,N,NA,NA,NA,NA,NA,NA,NA,NA,NA,Y,3,0,1,1,A,-,01,23153,A,N,E,I,A,A,H,-,A,D,0,NA,NA,NA,NA,Y,Y,D,22,0,1,0,0,0,0,0,0,0,-,-,NA,NA,ORANGE,SAN CLEMENTE,-117.60228729248048,33.417152404785156
9600239,2023,2023-08-04,3000,2023-06-12,1637,12182,891G6,1,5,5,3050,0,0,0,NA,0,765,EL TORO RD,BRIDGER RD,339,E,N,A,-,N,NA,NA,NA,NA,NA,NA,NA,NA,NA,N,4,0,1,2,A,-,04,21703,NA,N,C,C,A,A,H,-,A,A,0,NA,NA,NA,Y,Y,NA,F,26,0,0,1,0,0,0,0,0,0,-,-,NA,NA,ORANGE,LAKE FOREST,-117.70613861083984,33.6161003112793
9601056,2023,2023-08-28,3012,2023-07-01,1043,686,45,6,5,5,3012,0,0,0,NA,0,004,EUCLID ST,PARKWOOD AV,0,NA,Y,A,-,N,NA,NA,NA,NA,NA,NA,NA,NA,NA,Y,2,0,2,2,A,-,09,21802,A,N,D,C,A,A,H,-,A,A,0,NA,NA,NA,NA,Y,NA,A,01,1,1,0,0,0,0,0,0,0,-,-,NA,NA,ORANGE,LA HABRA,-117.94608306884766,33.91658020019531
9601532,2023,2023-09-07,3011,2023-08-11,1409,31448,34,5,5,4,3011,0,0,0,NA,0,002,BROADWAY ST,N COAST HWY,0,NA,Y,A,-,Y,ORA,12,1,-,-,9.418,I,5,S,N,3,0,1,2,A,-,11,21461,5,N,G,B,B,A,H,-,A,A,0,Y,NA,NA,NA,Y,NA,N,60,0,1,0,0,1,0,0,0,0,-,-,NA,NA,ORANGE,LAGUNA BEACH,-117.78533172607422,33.54274368286133
9601611,2023,2023-09-13,3004,2023-08-13,2124,P719,17,7,5,6,3004,0,0,0,NA,0,015,NEWPORT BL,PRESIDIO DR,0,NA,Y,A,-,N,NA,NA,NA,NA,NA,NA,NA,NA,NA,Y,3,0,1,1,A,-,01,23152,A,M,E,I,A,A,H,-,C,A,0,NA,NA,NA,NA,Y,Y,A,01,0,1,0,0,0,0,0,0,0,-,-,33.672000885009766,-117.88999938964844,ORANGE,COSTA MESA,-117.88955688476563,33.67207717895508
9601771,2023,2023-09-20,3012,2023-08-27,1529,686,46,7,5,5,3012,0,0,0,NA,0,004,IMPERIAL HWY,EDISON LIGHT POLE 4152091E,52,W,N,A,-,N,NA,NA,NA,NA,NA,NA,NA,NA,NA,N,3,0,1,2,A,-,09,21804,A,M,D,G,A,A,H,-,A,A,0,NA,Y,NA,NA,Y,NA,A,07,0,1,0,0,0,0,1,0,0,-,-,NA,NA,ORANGE,LA HABRA,NA,NA
9601795,2023,2023-09-26,3012,2023-08-18,1330,686,36,5,5,5,3012,0,0,0,NA,0,003,IMPERIAL HWY,EDISON LIGHT POLE 1973497E,203,W,N,A,-,Y,ORA,12,90,-,-,1.26,H,-,W,Y,3,0,3,2,A,-,08,21460,5,N,D,C,A,A,H,-,A,A,0,NA,NA,NA,NA,Y,NA,A,01,0,1,2,0,0,0,0,0,0,-,-,NA,NA,ORANGE,LA HABRA,-117.95488739013672,33.91738510131836
9601893,2023,2023-08-11,3005,2023-07-08,1418,8301,C15,6,5,4,3005,0,0,0,NA,0,001,LINCOLN AV,WALKER ST,102,W,N,A,-,N,NA,NA,NA,NA,NA,NA,NA,NA,NA,N,3,0,1,2,A,-,03,22350,NA,N,C,C,A,A,H,-,A,A,0,NA,NA,NA,NA,Y,NA,D,22,0,1,0,0,0,0,0,0,0,-,-,NA,NA,ORANGE,CYPRESS,-118.03736877441406,33.83164978027344
9603085,2023,2023-08-07,3009,2023-06-23,343,3427,032,5,5,6,3009,0,0,0,NA,0,011,CHAPMAN AV,KNOTT ST,40,W,N,A,-,N,NA,NA,NA,NA,NA,NA,NA,NA,NA,Y,3,0,1,2,A,-,01,23152,NA,F,B,C,A,A,H,-,C,D,0,NA,NA,NA,NA,Y,Y,A,07,0,1,0,0,0,0,0,0,0,-,-,NA,NA,ORANGE,GARDEN GROVE,-118.01126098632813,33.788307189941406
9603424,2023,2023-08-14,3004,2023-07-23,1420,P715,07,7,5,6,3004,0,0,0,NA,0,001,NEWPORT BL,E 19TH ST,0,NA,Y,A,-,N,NA,NA,NA,NA,NA,NA,NA,NA,NA,N,3,0,1,2,A,-,01,23152,A,N,D,C,A,A,H,-,C,A,0,NA,NA,NA,NA,Y,Y,A,01,0,1,0,0,0,0,0,0,0,-,-,NA,NA,ORANGE,COSTA MESA,-117.91660308837892,33.6431884765625
9603537,2023,2023-08-10,3004,2023-07-27,1509,P691,10,4,5,6,3004,0,0,0,NA,0,015,PLACENTIA AV,JOANN ST,410,N,N,A,-,N,NA,NA,NA,NA,NA,NA,NA,NA,NA,N,4,0,1,2,A,-,03,22350,NA,N,B,G,A,A,H,-,A,A,0,NA,Y,NA,NA,Y,NA,-,-,0,0,1,0,0,0,1,0,0,-,-,33.65800094604492,-117.93499755859376,ORANGE,COSTA MESA,-117.93258666992188,33.65851974487305
9605170,2023,2024-02-22,3004,2023-12-18,1720,P519,02,1,5,6,3004,0,0,0,NA,0,001,E 16TH ST,NEWPORT BL,0,NA,Y,B,-,N,NA,NA,NA,NA,NA,NA,NA,NA,NA,N,3,0,2,3,A,-,09,21801,A,N,D,D,A,A,H,-,C,A,0,NA,NA,Y,NA,Y,NA,C,02,0,2,0,0,0,0,0,0,2,-,-,33.633338928222656,-117.92259979248048,ORANGE,COSTA MESA,-117.92322540283205,33.6338005065918
9606674,2023,2023-09-05,3000,2023-07-26,841,10328,921G2,3,5,4,3045,0,0,0,NA,0,180,PASEO DE VALENCIA,KENNINGTON DR,202,S,N,A,G,N,NA,NA,NA,NA,NA,NA,NA,NA,NA,Y,3,0,2,2,A,-,01,23152,F,N,C,C,A,A,H,-,A,A,0,NA,NA,NA,NA,Y,NA,A,07,0,1,1,0,0,0,0,0,0,-,-,NA,NA,ORANGE,LAGUNA HILLS,-117.70230102539063,33.60091781616211
9608404,2023,2023-08-22,3002,2023-07-13,1656,10165,740A3,4,5,5,3025,0,0,0,NA,0,001,IMPERIAL HWY,VALLEY VIEW AV,64,E,N,A,-,N,NA,NA,NA,NA,NA,NA,NA,NA,NA,Y,3,0,1,1,A,-,08,22107,NA,N,E,I,A,A,G,-,A,A,0,NA,NA,NA,NA,Y,NA,A,07,0,1,0,0,0,0,0,0,0,-,-,NA,NA,ORANGE,YORBA LINDA,-117.82848358154295,33.89789581298828
9608408,2023,2023-08-15,3000,2023-07-18,2230,12182,891G5,2,5,5,3050,0,0,0,NA,0,765,RIDGE ROUTE DR,MUIRLANDS BL,260,E,N,A,-,N,NA,NA,NA,NA,NA,NA,NA,NA,NA,Y,3,0,1,1,A,-,01,23152,A,N,E,I,A,A,H,-,C,A,0,NA,NA,NA,NA,Y,Y,A,01,0,1,0,0,0,0,0,0,0,-,-,NA,NA,ORANGE,LAKE FOREST,-117.70446014404295,33.629119873046875
9609152,2023,2023-09-06,3006,2023-07-29,905,344,19,6,5,3,3006,0,0,0,NA,0,001,MOODY ST,SHARON DR,0,NA,Y,A,-,N,NA,NA,NA,NA,NA,NA,NA,NA,NA,N,3,0,1,2,A,-,12,21453,A,N,D,C,A,A,H,-,C,A,0,NA,NA,NA,NA,Y,NA,D,22,0,1,0,0,0,0,0,0,0,-,-,NA,NA,ORANGE,LA PALMA,-118.04612731933594,33.84955978393555
9610224,2023,2023-08-30,3011,2023-08-07,1553,31407,41,1,5,4,3011,0,0,0,NA,0,002,GLENNEYRE ST,SAINT ANNS DR,25,N,N,A,-,N,NA,NA,NA,NA,NA,NA,NA,NA,NA,N,4,0,1,2,A,-,08,22107,NA,N,B,C,A,A,H,-,A,D,0,NA,NA,Y,NA,Y,NA,A,07,0,0,1,0,0,0,0,0,1,-,-,NA,NA,ORANGE,LAGUNA BEACH,-117.77803802490234,33.537349700927734
9612825,2023,2023-09-18,3004,2023-07-09,2101,P719,11,7,5,6,3004,0,0,0,NA,0,015,VICTORIA AV,NEWPORT BL,0,NA,Y,A,-,N,NA,NA,NA,NA,NA,NA,NA,NA,NA,Y,4,0,1,2,A,-,12,21453,A,M,D,C,A,A,H,-,C,A,0,NA,NA,NA,NA,Y,NA,A,01,0,0,1,0,0,0,0,0,0,-,-,33.652130126953125,-117.90882873535156,ORANGE,COSTA MESA,-117.9088134765625,33.65211486816406
9613133,2023,2023-09-05,3009,2023-08-08,1832,5084,032,2,5,6,3009,0,0,0,NA,0,011,CHAPMAN AV,KNOTT ST,0,NA,Y,A,-,N,NA,NA,NA,NA,NA,NA,NA,NA,NA,N,3,0,1,2,A,-,09,21801,A,N,A,C,A,A,H,-,A,A,0,NA,NA,Y,NA,Y,NA,A,01,0,1,0,0,0,0,0,0,1,-,-,NA,NA,ORANGE,GARDEN GROVE,-118.01113128662108,33.78830337524414
9615066,2022,2023-09-01,3000,2022-11-12,1107,10829,973A6,6,5,5,3017,0,0,0,NA,0,176,AVENIDA VISTA HERMOSA,AVENIDA LA PATA,1447,NA,N,A,-,N,NA,NA,NA,NA,NA,NA,NA,NA,NA,N,4,0,1,2,A,-,03,22350,NA,N,D,G,A,A,H,-,A,D,0,NA,Y,NA,NA,Y,NA,L,04,0,0,1,0,0,0,1,0,0,-,-,NA,NA,ORANGE,SAN CLEMENTE,-117.60476684570313,33.46391677856445
9615767,2023,2023-09-28,3003,2023-08-28,1032,1193,NA,1,5,5,3003,0,0,0,NA,0,NA,WESTERN AV,SANTA ELENA DR,106,S,N,A,-,N,NA,NA,NA,NA,NA,NA,NA,NA,NA,Y,4,0,1,1,A,-,08,22107,NA,N,A,I,A,A,H,-,A,D,0,NA,NA,NA,NA,Y,NA,A,01,0,0,1,0,0,0,0,0,0,-,-,33.84117126464844,-118.00245666503906,ORANGE,BUENA PARK,-118.00233459472656,33.84117889404297
9616418,2023,2023-10-17,3004,2023-09-09,1626,P603,02,6,5,6,3004,0,0,0,NA,0,007,WEST 19TH ST,PARK AV,0,NA,Y,A,-,N,NA,NA,NA,NA,NA,NA,NA,NA,NA,Y,3,0,6,2,A,-,09,21801,A,N,D,C,A,A,H,-,A,A,0,NA,NA,NA,NA,Y,NA,A,07,0,6,0,0,0,0,0,0,0,-,-,33.64112854003906,-117.91867065429688,ORANGE,COSTA MESA,-117.92115020751952,33.6434326171875
9616691,2023,2023-10-11,3009,2023-08-06,519,4730,135,7,5,6,3009,0,0,0,NA,0,023,TRASK AV,NEWHOPE ST,0,NA,Y,A,-,N,NA,NA,NA,NA,NA,NA,NA,NA,NA,Y,4,0,1,3,A,-,09,21801,A,N,D,C,A,A,H,-,B,A,0,NA,NA,NA,NA,Y,Y,A,01,0,0,1,0,0,0,0,0,0,-,-,NA,NA,ORANGE,GARDEN GROVE,-117.92902374267578,33.76700210571289
9616925,2023,2023-10-25,3000,2023-09-16,1955,10561,992J4,6,5,5,3017,0,0,0,NA,0,074,AVENIDA DE LA ESTRELLA,E AVENIDA PALIZADA,0,NA,Y,A,-,N,NA,NA,NA,NA,NA,NA,NA,NA,NA,N,4,0,1,2,A,-,09,21801,A,N,H,C,A,A,H,-,C,A,0,NA,NA,NA,NA,Y,NA,A,01,0,0,1,0,0,0,0,0,0,-,-,NA,NA,ORANGE,SAN CLEMENTE,-117.61528778076172,33.430294036865234
9617102,2023,2023-10-18,3000,2023-08-22,806,10853,993A1,2,5,5,3017,0,0,0,NA,0,775,AVENIDA TALEGA,CALLE SALUDA,807,S,N,A,-,N,NA,NA,NA,NA,NA,NA,NA,NA,NA,N,4,0,1,2,A,-,09,21453,B,M,G,B,B,A,H,-,A,A,0,Y,NA,NA,NA,Y,NA,A,07,0,0,1,0,1,0,0,0,0,-,-,NA,NA,ORANGE,SAN CLEMENTE,-117.59740447998048,33.47038650512695
9617130,2023,2023-10-20,3000,2023-07-01,1103,11135,922C7,6,5,5,3028,0,0,0,NA,0,1A51,MARGUERITE PKWY,SHOPS BL,8,E,N,A,-,N,NA,NA,NA,NA,NA,NA,NA,NA,NA,Y,3,0,1,2,A,-,07,21658,A,N,B,G,A,A,H,-,A,A,0,NA,Y,NA,NA,Y,NA,M,91,0,1,0,0,0,0,1,0,0,-,-,NA,NA,ORANGE,MISSION VIEJO,-117.66954040527344,33.55508804321289
9619117,2023,2024-02-29,3011,2023-12-01,1722,31597,46,5,5,4,3011,0,0,0,NA,0,003,VAN DYKE DR,SUMMIT DR,686,N,N,B,-,N,NA,NA,NA,NA,NA,NA,NA,NA,NA,N,3,0,1,1,A,-,21,22106,NA,N,E,I,A,A,H,-,B,D,0,NA,NA,NA,NA,Y,NA,A,01,0,1,0,0,0,0,0,0,0,-,-,NA,NA,ORANGE,LAGUNA BEACH,-117.76778411865234,33.53403854370117
9619411,2023,2024-01-23,3000,2023-11-05,1020,11797,992J4,7,5,5,3017,0,0,0,NA,0,777,EL CAMINO REAL,AVENIDA DEL MAR,0,NA,Y,A,-,N,NA,NA,NA,NA,NA,NA,NA,NA,NA,N,4,0,1,2,A,-,09,21801,A,N,D,C,A,A,H,-,A,A,0,NA,NA,NA,NA,Y,NA,A,01,0,0,1,0,0,0,0,0,0,-,-,NA,NA,ORANGE,SAN CLEMENTE,-117.61264038085938,33.42755889892578
9620447,2023,2023-10-12,3012,2023-09-11,1439,686,25,1,5,5,3012,0,0,0,NA,0,002,LA HABRA BL,EDISON LIGHT POLE #2187632E,7,W,N,A,-,N,NA,NA,NA,NA,NA,NA,NA,NA,NA,N,3,0,1,2,A,-,03,22350,NA,N,C,C,A,A,H,-,A,A,0,NA,NA,Y,NA,Y,NA,C,02,0,1,0,0,0,0,0,0,1,-,-,NA,NA,ORANGE,LA HABRA,NA,NA