CASE_ID,ACCIDENT_YEAR,PROC_DATE,JURIS,COLLISION_DATE,COLLISION_TIME,OFFICER_ID,REPORTING_DISTRICT,DAY_OF_WEEK,CHP_SHIFT,POPULATION,CNTY_CITY_LOC,SPECIAL_COND,BEAT_TYPE,CHP_BEAT_TYPE,CITY_DIVISION_LAPD,CHP_BEAT_CLASS,BEAT_NUMBER,PRIMARY_RD,SECONDARY_RD,DISTANCE,DIRECTION,INTERSECTION,WEATHER_1,WEATHER_2,STATE_HWY_IND,CALTRANS_COUNTY,CALTRANS_DISTRICT,STATE_ROUTE,ROUTE_SUFFIX,POSTMILE_PREFIX,POSTMILE,LOCATION_TYPE,RAMP_INTERSECTION,SIDE_OF_HWY,TOW_AWAY,COLLISION_SEVERITY,NUMBER_KILLED,NUMBER_INJURED,PARTY_COUNT,PRIMARY_COLL_FACTOR,PCF_CODE_OF_VIOL,PCF_VIOL_CATEGORY,PCF_VIOLATION,PCF_VIOL_SUBSECTION,HIT_AND_RUN,TYPE_OF_COLLISION,MVIW,PED_ACTION,ROAD_SURFACE,ROAD_COND_1,ROAD_COND_2,LIGHTING,CONTROL_DEVICE,CHP_ROAD_TYPE,PEDESTRIAN_ACCIDENT,BICYCLE_ACCIDENT,MOTORCYCLE_ACCIDENT,TRUCK_ACCIDENT,NOT_PRIVATE_PROPERTY,ALCOHOL_INVOLVED,STWD_VEHTYPE_AT_FAULT,CHP_VEHTYPE_AT_FAULT,COUNT_SEVERE_INJ,COUNT_VISIBLE_INJ,COUNT_COMPLAINT_PAIN,COUNT_PED_KILLED,COUNT_PED_INJURED,COUNT_BICYCLIST_KILLED,COUNT_BICYCLIST_INJURED,COUNT_MC_KILLED,COUNT_MC_INJURED,PRIMARY_RAMP,SECONDARY_RAMP,LATITUDE,LONGITUDE,COUNTY,CITY,POINT_X,POINT_Y
9622847,2023,2023-11-07,3005,2023-09-30,750,8029,C17,6,5,4,3005,0,0,0,NA,0,002,HOLDER ST,UNIVERSITY,115,S,N,C,-,N,NA,NA,NA,NA,NA,NA,NA,NA,NA,N,3,0,1,2,A,-,09,21804,A,N,D,G,A,A,H,-,A,D,0,NA,Y,NA,NA,Y,NA,A,01,0,1,0,0,0,0,1,0,0,-,-,NA,NA,ORANGE,CYPRESS,-118.0196533203125,33.82976531982422
9623231,2023,2023-12-11,3009,2023-10-22,2100,4843,97,7,5,6,3009,0,0,0,NA,0,1-3,13TH ST,BROOKHURST ST,45,W,N,A,-,N,NA,NA,NA,NA,NA,NA,NA,NA,NA,N,4,0,1,2,A,-,11,21954,A,N,A,-,A,A,H,-,C,A,0,NA,Y,NA,NA,Y,NA,L,04,0,0,1,0,0,0,1,0,0,-,-,NA,NA,ORANGE,GARDEN GROVE,-117.95514678955078,33.755821228027344
9623276,2023,2023-11-20,3012,2023-08-30,742,717,38,3,5,5,3012,0,0,0,NA,0,003,IDAHO ST,OLIVE TREE DR,56,S,N,A,-,N,NA,NA,NA,NA,NA,NA,NA,NA,NA,N,3,0,2,2,A,-,03,22350,NA,N,C,C,A,A,H,-,A,A,0,NA,NA,NA,NA,Y,NA,A,01,0,2,0,0,0,0,0,0,0,-,-,NA,NA,ORANGE,LA HABRA,-117.9591827392578,33.91569519042969
9624377,2023,2023-09-15,3004,2023-08-23,1956,P687,25,3,5,6,3004,0,0,0,NA,0,004,HARBOR BL,SOUTH COAST DR,0,NA,Y,A,-,N,NA,NA,NA,NA,NA,NA,NA,NA,NA,N,3,0,1,2,A,-,03,22350,NA,N,C,C,A,A,H,-,A,A,0,NA,NA,NA,NA,Y,NA,A,01,0,1,0,0,0,0,0,0,0,-,-,33.69147872924805,-117.91932678222656,ORANGE,COSTA MESA,-117.91954040527344,33.69161605834961
9624632,2023,2023-10-03,3009,2023-08-12,1224,5050,091,6,5,6,3009,0,0,0,NA,0,012,BARCLAY DR,MAUREEN DR,194,S,N,A,-,N,NA,NA,NA,NA,NA,NA,NA,NA,NA,Y,2,0,1,2,A,-,09,21804,NA,N,D,C,A,A,H,-,A,D,0,NA,NA,NA,NA,Y,NA,A,01,1,0,0,0,0,0,0,0,0,-,-,NA,NA,ORANGE,GARDEN GROVE,-117.96370697021484,33.80160903930664
9625227,2023,2023-10-25,3000,2023-09-04,2110,10902,892J2,1,5,4,3048,0,0,0,NA,0,466,SANTA MARGARITA PKWY,RT 241,0,NA,Y,A,-,Y,ORA,12,241,-,-,18.318,R,4,N,Y,4,0,1,2,A,-,12,21453,A,N,D,C,A,A,H,-,C,A,0,NA,NA,NA,NA,Y,NA,A,01,0,0,1,0,0,0,0,0,0,-,-,NA,NA,ORANGE,RANCHO SANTA MARGARITA,-117.60246276855467,33.64058303833008
9625235,2023,2023-10-25,3004,2023-09-13,1140,P720,21,3,5,6,3004,0,0,0,NA,0,008,FAIRVIEW RD,RT 405,60,S,N,A,-,Y,ORA,12,405,-,-,10.933,R,4,S,Y,3,0,1,2,A,-,01,23152,A,F,C,E,A,A,H,-,A,A,0,NA,NA,NA,NA,Y,Y,A,01,0,1,0,0,0,0,0,0,0,-,SF,33.68701934814453,-117.90801239013672,ORANGE,COSTA MESA,-117.91032409667967,33.687767028808594
9625917,2023,2023-10-06,3000,2023-08-08,747,3000,10077,2,5,5,3050,0,0,0,NA,0,892B2,RUSHFORD DR,WARWICK CT,749,E,N,A,-,N,NA,NA,NA,NA,NA,NA,NA,NA,NA,Y,3,0,2,2,A,-,08,22107,NA,N,D,C,A,A,H,-,A,D,0,NA,NA,NA,NA,Y,NA,A,01,0,1,1,0,0,0,0,0,0,-,-,NA,NA,ORANGE,LAKE FOREST,-117.6658172607422,33.64683151245117
9627040,2023,2023-10-20,3009,2023-09-08,725,4111,72,5,5,6,3009,0,0,0,NA,0,012,MAGNOLIA ST,ORANGEWOOD AV,0,NA,Y,A,-,N,NA,NA,NA,NA,NA,NA,NA,NA,NA,Y,4,0,1,2,A,-,09,21801,A,N,D,C,A,A,H,-,A,A,0,NA,NA,NA,NA,Y,NA,A,01,0,0,1,0,0,0,0,0,0,-,-,NA,NA,ORANGE,GARDEN GROVE,-117.9755630493164,33.79575729370117
9628474,2023,2023-11-06,3002,2023-08-19,1645,10291,740A3,6,5,5,3025,0,0,0,NA,0,001,IMPERIAL HWY,VALLEY VIEW,0,NA,Y,A,-,N,NA,NA,NA,NA,NA,NA,NA,NA,NA,N,3,0,2,2,A,-,12,21453,A,N,D,C,A,A,H,-,A,A,0,NA,NA,NA,NA,Y,NA,A,01,0,2,0,0,0,0,0,0,0,-,-,NA,NA,ORANGE,YORBA LINDA,-117.82866668701172,33.897979736328125
9631429,2023,2023-11-13,3004,2023-10-22,1856,P719,22,7,5,6,3004,0,0,0,NA,0,005,BRISTOL ST,RT 241,0,NA,Y,A,-,N,NA,NA,NA,NA,NA,NA,NA,NA,NA,Y,3,0,1,2,A,-,12,21453,A,N,D,C,A,A,H,-,C,A,0,NA,NA,NA,NA,Y,NA,A,01,0,1,0,0,0,0,0,0,0,-,-,33.68870162963867,-117.88545989990234,ORANGE,COSTA MESA,NA,NA
9635944,2023,2024-02-17,3005,2023-12-13,2207,8366,C08,3,5,4,3005,0,0,0,NA,0,001,LINCOLN AV,SUMNER PL,12,E,N,A,-,N,NA,NA,NA,NA,NA,NA,NA,NA,NA,Y,2,0,1,2,A,-,08,22107,NA,F,C,E,A,A,H,-,C,D,0,NA,NA,NA,NA,Y,NA,A,01,1,0,0,0,0,0,0,0,0,-,-,NA,NA,ORANGE,CYPRESS,-118.04975128173828,33.83163833618164
9635952,2023,2024-02-17,3011,2023-12-15,1625,31464,37,5,5,4,3011,0,0,0,NA,0,001,LAGUNA CANYON FR RD,WOODLAND DR,900,W,N,A,-,N,NA,NA,NA,NA,NA,NA,NA,NA,NA,N,4,0,1,2,A,-,21,22106,NA,N,G,B,F,A,H,-,C,D,0,Y,NA,NA,NA,Y,NA,A,01,0,0,1,0,1,0,0,0,0,-,-,NA,NA,ORANGE,LAGUNA BEACH,-117.77926635742188,33.550601959228516
9636124,2023,2024-03-05,3005,2023-12-11,753,8272,C20,1,5,4,3005,0,0,0,NA,0,003,BALL RD,DENNI ST,0,NA,Y,A,-,N,NA,NA,NA,NA,NA,NA,NA,NA,NA,Y,3,0,1,3,A,-,12,21453,A,N,B,C,B,A,H,-,A,A,0,Y,NA,NA,NA,Y,NA,A,01,0,1,0,0,1,0,0,0,0,-,-,NA,NA,ORANGE,CYPRESS,-118.0544204711914,33.816871643066406
9638631,2023,2023-11-20,3000,2023-10-22,1658,9696,951G5,7,5,5,3040,0,0,0,NA,0,743,NIGUEL RD,SLA HERMOSA,227,S,N,A,-,N,NA,NA,NA,NA,NA,NA,NA,NA,NA,Y,4,0,1,1,A,-,08,22107,NA,N,E,I,A,A,H,-,A,A,0,NA,NA,Y,NA,Y,NA,C,02,0,0,1,0,0,0,0,0,1,-,-,NA,NA,ORANGE,LAGUNA NIGUEL,-117.707275390625,33.52185821533203
9639959,2023,2024-01-06,3004,2023-11-11,1548,P716,09,6,5,6,3004,0,0,0,NA,0,007,POMONA AV,WEST 19TH ST,0,NA,Y,A,-,N,NA,NA,NA,NA,NA,NA,NA,NA,NA,N,4,0,1,2,A,-,09,21804,NA,N,C,C,A,A,H,-,A,D,0,NA,NA,NA,NA,Y,NA,A,07,0,0,1,0,0,0,0,0,0,-,-,33.643341064453125,-117.92858123779295,ORANGE,COSTA MESA,-117.92767333984376,33.64338684082031
9640676,2024,2024-07-17,3008,2024-03-14,108,1479,ZONE1,4,5,6,3008,0,0,0,NA,0,NA,GILBERT ST,CASTLEWOOD DR,550,S,N,A,-,N,NA,NA,NA,NA,NA,NA,NA,NA,NA,Y,1,1,0,1,A,-,08,22107,NA,N,E,I,A,A,H,-,C,D,0,NA,NA,NA,NA,Y,Y,A,01,0,0,0,0,0,0,0,0,0,-,-,NA,NA,ORANGE,FULLERTON,-117.95700073242188,33.90003967285156
9640698,2023,2024-07-16,3012,2023-11-04,28,611,41,6,5,5,3012,0,0,0,NA,0,004,LA HABRA BL,N/NCL EUCLID ST,0,NA,Y,A,-,N,NA,NA,NA,NA,NA,NA,NA,NA,NA,Y,1,1,1,2,A,-,01,23152,A,N,D,C,A,A,H,-,C,A,0,NA,NA,NA,NA,Y,Y,A,01,0,1,0,0,0,0,0,0,0,-,-,NA,NA,ORANGE,LA HABRA,-117.94612884521484,33.931861877441406
9642919,2023,2023-12-29,3004,2023-11-03,2047,P723,22,5,5,6,3004,0,0,0,NA,0,010,W BAKER ST,ENTERPRISE ST,0,NA,Y,A,-,N,NA,NA,NA,NA,NA,NA,NA,NA,NA,Y,3,0,1,2,A,-,09,21801,A,N,D,C,A,A,H,-,C,D,0,NA,NA,NA,NA,Y,Y,A,01,0,1,0,0,0,0,0,0,0,-,-,33.68008041381836,-117.88242340087892,ORANGE,COSTA MESA,-117.88243865966795,33.68010711669922
9643471,2023,2024-01-06,3009,2023-11-07,832,4659,86,2,5,6,3009,0,0,0,NA,0,013,DEODARA DR,ANABEL AV,0,NA,Y,A,-,N,NA,NA,NA,NA,NA,NA,NA,NA,NA,N,4,0,1,2,A,-,05,21650,1,N,D,G,A,A,H,-,A,D,0,NA,Y,NA,NA,Y,NA,L,04,0,0,1,0,0,0,1,0,0,-,-,NA,NA,ORANGE,GARDEN GROVE,NA,NA
9643481,2023,2024-01-11,3009,2023-11-04,1704,4655,116,6,5,6,3009,0,0,0,NA,0,023,RANNEY AV,BARNEY ST,0,NA,Y,A,-,N,NA,NA,NA,NA,NA,NA,NA,NA,NA,N,3,0,1,2,A,-,09,21801,A,N,D,C,A,A,H,-,A,D,0,NA,NA,NA,NA,Y,NA,A,01,0,1,0,0,0,0,0,0,0,-,-,NA,NA,ORANGE,GARDEN GROVE,-117.94268798828124,33.76079177856445
9643753,2023,2024-01-23,3009,2023-11-13,808,4613,123,1,5,6,3009,0,0,0,NA,0,2-1,CHAPMAN AV,DELLA LN,0,NA,Y,A,-,N,NA,NA,NA,NA,NA,NA,NA,NA,NA,N,3,0,1,3,A,-,10,21950,A,N,G,B,B,A,H,-,A,A,0,Y,NA,NA,NA,Y,NA,A,01,0,1,0,0,1,0,0,0,0,-,-,NA,NA,ORANGE,GARDEN GROVE,-117.93852996826172,33.788734436035156
9644595,2023,2024-01-18,3004,2023-11-16,1201,P542,2,4,5,6,3004,0,0,0,NA,0,001,EAST 17TH ST,NEWPORT BL,25,E,N,A,-,N,NA,NA,NA,NA,NA,NA,NA,NA,NA,N,4,0,1,2,A,-,03,22350,NA,N,C,C,A,A,H,-,A,A,0,NA,NA,NA,NA,Y,NA,D,22,0,0,1,0,0,0,0,0,0,-,-,33.637001037597656,-117.92099761962892,ORANGE,COSTA MESA,-117.92180633544922,33.637271881103516
9648786,2023,2023-12-30,3000,2023-10-21,45,6717,891G7,6,5,5,3050,0,0,0,NA,0,762,EL TORO RD,BRIDGER RD,1,W,N,A,-,N,NA,NA,NA,NA,NA,NA,NA,NA,NA,N,3,0,1,2,A,-,11,21954,A,N,G,B,D,A,H,-,C,A,0,Y,NA,NA,NA,Y,Y,N,60,0,1,0,0,1,0,0,0,0,-,-,33.3655891418457,-117.42446136474608,ORANGE,LAKE FOREST,-117.70688629150392,33.61540985107422
9650111,2023,2024-02-20,3005,2023-12-24,1255,8081,C07,7,5,4,3005,0,0,0,NA,0,001,LINCOLN AV,LINCOLN PLAZA WY,81,W,N,A,-,N,NA,NA,NA,NA,NA,NA,NA,NA,NA,Y,3,0,2,2,A,-,08,22107,NA,F,B,C,A,A,H,-,A,D,0,NA,NA,NA,NA,Y,NA,A,01,0,1,1,0,0,0,0,0,0,-,-,NA,NA,ORANGE,CYPRESS,-118.05809783935548,33.831600189208984
9651185,2023,2024-01-05,3012,2023-10-27,2100,690,35,5,5,5,3012,0,0,0,NA,0,003,S IDAHO ST,LAS LOMAS DR,295,S,N,A,-,N,NA,NA,NA,NA,NA,NA,NA,NA,NA,Y,3,0,1,2,A,-,08,22107,NA,N,D,C,A,A,H,-,C,D,0,NA,NA,Y,NA,Y,NA,A,01,0,1,0,0,0,0,0,0,1,-,-,NA,NA,ORANGE,LA HABRA,-117.95922088623048,33.920692443847656
9651545,2023,2024-01-22,3012,2023-11-15,1853,631,33,3,5,5,3012,0,0,0,NA,0,003,LAS LOMAS DR,IDAHO ST,0,NA,Y,C,-,N,NA,NA,NA,NA,NA,NA,NA,NA,NA,N,3,0,1,2,A,-,10,21950,NA,N,G,B,B,B,H,-,C,A,0,Y,NA,NA,NA,Y,NA,D,22,0,1,0,0,1,0,0,0,0,-,-,NA,NA,ORANGE,LA HABRA,-117.95919036865234,33.921504974365234
9652545,2024,2024-04-02,3005,2024-01-23,1005,8029,C21,2,5,4,3005,0,0,0,NA,0,003,WALKER ST,BALL RD,0,NA,Y,A,-,N,NA,NA,NA,NA,NA,NA,NA,NA,NA,N,3,0,2,2,A,-,09,21453,C,N,A,C,A,A,H,-,A,A,0,NA,NA,NA,NA,Y,NA,A,01,0,1,1,0,0,0,0,0,0,-,-,NA,NA,ORANGE,CYPRESS,-118.0368194580078,33.816959381103516
9654299,2023,2024-01-26,3000,2023-12-20,1640,6717,891H6,3,5,5,3050,0,0,0,NA,0,762,MUIRLANDS BL,ORANGE AV,32,W,N,C,-,N,NA,NA,NA,NA,NA,NA,NA,NA,NA,Y,4,0,2,2,A,-,09,21801,A,N,D,C,A,B,H,-,C,A,0,NA,NA,NA,NA,Y,NA,A,01,0,0,2,0,0,0,0,0,0,-,-,33.371829986572266,-117.41451263427734,ORANGE,LAKE FOREST,-117.69590759277344,33.62175369262695
9654426,2023,2024-02-02,3000,2023-12-14,1425,8213,89J3,4,5,4,3048,0,0,0,NA,0,M68,AVENIDA EMPRESA,AVENTURA,319,N,N,A,-,N,NA,NA,NA,NA,NA,NA,NA,NA,NA,Y,3,0,2,2,A,-,09,21804,A,N,D,C,A,A,H,-,A,A,0,NA,NA,Y,NA,Y,NA,A,01,0,2,0,0,0,0,0,0,0,-,-,33.63713073730469,-117.60740661621094,ORANGE,RANCHO SANTA MARGARITA,-117.60747528076172,33.63700485229492
9654467,2023,2024-02-02,3000,2023-12-13,809,1920,789A2,3,5,4,3021,0,0,0,NA,0,721,MONROE AV,DALE AV,732,W,N,A,-,N,NA,NA,NA,NA,NA,NA,NA,NA,NA,Y,3,0,1,2,A,-,08,22107,NA,N,C,E,A,A,H,-,A,D,0,NA,NA,NA,NA,Y,NA,A,01,0,1,0,0,0,0,0,0,0,-,-,NA,NA,ORANGE,STANTON,-117.98451232910156,33.805660247802734
9654618,2023,2024-02-09,3000,2023-12-01,1338,11256,892E1,5,5,5,3028,0,0,0,NA,0,753,MARGUERITE PKWY,SANTA MARGARITA PKWY,0,NA,Y,A,-,N,NA,NA,NA,NA,NA,NA,NA,NA,NA,Y,3,0,1,2,A,-,11,21456,C,N,A,C,A,A,-,-,A,A,0,NA,NA,NA,NA,Y,NA,A,07,0,1,0,0,0,0,0,0,0,-,-,NA,NA,ORANGE,MISSION VIEJO,-117.64463806152344,33.65155792236328
9655025,2023,2024-01-16,3000,2023-08-28,603,10124,797H2,1,5,4,3021,0,0,0,NA,0,221,WESTERN AV,THUNDERBIRD LN,0,NA,Y,A,-,N,NA,NA,NA,NA,NA,NA,NA,NA,NA,N,4,0,1,2,A,-,10,21950,A,N,G,B,B,A,H,-,A,A,0,Y,NA,NA,NA,Y,NA,A,01,0,0,1,0,1,0,0,0,0,-,-,NA,NA,ORANGE,STANTON,-118.00196075439452,33.806880950927734
9655362,2024,2024-03-29,3005,2024-01-12,1514,8041,C15,5,5,4,3005,0,0,0,NA,0,003,LINCOLN AV,GRINDLAY ST,270,W,N,A,-,N,NA,NA,NA,NA,NA,NA,NA,NA,NA,N,3,0,1,3,A,-,03,22350,NA,N,C,C,A,A,H,-,A,D,0,NA,NA,NA,NA,Y,NA,D,22,0,1,0,0,0,0,0,0,0,-,-,NA,NA,ORANGE,CYPRESS,-118.04227447509766,33.83168411254883
9655747,2023,2024-02-02,3012,2023-12-20,2148,688,25,3,5,5,3012,0,0,0,NA,0,002,WALNUT ST,LA HABRA BL,109,N,N,C,-,N,NA,NA,NA,NA,NA,NA,NA,NA,NA,Y,4,0,2,2,A,-,08,22107,NA,N,A,C,A,B,H,-,C,D,0,NA,NA,NA,NA,Y,NA,A,01,0,0,2,0,0,0,0,0,0,-,-,NA,NA,ORANGE,LA HABRA,-117.95050811767578,33.932159423828125
9657053,2023,2024-02-01,3000,2023-12-30,1427,9052,921E6,6,5,4,3049,0,0,0,NA,0,183,PACIFIC PARK DR,ALISO CREEK RD,167,E,N,A,-,N,NA,NA,NA,NA,NA,NA,NA,NA,NA,N,4,0,1,2,A,-,03,22350,NA,N,C,C,A,A,H,-,A,A,0,NA,NA,NA,NA,Y,Y,A,01,0,0,1,0,0,0,0,0,0,-,-,NA,NA,ORANGE,ALISO VIEJO,-117.72293090820313,33.57096481323242
9657152,2024,2024-03-29,3004,2024-01-19,615,P702,03,5,5,6,3004,0,0,0,NA,0,002,17TH ST,SUPERIOR AV,0,NA,Y,A,-,N,NA,NA,NA,NA,NA,NA,NA,NA,NA,N,3,0,1,2,A,-,09,21801,A,N,D,G,A,A,H,-,B,A,0,NA,Y,NA,NA,Y,NA,A,01,0,1,0,0,0,0,1,0,0,-,-,33.63603973388672,-117.92381286621094,ORANGE,COSTA MESA,-117.92359161376952,33.63620376586914
9658043,2024,2024-05-07,3004,2024-02-02,731,P542,34,5,5,6,3004,0,0,0,NA,0,015,BEAR ST,SUNFLOWER AV,446,S,N,A,-,N,NA,NA,NA,NA,NA,NA,NA,NA,NA,Y,4,0,2,2,A,-,12,21453,A,N,D,C,A,B,D,H,A,A,0,NA,NA,NA,NA,Y,NA,A,07,0,0,2,0,0,0,0,0,0,-,-,33.69300079345703,-117.89199829101563,ORANGE,COSTA MESA,-117.89225769042967,33.69288635253906
9659284,2024,2024-03-23,3005,2024-01-31,1104,8041,C17,3,5,4,3005,0,0,0,NA,0,003,VALLEY VIEW ST,LINCOLN AV,47,S,N,A,B,N,NA,NA,NA,NA,NA,NA,NA,NA,NA,N,3,0,1,2,A,-,21,22106,NA,N,C,C,A,A,H,-,A,A,0,NA,NA,NA,NA,Y,NA,A,01,0,1,0,0,0,0,0,0,0,-,-,NA,NA,ORANGE,CYPRESS,-118.02848815917967,33.83156967163086
9661971,2023,2024-01-30,3000,2023-10-16,1449,10124,798A4,1,5,4,3021,0,0,0,NA,0,6M21,NEARING DR,CHAPMAN AV,0,NA,Y,A,-,N,NA,NA,NA,NA,NA,NA,NA,NA,NA,N,4,0,1,2,A,-,05,21650,1,N,D,G,A,A,H,-,A,A,0,NA,Y,NA,NA,Y,NA,L,04,0,0,1,0,0,0,1,0,0,-,-,NA,NA,ORANGE,STANTON,-117.98746490478516,33.78841018676758
9661974,2023,2024-01-30,3000,2023-10-14,1633,12043,951H1,6,5,5,3040,0,0,0,NA,0,743,RANCHO NIGUEL RD,VIA LUIS,34,W,N,A,-,N,NA,NA,NA,NA,NA,NA,NA,NA,NA,N,4,0,1,1,A,-,08,22107,NA,N,H,I,A,A,H,-,A,D,0,NA,Y,NA,NA,Y,NA,M,91,0,0,1,0,0,0,1,0,0,-,-,NA,NA,ORANGE,LAGUNA NIGUEL,-117.69432830810548,33.55180740356445
9667609,2024,2024-06-26,3004,2024-02-14,1651,P691,36,3,5,6,3004,0,0,0,NA,0,011,ADAMS AV,HARBOR BL,48,E,N,A,-,N,NA,NA,NA,NA,NA,NA,NA,NA,NA,N,4,0,1,2,A,-,09,21453,C,N,D,C,A,A,H,-,A,A,0,NA,NA,NA,NA,Y,NA,-,-,0,0,1,0,0,0,0,0,0,-,-,33.67300033569336,-117.91899871826172,ORANGE,COSTA MESA,-117.91919708251952,33.67335510253906
9667782,2024,2024-06-25,3009,2024-01-26,1725,4661,164,5,5,6,3009,0,0,0,NA,0,022,FAIRVIEW ST,GARDEN GROVE BL,0,NA,Y,A,-,N,NA,NA,NA,NA,NA,NA,NA,NA,NA,N,4,0,1,5,C,-,18,NA,NA,N,D,C,B,A,H,-,C,A,0,Y,NA,NA,NA,Y,NA,-,-,0,0,1,0,0,0,0,0,0,-,-,NA,NA,ORANGE,GARDEN GROVE,-117.90304565429688,33.77437973022461
9667953,2024,2024-04-30,3004,2024-02-12,738,P676,01,1,5,6,3004,0,0,0,NA,0,015,WEST 17TH ST,PLACENTIA AV,401,W,N,A,-,N,NA,NA,NA,NA,NA,NA,NA,NA,NA,Y,3,0,1,4,A,-,01,23152,F,N,B,E,A,A,H,-,A,D,0,NA,NA,NA,NA,Y,NA,A,01,0,1,0,0,0,0,0,0,0,-,-,33.63600158691406,-117.93299865722656,ORANGE,COSTA MESA,-117.93320465087892,33.63610076904297
9668348,2024,2024-04-25,3000,2024-02-06,1745,9696,951J5,2,5,5,3040,0,0,0,NA,0,743,GOLDEN LANTERN,SWEE MEADOW LN,237,S,N,B,-,N,NA,NA,NA,NA,NA,NA,NA,NA,NA,Y,4,0,1,3,A,-,03,22350,NA,N,C,C,A,B,H,-,C,A,0,NA,NA,NA,NA,Y,NA,A,01,0,0,1,0,0,0,0,0,0,-,-,NA,NA,ORANGE,LAGUNA NIGUEL,-117.68576049804688,33.5216064453125
9669588,2024,2024-03-19,3000,2024-01-25,650,10165,861J7,4,5,5,3050,0,0,0,NA,0,063,BAKE PKWY,CRESCENT BAY DR,311,W,N,C,-,N,NA,NA,NA,NA,NA,NA,NA,NA,NA,Y,4,0,2,6,A,-,03,22350,NA,N,B,C,A,B,H,-,A,D,0,NA,NA,NA,NA,Y,NA,D,22,0,0,2,0,0,0,0,0,0,-,-,NA,NA,ORANGE,LAKE FOREST,-117.6898956298828,33.66254806518555
9670691,2024,2024-03-15,3011,2024-01-27,54,31273,0,6,5,4,3011,0,0,0,NA,0,NA,RT 1,OCEAN AV,21,S,N,A,-,Y,ORA,12,1,-,-,9.351,I,5,S,Y,2,0,2,1,A,-,01,23153,A,N,E,I,A,A,H,-,C,A,0,NA,NA,NA,NA,Y,Y,A,01,1,1,0,0,0,0,0,0,0,-,-,NA,NA,ORANGE,LAGUNA BEACH,-117.78424835205078,33.542171478271484
9672872,2024,2024-05-04,3004,2024-02-25,1103,P676,33,7,5,6,3004,0,0,0,NA,0,015,SUNFLOWER AV,S COAST PLZ,0,NA,N,A,-,N,NA,NA,NA,NA,NA,NA,NA,NA,NA,Y,3,0,1,2,A,-,12,21453,A,N,D,C,A,A,H,-,A,A,0,NA,NA,NA,NA,Y,NA,A,07,0,1,0,0,0,0,0,0,0,-,-,33.694000244140625,-117.88999938964844,ORANGE,COSTA MESA,-117.88992309570313,33.69429016113281
9672979,2024,2024-04-16,3004,2024-02-15,1447,P707,02,4,5,6,3004,0,0,0,NA,0,015,POMONA AVE,CENTER ST,59,N,N,A,-,N,NA,NA,NA,NA,NA,NA,NA,NA,NA,Y,4,0,1,2,A,-,08,22107,NA,N,F,E,A,A,H,-,A,D,0,NA,NA,NA,NA,Y,NA,A,01,0,0,1,0,0,0,0,0,0,-,-,33.64228057861328,-117.9276123046875,ORANGE,COSTA MESA,-117.92767333984376,33.6422004699707
9673945,2024,2024-05-01,3011,2024-02-28,1025,31626,46,3,5,4,3011,0,0,0,NA,0,003,SUMMIT DR,PARL ST,14,N,N,A,-,N,NA,NA,NA,NA,NA,NA,NA,NA,NA,Y,3,0,1,1,A,-,03,22350,NA,N,F,A,A,A,H,-,A,D,0,NA,NA,Y,NA,Y,NA,C,03,0,1,0,0,0,0,0,0,1,-,-,NA,NA,ORANGE,LAGUNA BEACH,-123.01248168945313,38.49504470825195
9677588,2024,2024-05-30,3000,2024-04-24,1855,6717,891F5,3,5,5,3050,0,0,0,NA,0,762,RIDGE ROUTE DR,ROCKFIELD BL,12,E,N,B,-,N,NA,NA,NA,NA,NA,NA,NA,NA,NA,N,4,0,1,2,A,-,11,21453,D,N,G,B,B,A,H,-,B,A,0,Y,NA,NA,NA,Y,NA,N,60,0,0,1,0,1,0,0,0,0,-,-,33.37268829345703,-117.4243392944336,ORANGE,LAKE FOREST,-117.712158203125,33.624149322509766
9677638,2024,2024-05-29,3000,2024-03-07,1907,9696,921F7,4,5,5,3040,0,0,0,NA,0,743,EL LAZO,ALLEGRA RD,80,N,N,A,-,N,NA,NA,NA,NA,NA,NA,NA,NA,NA,N,4,0,1,2,A,-,02,22400,A,N,C,C,A,A,G,-,C,D,0,NA,NA,Y,NA,Y,NA,C,02,0,0,1,0,0,0,0,0,1,-,-,NA,NA,ORANGE,LAGUNA NIGUEL,-117.70989990234376,33.56110763549805
9678157,2024,2024-05-04,3009,2024-02-11,46,5084,91,7,5,6,3009,0,0,0,NA,0,012,KATELLA AV,DALLAS DR,191,W,N,A,-,N,NA,NA,NA,NA,NA,NA,NA,NA,NA,Y,4,0,1,1,A,-,08,22107,NA,N,A,I,A,A,H,-,C,A,0,NA,NA,NA,NA,Y,Y,A,01,0,0,1,0,0,0,0,0,0,-,-,NA,NA,ORANGE,GARDEN GROVE,-117.95413970947266,33.80293655395508
9678538,2024,2024-04-22,3004,2024-02-23,1422,P707,12,5,5,6,3004,0,0,0,NA,0,015,SANTA ANA AV,MESA DR,0,NA,Y,A,-,N,NA,NA,NA,NA,NA,NA,NA,NA,NA,Y,4,0,1,2,A,-,12,21453,A,N,D,C,A,A,H,-,A,A,0,NA,NA,NA,NA,Y,NA,A,01,0,0,1,0,0,0,0,0,0,-,-,33.6609992980957,-117.88700103759766,ORANGE,COSTA MESA,-117.88764190673828,33.660980224609375
9678861,2024,2024-04-05,3012,2024-02-15,1144,705,46,4,5,5,3012,0,0,0,NA,0,004,IMPERIAL HWY,CYPRESS ST,254,W,N,A,-,Y,ORA,12,90,-,-,1.85,H,-,W,Y,3,0,2,2,A,-,05,21460,C,N,A,C,A,A,H,-,A,D,0,NA,NA,NA,NA,Y,NA,A,07,0,2,0,0,0,0,0,0,0,-,-,NA,NA,ORANGE,LA HABRA,-117.9446029663086,33.91740417480469