CASE_ID,ACCIDENT_YEAR,PROC_DATE,JURIS,COLLISION_DATE,COLLISION_TIME,OFFICER_ID,REPORTING_DISTRICT,DAY_OF_WEEK,CHP_SHIFT,POPULATION,CNTY_CITY_LOC,SPECIAL_COND,BEAT_TYPE,CHP_BEAT_TYPE,CITY_DIVISION_LAPD,CHP_BEAT_CLASS,BEAT_NUMBER,PRIMARY_RD,SECONDARY_RD,DISTANCE,DIRECTION,INTERSECTION,WEATHER_1,WEATHER_2,STATE_HWY_IND,CALTRANS_COUNTY,CALTRANS_DISTRICT,STATE_ROUTE,ROUTE_SUFFIX,POSTMILE_PREFIX,POSTMILE,LOCATION_TYPE,RAMP_INTERSECTION,SIDE_OF_HWY,TOW_AWAY,COLLISION_SEVERITY,NUMBER_KILLED,NUMBER_INJURED,PARTY_COUNT,PRIMARY_COLL_FACTOR,PCF_CODE_OF_VIOL,PCF_VIOL_CATEGORY,PCF_VIOLATION,PCF_VIOL_SUBSECTION,HIT_AND_RUN,TYPE_OF_COLLISION,MVIW,PED_ACTION,ROAD_SURFACE,ROAD_COND_1,ROAD_COND_2,LIGHTING,CONTROL_DEVICE,CHP_ROAD_TYPE,PEDESTRIAN_ACCIDENT,BICYCLE_ACCIDENT,MOTORCYCLE_ACCIDENT,TRUCK_ACCIDENT,NOT_PRIVATE_PROPERTY,ALCOHOL_INVOLVED,STWD_VEHTYPE_AT_FAULT,CHP_VEHTYPE_AT_FAULT,COUNT_SEVERE_INJ,COUNT_VISIBLE_INJ,COUNT_COMPLAINT_PAIN,COUNT_PED_KILLED,COUNT_PED_INJURED,COUNT_BICYCLIST_KILLED,COUNT_BICYCLIST_INJURED,COUNT_MC_KILLED,COUNT_MC_INJURED,PRIMARY_RAMP,SECONDARY_RAMP,LATITUDE,LONGITUDE,COUNTY,CITY,POINT_X,POINT_Y
6953441,2015,2015-06-17,3015,2015-05-20,1332,1098,22E,3,5,6,3015,0,0,0,NA,0,731,S GLASSELL ST,EAST CHAPMAN AV,0,NA,Y,B,-,N,NA,NA,NA,NA,NA,NA,NA,NA,NA,N,4,0,1,1,A,-,03,22350,NA,N,A,I,A,A,H,-,A,A,0,NA,Y,NA,NA,Y,NA,L,04,0,0,1,0,0,0,1,0,0,-,-,NA,NA,ORANGE,ORANGE,-117.853103,33.788169
6954118,2015,2015-07-15,3015,2015-06-10,1836,14358,61,3,5,6,3015,0,0,0,NA,0,313,WEST CHAPMAN AV,MAIN ST,42,NA,N,A,-,N,NA,NA,NA,NA,NA,NA,NA,NA,NA,N,4,0,1,2,A,-,08,22107,NA,N,D,C,A,A,H,-,A,A,0,NA,NA,Y,NA,Y,NA,A,01,0,0,1,0,0,0,0,0,1,-,-,NA,NA,ORANGE,ORANGE,-117.86730002,33.78790006
6954146,2015,2015-07-15,3015,2015-06-09,1543,913,11,2,5,6,3015,0,0,0,NA,0,7S1,NORTH STATE COLLEGE BL,ANAHEIM WY,0,NA,Y,B,-,N,NA,NA,NA,NA,NA,NA,NA,NA,NA,Y,3,0,2,2,A,-,12,21453,A,N,D,C,A,A,H,-,A,A,0,NA,NA,NA,NA,Y,NA,-,NA,0,1,1,0,0,0,0,0,0,-,-,NA,NA,ORANGE,ORANGE,-117.88994009,33.7926701
6954471,2015,2015-07-02,3000,2015-05-13,0907,5489,951E1,3,5,4,3049,0,0,0,NA,0,782,WOOD CANYON,KNOLLWOOD,43,S,N,B,-,N,NA,NA,NA,NA,NA,NA,NA,NA,NA,Y,4,0,4,3,A,-,03,22350,NA,N,C,C,A,A,H,-,A,D,0,NA,NA,NA,NA,Y,NA,A,01,0,0,4,0,0,0,0,0,0,-,-,NA,NA,ORANGE,ALISO VIEJO,-117.72216328,33.5534709
6955057,2015,2015-07-11,3019,2015-06-16,2103,3178,WE,2,5,7,3019,0,0,0,NA,0,001,NEW HOPE,CAMILE,45,S,N,A,-,N,NA,NA,NA,NA,NA,NA,NA,NA,NA,N,4,0,1,2,A,-,03,22350,NA,N,C,C,A,A,H,-,C,D,0,NA,NA,NA,NA,Y,NA,A,01,0,0,1,0,0,0,0,0,0,-,-,NA,NA,ORANGE,SANTA ANA,-117.92867864,33.74067663
6955761,2015,2016-11-19,9675,2015-06-02,0940,015011,NA,2,1,6,3015,0,1,3,NA,2,550,RT 55,KATELLA AV,58,S,N,A,-,Y,ORA,12,55,-,-,15.109,R,3,S,N,4,0,1,1,C,-,18,NA,NA,N,F,A,A,D,C,G,A,A,6,NA,NA,Y,NA,Y,NA,-,-,0,0,1,0,0,0,0,0,1,-,-,33.80959,-117.83265,ORANGE,ORANGE,-117.83204612,33.80802238
6957979,2015,2016-12-01,3001,2015-05-31,0021,415,1324,7,5,7,3001,0,0,0,NA,0,002,LEMON ST,RT 91,0,NA,Y,A,-,Y,ORA,12,91,-,-,3.644,R,4,W,Y,3,0,1,2,A,-,12,21453,A,N,D,C,A,A,H,-,C,A,0,NA,NA,NA,NA,Y,NA,A,01,0,1,0,0,0,0,0,0,0,-,WF,NA,NA,ORANGE,ANAHEIM,-117.91755165,33.85418693
6957987,2015,2016-11-29,3026,2015-05-29,1358,4779,U,5,5,6,3026,0,0,0,NA,0,00U,BONITA CANYON DR,RT 73,27,E,N,B,-,Y,ORA,12,73,-,-,22.215,R,4,N,Y,3,0,2,2,A,-,03,22350,NA,N,C,C,A,A,H,-,A,A,0,NA,NA,NA,NA,Y,NA,A,01,0,1,1,0,0,0,0,0,0,-,NF,NA,NA,ORANGE,IRVINE,-117.8377513,33.62986585
6958031,2015,2015-06-22,3000,2015-04-16,1105,8211,797H2,4,5,4,3021,0,0,0,NA,0,021,WESTERN AV,LINCOLN WY,158,N,N,A,-,N,NA,NA,NA,NA,NA,NA,NA,NA,NA,N,4,0,1,3,A,-,14,25103,NA,N,C,C,A,A,H,-,A,D,0,NA,NA,NA,NA,Y,NA,A,08,0,0,1,0,0,0,0,0,0,-,-,NA,NA,ORANGE,STANTON,-118.00166481,33.79873319
6958139,2015,2015-06-23,3019,2015-05-11,0026,3179,SOUTH,1,5,7,3019,0,0,0,NA,0,003,WEST 1ST ST,FLOWER ST,0,NA,Y,A,-,N,NA,NA,NA,NA,NA,NA,NA,NA,NA,Y,3,0,1,2,A,-,01,23152,NA,N,D,C,A,A,H,-,C,A,0,NA,NA,NA,NA,Y,Y,A,01,0,1,0,0,0,0,0,0,0,-,-,NA,NA,ORANGE,SANTA ANA,-117.87654008,33.7455501
6958469,2015,2015-07-09,3004,2015-06-04,1556,P543,24,4,5,6,3004,0,0,0,NA,0,015,SUNFLOWER,FUSCHIA,16,E,N,A,-,N,NA,NA,NA,NA,NA,NA,NA,NA,NA,Y,4,0,2,2,A,-,12,21453,A,N,D,C,A,A,H,-,A,A,0,NA,NA,NA,NA,Y,NA,A,01,0,0,2,0,0,0,0,0,0,-,-,33.4146,-117.5354,ORANGE,COSTA MESA,-117.79153,33.69564
6960085,2015,2015-07-02,3004,2015-06-07,1831,P543,16,7,5,6,3004,0,0,0,NA,0,008,FAIRVIEW RD,ARLINGTON,20,N,N,A,-,N,NA,NA,NA,NA,NA,NA,NA,NA,NA,Y,3,0,1,2,A,-,12,21453,A,N,D,C,A,A,H,-,A,A,0,NA,NA,NA,NA,Y,NA,A,01,0,1,0,0,0,0,0,0,0,-,-,33.6693,-117.9074,ORANGE,COSTA MESA,-117.90780079,33.66887483
6960150,2015,2016-11-09,3011,2015-06-07,1137,31216,71,7,5,4,3011,0,0,0,NA,0,001,LAGUNA CANYON RD,RAQUEL,25,N,N,A,-,Y,ORA,12,133,-,-,2.51,H,-,N,N,3,0,1,2,D,-,00,NA,NA,M,C,E,A,A,H,-,A,D,0,NA,NA,NA,NA,Y,NA,-,-,0,1,0,0,0,0,0,0,0,-,-,NA,NA,ORANGE,LAGUNA BEACH,-117.76338159,33.56986859
6960158,2015,2015-07-02,3012,2015-06-07,0354,601,1,7,5,5,3012,0,0,0,NA,0,001,HACIENDA DR,RUSSELL AV,100,S,N,A,-,N,NA,NA,NA,NA,NA,NA,NA,NA,NA,Y,4,0,2,1,A,-,03,22350,NA,N,A,I,A,A,H,-,C,D,0,NA,NA,NA,NA,Y,NA,A,01,0,0,2,0,0,0,0,0,0,-,-,NA,NA,ORANGE,LA HABRA,-117.96480596,33.94364588
6960195,2015,2015-07-09,3001,2015-06-06,1524,A1555,NA,6,5,7,3001,0,0,0,NA,0,0D2,BELMONT AV,BRIARWOOD ST,54,W,N,A,-,N,NA,NA,NA,NA,NA,NA,NA,NA,NA,Y,3,0,1,2,A,-,01,23152,A,M,C,E,A,A,H,-,A,D,0,NA,NA,NA,NA,Y,Y,A,07,0,1,0,0,0,0,0,0,0,-,-,NA,NA,ORANGE,ANAHEIM,-117.90523425,33.84823788
6960734,2015,2017-01-18,9670,2015-06-02,1750,18867,NA,2,2,5,3003,0,1,3,NA,2,092,RT 91,VALLEY VIEW ST,1320,W,N,A,-,Y,ORA,12,91,-,R,0.6,H,-,E,Y,4,0,1,2,A,-,03,22350,NA,N,C,C,A,A,H,-,A,D,1,NA,NA,NA,NA,Y,NA,A,01,0,0,1,0,0,0,0,0,0,-,-,33.85701,-118.03008,ORANGE,BUENA PARK,-118.03265311,33.85817753
6962758,2015,2016-06-18,9675,2015-06-11,0125,18924,NA,4,3,7,3001,0,3,5,NA,2,001,ESPERANZA RD,FAIRLYNN BL,141,W,N,B,-,N,NA,NA,NA,NA,NA,NA,NA,NA,NA,Y,4,0,1,2,A,-,01,23152,A,N,D,C,A,A,H,-,C,D,0,NA,NA,NA,NA,Y,Y,A,01,0,0,1,0,0,0,0,0,0,-,-,33.86279,-117.7867,ORANGE,ANAHEIM,-117.78673308,33.86271813
6963270,2015,2016-11-29,9670,2015-06-05,2356,20325,NA,5,3,5,3007,0,1,1,NA,2,040,RT 405,WARD ST,285,N,N,A,-,Y,ORA,12,405,-,-,13.21,H,-,N,Y,3,0,1,2,A,-,03,22350,NA,N,E,J,A,A,H,-,D,D,1,NA,NA,NA,NA,Y,NA,A,01,0,1,0,0,0,0,0,0,0,-,-,33.70075,-117.94716,ORANGE,FOUNTAIN VALLEY,-117.94642752,33.70052655
6963349,2015,2016-12-13,3010,2015-06-06,2218,1225,463,6,5,6,3010,0,0,0,NA,0,002,BEACH,ATLANTA,555,S,N,A,-,Y,ORA,12,39,-,-,0.53,H,-,N,N,4,0,1,2,A,-,03,22350,NA,N,C,C,A,A,H,-,C,D,0,NA,NA,NA,NA,Y,Y,A,07,0,0,1,0,0,0,0,0,0,-,-,NA,NA,ORANGE,HUNTINGTON BEACH,-117.9882404,33.6562337
6966230,2015,2015-07-16,3001,2015-06-11,1431,A1555,NA,4,5,7,3001,0,0,0,NA,0,0D1,N EUCLID ST,W LINCOLN AV,0,NA,Y,A,-,N,NA,NA,NA,NA,NA,NA,NA,NA,NA,Y,4,0,3,2,A,-,12,21453,A,N,D,C,A,A,H,-,A,A,0,NA,NA,NA,NA,Y,NA,A,01,0,0,3,0,0,0,0,0,0,-,-,NA,NA,ORANGE,ANAHEIM,-117.9414801,33.8325901
6966392,2015,2017-10-02,9690,2015-05-22,1140,18479,NA,5,1,5,3028,0,1,1,NA,2,056,RT 5,LA PAZ RD,900,S,N,B,-,Y,ORA,12,5,-,-,16.37,H,-,S,N,4,0,1,2,A,-,03,22350,A,N,C,C,A,A,H,-,A,D,6,NA,NA,NA,Y,Y,NA,F,26,0,0,1,0,0,0,0,0,0,-,-,33.59246,-117.6722,ORANGE,MISSION VIEJO,-117.67434378,33.59602057
6966556,2015,2015-06-30,3001,2015-05-30,0024,415,D1,6,5,7,3001,0,0,0,NA,0,NA,MAGNOLIA AV,LA PALMA AV,18,S,N,B,-,N,NA,NA,NA,NA,NA,NA,NA,NA,NA,N,2,0,1,2,A,-,11,21954,A,N,G,B,D,A,H,-,C,A,0,Y,NA,NA,NA,Y,Y,N,60,1,0,0,0,1,0,0,0,0,-,-,NA,NA,ORANGE,ANAHEIM,-117.97614,33.84680065
6966565,2015,2016-12-14,9690,2015-06-09,1645,16493,NA,2,2,5,3028,0,1,1,NA,2,056,RT 5,OSO CRK,1500,S,N,B,-,Y,ORA,12,5,-,-,14.51,H,-,S,Y,4,0,1,2,A,-,03,22350,NA,N,C,C,A,A,H,-,A,D,1,NA,NA,NA,NA,Y,NA,D,22,0,0,1,0,0,0,0,0,0,-,-,33.35687,-117.67234,ORANGE,MISSION VIEJO,-117.67206993,33.56981056
6966675,2015,2017-10-02,9690,2015-04-25,1050,15683,NA,6,1,4,3045,0,1,1,NA,2,055,RT 5,EL TORO RD,528,S,N,A,-,Y,ORA,12,5,-,-,18.59,H,-,S,Y,4,0,2,2,A,-,03,22350,NA,N,C,C,A,A,H,-,A,D,1,NA,NA,NA,NA,Y,NA,A,01,0,0,2,0,0,0,0,0,0,-,-,33.61354,-117.70669,ORANGE,LAGUNA HILLS,-117.70645842,33.61349726
6968588,2015,2015-07-06,3019,2015-06-03,1701,2776,SE,3,5,7,3019,0,0,0,NA,0,003,WARNER AV,WRIGHT ST,0,NA,Y,-,-,N,NA,NA,NA,NA,NA,NA,NA,NA,NA,Y,4,0,1,2,A,-,09,21801,A,N,D,C,A,A,H,-,A,A,0,NA,NA,NA,NA,Y,NA,D,22,0,0,1,0,0,0,0,0,0,-,-,NA,NA,ORANGE,SANTA ANA,-117.84703001,33.71589003
6971954,2015,2017-10-02,9690,2015-05-23,0740,016583,NA,6,1,4,3045,0,1,1,NA,2,055,RT 5,LAKE FOREST DR,1246,S,N,B,-,Y,ORA,12,5,-,-,19.65,H,-,S,Y,3,0,1,1,A,-,08,22107,NA,N,F,A,A,A,H,-,A,D,1,NA,NA,NA,NA,Y,NA,A,07,0,1,0,0,0,0,0,0,0,-,-,33.62471,-117.71765,ORANGE,LAGUNA HILLS,-117.71827721,33.62554663
6972817,2015,2016-06-18,3000,2015-06-11,0123,8418,971F4,4,5,4,3029,0,0,0,NA,0,737,RT 1,RITZ CARLTON DR,404,S,N,B,-,N,NA,NA,NA,NA,NA,NA,NA,NA,NA,Y,3,0,1,1,A,-,01,23152,A,M,E,I,A,A,H,-,C,D,0,NA,NA,NA,NA,Y,Y,A,07,0,1,0,0,0,0,0,0,0,-,-,NA,NA,ORANGE,DANA POINT,-117.718008,33.477953
6974330,2015,2016-11-29,9670,2015-06-25,1530,017951,NA,4,2,4,3020,0,1,1,NA,2,044,RT 405,SEAL BEACH BL,643,N,N,A,-,Y,ORA,12,405,-,-,22.77,H,-,N,Y,4,0,1,2,A,-,03,22350,NA,N,C,C,A,A,H,-,A,D,1,NA,NA,NA,NA,Y,NA,D,22,0,0,1,0,0,0,0,0,0,-,-,33.77473,-118.07707,ORANGE,SEAL BEACH,-118.07687894,33.77451928
6974510,2015,2016-12-10,3015,2015-06-05,1001,1521,33,5,5,6,3015,0,0,0,NA,0,NA,S TUSTIN ST,RT 22,5,S,N,A,-,Y,ORA,12,22,-,R,12.636,R,4,W,N,4,0,1,2,A,-,12,21453,A,M,D,C,A,A,H,-,A,A,0,NA,NA,NA,NA,Y,NA,-,-,0,0,1,0,0,0,0,0,0,-,WO,NA,NA,ORANGE,ORANGE,-117.83972275,33.77677286
6976487,2015,2015-07-03,3008,2015-05-16,0018,1435,NA,6,5,6,3008,0,0,0,NA,0,0Z2,COMMONWEALTH AV,CORNELL,15,W,N,A,-,N,NA,NA,NA,NA,NA,NA,NA,NA,NA,Y,3,0,1,2,A,-,03,22350,NA,N,C,C,A,A,H,-,C,D,0,NA,NA,NA,NA,Y,NA,A,01,0,1,0,0,0,0,0,0,0,-,-,NA,NA,ORANGE,FULLERTON,-117.90977929,33.87045907
6976585,2015,2016-12-14,3010,2015-06-07,0653,1109,435,7,5,6,3010,0,0,0,NA,0,005,RT 39,ADAMS,0,NA,Y,B,-,Y,ORA,12,39,-,-,1.63,I,5,S,Y,4,0,2,2,A,-,12,21453,A,N,D,C,A,A,H,-,A,A,0,NA,NA,NA,NA,Y,NA,-,-,0,0,2,0,0,0,0,0,0,-,-,NA,NA,ORANGE,HUNTINGTON BEACH,-117.98866901,33.67208672
6978088,2015,2015-07-14,3015,2015-06-26,1024,913,51,5,5,6,3015,0,0,0,NA,0,751,WEST CHAPMAN AV,S MARKS WY,200,E,N,A,-,N,NA,NA,NA,NA,NA,NA,NA,NA,NA,N,4,0,1,2,A,-,03,22350,NA,N,C,C,A,A,H,-,A,D,0,NA,NA,NA,NA,Y,NA,A,01,0,0,1,0,0,0,0,0,0,-,-,NA,NA,ORANGE,ORANGE,-117.87272335,33.7879088
6978127,2015,2015-07-14,3015,2015-06-27,1250,1444,061,6,5,6,3015,0,0,0,NA,0,WEST,SOUTH MAIN ST,W ALMOND AV,0,NA,Y,B,-,N,NA,NA,NA,NA,NA,NA,NA,NA,NA,Y,4,0,1,3,A,-,12,21453,A,N,D,C,A,A,H,-,A,A,0,NA,NA,NA,NA,Y,NA,A,01,0,0,1,0,0,0,0,0,0,-,-,NA,NA,ORANGE,ORANGE,-117.86729001,33.78605006
6978385,2015,2016-11-09,3010,2015-06-17,1729,1059,473,3,5,6,3010,0,0,0,NA,0,002,RT 1,NEWLAND ST,425,N,N,B,-,Y,ORA,12,1,-,-,23.35,H,-,S,Y,3,0,4,3,A,-,04,21703,NA,N,C,C,A,A,H,-,A,A,0,NA,NA,NA,NA,Y,NA,A,01,0,1,3,0,0,0,0,0,0,-,-,NA,NA,ORANGE,HUNTINGTON BEACH,-117.98247047,33.64492054
6978847,2015,2015-07-10,3001,2015-06-21,0047,A2132,NA,7,5,7,3001,0,0,0,NA,0,0D3,WEST BALL RD,S DISNEYLAND DR,240,W,N,B,-,N,NA,NA,NA,NA,NA,NA,NA,NA,NA,Y,4,0,2,2,A,-,09,21801,A,M,D,C,A,A,H,-,C,D,0,NA,NA,NA,NA,Y,NA,A,01,0,0,2,0,0,0,0,0,0,-,-,NA,NA,ORANGE,ANAHEIM,-117.92312825,33.81814256
6978913,2015,2016-11-19,3004,2015-06-07,1851,P510,33,7,5,6,3004,0,0,0,NA,0,005,BRISTOL ST,RT 405,100,S,N,A,-,Y,ORA,12,405,-,-,9.341,R,4,N,Y,2,0,1,2,A,-,07,21658,A,N,C,C,A,A,H,-,A,D,0,NA,NA,Y,NA,Y,NA,A,07,1,0,0,0,0,0,0,0,1,-,SF,NA,NA,ORANGE,COSTA MESA,-117.88266624,33.68750756
6982534,2015,2015-07-18,3001,2015-07-03,1245,0963,NA,5,5,7,3001,0,0,0,NA,0,0D2,1 POWER SPUR,OLIVE ST,100,W,N,A,-,N,NA,NA,NA,NA,NA,NA,NA,NA,NA,Y,3,0,1,2,A,-,08,22107,NA,N,D,C,A,A,H,-,A,D,0,NA,NA,NA,NA,Y,NA,A,01,0,1,0,0,0,0,0,0,0,-,-,NA,NA,ORANGE,ANAHEIM,NA,NA
6983494,2015,2017-01-18,3002,2015-06-18,1240,1382,528Z,4,5,4,3002,0,0,0,NA,0,014,IMPERIAL HWY,RT 57,297,E,N,A,-,Y,ORA,12,90,-,R,5.39,H,-,W,N,4,0,2,3,A,-,03,22350,NA,N,C,C,A,A,H,-,A,A,0,NA,NA,NA,NA,Y,NA,A,01,0,0,2,0,0,0,0,0,0,-,-,NA,NA,ORANGE,BREA,-117.88468487,33.9109356
6983746,2015,2015-07-25,3012,2015-06-25,0738,625,NA,4,5,5,3012,0,0,0,NA,0,004,SOUTH HARBOR BL,HARBOR,685,N,N,A,-,N,NA,NA,NA,NA,NA,NA,NA,NA,NA,N,4,0,1,2,A,-,12,22450,A,F,D,G,A,A,H,-,A,A,0,NA,Y,NA,NA,Y,Y,A,08,0,0,1,0,0,0,1,0,0,-,-,NA,NA,ORANGE,LA HABRA,-117.93305,33.93188
6984326,2015,2015-07-21,3003,2015-05-16,1608,657,3003,6,5,5,3003,0,0,0,NA,0,NA,CRESCENT AV,GRAND AV,0,NA,Y,A,-,N,NA,NA,NA,NA,NA,NA,NA,NA,NA,Y,3,0,1,2,A,-,09,21801,A,N,B,C,A,A,H,-,A,D,0,NA,NA,NA,NA,Y,NA,A,01,0,1,0,0,0,0,0,0,0,-,-,NA,NA,ORANGE,BUENA PARK,-117.99797006,33.83937005
6986184,2015,2016-11-08,9675,2015-06-30,1300,019241,NA,2,1,4,3002,0,1,3,NA,2,570,RT 57,IMPERIAL HWY,1056,N,N,A,-,Y,ORA,12,57,-,-,20.21,H,-,S,Y,4,0,2,3,A,-,03,22350,NA,N,C,C,A,A,H,-,A,D,6,NA,NA,NA,NA,Y,NA,A,01,0,0,2,0,0,0,0,0,0,-,-,33.91317,-117.88346,ORANGE,BREA,-117.88219028,33.91556089
6986983,2015,2015-08-04,3008,2015-07-02,1501,1157,NA,4,5,6,3008,0,0,0,NA,0,0II,CHAPMAN AV,HARBOR BL,145,W,N,A,-,N,NA,NA,NA,NA,NA,NA,NA,NA,NA,Y,4,0,2,7,A,-,03,22350,NA,N,A,C,A,A,H,-,A,D,0,NA,NA,NA,NA,Y,NA,A,01,0,0,2,0,0,0,0,0,0,-,-,NA,NA,ORANGE,FULLERTON,-117.92481658,33.87393
6987920,2015,2017-01-18,9675,2015-07-01,1550,15208,NA,3,2,7,3001,0,1,3,NA,2,093,RT 91,TUSTIN AV,1000,E,N,A,-,Y,ORA,12,91,-,-,8.65,H,-,W,Y,3,0,1,2,A,-,03,22350,NA,N,C,C,A,A,H,-,A,D,1,NA,NA,Y,NA,Y,NA,C,02,0,1,0,0,0,0,0,0,1,-,-,NA,NA,ORANGE,ANAHEIM,-117.83431502,33.8490224
6989299,2015,2017-01-28,9675,2015-07-06,1810,17993,NA,1,2,7,3001,0,1,3,NA,2,093,RT 91,RT 57,25,W,N,A,-,Y,ORA,12,91,-,-,6.12,H,-,W,N,4,0,1,2,A,-,03,22350,NA,N,C,C,A,A,H,-,A,D,6,NA,NA,NA,NA,Y,NA,A,01,0,0,1,0,0,0,0,0,0,-,-,33.85002,-117.87629,ORANGE,ANAHEIM,-117.87579642,33.84988865
6989318,2015,2017-01-20,9675,2015-07-07,0105,018017,NA,2,3,7,3019,0,1,3,NA,2,552,RT 55,DYER RD,100,N,N,A,-,Y,ORA,12,55,-,-,8,H,-,N,Y,3,0,2,2,A,-,08,22107,NA,N,D,C,A,A,H,-,C,D,6,NA,NA,NA,NA,Y,NA,A,01,0,1,1,0,0,0,0,0,0,-,-,33.70955,-117.85028,ORANGE,SANTA ANA,-117.85054448,33.70984353
6989442,2015,2015-07-16,3024,2015-06-16,1313,151,P12,2,5,5,3024,0,0,0,NA,0,WEST,TRASK AV,RICHARDSON WY,15,W,N,A,-,N,NA,NA,NA,NA,NA,NA,NA,NA,NA,Y,4,0,1,2,A,-,09,21804,A,N,D,C,A,A,H,-,A,D,0,NA,NA,NA,NA,Y,NA,A,07,0,0,1,0,0,0,0,0,0,-,-,NA,NA,ORANGE,WESTMINSTER,-117.99424924,33.76651
6989619,2015,2016-12-22,9675,2015-07-02,1440,020766,NA,4,2,6,3008,0,1,3,NA,2,070,RT 57,IMPERIAL HWY,500,S,N,A,-,Y,ORA,12,57,-,-,19.77,H,-,N,N,4,0,1,2,A,-,03,22350,NA,N,C,C,A,A,H,-,A,D,6,NA,NA,NA,NA,Y,NA,A,08,0,0,1,0,0,0,0,0,0,-,-,33.91018,-117.88179,ORANGE,FULLERTON,-117.88311977,33.90951005
6990322,2015,2017-01-12,9670,2015-07-08,1620,019893,NA,3,2,6,3009,0,1,3,NA,2,021,RT 22 W/B GARDEN GROVE FWY,VALLEY VIEW ST,25,W,N,A,-,Y,ORA,12,22,-,R,0.92,H,-,W,N,4,0,1,2,A,-,03,22350,NA,N,C,C,A,A,H,-,A,D,1,NA,NA,NA,NA,Y,NA,A,01,0,0,1,0,0,0,0,0,0,-,-,33.77486,-118.03825,ORANGE,GARDEN GROVE,-118.03768954,33.77456357
6990580,2015,2017-02-02,3010,2015-07-04,2157,0147,195,6,5,6,3010,0,0,0,NA,0,004,RT 1,SEAPOINT,1187,N,N,A,-,Y,ORA,12,1,-,-,27.27,H,-,N,Y,4,0,1,1,A,-,08,22107,NA,N,H,I,A,A,H,-,C,D,0,NA,NA,NA,NA,Y,NA,D,22,0,0,1,0,0,0,0,0,0,-,-,NA,NA,ORANGE,HUNTINGTON BEACH,-118.03473718,33.68243286
6990591,2015,2015-08-05,3001,2015-07-18,1504,A1252,NA,6,5,7,3001,0,0,0,NA,0,0D3,ORANGEWOOD AV,DUPONT DR,57,E,N,B,C,N,NA,NA,NA,NA,NA,NA,NA,NA,NA,Y,3,0,2,2,A,-,07,21658,A,N,D,C,A,A,H,-,A,D,0,NA,NA,NA,NA,Y,NA,A,01,0,1,1,0,0,0,0,0,0,-,-,NA,NA,ORANGE,ANAHEIM,-117.88554283,33.79613
6990596,2015,2015-08-05,3010,2015-07-18,1459,1059,465,6,5,6,3010,0,0,0,NA,0,002,MAGNOLIA ST,ATLANTA AV,131,N,N,C,-,N,NA,NA,NA,NA,NA,NA,NA,NA,NA,N,4,0,1,2,A,-,09,21804,A,M,D,C,A,B,H,-,A,D,0,NA,NA,NA,NA,Y,NA,D,22,0,0,1,0,0,0,0,0,0,-,-,NA,NA,ORANGE,HUNTINGTON BEACH,-117.97105521,33.65808914
6991859,2015,2015-07-28,3016,2015-07-07,1030,1252,8,2,5,5,3016,0,0,0,NA,0,001,YORBA LINDA BL,KRAEMER BL,229,E,N,B,-,N,NA,NA,NA,NA,NA,NA,NA,NA,NA,N,4,0,1,2,A,-,03,22350,NA,N,C,C,A,A,H,-,A,A,0,NA,NA,NA,NA,Y,NA,A,08,0,0,1,0,0,0,0,0,0,-,-,NA,NA,ORANGE,PLACENTIA,-117.86280385,33.88797752
6991899,2015,2015-07-29,3001,2015-07-04,2216,1880,NA,6,5,7,3001,0,0,0,NA,0,0D3,WEST BALL RD,S CAST PL,250,E,N,A,-,N,NA,NA,NA,NA,NA,NA,NA,NA,NA,N,4,0,2,2,A,-,03,22350,NA,N,C,C,A,A,H,-,C,A,0,NA,NA,NA,NA,Y,NA,A,07,0,0,2,0,0,0,0,0,0,-,-,NA,NA,ORANGE,ANAHEIM,-117.91956888,33.81804383
6991908,2015,2015-07-28,3001,2015-07-15,1852,A2209,NA,3,5,7,3001,0,0,0,NA,0,0D2,N RAYMOND AV,E ORANGEFAIR LN,146,S,N,A,-,N,NA,NA,NA,NA,NA,NA,NA,NA,NA,NA,3,0,1,2,A,-,09,21801,A,N,E,A,A,A,H,-,A,D,0,NA,NA,Y,NA,Y,NA,A,01,0,1,0,0,0,0,0,0,1,-,-,NA,NA,ORANGE,ANAHEIM,-117.90675,33.85544974
6992353,2015,2017-01-28,9670,2015-07-16,1650,15587,NA,4,2,6,3008,0,1,1,NA,2,500,RT 91,RT 5,300,W,N,A,-,Y,ORA,12,5,-,-,41.705,R,1,N,Y,4,0,1,3,A,-,03,22350,NA,N,C,C,A,A,H,-,A,D,6,NA,NA,NA,NA,Y,NA,D,22,0,0,1,0,0,0,0,0,0,-,-,33.85789,-117.98104,ORANGE,FULLERTON,-117.97336076,33.85315197
6993804,2015,2015-08-10,3024,2015-07-20,1915,175,P11,1,5,5,3024,0,0,0,NA,0,WEST,GOLDENWEST ST,FENWAY DR,0,NA,Y,A,-,N,NA,NA,NA,NA,NA,NA,NA,NA,NA,N,3,0,1,2,A,-,09,21802,A,N,D,D,A,A,H,-,B,D,0,NA,NA,Y,NA,Y,NA,A,01,0,1,0,0,0,0,0,0,1,-,-,NA,NA,ORANGE,WESTMINSTER,-118.00722008,33.76459004
6995758,2015,2015-08-01,3000,2015-06-13,1515,3358,972E1,6,5,4,3018,0,0,0,NA,0,731,LA NOVIA,CALLE ARROYO,19,E,N,A,-,N,NA,NA,NA,NA,NA,NA,NA,NA,NA,N,3,0,1,2,A,-,03,22350,NA,N,H,G,A,A,H,-,B,D,0,NA,Y,NA,NA,Y,NA,L,04,0,1,0,0,0,0,1,0,0,-,-,NA,NA,ORANGE,SAN JUAN CAPISTRANO,-117.64883932,33.50339471
6996026,2015,2016-07-26,3012,2015-07-14,1156,571,37,2,5,5,3012,0,0,0,NA,0,003,IMPERIAL HWY,BRASS LANTERN DR,236,E,N,A,-,N,NA,NA,NA,NA,NA,NA,NA,NA,NA,Y,4,0,1,2,A,-,09,21804,A,N,-,C,A,A,-,-,A,A,0,NA,NA,NA,NA,Y,NA,A,01,0,0,1,0,0,0,0,0,0,-,-,NA,NA,ORANGE,LA HABRA,-117.97083389,33.91729
6996076,2015,2015-08-07,3019,2015-07-09,1151,2001,NE,4,5,7,3019,0,0,0,NA,0,NA,4TH ST,GARFIELD ST,0,NA,Y,A,-,N,NA,NA,NA,NA,NA,NA,NA,NA,NA,Y,4,0,2,2,A,-,09,21804,A,N,D,C,A,A,H,-,A,A,0,NA,NA,NA,NA,Y,NA,A,07,0,0,2,0,0,0,0,0,0,-,-,NA,NA,ORANGE,SANTA ANA,-117.85913012,33.74801007