CASE_ID,ACCIDENT_YEAR,PROC_DATE,JURIS,COLLISION_DATE,COLLISION_TIME,OFFICER_ID,REPORTING_DISTRICT,DAY_OF_WEEK,CHP_SHIFT,POPULATION,CNTY_CITY_LOC,SPECIAL_COND,BEAT_TYPE,CHP_BEAT_TYPE,CITY_DIVISION_LAPD,CHP_BEAT_CLASS,BEAT_NUMBER,PRIMARY_RD,SECONDARY_RD,DISTANCE,DIRECTION,INTERSECTION,WEATHER_1,WEATHER_2,STATE_HWY_IND,CALTRANS_COUNTY,CALTRANS_DISTRICT,STATE_ROUTE,ROUTE_SUFFIX,POSTMILE_PREFIX,POSTMILE,LOCATION_TYPE,RAMP_INTERSECTION,SIDE_OF_HWY,TOW_AWAY,COLLISION_SEVERITY,NUMBER_KILLED,NUMBER_INJURED,PARTY_COUNT,PRIMARY_COLL_FACTOR,PCF_CODE_OF_VIOL,PCF_VIOL_CATEGORY,PCF_VIOLATION,PCF_VIOL_SUBSECTION,HIT_AND_RUN,TYPE_OF_COLLISION,MVIW,PED_ACTION,ROAD_SURFACE,ROAD_COND_1,ROAD_COND_2,LIGHTING,CONTROL_DEVICE,CHP_ROAD_TYPE,PEDESTRIAN_ACCIDENT,BICYCLE_ACCIDENT,MOTORCYCLE_ACCIDENT,TRUCK_ACCIDENT,NOT_PRIVATE_PROPERTY,ALCOHOL_INVOLVED,STWD_VEHTYPE_AT_FAULT,CHP_VEHTYPE_AT_FAULT,COUNT_SEVERE_INJ,COUNT_VISIBLE_INJ,COUNT_COMPLAINT_PAIN,COUNT_PED_KILLED,COUNT_PED_INJURED,COUNT_BICYCLIST_KILLED,COUNT_BICYCLIST_INJURED,COUNT_MC_KILLED,COUNT_MC_INJURED,PRIMARY_RAMP,SECONDARY_RAMP,LATITUDE,LONGITUDE,COUNTY,CITY,POINT_X,POINT_Y
7076120,2015,2016-07-26,3002,2015-08-21,1146,1647,632X,5,5,4,3002,0,0,0,NA,0,014,IMPERIAL HWY,LA FLORESTA DR,161,E,N,A,-,N,NA,NA,NA,NA,NA,NA,NA,NA,NA,N,4,0,1,2,A,-,03,22350,NA,N,C,C,A,A,H,-,A,A,0,NA,NA,NA,NA,Y,NA,I,11,0,0,1,0,0,0,0,0,0,-,-,NA,NA,ORANGE,BREA,-117.8478382,33.90678429
7076551,2015,2017-02-02,3011,2015-08-14,2206,31348,23,5,5,4,3011,0,0,0,NA,0,001,RT 1,VIEJO ST,105,N,N,A,-,Y,ORA,12,1,-,-,10.43,H,-,N,Y,2,0,3,2,A,-,08,22102,NA,N,D,C,A,A,H,-,C,D,0,NA,NA,NA,NA,Y,NA,A,01,1,1,1,0,0,0,0,0,0,-,-,NA,NA,ORANGE,LAGUNA BEACH,-117.80135338,33.548857
7077314,2015,2015-10-03,3010,2015-09-21,1153,1145,NA,1,5,6,3010,0,0,0,NA,0,NA,VANTAGE CIR,RHONE LN,21,E,N,B,-,N,NA,NA,NA,NA,NA,NA,NA,NA,NA,N,4,0,1,4,C,-,18,NA,NA,N,E,I,A,A,H,-,A,D,0,NA,NA,NA,NA,Y,NA,-,-,0,0,1,0,0,0,0,0,0,-,-,NA,NA,ORANGE,HUNTINGTON BEACH,-117.99731633,33.71827453
7077318,2015,2015-10-10,3010,2015-09-21,1917,251,NA,1,5,6,3010,0,0,0,NA,0,NA,MAIN ST,UTICA,145,N,N,A,-,N,NA,NA,NA,NA,NA,NA,NA,NA,NA,Y,4,0,2,2,A,-,03,22350,NA,N,C,C,A,A,H,-,B,A,0,NA,NA,NA,NA,Y,Y,D,22,0,0,2,0,0,0,0,0,0,-,-,NA,NA,ORANGE,HUNTINGTON BEACH,-118.00173,33.67606757
7078683,2015,2017-01-14,9670,2015-09-01,1513,13102,NA,2,2,3,3006,0,1,3,NA,2,092,RT 91,ORANGETHORPE AV,260,E,N,B,-,Y,ORA,12,91,-,R,0.59,H,-,E,Y,4,0,1,2,A,-,03,22350,NA,N,C,C,A,A,H,-,A,D,1,NA,NA,NA,NA,Y,NA,A,07,0,0,1,0,0,0,0,0,0,-,-,33.85824,-118.03295,ORANGE,LA PALMA,-118.03281416,33.85824435
7078774,2015,2015-09-25,3008,2015-08-30,2030,1351,NA,7,5,6,3008,0,0,0,NA,0,ZONE2,HARBOR BL,AMERIGE AV,0,NA,Y,A,-,N,NA,NA,NA,NA,NA,NA,NA,NA,NA,N,3,0,2,3,A,-,12,21453,A,M,G,B,B,A,H,-,C,A,0,Y,NA,NA,NA,Y,NA,-,99,0,1,1,0,2,0,0,0,0,-,-,NA,NA,ORANGE,FULLERTON,-117.92438006,33.87138008
7078964,2015,2015-10-16,3026,2015-08-18,2153,528,CROSS,2,5,6,3026,0,0,0,NA,0,00C,PACIFICA,IRVINE CENTER DR,406,W,N,A,-,N,NA,NA,NA,NA,NA,NA,NA,NA,NA,N,4,0,1,1,A,-,01,23152,A,N,B,I,A,A,H,-,C,A,0,NA,NA,NA,NA,Y,Y,A,01,0,0,1,0,0,0,0,0,0,-,-,NA,NA,ORANGE,IRVINE,-117.75002572,33.65109469
7079432,2015,2015-10-27,3001,2015-10-07,0827,A1555,NA,3,5,7,3001,0,0,0,NA,0,0D2,SOUTH ST,DORCHESTER ST,0,NA,Y,A,-,N,NA,NA,NA,NA,NA,NA,NA,NA,NA,Y,4,0,2,2,A,-,09,21802,A,N,D,C,A,A,H,-,A,A,0,NA,NA,NA,NA,Y,NA,A,01,0,0,2,0,0,0,0,0,0,-,-,NA,NA,ORANGE,ANAHEIM,-117.89157004,33.83121008
7079459,2015,2015-10-17,3001,2015-09-30,0740,1670,NA,3,5,7,3001,0,0,0,NA,0,0D1,ORANGE AV,DANBROOK DR,12,W,N,A,-,N,NA,NA,NA,NA,NA,NA,NA,NA,NA,N,4,0,1,2,A,-,03,22350,NA,N,C,C,A,A,H,-,A,D,0,NA,NA,NA,NA,Y,NA,A,01,0,0,1,0,0,0,0,0,0,-,-,NA,NA,ORANGE,ANAHEIM,-118.00829942,33.8245898
7079672,2015,2015-10-17,3015,2015-09-21,0616,1365,NA,1,5,6,3015,0,0,0,NA,0,124,N GLASSELL ST,E CHESTNUT AV,334,S,N,A,-,N,NA,NA,NA,NA,NA,NA,NA,NA,NA,Y,4,0,1,3,A,-,07,21658,NA,N,C,C,A,A,H,-,B,D,0,NA,NA,NA,NA,Y,NA,A,01,0,0,1,0,0,0,0,0,0,-,-,NA,NA,ORANGE,ORANGE,-117.85298971,33.81279443
7079876,2015,2016-07-26,3007,2015-09-10,1203,1128,NA,4,5,5,3007,0,0,0,NA,0,NA,ADOBE RIVER,BIG BEN CT,50,E,N,A,-,N,NA,NA,NA,NA,NA,NA,NA,NA,NA,N,3,0,1,2,A,-,03,22350,NA,N,C,E,A,A,H,-,A,-,0,NA,NA,NA,NA,Y,NA,-,NA,0,1,0,0,0,0,0,0,0,-,-,NA,NA,ORANGE,FOUNTAIN VALLEY,-117.95197206,33.69838918
7079970,2015,2017-01-23,3014,2015-08-29,2230,1458,RD25,6,5,5,3014,0,0,0,NA,0,0A2,RT 55,HOSPITAL RD,90,S,N,A,-,Y,ORA,12,55,-,-,0.57,H,-,N,Y,4,0,1,3,A,-,01,23152,A,N,C,C,A,A,H,-,C,A,0,NA,NA,NA,NA,Y,Y,A,01,0,0,1,0,0,0,0,0,0,-,-,33.3731,-117.5541,ORANGE,NEWPORT BEACH,-117.92810226,33.62535592
7080020,2015,2015-09-28,3010,2015-09-10,1151,1059,283,4,5,6,3010,0,0,0,NA,0,006,NEWMAN AV,CAMERON LN,0,NA,Y,A,-,N,NA,NA,NA,NA,NA,NA,NA,NA,NA,Y,3,0,3,2,A,-,09,21802,A,N,A,C,A,A,D,-,A,A,0,NA,NA,NA,NA,Y,NA,A,01,0,1,2,0,0,0,0,0,0,-,-,NA,NA,ORANGE,HUNTINGTON BEACH,-117.98803011,33.70479005
7080048,2015,2015-09-28,3010,2015-09-08,2034,1029,432,2,5,6,3010,0,0,0,NA,0,005,YORKTOWN,DELAWARE,0,NA,Y,A,-,N,NA,NA,NA,NA,NA,NA,NA,NA,NA,Y,3,0,4,2,A,-,09,21801,A,N,D,C,A,A,H,-,C,A,0,NA,NA,NA,NA,Y,NA,A,01,0,1,3,0,0,0,0,0,0,-,-,NA,NA,ORANGE,HUNTINGTON BEACH,-117.99305004,33.67942012
7080050,2015,2015-09-29,3013,2015-09-10,1945,184,3013,4,5,3,3013,0,0,0,NA,0,NORTH,LOS ALAMITOS BL,CATALINA ST,152,S,N,A,-,N,NA,NA,NA,NA,NA,NA,NA,NA,NA,N,4,0,1,2,A,-,09,21804,A,N,D,G,A,A,H,-,C,D,0,NA,Y,NA,NA,Y,NA,A,01,0,0,1,0,0,0,1,0,0,-,-,NA,NA,ORANGE,LOS ALAMITOS,-118.07186074,33.80631329
7080174,2015,2015-10-10,3001,2015-08-17,1231,2064,2,1,5,7,3001,0,0,0,NA,0,0D2,EAST SANTA ANA ST,NORTH ST,36,S,N,A,-,N,NA,NA,NA,NA,NA,NA,NA,NA,NA,N,3,0,1,2,A,-,07,21658,A,N,B,G,A,A,H,-,A,D,0,NA,Y,NA,NA,Y,NA,L,04,0,1,0,0,0,0,1,0,0,-,-,NA,NA,ORANGE,ANAHEIM,NA,NA
7081372,2015,2015-10-05,3001,2015-09-16,0722,A1555,NA,3,5,7,3001,0,0,0,NA,0,0D3,W CHATEAU AV,SOUTH WALNUT ST,302,E,N,B,-,N,NA,NA,NA,NA,NA,NA,NA,NA,NA,Y,4,0,2,2,A,-,09,21804,A,N,D,C,A,A,H,-,A,D,0,NA,NA,NA,NA,Y,NA,A,07,0,0,2,0,0,0,0,0,0,-,-,NA,NA,ORANGE,ANAHEIM,-117.92749755,33.82131144
7082876,2014,2015-10-06,3015,2014-11-10,1650,058,M,1,5,6,3015,0,0,0,NA,0,NA,PAVILION WY,MEDICAL CENTER DR,0,NA,Y,A,-,N,NA,NA,NA,NA,NA,NA,NA,NA,NA,Y,3,0,1,1,A,-,08,22107,NA,N,E,I,A,A,H,-,A,D,0,NA,NA,NA,NA,Y,NA,A,08,0,1,0,0,0,0,0,0,0,-,-,NA,NA,ORANGE,ORANGE,-117.890236,33.787317
7087685,2015,2015-10-17,3026,2015-09-19,0854,8929,NA,6,5,6,3026,0,0,0,NA,0,NA,HILLCREST,STARCREST,4,E,N,A,-,N,NA,NA,NA,NA,NA,NA,NA,NA,NA,N,3,0,1,2,A,-,09,21801,A,N,H,G,A,A,H,-,A,D,0,NA,Y,NA,NA,Y,NA,D,23,0,1,0,0,0,0,1,0,0,-,-,NA,NA,ORANGE,IRVINE,-117.8133877,33.64135379
7088544,2015,2015-10-20,3001,2015-09-26,1601,1278,NA,6,5,7,3001,0,0,0,NA,0,0D3,GUINIDA LN,IRIS ST,528,W,N,A,-,N,NA,NA,NA,NA,NA,NA,NA,NA,NA,N,3,0,1,2,A,-,10,21952,NA,N,G,B,-,A,H,-,A,D,0,Y,NA,NA,NA,Y,NA,A,01,0,1,0,0,1,0,0,0,0,-,-,NA,NA,ORANGE,ANAHEIM,-117.91064136,33.81407142
7088767,2015,2017-02-02,3010,2015-10-03,0840,1225,162,6,5,6,3010,0,0,0,NA,0,008,RT 1,BROADWAY,48,N,N,A,-,Y,ORA,12,1,-,-,30.51,H,-,S,Y,2,0,1,2,D,-,00,NA,NA,N,B,G,A,A,H,-,A,D,0,NA,Y,NA,NA,Y,NA,-,-,1,0,0,0,0,0,1,0,0,-,-,NA,NA,ORANGE,HUNTINGTON BEACH,-118.07060515,33.71805657
7088795,2015,2017-02-03,3010,2015-10-03,1207,1225,253,6,5,6,3010,0,0,0,NA,0,007,RT 39,STARK,222,N,-,A,-,Y,ORA,12,39,-,-,5.51,H,-,N,Y,4,0,4,2,A,-,03,22350,NA,N,C,C,A,A,H,-,A,A,0,NA,NA,NA,NA,Y,NA,A,01,0,0,4,0,0,0,0,0,0,-,-,NA,NA,ORANGE,HUNTINGTON BEACH,-117.98919861,33.72835544
7088799,2015,2015-10-13,3004,2015-10-05,1411,P543,11,1,5,6,3004,0,0,0,NA,0,003,HARBOR BL,VICTORIA,0,NA,Y,A,-,N,NA,NA,NA,NA,NA,NA,NA,NA,NA,N,3,0,1,2,A,-,07,21658,A,N,D,G,A,A,H,-,A,A,0,NA,Y,NA,NA,Y,NA,L,04,0,1,0,0,0,0,1,0,0,-,-,33.6537,-117.9191,ORANGE,COSTA MESA,-117.91908,33.65253007
7092799,2015,2015-10-22,3013,2015-10-13,1655,170,NA,2,5,3,3013,0,0,0,NA,0,NA,KATELLA AV,SIBONEY ST,148,W,N,A,-,N,NA,NA,NA,NA,NA,NA,NA,NA,NA,N,3,0,1,1,A,-,03,22350,NA,N,H,A,A,A,H,-,A,A,0,NA,NA,Y,NA,Y,NA,C,02,0,1,0,0,0,0,0,0,1,-,-,NA,NA,ORANGE,LOS ALAMITOS,-118.04413598,33.802939
7093319,2015,2015-10-26,3019,2015-10-04,0711,3338,WE,7,5,7,3019,0,0,0,NA,0,001,BRISTOL ST,SANTA ANA BL,108,S,N,B,C,N,NA,NA,NA,NA,NA,NA,NA,NA,NA,Y,3,0,2,3,A,-,03,22350,NA,N,C,C,A,B,H,-,A,A,0,NA,NA,NA,NA,Y,NA,A,01,0,1,1,0,0,0,0,0,0,-,-,33.74774,-117.8851,ORANGE,SANTA ANA,-117.88517987,33.74764404
7093384,2015,2015-10-30,3004,2015-10-21,1300,P429,13,3,5,6,3004,0,0,0,NA,0,013,W WILSON ST,FAIRVIEW RD,405,W,N,A,-,N,NA,NA,NA,NA,NA,NA,NA,NA,NA,N,4,0,1,2,A,-,08,22107,NA,N,B,G,A,A,H,-,A,D,0,NA,Y,NA,NA,Y,NA,D,22,0,0,1,0,0,0,1,0,0,-,-,33.656,-117.9084,ORANGE,COSTA MESA,-117.90900756,33.65627193
7093459,2015,2015-10-29,3019,2015-10-06,2205,3346,SC,2,5,7,3019,0,0,0,NA,0,002,RAITT ST,MONTA VISTA AV,0,NA,Y,A,-,N,NA,NA,NA,NA,NA,NA,NA,NA,NA,Y,4,0,1,2,A,-,09,21802,A,N,D,C,A,A,H,-,D,D,0,NA,NA,NA,NA,Y,NA,A,01,0,0,1,0,0,0,0,0,0,-,-,NA,NA,ORANGE,SANTA ANA,-117.89382011,33.73827006
7093479,2015,2015-10-29,3019,2015-10-11,1313,9083,164,7,5,7,3019,0,0,0,NA,0,0NE,SYCAMORE ST,10TH ST,110,S,N,A,-,N,NA,NA,NA,NA,NA,NA,NA,NA,NA,Y,4,0,2,2,A,-,09,21804,NA,N,B,C,A,A,H,-,A,A,0,NA,NA,NA,NA,Y,NA,A,01,0,0,2,0,0,0,0,0,0,-,-,NA,NA,ORANGE,SANTA ANA,-117.8686344,33.75308847
7093968,2015,2015-10-24,3022,2015-10-15,0918,1181,NA,4,5,5,3022,0,0,0,NA,0,NA,RED HILL AV,WALNUT AV,0,NA,Y,B,-,N,NA,NA,NA,NA,NA,NA,NA,NA,NA,Y,4,0,1,2,A,-,12,21453,A,N,D,C,A,A,H,-,A,A,0,NA,NA,NA,NA,Y,NA,A,07,0,0,1,0,0,0,0,0,0,-,-,NA,NA,ORANGE,TUSTIN,-117.82095006,33.72796
7094875,2015,2015-10-10,3004,2015-10-01,2334,P632,02,4,5,6,3004,0,0,0,NA,0,007,WEST 19TH ST,HARBOR BL,17,W,N,A,-,N,NA,NA,NA,NA,NA,NA,NA,NA,NA,Y,4,0,2,2,A,-,01,23153,A,N,D,C,A,A,H,-,C,D,0,NA,NA,NA,NA,Y,Y,A,01,0,0,2,0,0,0,0,0,0,-,-,33.64345,-117.91924,ORANGE,COSTA MESA,-117.91902571,33.64349107
7096136,2015,2015-10-24,3015,2015-10-01,1744,1496,94,4,5,6,3015,0,0,0,NA,0,321,SANTIAGO CANYON RD,WINDES,155,W,N,A,-,N,NA,NA,NA,NA,NA,NA,NA,NA,NA,Y,4,0,1,3,A,-,03,22350,A,N,C,C,A,A,H,-,A,A,0,NA,NA,NA,NA,Y,NA,A,01,0,0,1,0,0,0,0,0,0,-,-,NA,NA,ORANGE,ORANGE,-117.77927484,33.81417241
7096549,2015,2015-10-16,3000,2015-09-18,0045,8480,972C1,5,5,4,3018,0,0,0,NA,0,031,CAMINO CAPISTRANO,YORBA ST,45,N,N,A,-,N,NA,NA,NA,NA,NA,NA,NA,NA,NA,Y,4,0,1,1,A,-,08,22107,NA,N,E,I,A,A,H,-,C,D,0,NA,NA,NA,NA,Y,NA,A,07,0,0,1,0,0,0,0,0,0,-,-,NA,NA,ORANGE,SAN JUAN CAPISTRANO,-117.6625969,33.50066252
7096569,2015,2017-01-28,3001,2015-09-20,0155,2066,1324,7,5,7,3001,0,0,0,NA,0,023,N LEMON ST,RT 91,0,NA,Y,A,-,Y,ORA,12,91,-,R,3.268,R,4,E,Y,4,0,1,2,A,-,12,21453,A,M,D,C,A,A,H,-,C,A,0,NA,NA,NA,NA,Y,NA,A,01,0,0,1,0,0,0,0,0,0,-,EO,NA,NA,ORANGE,ANAHEIM,-117.98666844,33.85606635
7096723,2015,2015-10-19,3015,2015-09-17,0722,1510,32E,4,5,6,3015,0,0,0,NA,0,211,W MAPLE AV,N PARKER ST,84,E,N,A,-,N,NA,NA,NA,NA,NA,NA,NA,NA,NA,N,4,0,1,2,A,-,03,22350,A,N,E,J,E,A,C,-,A,D,0,Y,NA,NA,NA,Y,NA,A,01,0,0,1,0,1,0,0,0,0,-,-,NA,NA,ORANGE,ORANGE,-117.8593942,33.78966
7096745,2015,2015-10-17,3015,2015-09-22,1623,1372,65E,2,5,6,3015,0,0,0,NA,0,732M,E MONROE AV,N CALIFORNIA,0,NA,Y,A,-,N,NA,NA,NA,NA,NA,NA,NA,NA,NA,Y,3,0,2,2,A,-,09,21800,B,N,D,C,A,A,H,-,A,D,0,NA,NA,NA,NA,Y,NA,A,01,0,1,1,0,0,0,0,0,0,-,-,NA,NA,ORANGE,ORANGE,-117.84101006,33.80461007
7097061,2015,2015-10-16,3026,2015-09-27,1141,435,C,7,5,6,3026,0,0,0,NA,0,00C,WARNER,HARVARD,0,NA,Y,A,-,N,NA,NA,NA,NA,NA,NA,NA,NA,NA,N,4,0,1,1,A,-,12,21453,A,N,F,A,A,A,H,-,A,A,0,NA,NA,Y,NA,Y,NA,C,02,0,0,1,0,0,0,0,0,1,-,-,NA,NA,ORANGE,IRVINE,-117.81263008,33.69262006
7097086,2015,2017-01-14,3026,2015-09-30,0811,275,NA,3,5,6,3026,0,0,0,NA,0,00U,JAMBOREE,RT 405,0,NA,Y,-,-,Y,ORA,12,405,-,-,7.141,R,4,S,N,3,0,1,2,A,-,17,21461,A,N,D,C,A,A,H,-,A,A,0,NA,NA,Y,NA,Y,NA,A,01,0,1,0,0,0,0,0,0,1,-,SF,NA,NA,ORANGE,IRVINE,-117.84710463,33.67819623
7097554,2015,2017-02-02,3011,2015-09-23,1706,31403,34,3,5,4,3011,0,0,0,NA,0,001,RT 1,BROADWAY ST,0,NA,Y,A,-,Y,ORA,12,1,-,-,9.418,I,5,N,Y,3,0,1,2,A,-,12,21453,A,N,A,C,A,A,H,-,A,A,0,NA,NA,NA,NA,Y,Y,A,01,0,1,0,0,0,0,0,0,0,-,-,NA,NA,ORANGE,LAGUNA BEACH,-117.78533059,33.54274318
7097581,2015,2017-01-28,3012,2015-10-04,2138,619,22,7,5,5,3012,0,0,0,NA,0,002,WHITTIER BL,CYPRESS,10,W,N,C,-,Y,ORA,12,39,-,-,22.219,I,5,N,Y,4,0,1,2,A,-,09,21801,A,N,D,C,A,B,H,-,C,A,0,NA,NA,NA,NA,Y,NA,A,01,0,0,1,0,0,0,0,0,0,-,-,NA,NA,ORANGE,LA HABRA,-117.94191962,33.93904016
7097897,2015,2015-10-20,3008,2015-10-07,1542,1117,NA,3,5,6,3008,0,0,0,NA,0,Z 2,HARBOR BL,AMERIGE AV,0,NA,Y,A,-,N,NA,NA,NA,NA,NA,NA,NA,NA,NA,N,3,0,1,2,A,-,11,21456,B,N,G,B,B,A,H,-,A,A,0,Y,NA,NA,NA,Y,NA,N,60,0,1,0,0,1,0,0,0,0,-,-,NA,NA,ORANGE,FULLERTON,-117.92438006,33.87138008
7098669,2015,2015-10-20,3001,2015-10-03,2115,415,NA,6,5,7,3001,0,0,0,NA,0,0D3,EAST CERRITOS AV,SOUTH LEWIS ST,0,NA,Y,A,-,N,NA,NA,NA,NA,NA,NA,NA,NA,NA,N,3,0,1,2,D,-,00,NA,NA,N,D,G,A,A,H,-,C,A,0,NA,Y,NA,NA,Y,NA,-,-,0,1,0,0,0,0,1,0,0,-,-,NA,NA,ORANGE,ANAHEIM,-117.89792004,33.81059002
7098994,2015,2016-12-03,3001,2015-10-16,1747,415,NA,5,5,7,3001,0,0,0,NA,0,0D1,N BROOKHURST ST,WEST LA PALMA AV,190,S,N,B,-,Y,ORA,12,5,-,-,40.716,R,4,N,N,4,0,1,2,A,-,07,21658,A,N,B,C,A,A,H,-,A,D,0,NA,NA,Y,NA,Y,NA,C,06,0,0,1,0,0,0,0,0,0,-,-,NA,NA,ORANGE,ANAHEIM,-117.95895232,33.84572608
7099634,2015,2015-10-28,3000,2015-09-17,1505,9796,992J4,4,5,5,3017,0,0,0,NA,0,775,EL CAMINO REAL,AVENIDA MIRAMAR,0,NA,Y,A,-,N,NA,NA,NA,NA,NA,NA,NA,NA,NA,N,3,0,1,2,A,-,09,21802,A,N,D,C,A,A,-,-,A,D,0,NA,NA,Y,NA,Y,NA,D,22,0,1,0,0,0,0,0,0,1,-,-,NA,NA,ORANGE,SAN CLEMENTE,-117.61427005,33.42922002
7102330,2015,2015-10-27,3001,2015-10-12,1940,1373,NA,1,5,7,3001,0,0,0,NA,0,0D2,LA PALMA AV,LEISURE CT,19,W,N,A,-,N,NA,NA,NA,NA,NA,NA,NA,NA,NA,N,4,0,3,2,A,-,09,21801,A,N,D,C,A,A,H,-,C,D,0,NA,NA,NA,NA,Y,NA,A,01,0,0,3,0,0,0,0,0,0,-,-,NA,NA,ORANGE,ANAHEIM,-117.93105243,33.84716
7102352,2015,2015-10-27,3000,2015-09-01,1530,9051,891E5,2,5,5,3050,0,0,0,NA,0,903,LAKE FOREST DR,ROCKFIELD BL,112,E,N,A,-,N,NA,NA,NA,NA,NA,NA,NA,NA,NA,N,4,0,1,2,A,-,05,21650,1,F,H,G,A,A,H,-,A,A,0,NA,Y,NA,NA,Y,NA,L,04,0,0,1,0,0,0,1,0,0,-,-,NA,NA,ORANGE,LAKE FOREST,-117.71662733,33.62944578
7102918,2015,2015-10-30,3004,2015-10-10,1800,P603,4,6,5,6,3004,0,0,0,NA,0,006,EAST 17TH ST,IRVINE AV,0,NA,Y,A,-,N,NA,NA,NA,NA,NA,NA,NA,NA,NA,Y,4,0,1,1,A,-,07,21658,A,N,E,I,A,A,H,-,A,D,0,NA,NA,NA,NA,Y,NA,A,01,0,0,1,0,0,0,0,0,0,-,-,33.62859,-117.90987,ORANGE,COSTA MESA,-117.90865008,33.62842008
7102941,2015,2015-10-29,3012,2015-09-19,1818,634,43,6,5,5,3012,0,0,0,NA,0,004,LA HABRA BL,BEDFORD ST,0,NA,Y,A,-,N,NA,NA,NA,NA,NA,NA,NA,NA,NA,Y,4,0,1,3,A,-,04,21703,NA,N,C,C,A,A,H,-,A,A,0,NA,NA,NA,NA,Y,NA,A,01,0,0,1,0,0,0,0,0,0,-,-,NA,NA,ORANGE,LA HABRA,-117.93153002,33.93188011
7103834,2015,2015-11-12,3019,2015-10-16,1555,1925,WE,5,5,7,3019,0,0,0,NA,0,104,17TH ST,KING ST,105,W,N,A,-,N,NA,NA,NA,NA,NA,NA,NA,NA,NA,N,4,0,3,4,A,-,03,22350,NA,N,C,C,A,A,H,-,A,A,0,NA,NA,NA,NA,Y,NA,D,22,0,0,3,0,0,0,0,0,0,-,-,33.76007,-117.8979,ORANGE,SANTA ANA,-117.89823461,33.75990624
7104854,2015,2015-10-27,3010,2015-10-10,1922,1066,446,6,5,6,3010,0,0,0,NA,0,003,ADAMS,BUSHARD,0,NA,Y,A,-,N,NA,NA,NA,NA,NA,NA,NA,NA,NA,Y,2,0,7,2,A,-,09,21801,A,N,D,C,A,A,H,-,C,A,0,NA,NA,NA,NA,Y,NA,A,01,1,3,3,0,0,0,0,0,0,-,-,NA,NA,ORANGE,HUNTINGTON BEACH,-117.96292006,33.67251009
7105299,2015,2015-10-28,3026,2015-10-07,2336,465,NA,3,5,6,3026,0,0,0,NA,0,00C,BARRANCA,HARVARD,72,E,N,A,-,N,NA,NA,NA,NA,NA,NA,NA,NA,NA,Y,4,0,1,4,A,-,03,22350,NA,N,C,C,A,A,H,-,C,A,0,NA,NA,NA,NA,Y,NA,A,08,0,0,1,0,0,0,0,0,0,-,-,NA,NA,ORANGE,IRVINE,-117.81848505,33.68831731
7105497,2015,2015-10-28,3003,2015-09-09,1447,1099,NA,3,5,5,3003,0,0,0,NA,0,NA,CRESCENT AV,LOS ALTOS DR,0,NA,Y,A,-,N,NA,NA,NA,NA,NA,NA,NA,NA,NA,Y,4,0,1,2,A,-,12,21453,A,N,D,C,A,A,H,-,A,A,0,NA,NA,NA,NA,Y,NA,A,01,0,0,1,0,0,0,0,0,0,-,-,33.502,-118.0156,ORANGE,BUENA PARK,-118.03234002,33.83922004
7105692,2015,2017-01-17,3001,2015-10-22,0648,0963,NA,4,5,7,3001,0,0,0,NA,0,0D3,GENE AUTRY WY,RT 5,0,NA,Y,A,-,Y,ORA,12,5,-,-,35.542,R,4,S,Y,3,0,2,2,D,-,00,NA,NA,N,D,C,A,A,H,-,A,A,0,NA,NA,NA,NA,Y,NA,-,-,0,1,1,0,0,0,0,0,0,-,SO,NA,NA,ORANGE,ANAHEIM,-117.89423464,33.79523484
7105724,2015,2015-10-30,3009,2015-10-13,1919,4351,156,2,5,6,3009,0,0,0,NA,0,023,WESTMINSTER AV,BUENA ST,6,E,N,A,-,N,NA,NA,NA,NA,NA,NA,NA,NA,NA,N,2,0,1,2,A,-,11,21954,A,N,G,B,D,A,H,-,C,A,0,Y,NA,NA,NA,Y,NA,N,60,1,0,0,0,1,0,0,0,0,-,-,NA,NA,ORANGE,GARDEN GROVE,-117.90775031,33.75993
7105821,2015,2015-10-29,3009,2015-09-29,1834,1610,136,2,5,6,3009,0,0,0,NA,0,2-3,NEWHOPE ST,JOLA AV,34,N,N,A,-,N,NA,NA,NA,NA,NA,NA,NA,NA,NA,Y,4,0,5,5,A,-,08,22107,NA,N,D,C,A,A,H,-,C,A,0,NA,NA,NA,NA,Y,NA,A,01,0,0,5,0,0,0,0,0,0,-,-,NA,NA,ORANGE,GARDEN GROVE,-117.92898378,33.76535316
7106081,2015,2015-11-09,3016,2015-10-14,1701,1153,20,3,5,5,3016,0,0,0,NA,0,002,ORANGETHORPE AV,IOWA PL,0,NA,Y,B,-,N,NA,NA,NA,NA,NA,NA,NA,NA,NA,Y,4,0,2,3,A,-,12,21453,A,F,D,C,A,A,H,-,A,A,0,NA,NA,NA,NA,Y,NA,A,01,0,0,2,0,0,0,0,0,0,-,-,NA,NA,ORANGE,PLACENTIA,-117.87835009,33.86095001
7106189,2015,2015-11-04,3024,2015-10-12,1437,159,P20,1,5,5,3024,0,0,0,NA,0,EAST,NEWLAND ST,JENNRICH AV,0,NA,Y,B,-,N,NA,NA,NA,NA,NA,NA,NA,NA,NA,Y,4,0,3,2,A,-,09,21801,A,N,D,C,A,-,H,-,A,D,0,NA,NA,NA,NA,Y,NA,A,01,0,0,3,0,0,0,0,0,0,-,-,NA,NA,ORANGE,WESTMINSTER,-117.98098002,33.75511009
7106232,2015,2015-11-03,3016,2015-10-06,0737,1241,30,2,5,5,3016,0,0,0,NA,0,002,ALL AMERICA WY,DARTMOOR DR,59,N,N,A,-,N,NA,NA,NA,NA,NA,NA,NA,NA,NA,Y,4,0,1,2,A,-,03,22350,NA,N,C,C,A,A,H,-,A,D,0,NA,NA,NA,NA,Y,NA,A,01,0,0,1,0,0,0,0,0,0,-,-,NA,NA,ORANGE,PLACENTIA,-117.859868,33.873263
7107096,2015,2015-10-28,3008,2015-10-13,1442,1117,NA,2,5,6,3008,0,0,0,NA,0,0Z2,COMMONWEALTH AV,WOODS AV,0,NA,Y,A,-,N,NA,NA,NA,NA,NA,NA,NA,NA,NA,Y,4,0,1,2,A,-,09,21801,A,N,D,C,A,A,H,-,A,A,0,NA,NA,NA,NA,Y,NA,A,01,0,0,1,0,0,0,0,0,0,-,-,NA,NA,ORANGE,FULLERTON,-117.93754004,33.87026005
7107104,2015,2015-10-28,3008,2015-10-16,1600,1297,NA,5,5,6,3008,0,0,0,NA,0,0Z2,LEMON ST,ORANGETHORPE AV,230,N,N,B,-,N,NA,NA,NA,NA,NA,NA,NA,NA,NA,N,4,0,1,2,A,-,09,21804,A,N,D,G,A,A,H,-,A,D,0,NA,Y,NA,NA,Y,NA,A,01,0,0,1,0,0,0,1,0,0,-,-,NA,NA,ORANGE,FULLERTON,-117.91988,33.86014047