CASE_ID,ACCIDENT_YEAR,PROC_DATE,JURIS,COLLISION_DATE,COLLISION_TIME,OFFICER_ID,REPORTING_DISTRICT,DAY_OF_WEEK,CHP_SHIFT,POPULATION,CNTY_CITY_LOC,SPECIAL_COND,BEAT_TYPE,CHP_BEAT_TYPE,CITY_DIVISION_LAPD,CHP_BEAT_CLASS,BEAT_NUMBER,PRIMARY_RD,SECONDARY_RD,DISTANCE,DIRECTION,INTERSECTION,WEATHER_1,WEATHER_2,STATE_HWY_IND,CALTRANS_COUNTY,CALTRANS_DISTRICT,STATE_ROUTE,ROUTE_SUFFIX,POSTMILE_PREFIX,POSTMILE,LOCATION_TYPE,RAMP_INTERSECTION,SIDE_OF_HWY,TOW_AWAY,COLLISION_SEVERITY,NUMBER_KILLED,NUMBER_INJURED,PARTY_COUNT,PRIMARY_COLL_FACTOR,PCF_CODE_OF_VIOL,PCF_VIOL_CATEGORY,PCF_VIOLATION,PCF_VIOL_SUBSECTION,HIT_AND_RUN,TYPE_OF_COLLISION,MVIW,PED_ACTION,ROAD_SURFACE,ROAD_COND_1,ROAD_COND_2,LIGHTING,CONTROL_DEVICE,CHP_ROAD_TYPE,PEDESTRIAN_ACCIDENT,BICYCLE_ACCIDENT,MOTORCYCLE_ACCIDENT,TRUCK_ACCIDENT,NOT_PRIVATE_PROPERTY,ALCOHOL_INVOLVED,STWD_VEHTYPE_AT_FAULT,CHP_VEHTYPE_AT_FAULT,COUNT_SEVERE_INJ,COUNT_VISIBLE_INJ,COUNT_COMPLAINT_PAIN,COUNT_PED_KILLED,COUNT_PED_INJURED,COUNT_BICYCLIST_KILLED,COUNT_BICYCLIST_INJURED,COUNT_MC_KILLED,COUNT_MC_INJURED,PRIMARY_RAMP,SECONDARY_RAMP,LATITUDE,LONGITUDE,COUNTY,CITY,POINT_X,POINT_Y
8028118,2016,2016-04-27,3019,2016-04-17,1302,3413,WE,7,5,7,3019,0,0,0,NA,0,002,1ST ST,NEWHOPE,100,W,N,A,-,N,NA,NA,NA,NA,NA,NA,NA,NA,NA,N,4,0,1,2,A,-,09,21804,B,N,C,G,A,A,H,-,A,D,0,NA,Y,NA,NA,Y,NA,L,04,0,0,1,0,0,0,1,0,0,-,-,NA,NA,ORANGE,SANTA ANA,-117.92908818,33.7451
8028326,2016,2016-05-09,3001,2016-04-23,1923,1410,NA,6,5,7,3001,0,0,0,NA,0,0D1,SOUTH EUCLID ST,WEST CRONE AV,115,S,N,A,-,N,NA,NA,NA,NA,NA,NA,NA,NA,NA,Y,4,0,1,2,A,-,09,21801,A,N,B,C,A,A,H,-,C,D,0,NA,NA,NA,NA,Y,NA,D,22,0,0,1,0,0,0,0,0,0,-,-,NA,NA,ORANGE,ANAHEIM,-117.94144343,33.82134476
8028328,2016,2016-05-04,3001,2016-04-22,1437,1410,NA,5,5,7,3001,0,0,0,NA,0,004,EAST LA PALMA AV,NORTH KRAEMER BL,104,W,N,A,-,N,NA,NA,NA,NA,NA,NA,NA,NA,NA,Y,4,0,1,2,A,-,09,21804,A,N,D,C,A,A,H,-,A,A,0,NA,NA,NA,NA,Y,NA,A,01,0,0,1,0,0,0,0,0,0,-,-,NA,NA,ORANGE,ANAHEIM,-117.85763523,33.85106254
8028701,2016,2016-05-25,3010,2016-05-10,1512,251,272,2,5,6,3010,0,0,0,NA,0,009,SLATER,JACQUELYN,0,NA,Y,A,-,N,NA,NA,NA,NA,NA,NA,NA,NA,NA,N,3,0,1,2,A,-,11,21954,A,N,G,B,D,A,H,-,A,D,0,Y,NA,NA,NA,Y,NA,N,60,0,1,0,0,1,0,0,0,0,-,-,NA,NA,ORANGE,HUNTINGTON BEACH,-117.99400012,33.70839012
8030009,2016,2017-02-16,3011,2016-04-05,0719,31340,NA,2,5,4,3011,0,0,0,NA,0,NA,RT 133,CANYON ACRES DR,2740,NA,N,B,-,Y,ORA,12,133,-,-,1.48,H,-,S,Y,4,0,1,2,A,-,03,22350,NA,N,C,C,A,A,H,-,A,A,0,NA,NA,NA,NA,Y,NA,A,01,0,0,1,0,0,0,0,0,0,-,-,NA,NA,ORANGE,LAGUNA BEACH,-117.7724027,33.5608876
8030075,2016,2016-04-29,3000,2016-02-22,0748,5013,891E5,1,5,5,3050,0,0,0,NA,0,764,ROCKFIELD BL,LAKE FOREST DR,0,NA,Y,A,-,N,NA,NA,NA,NA,NA,NA,NA,NA,NA,Y,4,0,2,2,A,-,12,21453,A,N,D,C,A,A,H,-,A,A,0,NA,NA,NA,NA,Y,NA,A,01,0,0,2,0,0,0,0,0,0,-,-,NA,NA,ORANGE,LAKE FOREST,-117.71691002,33.62925011
8030218,2016,2016-04-29,3015,2016-03-05,0911,1372,13N,6,5,6,3015,0,0,0,NA,0,003,SOUTH HARWOOD ST,EAST WASHINGTON AV,142,N,N,A,-,N,NA,NA,NA,NA,NA,NA,NA,NA,NA,Y,3,0,1,2,A,-,09,21804,A,N,D,G,A,A,H,-,A,D,0,NA,Y,NA,NA,Y,NA,A,07,0,1,0,0,0,0,1,0,0,-,-,NA,NA,ORANGE,ORANGE,-117.84660577,33.78549926
8031014,2016,2016-05-09,3002,2016-04-25,1350,5013,741E6,1,5,5,3025,0,0,0,NA,0,004,GYPSUM CANYON RD,LA PALMA AV,8,S,N,G,-,N,NA,NA,NA,NA,NA,NA,NA,NA,NA,N,4,0,1,2,A,-,10,21950,A,N,G,B,B,A,H,-,A,A,0,Y,NA,NA,NA,Y,NA,D,22,0,0,1,0,1,0,0,0,0,-,-,NA,NA,ORANGE,YORBA LINDA,-117.71304781,33.87380815
8032186,2016,2017-02-14,3000,2016-04-09,2135,5455,893A4,6,5,4,3048,0,0,0,NA,0,903,ANTONIO PKWY,RT 241,18,S,N,A,-,Y,ORA,12,241,-,-,17.875,R,4,N,Y,4,0,1,2,A,-,12,21453,A,N,D,C,A,A,H,-,C,A,0,NA,NA,NA,NA,Y,NA,A,01,0,0,1,0,0,0,0,0,0,-,NO,NA,NA,ORANGE,RANCHO SANTA MARGARITA,-117.59943086,33.63468175
8032203,2016,2016-05-04,3016,2016-04-07,1435,1241,43,4,5,5,3016,0,0,0,NA,0,002,RICHFIELD RD,MIRALOMA AV,0,NA,Y,C,-,N,NA,NA,NA,NA,NA,NA,NA,NA,NA,Y,4,0,1,2,A,-,09,21801,A,N,D,C,A,B,H,-,A,A,0,NA,NA,NA,NA,Y,NA,A,07,0,0,1,0,0,0,0,0,0,-,-,NA,NA,ORANGE,PLACENTIA,-117.82594005,33.86200007
8032223,2016,2016-05-04,3002,2016-03-21,1608,5000,741A6,1,5,5,3025,0,0,0,NA,0,004,YORBA LINDA BL,SAVI RANCH PKWY,45,S,N,A,-,N,NA,NA,NA,NA,NA,NA,NA,NA,NA,N,4,0,1,2,A,-,21,22106,NA,N,C,C,A,A,H,-,A,A,0,NA,NA,NA,Y,Y,NA,G,27,0,0,1,0,0,0,0,0,0,-,-,NA,NA,ORANGE,YORBA LINDA,-117.74693,33.87349
8032288,2016,2016-05-02,3000,2016-04-09,1000,6018,951J2,6,5,5,3040,0,0,0,NA,0,642,MOULTON PKWY,CROWN VALLEY PKWY,317,N,N,A,-,N,NA,NA,NA,NA,NA,NA,NA,NA,NA,N,3,0,1,1,C,-,18,NA,NA,N,H,A,A,A,H,-,A,D,0,NA,Y,NA,NA,Y,NA,-,-,0,1,0,0,0,0,1,0,0,-,-,NA,NA,ORANGE,LAGUNA NIGUEL,-117.69283755,33.54371948
8033159,2016,2016-05-09,3019,2016-02-24,0748,2888,SE,3,5,7,3019,0,0,0,NA,0,003,EVERGREEN ST,SAINT GERTRUDE PL,170,S,N,A,-,N,NA,NA,NA,NA,NA,NA,NA,NA,NA,N,2,0,1,2,A,-,21,22106,NA,N,G,B,D,A,H,-,A,D,0,Y,NA,NA,NA,Y,NA,D,22,1,0,0,0,1,0,0,0,0,-,-,33.71968,-117.85762,ORANGE,SANTA ANA,-117.85768514,33.71912398
8033375,2016,2016-05-06,3019,2016-04-23,1958,2595,SOUTH,6,5,7,3019,0,0,0,NA,0,0ZA,FAIRVIEW AV,EDINGER AV,0,NA,Y,A,-,N,NA,NA,NA,NA,NA,NA,NA,NA,NA,N,4,0,1,2,A,-,10,21950,A,N,G,E,B,-,H,-,D,A,0,Y,NA,NA,NA,Y,NA,-,NA,0,0,1,0,1,0,0,0,0,-,-,NA,NA,ORANGE,SANTA ANA,-117.90617007,33.72731011
8033632,2016,2016-05-06,3016,2016-04-20,2010,1237,29,3,5,5,3016,0,0,0,NA,0,001,KRAEMER BL,ALTA VISTA ST,0,NA,Y,A,-,N,NA,NA,NA,NA,NA,NA,NA,NA,NA,Y,3,0,1,2,A,-,12,21453,A,N,H,G,A,A,H,-,C,A,0,NA,Y,NA,NA,Y,NA,L,04,0,1,0,0,0,0,1,0,0,-,-,33.87645,-117.86188,ORANGE,PLACENTIA,-117.86215011,33.87647012
8033786,2016,2016-05-10,3022,2016-04-24,1633,1006,NA,7,5,5,3022,0,0,0,NA,0,NA,PROSPECT AV,BIGELOW PARK,0,NA,Y,A,-,N,NA,NA,NA,NA,NA,NA,NA,NA,NA,Y,4,0,2,2,A,-,03,22350,NA,N,C,C,A,A,H,-,A,D,0,NA,NA,NA,NA,Y,NA,A,01,0,0,2,0,0,0,0,0,0,-,-,33.75572,-117.82247,ORANGE,TUSTIN,-117.82243005,33.75561007
8033798,2016,2016-05-10,3026,2016-04-09,2110,539,PORTO,6,5,6,3026,0,0,0,NA,0,00P,IRVINE BL,GROVELAND,0,NA,Y,B,-,N,NA,NA,NA,NA,NA,NA,NA,NA,NA,Y,3,0,3,3,A,-,09,21453,C,N,D,C,A,B,H,-,C,A,0,NA,NA,NA,NA,Y,NA,A,01,0,2,1,0,0,0,0,0,0,-,-,NA,NA,ORANGE,IRVINE,-117.74439006,33.70275009
8034229,2016,2017-02-16,3002,2016-05-01,0845,1482,631X,7,5,4,3002,0,0,0,NA,0,014,IMPERIAL HWY,SATURN ST,50,E,N,A,-,Y,ORA,12,90,-,-,6.97,I,5,E,Y,4,0,1,2,A,-,07,21658,A,N,B,C,A,A,H,-,A,A,0,NA,NA,NA,NA,Y,NA,A,07,0,0,1,0,0,0,0,0,0,-,-,NA,NA,ORANGE,BREA,-117.85718836,33.91105595
8034910,2016,2016-05-09,3000,2016-03-28,0835,7734,891H6,1,5,5,3028,0,0,0,NA,0,750,MUIRLANDS BL,HEATH AV,0,NA,Y,B,C,N,NA,NA,NA,NA,NA,NA,NA,NA,NA,Y,2,0,2,2,A,-,09,21802,A,N,D,C,A,B,H,-,A,D,0,NA,NA,NA,NA,Y,NA,A,01,1,1,0,0,0,0,0,0,0,-,-,NA,NA,ORANGE,MISSION VIEJO,-117.69099006,33.61530001
8035899,2016,2016-05-02,3026,2016-04-14,1848,313,NA,4,5,6,3026,0,0,0,NA,0,00C,CULVER,SAN LEANDRO,306,N,N,A,-,N,NA,NA,NA,NA,NA,NA,NA,NA,NA,N,3,0,1,2,A,-,03,22350,NA,N,C,C,A,A,H,-,A,D,0,NA,NA,NA,NA,Y,NA,A,01,0,1,0,0,0,0,0,0,0,-,-,NA,NA,ORANGE,IRVINE,-117.81839237,33.67402067
8035947,2016,2016-05-02,3026,2016-04-06,0441,554,UNIVE,3,5,6,3026,0,0,0,NA,0,00U,MAIN,JAMBOREE,28,E,N,A,-,N,NA,NA,NA,NA,NA,NA,NA,NA,NA,Y,4,0,1,1,A,-,01,23152,A,N,E,-,A,A,H,-,C,A,0,NA,NA,NA,NA,Y,Y,A,01,0,0,1,0,0,0,0,0,0,-,-,NA,NA,ORANGE,IRVINE,-117.83970934,33.68070334
8037900,2016,2016-05-12,3019,2016-04-27,0754,3422,NE,3,5,7,3019,0,0,0,NA,0,002,FRENCH ST,SANTA ANA BL,0,NA,Y,A,-,N,NA,NA,NA,NA,NA,NA,NA,NA,NA,N,3,0,1,1,A,-,03,22350,NA,N,E,J,A,A,H,-,A,A,0,NA,NA,Y,NA,Y,NA,C,02,0,1,0,0,0,0,0,0,1,-,-,33.74992,-117.86472,ORANGE,SANTA ANA,-117.86454005,33.74973004
8037908,2016,2016-05-12,3019,2016-04-27,1438,3422,WE,3,5,7,3019,0,0,0,NA,0,001,MCFADDEN AV,EUCLID ST,200,E,N,A,-,N,NA,NA,NA,NA,NA,NA,NA,NA,NA,N,4,0,1,2,A,-,03,22350,NA,N,C,C,A,A,H,-,A,A,0,NA,NA,NA,NA,Y,NA,A,07,0,0,1,0,0,0,0,0,0,-,-,33.73828,-117.93767,ORANGE,SANTA ANA,-117.93673393,33.73816508
8039023,2016,2017-02-04,3010,2016-05-04,1715,251,194,3,5,6,3010,0,0,0,NA,0,008,PACIFIC COAST HWY,WARNER,3270,E,N,A,-,Y,ORA,12,1,-,-,29.27,H,-,N,N,4,0,1,2,A,-,03,22350,NA,N,C,C,A,A,A,-,A,D,0,NA,NA,NA,NA,Y,NA,A,01,0,0,1,0,0,0,0,0,0,-,-,NA,NA,ORANGE,HUNTINGTON BEACH,-118.05611056,33.70478802
8039395,2016,2016-05-25,3010,2016-05-01,2308,2116,253,7,5,6,3010,0,0,0,NA,0,007,NEWLAND,EDINGER,0,NA,Y,A,-,N,NA,NA,NA,NA,NA,NA,NA,NA,NA,Y,4,0,2,2,A,-,01,23152,A,N,D,C,A,A,H,-,C,B,0,NA,NA,NA,NA,Y,Y,A,07,0,0,2,0,0,0,0,0,0,-,-,NA,NA,ORANGE,HUNTINGTON BEACH,-117.98073009,33.73025002
8039559,2016,2016-05-13,3008,2016-04-07,1453,1296,NA,4,5,6,3008,0,0,0,NA,0,0Z2,BERKELEY AV,HARBOR BL,201,E,N,B,C,N,NA,NA,NA,NA,NA,NA,NA,NA,NA,Y,4,0,3,2,A,-,09,21804,A,N,D,C,A,B,H,-,A,A,0,NA,NA,NA,NA,Y,NA,A,01,0,0,3,0,0,0,0,0,0,-,-,NA,NA,ORANGE,FULLERTON,-117.92368402,33.879084399999996
8039580,2016,2017-02-08,3022,2016-04-20,0853,1193,SOUTH,3,5,5,3022,0,0,0,NA,0,NA,RED HILL AV,RT 5,0,NA,Y,A,-,Y,ORA,12,5,-,R,28.981,R,4,S,Y,4,0,1,2,A,-,12,21453,A,N,D,C,A,A,H,-,A,A,0,NA,NA,NA,NA,Y,NA,A,08,0,0,1,0,0,0,0,0,0,-,SF,NA,NA,ORANGE,TUSTIN,-117.8138516,33.73222762
8039666,2016,2016-05-17,3001,2016-05-05,2347,415,NA,4,5,7,3001,0,0,0,NA,0,0D1,NORTH MAGNOLIA AV,W LINCOLN AV,0,NA,Y,A,B,N,NA,NA,NA,NA,NA,NA,NA,NA,NA,Y,4,0,1,2,A,-,01,23152,A,M,-,C,A,A,H,-,C,A,0,NA,NA,NA,NA,Y,Y,D,22,0,0,1,0,0,0,0,0,0,-,-,NA,NA,ORANGE,ANAHEIM,-117.97599004,33.83227009
8039902,2016,2016-05-16,3000,2016-01-31,1300,2165,HJC,7,5,5,3040,0,0,0,NA,0,1A44,ALICIA PKWY,SKATE PARK WY,278,N,N,C,G,N,NA,NA,NA,NA,NA,NA,NA,NA,NA,Y,3,0,1,1,A,-,08,22107,NA,N,E,I,A,B,H,-,A,A,0,NA,NA,NA,NA,Y,NA,A,01,0,1,0,0,0,0,0,0,0,-,-,NA,NA,ORANGE,LAGUNA NIGUEL,NA,NA
8040110,2016,2016-05-13,3019,2016-04-11,1518,3409,SE,1,5,7,3019,0,0,0,NA,0,001,MAIN ST,1ST ST,0,NA,Y,A,-,N,NA,NA,NA,NA,NA,NA,NA,NA,NA,N,4,0,2,2,A,-,03,22350,NA,N,C,C,A,A,H,-,A,A,0,NA,NA,NA,Y,Y,NA,F,55,0,0,2,0,0,0,0,0,0,-,-,NA,NA,ORANGE,SANTA ANA,-117.86765004,33.74554004
8040121,2016,2016-05-13,3019,2016-04-29,1728,3425,NE,5,5,7,3019,0,0,0,NA,0,002,SANTA CLARA AV,RIDGEWOOD ST,502,E,N,A,-,N,NA,NA,NA,NA,NA,NA,NA,NA,NA,N,4,0,1,2,A,-,11,21956,A,N,G,B,E,A,H,-,A,D,0,Y,NA,NA,NA,Y,NA,N,60,0,0,1,0,1,0,0,0,0,-,-,33.76702,-117.8408,ORANGE,SANTA ANA,-117.83929226,33.76714
8040139,2016,2016-05-13,3016,2016-05-03,0741,1241,04,2,5,5,3016,0,0,0,NA,0,001,KRAEMER BL,LIVINGSTON AV,28,E,N,A,-,N,NA,NA,NA,NA,NA,NA,NA,NA,NA,Y,3,0,2,2,A,-,09,21804,A,N,D,C,A,A,H,-,A,D,0,NA,NA,NA,NA,Y,NA,A,01,0,1,1,0,0,0,0,0,0,-,-,33.89298,-117.86342,ORANGE,PLACENTIA,-117.86367,33.89287
8041903,2016,2016-05-31,3008,2016-04-03,1028,1297,NA,7,5,6,3008,0,0,0,NA,0,0Z2,VALENCIA DR,EUCLID ST,809,W,N,B,-,N,NA,NA,NA,NA,NA,NA,NA,NA,NA,N,3,0,1,2,A,-,02,21654,A,N,G,B,E,A,C,-,A,D,0,Y,NA,NA,NA,Y,NA,N,60,0,1,0,0,1,0,0,0,0,-,-,NA,NA,ORANGE,FULLERTON,-117.94459872,33.8665716
8042219,2016,2017-02-04,3014,2016-04-18,0915,1046,RD26,1,5,5,3014,0,0,0,NA,0,0A2,RT 1,TUSTIN AV,0,NA,Y,A,-,Y,ORA,12,1,-,-,19.411,I,5,N,N,3,0,1,2,A,-,06,21755,A,N,H,G,A,A,H,-,A,A,0,NA,Y,NA,NA,Y,NA,L,04,0,1,0,0,0,0,1,0,0,-,-,33.6198,-117.9228,ORANGE,NEWPORT BEACH,-117.92287205,33.6197524
8042970,2016,2016-05-18,3001,2016-05-05,1332,1410,NA,4,5,7,3001,0,0,0,NA,0,0D1,SOUTH EUCLID ST,W PAMPAS LN,158,S,N,B,-,N,NA,NA,NA,NA,NA,NA,NA,NA,NA,N,4,0,1,2,A,-,10,21950,A,N,G,B,B,A,H,-,A,A,0,Y,NA,NA,NA,Y,NA,A,01,0,0,1,0,1,0,0,0,0,-,-,NA,NA,ORANGE,ANAHEIM,-117.94151,33.83026682
8042982,2016,2016-05-18,3001,2016-05-09,1503,471,NA,1,5,7,3001,0,0,0,NA,0,0D1,W LINCOLN AV,N GILBERT ST,0,E,N,A,B,N,NA,NA,NA,NA,NA,NA,NA,NA,NA,N,4,0,2,2,A,-,09,21804,A,N,D,C,A,A,H,-,A,D,0,NA,NA,NA,NA,Y,NA,A,01,0,0,2,0,0,0,0,0,0,-,-,NA,NA,ORANGE,ANAHEIM,-117.96768012,33.83243002
8042990,2016,2016-05-18,3001,2016-05-06,1647,A1825,NA,5,5,7,3001,0,0,0,NA,0,0D1,WEST CRESCENT AV,N CLEMSON DR,0,NA,Y,B,-,N,NA,NA,NA,NA,NA,NA,NA,NA,NA,Y,3,0,2,2,A,-,09,21804,A,N,A,C,A,A,H,-,A,D,0,NA,NA,NA,NA,Y,NA,A,01,0,2,0,0,0,0,0,0,0,-,-,NA,NA,ORANGE,ANAHEIM,-117.95357,33.83976007
8043177,2016,2017-02-04,3014,2016-04-21,1116,1146,RD25,4,5,5,3014,0,0,0,NA,0,0A2,RT 1,RIVERSIDE AV,210,E,N,A,-,Y,ORA,12,1,-,-,19.48,H,-,N,N,4,0,2,2,A,-,03,22350,NA,N,C,C,A,A,D,-,A,A,0,NA,NA,NA,NA,Y,Y,A,07,0,0,2,0,0,0,0,0,0,-,-,33.6201,-117.9237,ORANGE,NEWPORT BEACH,-117.92388364,33.62022162
8043325,2016,2017-03-06,3001,2016-04-17,1506,A1252,NA,7,5,7,3001,0,0,0,NA,0,0D2,RT 91,NORTH ANAHEIM BL,0,NA,Y,A,G,Y,ORA,12,91,-,-,3.644,R,4,W,Y,2,0,2,2,A,-,08,22100,B,N,D,C,A,A,H,-,A,A,0,NA,NA,Y,NA,Y,NA,A,01,2,0,0,0,0,0,0,0,2,WF,-,NA,NA,ORANGE,ANAHEIM,-117.91755165,33.85418693
8043674,2016,2016-05-23,3000,2016-03-20,1125,5013,891J2,7,5,5,3050,0,0,0,NA,0,764,LAKE FOREST DR,TRABUCO RD,0,NA,Y,A,-,N,NA,NA,NA,NA,NA,NA,NA,NA,NA,Y,3,0,2,2,A,-,09,21453,C,N,D,C,A,A,H,-,A,A,0,NA,NA,NA,NA,Y,NA,A,01,0,2,0,0,0,0,0,0,0,-,-,NA,NA,ORANGE,LAKE FOREST,-117.68607011,33.64698009
8044389,2016,2016-05-24,3026,2016-04-22,1534,4991,NA,5,5,6,3026,0,0,0,NA,0,00U,CULVER,SAN LEANDRO,172,N,N,A,-,N,NA,NA,NA,NA,NA,NA,NA,NA,NA,N,4,0,1,3,A,-,03,22350,NA,N,C,C,A,A,H,-,A,A,0,NA,NA,NA,NA,Y,NA,A,01,0,0,1,0,0,0,0,0,0,-,-,NA,NA,ORANGE,IRVINE,-117.81867598,33.67374011
8044667,2016,2016-05-26,3000,2016-03-30,1310,5013,861J7,3,5,5,3050,0,0,0,NA,0,764,BAKE PKWY,COMMERCENTRE DR,0,NA,Y,B,-,N,NA,NA,NA,NA,NA,NA,NA,NA,NA,Y,3,0,1,1,A,-,08,22107,NA,N,E,I,A,A,H,-,A,A,0,NA,NA,NA,NA,Y,NA,A,01,0,1,0,0,0,0,0,0,0,-,-,NA,NA,ORANGE,LAKE FOREST,-117.68623004,33.66548004
8044966,2016,2016-05-27,3012,2016-05-09,0721,541,26,1,5,5,3012,0,0,0,NA,0,002,NORTH HARBOR BL,KERNER WY,84,S,N,A,-,N,NA,NA,NA,NA,NA,NA,NA,NA,NA,N,3,0,1,2,A,-,08,22107,NA,N,C,C,A,A,H,-,A,D,0,NA,NA,NA,NA,Y,NA,A,01,0,1,0,0,0,0,0,0,0,-,-,NA,NA,ORANGE,LA HABRA,-117.93306,33.93482971
8045244,2016,2016-05-24,3000,2016-04-30,1523,9684,891F7,6,5,4,3045,0,0,0,NA,0,745,PASEO DE VALENCIA,AVENIDA DE LA CARLOTA,0,NA,Y,A,-,N,NA,NA,NA,NA,NA,NA,NA,NA,NA,Y,3,0,2,2,A,-,12,21453,A,N,D,C,A,A,H,-,A,A,0,NA,NA,NA,NA,Y,NA,D,22,0,1,1,0,0,0,0,0,0,-,-,NA,NA,ORANGE,LAGUNA HILLS,-117.71032005000001,33.61510003
8045365,2016,2016-05-24,3000,2016-04-22,1457,4070,893C1,5,5,4,3048,0,0,0,NA,0,068,SANTA MARGARITA PKWY,ANTONIO PKWY,146,W,N,A,-,N,NA,NA,NA,NA,NA,NA,NA,NA,NA,N,4,0,2,2,A,-,08,22100,A,N,B,C,A,A,H,-,A,D,0,NA,NA,NA,NA,Y,NA,A,01,0,0,2,0,0,0,0,0,0,-,-,33.64914,-117.58106,ORANGE,RANCHO SANTA MARGARITA,-117.58158842,33.64876
8046362,2016,2016-05-24,3010,2016-05-13,2140,1059,437,5,5,6,3010,0,0,0,NA,0,003,ADAMS AV,BROOKHURST ST,562,E,N,A,-,N,NA,NA,NA,NA,NA,NA,NA,NA,NA,Y,4,0,1,2,A,-,01,23152,A,N,D,C,A,A,H,-,C,D,0,NA,NA,NA,NA,Y,NA,A,01,0,0,1,0,0,0,0,0,0,-,-,NA,NA,ORANGE,HUNTINGTON BEACH,-117.9521277,33.67245568
8050996,2016,2016-06-01,3014,2016-05-08,1737,1395,RD68,7,5,5,3014,0,0,0,NA,0,0A4,NEWPORT COAST DR,PROVENCE,0,NA,Y,A,-,N,NA,NA,NA,NA,NA,NA,NA,NA,NA,Y,3,0,1,2,A,-,08,22107,NA,N,D,C,A,A,H,-,A,A,0,NA,NA,NA,NA,Y,NA,A,07,0,1,0,0,0,0,0,0,0,-,-,33.5836,-117.8385,ORANGE,NEWPORT BEACH,-117.83864003,33.58380001
8051126,2016,2016-06-02,3026,2016-04-13,1610,6352,NA,3,5,6,3026,0,0,0,NA,0,00P,ALTON PKWY,MUIRLANDS BL,78,W,N,A,-,N,NA,NA,NA,NA,NA,NA,NA,NA,NA,N,4,0,1,2,A,-,01,23152,A,M,C,C,A,A,D,-,A,A,0,NA,NA,NA,NA,Y,Y,A,01,0,0,1,0,0,0,0,0,0,-,-,NA,NA,ORANGE,IRVINE,-117.72539219,33.64793505
8051639,2016,2016-06-03,3003,2016-05-23,0739,652,NA,1,5,5,3003,0,0,0,NA,0,NA,8TH ST,KNOTT AV,285,E,N,A,-,N,NA,NA,NA,NA,NA,NA,NA,NA,NA,Y,4,0,1,3,A,-,09,21804,A,N,D,C,A,A,H,-,A,D,0,NA,NA,NA,NA,Y,NA,A,01,0,0,1,0,0,0,0,0,0,-,-,33.52027,-118.00608,ORANGE,BUENA PARK,-118.0104639,33.86705438
8051726,2016,2016-06-06,3019,2016-05-13,1806,3424,SE,5,5,7,3019,0,0,0,NA,0,003,GRAND AV,HUNTER AV,432,N,N,A,-,N,NA,NA,NA,NA,NA,NA,NA,NA,NA,Y,4,0,1,1,A,-,03,22350,NA,N,E,I,A,A,H,-,A,D,0,NA,NA,NA,NA,Y,NA,A,01,0,0,1,0,0,0,0,0,0,-,-,33.73845,-117.85065,ORANGE,SANTA ANA,-117.85025477,33.73962408
8052634,2016,2016-06-07,3001,2016-05-25,1535,1012,D3,3,5,7,3001,0,0,0,NA,0,NA,SOUTH EUCLID ST,W CRIS AV,528,S,N,B,-,N,NA,NA,NA,NA,NA,NA,NA,NA,NA,N,4,0,1,2,A,-,03,22350,NA,N,C,C,A,A,H,-,A,D,0,NA,NA,NA,NA,Y,NA,A,01,0,0,1,0,0,0,0,0,0,-,-,NA,NA,ORANGE,ANAHEIM,-117.94144,33.80755267
8053652,2016,2016-06-07,3024,2016-04-26,1610,153,10,2,5,5,3024,0,0,0,NA,0,WEST,GOLDENWEST ST,21ST ST,15,S,N,A,-,N,NA,NA,NA,NA,NA,NA,NA,NA,NA,Y,4,0,1,2,D,-,00,NA,NA,N,D,C,A,A,H,-,A,A,0,NA,NA,NA,NA,Y,NA,-,-,0,0,1,0,0,0,0,0,0,-,-,NA,NA,ORANGE,WESTMINSTER,-118.00720883,33.76267888
8054967,2016,2016-07-19,3024,2016-07-05,0718,312,P11,2,5,5,3024,0,0,0,NA,0,WEST,WYOMING ST,OLIVE ST,300,W,N,A,-,N,NA,NA,NA,NA,NA,NA,NA,NA,NA,Y,4,0,1,2,A,-,08,22107,NA,N,D,E,A,A,H,-,A,D,0,NA,NA,Y,NA,Y,NA,A,01,0,0,1,0,0,0,0,0,0,-,-,NA,NA,ORANGE,WESTMINSTER,-118.00156481,33.76096001
8055250,2016,2016-06-09,3001,2016-05-26,0802,41555,NA,4,5,7,3001,0,0,0,NA,0,0D2,SOUTH LEMON ST,WEST VERMONT AV,146,N,N,B,-,N,NA,NA,NA,NA,NA,NA,NA,NA,NA,N,3,0,1,2,A,-,21,22106,NA,N,B,G,A,A,H,-,A,D,0,NA,Y,NA,NA,Y,NA,L,04,0,1,0,0,0,0,1,0,0,-,-,NA,NA,ORANGE,ANAHEIM,-117.91187624,33.82309615
8055663,2016,2017-03-06,3026,2016-05-11,1503,8929,C,3,5,6,3026,0,0,0,NA,0,00U,JEFFREY RD,RT 405,360,N,N,A,-,Y,ORA,12,405,-,-,4.178,R,1,S,Y,4,0,2,4,A,-,03,22350,NA,N,C,C,A,A,H,-,A,D,0,NA,NA,NA,NA,Y,NA,A,01,0,0,2,0,0,0,0,0,0,-,SF,NA,NA,ORANGE,IRVINE,-117.79892779,33.66383689
8056136,2016,2016-06-08,3003,2016-05-23,1501,665,23,1,5,5,3003,0,0,0,NA,0,008,WESTERN AV,LA PALMA AV,50,S,N,A,-,N,NA,NA,NA,NA,NA,NA,NA,NA,NA,N,4,0,1,2,A,-,08,22107,NA,N,A,C,A,A,H,-,A,A,0,NA,NA,NA,NA,Y,NA,A,07,0,0,1,0,0,0,0,0,0,-,-,33.8463,-118.0024,ORANGE,BUENA PARK,-118.00238218,33.84649292
8056177,2016,2016-06-09,3004,2016-05-30,0800,P462,05,1,5,6,3004,0,0,0,NA,0,015,E 18TH ST,FULLERTON AV,0,NA,Y,A,-,N,NA,NA,NA,NA,NA,NA,NA,NA,NA,N,4,0,2,2,A,-,09,21802,A,N,D,C,A,A,H,-,A,D,0,NA,NA,NA,NA,Y,NA,A,08,0,0,2,0,0,0,0,0,0,-,-,33.63938,-117.91763,ORANGE,COSTA MESA,-117.91766003,33.63934011
8056730,2016,2016-06-13,3019,2016-05-31,1005,2771,NE,2,5,7,3019,0,0,0,NA,0,002,17TH ST,MABURY ST,140,E,N,A,-,N,NA,NA,NA,NA,NA,NA,NA,NA,NA,N,4,0,1,3,A,-,11,21954,A,N,C,C,D,A,H,-,A,D,0,Y,NA,NA,NA,Y,NA,N,60,0,0,1,0,0,0,0,0,0,-,-,33.75982,-117.84384,ORANGE,SANTA ANA,-117.84336055,33.75991668