CASE_ID,ACCIDENT_YEAR,PROC_DATE,JURIS,COLLISION_DATE,COLLISION_TIME,OFFICER_ID,REPORTING_DISTRICT,DAY_OF_WEEK,CHP_SHIFT,POPULATION,CNTY_CITY_LOC,SPECIAL_COND,BEAT_TYPE,CHP_BEAT_TYPE,CITY_DIVISION_LAPD,CHP_BEAT_CLASS,BEAT_NUMBER,PRIMARY_RD,SECONDARY_RD,DISTANCE,DIRECTION,INTERSECTION,WEATHER_1,WEATHER_2,STATE_HWY_IND,CALTRANS_COUNTY,CALTRANS_DISTRICT,STATE_ROUTE,ROUTE_SUFFIX,POSTMILE_PREFIX,POSTMILE,LOCATION_TYPE,RAMP_INTERSECTION,SIDE_OF_HWY,TOW_AWAY,COLLISION_SEVERITY,NUMBER_KILLED,NUMBER_INJURED,PARTY_COUNT,PRIMARY_COLL_FACTOR,PCF_CODE_OF_VIOL,PCF_VIOL_CATEGORY,PCF_VIOLATION,PCF_VIOL_SUBSECTION,HIT_AND_RUN,TYPE_OF_COLLISION,MVIW,PED_ACTION,ROAD_SURFACE,ROAD_COND_1,ROAD_COND_2,LIGHTING,CONTROL_DEVICE,CHP_ROAD_TYPE,PEDESTRIAN_ACCIDENT,BICYCLE_ACCIDENT,MOTORCYCLE_ACCIDENT,TRUCK_ACCIDENT,NOT_PRIVATE_PROPERTY,ALCOHOL_INVOLVED,STWD_VEHTYPE_AT_FAULT,CHP_VEHTYPE_AT_FAULT,COUNT_SEVERE_INJ,COUNT_VISIBLE_INJ,COUNT_COMPLAINT_PAIN,COUNT_PED_KILLED,COUNT_PED_INJURED,COUNT_BICYCLIST_KILLED,COUNT_BICYCLIST_INJURED,COUNT_MC_KILLED,COUNT_MC_INJURED,PRIMARY_RAMP,SECONDARY_RAMP,LATITUDE,LONGITUDE,COUNTY,CITY,POINT_X,POINT_Y
8115194,2016,2017-02-28,3012,2016-08-18,2236,615,45,4,5,5,3012,0,0,0,NA,0,004,IMPERIAL HWY,CYPRESS ST,0,NA,Y,A,-,Y,ORA,12,90,-,-,1.91,H,-,E,N,4,0,1,2,A,-,08,22107,NA,N,D,C,A,A,H,-,C,A,0,NA,NA,NA,NA,Y,NA,A,01,0,0,1,0,0,0,0,0,0,-,-,NA,NA,ORANGE,LA HABRA,-117.94358971,33.91727215
8115198,2016,2016-09-06,3012,2016-08-22,2025,532,43,1,5,5,3012,0,0,0,NA,0,004,LAMBERT RD,PALM ST,0,NA,Y,A,-,N,NA,NA,NA,NA,NA,NA,NA,NA,NA,Y,4,0,1,2,A,-,09,21801,A,N,A,C,A,A,H,-,C,A,0,NA,NA,NA,NA,Y,NA,A,01,0,0,1,0,0,0,0,0,0,-,-,NA,NA,ORANGE,LA HABRA,-117.92439001,33.92462004
8116493,2016,2016-09-13,3000,2016-08-26,1720,6717,891G5,5,5,5,3050,0,0,0,NA,0,18760,MUIRLANDS BL,LOUMONT DR,0,NA,Y,A,-,N,NA,NA,NA,NA,NA,NA,NA,NA,NA,Y,3,0,2,2,A,-,01,23153,A,N,D,C,A,A,H,-,A,D,0,NA,NA,NA,NA,Y,Y,D,22,0,1,1,0,0,0,0,0,0,-,-,33.37408,-117.42129,ORANGE,LAKE FOREST,-117.7036301,33.62806003
8116569,2016,2016-09-07,3004,2016-08-04,0018,P470,09,4,5,6,3004,0,0,0,NA,0,NA,VICTORIA ST,POMONA AV,0,NA,Y,A,-,N,NA,NA,NA,NA,NA,NA,NA,NA,NA,N,4,0,2,2,A,-,01,23152,A,N,A,C,A,A,H,-,C,A,0,NA,NA,NA,NA,Y,Y,A,01,0,0,2,0,0,0,0,0,0,-,-,33.65245,-117.92774,ORANGE,COSTA MESA,-117.92773003,33.65248007
8117080,2016,2016-09-08,3014,2016-08-23,0023,1490,RD36,2,5,5,3014,0,0,0,NA,0,0A3,BISON AV,BAMBOO ST,40,E,N,A,-,N,NA,NA,NA,NA,NA,NA,NA,NA,NA,Y,3,0,2,2,A,-,01,23152,A,N,B,E,A,A,H,-,C,D,0,NA,NA,NA,NA,Y,Y,A,01,0,2,0,0,0,0,0,0,0,-,-,33.6412,-117.8726,ORANGE,NEWPORT BEACH,-117.87270622,33.64120935
8118104,2016,2016-09-09,3009,2016-08-26,1228,1978,91,5,5,6,3009,0,0,0,NA,0,1/2,KATELLA AV,BROOKHURST ST,19,W,N,A,-,N,NA,NA,NA,NA,NA,NA,NA,NA,NA,N,4,0,1,2,A,-,10,21950,A,N,G,B,B,A,H,-,-,A,0,Y,NA,NA,NA,Y,NA,A,01,0,0,1,0,1,0,0,0,0,-,-,NA,NA,ORANGE,GARDEN GROVE,-117.9589324,33.80311
8118370,2016,2016-09-12,3012,2016-08-24,1529,604,42,3,5,5,3012,0,0,0,NA,0,004,E LAMBERT RD,HARBOR BL,0,E,N,A,-,N,NA,NA,NA,NA,NA,NA,NA,NA,NA,Y,4,0,2,2,A,-,09,21801,A,N,D,C,A,A,H,-,A,A,0,NA,NA,NA,NA,Y,NA,A,01,0,0,2,0,0,0,0,0,0,-,-,NA,NA,ORANGE,LA HABRA,-117.93306005,33.92462005
81186243,2020,2020-02-13,3014,2020-02-08,1506,1374,RD29,6,5,5,3014,0,0,0,NA,0,A2,GALAXY DR,SANTIAGO DR,100,N,N,A,-,N,NA,NA,NA,NA,NA,NA,NA,NA,NA,Y,4,0,1,1,A,-,03,22350,NA,N,F,A,A,A,H,-,A,D,0,NA,NA,Y,NA,Y,NA,C,03,0,0,1,0,0,0,0,0,1,-,-,33.640899658203125,-117.89230346679688,ORANGE,NEWPORT BEACH,-117.89541625976563,33.62696075439453
81189253,2020,2020-02-19,3014,2020-02-01,1945,1561,RD34,6,5,5,3014,0,0,0,NA,0,A3,BIRCH ST,MACARTHUR BLVD.,134,E,N,A,-,N,NA,NA,NA,NA,NA,NA,NA,NA,NA,N,4,0,1,2,A,-,08,22107,NA,N,B,C,A,A,H,-,C,D,0,NA,NA,NA,NA,Y,NA,D,22,0,0,1,0,0,0,0,0,0,-,-,33.668701171875,-117.86239624023438,ORANGE,NEWPORT BEACH,-117.86412048339844,33.66920852661133
8119122,2016,2016-09-12,3022,2016-08-25,1531,1169,NA,4,5,5,3022,0,0,0,NA,0,NA,SAN JUAN ST,FARMINGTON RD,0,NA,Y,A,-,N,NA,NA,NA,NA,NA,NA,NA,NA,NA,N,4,0,1,2,A,-,05,21650,1,N,D,G,A,A,H,-,A,A,0,NA,Y,NA,NA,Y,NA,L,04,0,0,1,0,0,0,1,0,0,-,-,33.73383,-117.80897,ORANGE,TUSTIN,-117.8089601,33.73372
81191328,2020,2020-02-21,3014,2020-02-11,1641,1508,RD41,2,5,5,3014,0,0,0,NA,0,A4,MARGUERITE AVE,INLET DR,0,NA,Y,A,-,N,NA,NA,NA,NA,NA,NA,NA,NA,NA,N,4,0,1,2,A,-,03,22350,NA,N,D,G,A,A,H,-,A,A,0,NA,Y,NA,NA,Y,NA,A,01,0,0,1,0,0,0,1,0,0,-,-,33.60559844970703,-117.85990142822266,ORANGE,NEWPORT BEACH,-117.86009979248048,33.605751037597656
8119757,2016,2016-09-27,3014,2016-08-31,1553,1046,RD44,3,5,5,3014,0,0,0,NA,0,0A4,RT 1,POPPY AV,50,E,N,A,-,N,NA,NA,NA,NA,NA,NA,NA,NA,NA,N,4,0,2,2,A,-,03,22350,NA,N,C,C,A,A,H,-,A,A,0,NA,NA,NA,NA,Y,NA,A,01,0,0,2,0,0,0,0,0,0,-,-,33.5937,-117.8667,ORANGE,NEWPORT BEACH,-117.86676,33.59375
81202406,2020,2020-03-05,3014,2020-02-28,0749,1453,RD38,5,5,5,3014,0,0,0,NA,0,A3,FORD RD,SOUTHERN HILLS DR,26,E,N,A,-,N,NA,NA,NA,NA,NA,NA,NA,NA,NA,N,3,0,1,2,A,-,03,22350,NA,N,H,G,A,A,H,-,A,A,0,NA,Y,NA,NA,Y,NA,L,04,0,1,0,0,0,0,1,0,0,-,-,33.62900161743164,-117.868896484375,ORANGE,NEWPORT BEACH,-117.86899566650392,33.62929153442383
81204885,2020,2020-03-10,3024,2020-01-28,0518,422,P-38,2,5,5,3024,0,0,0,NA,0,EAST,MCFADDEN AVENUE,EDEN STREET,291,W,N,A,-,N,NA,NA,NA,NA,NA,NA,NA,NA,NA,Y,3,0,1,1,A,-,03,22350,NA,N,A,I,A,A,H,-,C,D,0,NA,NA,NA,NA,Y,NA,A,01,0,1,0,0,0,0,0,0,0,-,-,33.73667907714844,-117.97953033447266,ORANGE,WESTMINSTER,-117.97745513916016,33.73752212524414
81206412,2020,2020-03-11,3014,2020-03-07,2253,1374,RD33,6,5,5,3014,0,0,0,NA,0,A3,MESA DR,IRVINE AVE,0,NA,Y,A,-,N,NA,NA,NA,NA,NA,NA,NA,NA,NA,Y,4,0,1,2,A,-,01,23152,NA,N,D,C,A,A,H,-,C,A,0,NA,NA,NA,NA,Y,Y,A,01,0,0,1,0,0,0,0,0,0,-,-,33.65850067138672,-117.88420104980467,ORANGE,NEWPORT BEACH,-117.8843231201172,33.658668518066406
8121020,2016,2016-10-19,3000,2016-08-28,1533,9220,972C1,7,5,4,3018,0,0,0,NA,0,730,EL CAMINO REAL,RT 74,0,NA,Y,A,-,N,NA,NA,NA,NA,NA,NA,NA,NA,NA,N,3,0,1,2,A,-,09,21801,A,N,H,A,A,A,H,-,A,A,0,NA,NA,Y,NA,Y,NA,A,01,0,1,0,0,0,0,0,0,1,-,-,NA,NA,ORANGE,SAN JUAN CAPISTRANO,-117.66172,33.50178
8121752,2016,2016-09-19,3016,2016-08-17,2205,1260,20,3,5,5,3016,0,0,0,NA,0,002,ORANGETHORPE AV,MELROSE ST,0,NA,Y,A,-,N,NA,NA,NA,NA,NA,NA,NA,NA,NA,Y,4,0,1,2,A,-,12,21453,A,N,D,C,A,A,H,-,C,A,0,NA,NA,NA,NA,Y,NA,A,01,0,0,1,0,0,0,0,0,0,-,-,33.86191,-117.8748,ORANGE,PLACENTIA,-117.87483007,33.86191011
81219123,2020,2020-03-31,3014,2020-03-17,1312,1435,RD34,2,5,5,3014,0,0,0,NA,0,A3,BIRCH ST,ORCHARD DR,502,S,N,A,-,N,NA,NA,NA,NA,NA,NA,NA,NA,NA,Y,4,0,1,2,A,-,09,21804,A,N,D,C,A,A,H,-,A,D,0,NA,NA,NA,NA,Y,NA,A,01,0,0,1,0,0,0,0,0,0,-,-,33.656700134277344,-117.87740325927734,ORANGE,NEWPORT BEACH,-117.8775634765625,33.65690994262695
8122216,2016,2016-09-15,3001,2016-09-02,1551,2115,NA,5,5,7,3001,0,0,0,NA,0,0D1,BROOKHURST ST,CHERRYWOOD LN,31,S,N,A,-,N,NA,NA,NA,NA,NA,NA,NA,NA,NA,N,4,0,1,2,A,-,03,22350,NA,N,C,C,A,A,H,-,A,D,0,NA,NA,NA,NA,Y,NA,A,01,0,0,1,0,0,0,0,0,0,-,-,NA,NA,ORANGE,ANAHEIM,-117.95896,33.83116501
81223021,2020,2020-04-08,3014,2020-04-02,1632,1462,RD25,4,5,5,3014,0,0,0,NA,0,A2,WESTCLIFF DR,DOVER DR,500,W,N,A,-,N,NA,NA,NA,NA,NA,NA,NA,NA,NA,N,4,0,1,2,D,-,00,NA,NA,N,C,C,A,A,H,-,A,D,0,NA,NA,NA,NA,Y,NA,-,-,0,0,1,0,0,0,0,0,0,-,-,33.62630081176758,-117.90560150146484,ORANGE,NEWPORT BEACH,-117.90544891357422,33.62610626220703
8123120,2016,2016-09-16,3001,2016-09-07,1414,1825,NA,3,5,7,3001,0,0,0,NA,0,0D3,SOUTH STATE COLLEGE BL,EAST CERRITOS AV,0,NA,Y,A,-,N,NA,NA,NA,NA,NA,NA,NA,NA,NA,Y,3,0,3,2,A,-,09,21801,A,N,A,C,A,A,H,-,A,A,0,NA,NA,NA,NA,Y,NA,A,01,0,3,0,0,0,0,0,0,0,-,-,NA,NA,ORANGE,ANAHEIM,-117.88925006,33.81063006
81232570,2020,2020-05-01,3024,2020-02-21,1914,426,P-28,5,5,5,3024,0,0,0,NA,0,EAST,BIRD AVENUE,ERIN ROAD (E),0,NA,Y,A,-,N,NA,NA,NA,NA,NA,NA,NA,NA,NA,Y,4,0,2,2,A,-,06,21750,NA,F,B,C,A,A,H,-,C,D,0,NA,NA,NA,NA,Y,NA,A,07,0,0,2,0,0,0,0,0,0,-,-,33.75041961669922,-117.96156311035156,ORANGE,WESTMINSTER,-117.9618682861328,33.75054168701172
81237971,2020,2020-05-14,3014,2020-05-05,1838,1498,RD17,2,5,5,3014,0,0,0,NA,0,A2,SR-1 (W COAST HWY),GRANT ST,150,W,N,A,-,Y,NA,NA,1,NA,NA,NA,NA,NA,NA,Y,3,0,2,1,A,-,08,22107,NA,N,E,I,A,A,H,-,A,D,0,NA,NA,NA,NA,Y,NA,A,01,0,2,0,0,0,0,0,0,0,-,-,33.62910079956055,-117.95400238037108,ORANGE,NEWPORT BEACH,-117.95401000976563,33.629085540771484
8123948,2016,2016-09-20,3004,2016-09-02,1043,P553,09,5,5,6,3004,0,0,0,NA,0,012,VICTORIA ST,PLACENTIA AV,221,W,N,A,-,N,NA,NA,NA,NA,NA,NA,NA,NA,NA,Y,4,0,1,1,A,-,08,22107,NA,N,A,I,A,A,H,-,A,D,0,NA,NA,NA,NA,Y,NA,D,22,0,0,1,0,0,0,0,0,0,-,-,33.6526,-117.9327,ORANGE,COSTA MESA,-117.93281576,33.65246735
8124118,2016,2016-09-21,3004,2016-08-16,2118,P621,22,2,5,6,3004,0,0,0,NA,0,010,W BAKER ST,RANDOLPH AV,247,W,N,A,-,N,NA,NA,NA,NA,NA,NA,NA,NA,NA,N,3,0,1,2,A,-,11,21954,A,F,G,B,D,A,H,-,C,D,0,Y,NA,NA,NA,Y,NA,N,60,0,1,0,0,1,0,0,0,0,-,-,33.6802,-117.88871,ORANGE,COSTA MESA,-117.88858996,33.68014
81241521,2020,2020-05-22,3014,2020-05-09,1958,1543,RD31,6,5,5,3014,0,0,0,NA,0,A2,SANTIAGO DR,TUSTIN AVE,82,E,N,A,-,N,NA,NA,NA,NA,NA,NA,NA,NA,NA,Y,2,0,1,1,A,-,01,23152,NA,N,H,A,A,A,H,-,D,A,0,NA,NA,Y,NA,Y,Y,C,02,1,0,0,0,0,0,0,0,1,-,-,33.63999938964844,-117.88999938964844,ORANGE,NEWPORT BEACH,-117.89797973632813,33.644588470458984
8124911,2016,2016-09-20,3001,2016-09-08,1058,0945,WEST,4,5,7,3001,0,0,0,NA,0,0D1,WEST CRESCENT AV,SOUTH DALE AV,20,E,N,A,-,N,NA,NA,NA,NA,NA,NA,NA,NA,NA,Y,4,0,1,3,A,-,09,21801,A,M,D,C,A,A,H,-,A,A,0,NA,NA,NA,NA,Y,NA,-,NA,0,0,1,0,0,0,0,0,0,-,-,NA,NA,ORANGE,ANAHEIM,-117.98475429,33.83948
8125464,2016,2016-10-03,3010,2016-09-20,1824,1096,425,2,5,6,3010,0,0,0,NA,0,003,GARFIELD,RANDI,21,E,N,A,-,N,NA,NA,NA,NA,NA,NA,NA,NA,NA,Y,3,0,1,1,A,-,01,23152,E,N,E,I,A,A,H,-,B,D,0,NA,NA,NA,NA,Y,NA,A,01,0,1,0,0,0,0,0,0,0,-,-,NA,NA,ORANGE,HUNTINGTON BEACH,-117.96867113,33.68673045
8125715,2016,2016-11-30,3008,2016-08-08,0655,1445,22,1,5,6,3008,0,0,0,NA,0,NA,HARBOR BL,LAS PALMAS DR,141,N,N,A,-,N,NA,NA,NA,NA,NA,NA,NA,NA,NA,Y,3,0,3,2,A,-,03,22350,NA,N,C,C,A,A,H,-,A,A,0,NA,NA,NA,NA,Y,NA,D,22,0,1,2,0,0,0,0,0,0,-,-,NA,NA,ORANGE,FULLERTON,-117.93154791,33.91240636
81261756,2020,2020-07-01,3014,2020-06-25,1416,1453,RD24,4,5,5,3014,0,0,0,NA,0,A2,SR-1 (W COAST HWY),SUPERIOR AVE,70,E,N,A,-,Y,NA,NA,1,NA,NA,NA,NA,NA,NA,Y,4,0,1,2,A,-,03,22350,NA,N,C,C,A,A,H,-,A,A,0,NA,NA,NA,NA,Y,NA,A,01,0,0,1,0,0,0,0,0,0,-,-,33.62289810180664,-117.93890380859376,ORANGE,NEWPORT BEACH,-117.93889617919922,33.6229133605957
81264849,2020,2020-07-07,3014,2020-07-04,1527,1253,RD15,6,5,5,3014,0,0,0,NA,0,A1,ALLEY EAST OF NEWPORT BLVD,29TH ST,110,S,N,A,-,N,NA,NA,NA,NA,NA,NA,NA,NA,NA,N,2,0,1,1,A,-,03,22350,NA,N,H,A,A,A,H,-,A,D,0,NA,Y,NA,NA,Y,NA,L,04,1,0,0,0,0,0,1,0,0,-,-,33.61370086669922,-117.92910003662108,ORANGE,NEWPORT BEACH,-117.92925262451172,33.6140022277832
8126701,2016,2016-09-21,3019,2016-08-27,2056,3359,SE,6,5,7,3019,0,0,0,NA,0,003,RITCHEY ST,NEWPORT CIR,550,S,N,A,-,N,NA,NA,NA,NA,NA,NA,NA,NA,NA,Y,4,0,1,1,A,-,08,22107,NA,N,E,I,A,A,H,-,C,D,0,NA,NA,NA,NA,Y,NA,A,01,0,0,1,0,0,0,0,0,0,-,-,33.71842,-117.94232,ORANGE,SANTA ANA,-117.84351696,33.71736304
81269634,2020,2020-07-16,3014,2020-07-06,1552,1418,RD26,1,5,5,3014,0,0,0,NA,0,A2,SR-1 (W COAST HWY),DOVER DR,1033,W,N,A,-,N,NA,NA,1,NA,NA,NA,NA,NA,NA,N,3,0,1,2,D,-,00,NA,NA,N,H,J,A,A,H,-,A,D,0,NA,NA,NA,NA,Y,NA,-,-,0,1,0,0,0,0,0,0,0,-,-,33.6161003112793,-117.91069793701172,ORANGE,NEWPORT BEACH,-117.91069793701172,33.61604309082031
8127510,2016,2016-09-23,3026,2016-08-23,0923,518,NA,2,5,6,3026,0,0,0,NA,0,00P,IRVINE BL,YALE AV,0,NA,Y,A,-,N,NA,NA,NA,NA,NA,NA,NA,NA,NA,Y,3,0,1,2,A,-,09,21453,B,N,D,C,A,A,H,-,A,A,0,NA,NA,NA,NA,Y,NA,A,01,0,1,0,0,0,0,0,0,0,-,-,NA,NA,ORANGE,IRVINE,-117.76107013,33.71438006
8128120,2016,2016-09-29,3026,2016-09-15,1710,8929,NA,4,5,6,3026,0,0,0,NA,0,00C,SAND CANYON AV,ALTON PKWY,145,N,N,A,-,N,NA,NA,NA,NA,NA,NA,NA,NA,NA,Y,4,0,1,3,A,-,07,21658,A,N,B,C,A,A,H,-,A,D,0,NA,NA,NA,NA,Y,NA,A,01,0,0,1,0,0,0,0,0,0,-,-,NA,NA,ORANGE,IRVINE,-117.77498799,33.66044201
8128132,2016,2016-12-01,3026,2016-09-09,1634,8929,NA,5,5,6,3026,0,0,0,NA,0,00C,CREEK RD,ALTON PKWY,16,N,N,A,-,N,NA,NA,NA,NA,NA,NA,NA,NA,NA,N,3,0,1,2,A,I,00,47207,NA,N,H,G,A,A,H,-,A,A,0,NA,Y,NA,NA,Y,NA,L,04,0,1,0,0,0,0,1,0,0,-,-,NA,NA,ORANGE,IRVINE,-117.80029274,33.67315748
8128148,2016,2017-02-28,3026,2016-09-14,0913,7094,NA,3,5,6,3026,0,0,0,NA,0,00P,SAND CANYON AV,RT 5,0,NA,Y,A,-,Y,ORA,12,5,-,R,23.772,R,4,S,Y,3,0,1,2,A,-,09,21453,C,N,D,C,A,A,H,-,A,A,0,NA,NA,NA,NA,Y,NA,A,07,0,1,0,0,0,0,0,0,0,-,-,NA,NA,ORANGE,IRVINE,-117.75673876,33.67549649
81282738,2020,2020-08-10,3024,2020-07-03,2038,426,P-32,5,5,5,3024,0,0,0,NA,0,EAST,BEACH BOULEVARD (SR 39),BOLSA AVENUE,250,S,N,A,-,Y,NA,NA,39,NA,NA,NA,NA,NA,NA,Y,2,0,1,2,A,-,07,21658,A,N,C,C,A,A,H,-,C,D,0,NA,NA,Y,NA,Y,NA,C,02,1,0,0,0,0,0,0,0,1,-,-,33.74467086791992,-117.98948669433594,ORANGE,WESTMINSTER,-117.98939514160156,33.74467086791992
8128291,2016,2016-09-28,3022,2016-09-03,1716,1285,NA,6,5,5,3022,0,0,0,NA,0,NA,MYRTLE AV,MC FADDEN AV,562,S,N,A,-,N,NA,NA,NA,NA,NA,NA,NA,NA,NA,N,3,0,1,2,A,-,11,21954,A,N,G,B,D,A,H,-,A,D,0,Y,NA,NA,NA,Y,NA,N,60,0,1,0,0,1,0,0,0,0,-,-,33.73377,-117.83059,ORANGE,TUSTIN,-117.83059741,33.73232939
8128416,2016,2016-10-03,3000,2016-08-19,1005,9681,892A6,5,5,5,3028,0,0,0,NA,0,753,JERONIMO RD,ALICIA PKWY,0,NA,Y,A,-,N,NA,NA,NA,NA,NA,NA,NA,NA,NA,Y,3,0,1,3,A,-,12,21453,A,N,D,C,A,A,H,-,A,A,0,NA,NA,Y,NA,Y,NA,C,02,0,1,0,0,0,0,0,0,1,-,-,NA,NA,ORANGE,MISSION VIEJO,-117.67836006,33.61516004
8128482,2016,2016-09-26,3004,2016-09-05,1504,P630,02,1,5,6,3004,0,0,0,NA,0,007,WEST 19TH ST,POMONA AV,0,NA,Y,A,-,N,NA,NA,NA,NA,NA,NA,NA,NA,NA,N,4,0,2,2,A,-,12,21453,A,N,D,C,A,A,H,-,A,A,0,NA,NA,NA,NA,Y,NA,A,01,0,0,2,0,0,0,0,0,0,-,-,33.643299999999996,-117.9278,ORANGE,COSTA MESA,-117.9276701,33.64339005
8129001,2016,2016-09-27,3009,2016-09-09,2058,4499,144,5,5,6,3009,0,0,0,NA,0,2-2,HARBOR BL,GARDEN GROVE BL,0,NA,Y,A,-,N,NA,NA,NA,NA,NA,NA,NA,NA,NA,N,4,0,1,2,A,-,08,22107,NA,N,D,G,A,A,H,-,C,D,0,NA,Y,NA,NA,Y,NA,L,04,0,0,1,0,0,0,1,0,0,-,-,NA,NA,ORANGE,GARDEN GROVE,-117.92030006,33.77431005
8129082,2016,2016-09-26,3009,2016-09-09,1130,1978,94,5,5,6,3009,0,0,0,NA,0,013,GARDEN GROVE BL,GALWAY ST,68,E,N,A,-,N,NA,NA,NA,NA,NA,NA,NA,NA,NA,N,4,0,1,2,A,-,03,22350,NA,M,C,C,A,A,H,-,A,A,0,NA,NA,NA,NA,Y,NA,A,01,0,0,1,0,0,0,0,0,0,-,-,NA,NA,ORANGE,GARDEN GROVE,-117.96307675,33.77399
81291226,2020,2020-08-24,3014,2020-08-18,0115,1483,RD24,2,5,5,3014,0,0,0,NA,0,A2,MONROVIA AVE,W 15TH STREET,159,N,N,A,-,N,NA,NA,NA,NA,NA,NA,NA,NA,NA,N,3,0,1,1,A,-,03,22350,NA,N,H,A,A,A,H,-,D,D,0,NA,NA,NA,NA,Y,NA,M,91,0,1,0,0,0,0,0,0,0,-,-,33.62910079956055,-117.93599700927734,ORANGE,NEWPORT BEACH,-117.93616485595705,33.62924575805664
81299070,2020,2020-09-04,3014,2020-08-22,1202,1435,RD44,6,5,5,3014,0,0,0,NA,0,A4,SR-1 (E. COAST HWY),CAMEO SHORES,0,NA,Y,A,-,Y,NA,NA,NA,NA,NA,NA,NA,NA,NA,N,2,0,1,2,A,-,03,22350,NA,N,H,J,A,A,H,-,A,A,0,NA,NA,NA,NA,Y,NA,M,91,1,0,0,0,0,0,0,0,0,-,-,33.58940124511719,-117.85880279541016,ORANGE,NEWPORT BEACH,NA,NA
81299686,2020,2020-09-07,3024,2020-08-03,0744,437,P-04,1,5,5,3024,0,0,0,NA,0,EAST,NEWLAND STREET,BOLSA AVENUE,0,NA,Y,A,-,N,NA,NA,NA,NA,NA,NA,NA,NA,NA,Y,4,0,1,2,A,-,12,21453,A,N,D,C,A,A,H,-,A,A,0,NA,NA,NA,NA,Y,NA,A,01,0,0,1,0,0,0,0,0,0,-,-,33.744590759277344,-117.98091888427734,ORANGE,WESTMINSTER,-117.98090362548828,33.744720458984375
8130013,2016,2017-02-18,3010,2016-09-08,1552,2116,172,4,5,6,3010,0,0,0,NA,0,008,RT 1,WARNER,214,W,N,A,-,Y,ORA,12,39,-,-,4.59,H,-,N,Y,3,0,1,4,A,-,03,22350,NA,N,C,C,A,A,H,-,A,A,0,NA,NA,NA,NA,Y,NA,A,07,0,1,0,0,0,0,0,0,0,-,-,NA,NA,ORANGE,HUNTINGTON BEACH,-117.98899393,33.71509834
81300941,2020,2020-09-08,3007,2020-08-07,0958,1152,27,5,5,5,3007,0,0,0,NA,0,002,EUCLID ST,HEIL AVE,0,NA,Y,A,-,N,NA,NA,NA,NA,NA,NA,NA,NA,NA,N,4,0,3,2,A,-,03,22350,NA,N,C,C,A,A,H,-,A,A,0,NA,NA,NA,NA,Y,NA,A,08,0,0,3,0,0,0,0,0,0,-,-,NA,NA,ORANGE,FOUNTAIN VALLEY,-117.93726348876952,33.723628997802734
81302825,2020,2020-09-11,3014,2020-09-02,2115,1471,RD34,3,5,5,3014,0,0,0,NA,0,A3,JAMBOREE RD,ISLAND LAGOON,1200,N,N,A,-,N,NA,NA,NA,NA,NA,NA,NA,NA,NA,Y,3,0,1,1,A,-,08,22107,NA,N,E,I,A,A,H,-,B,D,0,NA,NA,NA,NA,Y,NA,A,01,0,1,0,0,0,0,0,0,0,-,-,33.61909866333008,-117.88539886474608,ORANGE,NEWPORT BEACH,-117.88539123535156,33.619319915771484
81305838,2020,2020-09-16,3007,2020-09-04,0121,312,47,5,5,5,3007,0,0,0,NA,0,002,SLATER,EUCLID,0,NA,Y,A,-,N,NA,NA,NA,NA,NA,NA,NA,NA,NA,Y,4,0,2,2,A,-,09,21801,A,N,D,C,A,A,H,-,C,A,0,NA,NA,NA,NA,Y,NA,A,01,0,0,2,0,0,0,0,0,0,-,-,NA,NA,ORANGE,FOUNTAIN VALLEY,-117.93711853027344,33.70912170410156
81306819,2020,2020-09-18,3024,2020-08-08,0912,498,P-39,6,5,5,3024,0,0,0,NA,0,EAST,MAGNOLIA STREET,MCFADDEN AVENUE,0,NA,Y,A,-,N,NA,NA,NA,NA,NA,NA,NA,NA,NA,N,4,0,2,3,A,-,12,21453,A,N,-,C,A,A,H,-,A,A,0,NA,NA,NA,NA,Y,NA,A,01,0,0,2,0,0,0,0,0,0,-,-,NA,NA,ORANGE,WESTMINSTER,-117.97216033935548,33.737571716308594
8130930,2016,2016-09-28,3008,2016-08-01,1947,1274,NA,1,5,6,3008,0,0,0,NA,0,Z-3,PLACENTIA AV,QUARTZ LN,0,NA,Y,A,-,N,NA,NA,NA,NA,NA,NA,NA,NA,NA,Y,3,0,3,2,A,-,09,21804,A,N,D,C,A,A,H,-,B,D,0,NA,NA,NA,NA,Y,NA,A,01,0,1,2,0,0,0,0,0,0,-,-,NA,NA,ORANGE,FULLERTON,-117.87578012,33.8848801
81321263,2020,2020-10-12,3024,2020-09-08,1526,329,P-12,2,5,5,3024,0,0,0,NA,0,WEST,HOOVER STREET,21ST STREET,0,NA,Y,B,-,N,NA,NA,NA,NA,NA,NA,NA,NA,NA,Y,3,0,2,2,-,-,-,NA,NA,N,D,C,A,A,H,-,A,D,0,NA,NA,NA,NA,Y,NA,-,-,0,1,1,0,0,0,0,0,0,-,-,33.76226043701172,-118.00096893310548,ORANGE,WESTMINSTER,-117.99845886230467,33.762821197509766
8132281,2016,2016-10-04,3007,2016-09-14,1813,284,76,3,5,5,3007,0,0,0,NA,0,301,ELLIS,MOUNT LANGLEY,0,NA,Y,A,-,N,NA,NA,NA,NA,NA,NA,NA,NA,NA,N,4,0,1,2,A,-,09,21802,A,N,D,C,A,A,H,-,A,A,0,NA,NA,NA,NA,Y,NA,A,01,0,0,1,0,0,0,0,0,0,-,-,NA,NA,ORANGE,FOUNTAIN VALLEY,-117.94209008,33.69422002
81323075,2020,2020-10-13,3014,2020-10-12,1641,1418,RD36,1,5,5,3014,0,0,0,NA,0,A3,FORD RD,SOUTHERN HILLS DR,42,E,N,A,-,N,NA,NA,NA,NA,NA,NA,NA,NA,NA,Y,4,0,1,2,A,-,03,22350,NA,N,C,C,A,A,H,-,A,A,0,NA,NA,NA,NA,Y,NA,A,01,0,0,1,0,0,0,0,0,0,-,-,33.62910079956055,-117.8686981201172,ORANGE,NEWPORT BEACH,-117.86894989013672,33.6292724609375