CASE_ID,ACCIDENT_YEAR,PROC_DATE,JURIS,COLLISION_DATE,COLLISION_TIME,OFFICER_ID,REPORTING_DISTRICT,DAY_OF_WEEK,CHP_SHIFT,POPULATION,CNTY_CITY_LOC,SPECIAL_COND,BEAT_TYPE,CHP_BEAT_TYPE,CITY_DIVISION_LAPD,CHP_BEAT_CLASS,BEAT_NUMBER,PRIMARY_RD,SECONDARY_RD,DISTANCE,DIRECTION,INTERSECTION,WEATHER_1,WEATHER_2,STATE_HWY_IND,CALTRANS_COUNTY,CALTRANS_DISTRICT,STATE_ROUTE,ROUTE_SUFFIX,POSTMILE_PREFIX,POSTMILE,LOCATION_TYPE,RAMP_INTERSECTION,SIDE_OF_HWY,TOW_AWAY,COLLISION_SEVERITY,NUMBER_KILLED,NUMBER_INJURED,PARTY_COUNT,PRIMARY_COLL_FACTOR,PCF_CODE_OF_VIOL,PCF_VIOL_CATEGORY,PCF_VIOLATION,PCF_VIOL_SUBSECTION,HIT_AND_RUN,TYPE_OF_COLLISION,MVIW,PED_ACTION,ROAD_SURFACE,ROAD_COND_1,ROAD_COND_2,LIGHTING,CONTROL_DEVICE,CHP_ROAD_TYPE,PEDESTRIAN_ACCIDENT,BICYCLE_ACCIDENT,MOTORCYCLE_ACCIDENT,TRUCK_ACCIDENT,NOT_PRIVATE_PROPERTY,ALCOHOL_INVOLVED,STWD_VEHTYPE_AT_FAULT,CHP_VEHTYPE_AT_FAULT,COUNT_SEVERE_INJ,COUNT_VISIBLE_INJ,COUNT_COMPLAINT_PAIN,COUNT_PED_KILLED,COUNT_PED_INJURED,COUNT_BICYCLIST_KILLED,COUNT_BICYCLIST_INJURED,COUNT_MC_KILLED,COUNT_MC_INJURED,PRIMARY_RAMP,SECONDARY_RAMP,LATITUDE,LONGITUDE,COUNTY,CITY,POINT_X,POINT_Y
8206063,2016,2017-01-31,3016,2016-12-12,1841,1259,0028,1,5,5,3016,0,0,0,NA,0,001,KRAEMER BL,PAGEANTRY DR,39,N,N,A,-,N,NA,NA,NA,NA,NA,NA,NA,NA,NA,N,4,0,1,1,A,-,03,22350,NA,N,E,I,A,A,H,-,C,D,0,NA,Y,NA,NA,Y,NA,L,04,0,0,1,0,0,0,1,0,0,-,-,33.88153,-117.86304,ORANGE,PLACENTIA,-117.86323029,33.881594
82060687,2023,2023-05-04,3026,2023-04-21,1141,4779,NA,5,5,6,3026,0,0,0,NA,0,003,CAMPUS DR,CALIFORNIA AVE,31,W,N,A,-,N,NA,NA,NA,NA,NA,NA,NA,NA,NA,N,4,0,4,2,C,-,18,NA,NA,N,C,C,A,A,H,-,A,A,0,NA,NA,NA,NA,Y,NA,-,-,0,0,4,0,0,0,0,0,0,-,-,33.64868927001953,-117.83022308349608,ORANGE,IRVINE,-117.83023071289063,33.64891815185547
82060857,2023,2023-05-04,3019,2023-04-27,927,2801,NE,4,5,7,3019,0,0,0,NA,0,002,POINSETTIA STREET,BROWN STREET,0,NA,Y,A,-,N,NA,NA,NA,NA,NA,NA,NA,NA,NA,Y,4,0,1,3,A,-,09,21800,B,N,D,C,A,A,H,-,A,D,0,NA,NA,NA,NA,Y,NA,A,01,0,0,1,0,0,0,0,0,0,-,-,33.750770568847656,-117.85855102539063,ORANGE,SANTA ANA,-117.8583984375,33.750648498535156
82060886,2023,2023-05-05,3008,2023-02-17,1435,1652,ZONE,5,5,6,3008,0,0,0,NA,0,NA,JENSEN WAY,COMMONWEALTH AVE,38,S,N,A,-,N,NA,NA,NA,NA,NA,NA,NA,NA,NA,Y,4,0,2,2,A,-,09,21801,A,N,A,C,A,A,H,-,A,D,0,NA,NA,NA,NA,Y,NA,A,01,0,0,2,0,0,0,0,0,0,-,-,NA,NA,ORANGE,FULLERTON,-117.97106170654295,33.86994552612305
82064447,2023,2023-05-09,3010,2023-05-04,629,1208,184,4,5,6,3010,0,0,0,NA,0,008,PACIFIC COAST HWY - SR1,WARNER AVE,2606,S,N,B,C,Y,ORA,NA,1,NA,NA,29.893,H,NA,R,Y,4,0,1,1,A,-,03,22350,NA,N,E,I,A,B,F,-,A,D,0,NA,NA,NA,NA,Y,NA,A,01,0,0,1,0,0,0,0,0,0,-,-,33.711490631103516,-118.06317901611328,ORANGE,HUNTINGTON BEACH,-118.06299591064452,33.71163558959961
82064523,2023,2023-07-07,3002,2023-04-02,1531,1719,NA,7,5,4,3002,0,0,0,NA,0,014,BREA BL,ALDER ST,0,NA,Y,A,-,N,NA,NA,NA,NA,NA,NA,NA,NA,NA,Y,3,0,1,2,A,-,08,22107,NA,F,D,C,A,A,H,-,A,D,0,NA,NA,NA,NA,Y,NA,A,01,0,1,0,0,0,0,0,0,0,-,-,33.91156005859375,-117.9031219482422,ORANGE,BREA,-117.90306091308594,33.91151428222656
82065424,2023,2023-05-10,3001,2023-04-29,2142,A2730,D-1,6,5,7,3001,0,0,0,NA,0,D-1,BEACH BOULEVARD,ORANGE AVENUE,31,S,N,A,-,N,NA,NA,NA,NA,NA,NA,NA,NA,NA,N,3,0,1,2,A,-,03,22350,NA,N,C,C,A,A,H,-,C,A,0,NA,NA,NA,NA,Y,NA,A,01,0,1,0,0,0,0,0,0,0,-,-,33.82463073730469,-117.9934310913086,ORANGE,ANAHEIM,-117.99324798583984,33.824676513671875
8206952,2016,2017-01-20,3004,2016-12-26,1542,P603,03,1,5,6,3004,0,0,0,NA,0,015,OLD NEWPORT BL,INDUSTRIAL WY,40,S,N,A,-,N,NA,NA,NA,NA,NA,NA,NA,NA,NA,N,4,0,1,2,A,-,21,22106,NA,N,B,C,A,A,H,-,A,A,0,NA,NA,NA,NA,Y,NA,D,22,0,0,1,0,0,0,0,0,0,-,-,33.63103,-117.92556,ORANGE,COSTA MESA,-117.92545,33.63126
8207022,2016,2017-01-10,3004,2016-12-14,1702,P603,35,3,5,6,3004,0,0,0,NA,0,002,NEWPORT BL,VANGUARD WY,269,N,N,A,-,N,NA,NA,55,NA,NA,NA,NA,NA,NA,N,4,0,2,2,A,-,03,22350,NA,N,C,C,A,A,H,-,B,A,0,NA,NA,NA,NA,Y,NA,A,01,0,0,2,0,0,0,0,0,0,-,-,33.65789,-117.90355,ORANGE,COSTA MESA,-117.90319275,33.65753395
82071440,2023,2023-05-17,3026,2023-05-10,1327,12434,NA,3,5,6,3026,0,0,0,NA,0,005,WEST YALE LOOP,MAIN ST,0,NA,Y,A,-,N,NA,NA,NA,NA,NA,NA,NA,NA,NA,Y,3,0,1,2,A,-,09,21453,B,N,D,C,A,A,H,-,A,A,0,NA,NA,NA,NA,Y,NA,A,07,0,1,0,0,0,0,0,0,0,-,-,NA,NA,ORANGE,IRVINE,-117.8140869140625,33.67439270019531
82072413,2023,2023-05-19,3001,2023-05-13,740,A2392,D-2,6,5,7,3001,0,0,0,NA,0,D-2,EUCLID STREET,CATHERINE DRIVE,37,S,N,B,-,N,NA,NA,NA,NA,NA,NA,NA,NA,NA,N,4,0,1,2,A,-,08,22107,NA,M,C,C,A,A,H,-,A,D,0,NA,NA,NA,NA,Y,NA,-,99,0,0,1,0,0,0,0,0,0,-,-,33.845149993896484,-117.9416275024414,ORANGE,ANAHEIM,-117.94163513183594,33.84478759765625
82072460,2023,2023-05-19,3016,2023-04-24,1002,1293,3,1,5,5,3016,0,0,0,NA,0,001,PLACENTIA AVENUE,BASTANCHURY ROAD,0,NA,Y,A,-,N,NA,NA,NA,NA,NA,NA,NA,NA,NA,Y,4,0,3,2,A,-,12,21453,A,F,D,C,A,A,H,-,A,A,0,NA,NA,NA,NA,Y,NA,A,01,0,0,3,0,0,0,0,0,0,-,-,33.89617156982422,-117.87142944335938,ORANGE,PLACENTIA,-117.87232971191406,33.89631271362305
82073320,2023,2023-05-19,3007,2023-05-09,1550,302,45,2,5,5,3007,0,0,0,NA,0,001,BROOKHURST,LA ALAMEDA,0,NA,Y,A,-,N,NA,NA,NA,NA,NA,NA,NA,NA,NA,Y,4,0,1,2,A,-,12,21453,A,N,D,C,A,A,H,-,A,A,0,NA,NA,NA,NA,Y,NA,A,01,0,0,1,0,0,0,0,0,0,-,-,NA,NA,ORANGE,FOUNTAIN VALLEY,-117.95453643798828,33.712623596191406
82073510,2023,2023-05-22,3024,2023-02-14,1429,539,P-38,2,5,5,3024,0,0,0,NA,0,EAST,FOX HILLS STREET,BERMUDA AVENUE,30,S,N,A,-,N,NA,NA,NA,NA,NA,NA,NA,NA,NA,Y,3,0,1,1,A,-,01,23152,A,N,E,I,A,A,H,-,A,D,0,NA,NA,NA,NA,Y,Y,A,07,0,1,0,0,0,0,0,0,0,-,-,33.73706817626953,-117.98007202148438,ORANGE,WESTMINSTER,-117.9802017211914,33.73696517944336
8207717,2016,2017-01-13,3026,2016-12-20,1304,7094,NA,2,5,6,3026,0,0,0,NA,0,NA,FEDERATION WY,TURTLE RIDGE DR,596,E,N,A,-,N,NA,NA,NA,NA,NA,NA,NA,NA,NA,Y,4,0,1,1,C,-,18,NA,NA,N,E,I,A,A,H,-,A,D,0,NA,NA,NA,NA,Y,NA,-,-,0,0,1,0,0,0,0,0,0,-,-,NA,NA,ORANGE,IRVINE,-117.828638,33.631498
82079374,2023,2023-05-26,3014,2023-04-28,1943,1418,RD34,5,5,5,3014,0,0,0,NA,0,A3,IRVINE AVE,BRISTOL ST S,0,NA,Y,A,-,N,NA,NA,NA,NA,NA,NA,NA,NA,NA,Y,4,0,2,2,A,-,12,21453,NA,N,D,C,A,A,H,-,C,A,0,NA,NA,NA,NA,Y,NA,A,07,0,0,2,0,0,0,0,0,0,-,-,33.661991119384766,-117.87538909912108,ORANGE,NEWPORT BEACH,-117.87545013427734,33.66192626953125
82080728,2023,2023-05-30,3001,2023-05-20,1412,A2562,D-2,6,5,7,3001,0,0,0,NA,0,D-2,PLACENTIA AVENUE,STATE COLLEGE BOULEVARD,1077,E,N,A,-,N,NA,NA,NA,NA,NA,NA,NA,NA,NA,Y,4,0,3,2,A,-,09,21801,A,N,D,C,A,A,H,-,A,A,0,NA,NA,NA,NA,Y,NA,A,01,0,0,3,0,0,0,0,0,0,-,-,33.850730895996094,-117.88916778564452,ORANGE,ANAHEIM,-117.88621520996094,33.85245132446289
82084106,2023,2023-06-02,3001,2023-05-31,739,A1825,NA,3,5,7,3001,0,0,0,NA,0,NA,SERRANO AVENUE,MARBLEHEAD WAY,0,NA,Y,B,-,N,NA,NA,NA,NA,NA,NA,NA,NA,NA,Y,3,0,2,2,A,-,09,21802,A,N,D,C,A,B,H,-,A,A,0,NA,NA,NA,NA,Y,NA,A,01,0,1,1,0,0,0,0,0,0,-,-,NA,NA,ORANGE,ANAHEIM,-117.73499298095705,33.8532829284668
82085308,2023,2023-06-05,3010,2023-05-30,1607,0147,252,2,5,6,3010,0,0,0,NA,0,007,BEACH BL - SR39,MACDONALD AVE,59,S,N,A,-,Y,ORA,NA,39,NA,NA,5.211,H,NA,R,N,4,0,2,2,A,-,03,22350,NA,F,C,C,A,A,H,-,A,A,0,NA,NA,NA,NA,Y,NA,D,22,0,0,2,0,0,0,0,0,0,-,-,33.72407150268555,-117.9892120361328,ORANGE,HUNTINGTON BEACH,-117.98912811279295,33.72407150268555
82086503,2023,2023-06-06,3001,2023-06-03,2319,A2768,NA,6,5,7,3001,0,0,0,NA,0,NA,DISNEY WAY,CLEMENTINE STREET,830,W,N,A,-,N,NA,NA,NA,NA,NA,NA,NA,NA,NA,Y,3,0,1,1,A,-,08,22107,NA,N,F,A,A,A,H,-,C,A,0,NA,NA,NA,NA,Y,Y,A,08,0,1,0,0,0,0,0,0,0,-,-,33.80717086791992,-117.9101333618164,ORANGE,ANAHEIM,-117.91278839111328,33.807029724121094
82087327,2023,2023-06-06,3026,2023-06-01,1331,8929,NA,4,5,6,3026,0,0,0,NA,0,001,HARVARD AVE,SAN JUAN,0,NA,Y,A,-,N,NA,NA,NA,NA,NA,NA,NA,NA,NA,Y,3,0,1,2,A,-,09,21801,A,N,D,C,A,A,H,-,A,A,0,NA,NA,NA,Y,Y,NA,A,01,0,1,0,0,0,0,0,0,0,-,-,33.686519622802734,-117.82032012939452,ORANGE,IRVINE,-117.82094573974608,33.68688201904297
82087531,2022,2023-06-07,3019,2022-08-12,2025,3700,WE,5,5,7,3019,0,0,0,NA,0,001,BRISTOL STREET,6TH STREET,42,S,N,A,-,N,NA,NA,NA,NA,NA,NA,NA,NA,NA,N,4,0,1,2,A,-,03,22350,NA,N,C,C,A,A,H,-,C,D,0,NA,NA,Y,NA,Y,NA,C,02,0,0,1,0,0,0,0,0,1,-,-,33.74966812133789,-117.88540649414063,ORANGE,SANTA ANA,-117.8851318359375,33.749534606933594
82087544,2022,2023-06-07,3019,2022-12-06,0059,3729,SE,2,5,7,3019,0,0,0,NA,0,003,MAIN STREET,COMMERCIAL STREET,50,S,N,A,-,N,NA,NA,NA,NA,NA,NA,NA,NA,NA,Y,3,0,1,1,A,-,08,22107,NA,N,E,I,A,A,H,-,C,D,0,NA,NA,NA,NA,Y,NA,A,01,0,1,0,0,0,0,0,0,0,-,-,33.72330856323242,-117.8680419921875,ORANGE,SANTA ANA,-117.86784362792967,33.72327423095703
82087553,2023,2023-06-07,3019,2023-02-25,837,3792,SC,6,5,7,3019,0,0,0,NA,0,004,MACARTHUR BOULEVARD,HARBOR BOULEVARD,0,NA,Y,C,-,N,NA,NA,NA,NA,NA,NA,NA,NA,NA,N,4,0,1,2,A,-,09,21800,D,N,D,C,A,B,H,-,A,B,0,NA,NA,NA,NA,Y,NA,A,07,0,0,1,0,0,0,0,0,0,-,-,33.70243835449219,-117.91951751708984,ORANGE,SANTA ANA,-117.91947174072266,33.70195770263672
82087577,2023,2023-06-07,3019,2023-04-07,857,2875,SC,5,5,7,3019,0,0,0,NA,0,004,MCFADDEN AVENUE,FAIRVIEW STREET,10,E,N,A,-,N,NA,NA,NA,NA,NA,NA,NA,NA,NA,N,4,0,1,2,D,-,00,NA,NA,M,C,C,A,A,H,-,A,A,0,NA,NA,NA,NA,Y,NA,-,-,0,0,1,0,0,0,0,0,0,-,-,33.734500885009766,-117.90654754638672,ORANGE,SANTA ANA,-117.90675354003906,33.734500885009766
82087661,2023,2023-06-07,3019,2023-05-03,1943,3201,SC,3,5,7,3019,0,0,0,NA,0,004,EDINGER AVENUE,SULLIVAN STREET,50,W,N,A,-,N,NA,NA,NA,NA,NA,NA,NA,NA,NA,Y,4,0,1,2,A,-,01,23152,A,N,C,C,A,A,H,-,C,D,0,NA,NA,NA,NA,Y,Y,A,07,0,0,1,0,0,0,0,0,0,-,-,33.72721862792969,-117.90252685546876,ORANGE,SANTA ANA,-117.90271759033205,33.727298736572266
82087734,2023,2023-06-07,3019,2023-05-12,840,3716,WE,5,5,7,3019,0,0,0,NA,0,001,17TH STREET,ALONA STREET,193,E,N,B,-,N,NA,NA,NA,NA,NA,NA,NA,NA,NA,Y,3,0,2,2,A,-,09,21801,A,N,D,C,A,A,H,-,A,D,0,NA,NA,NA,NA,Y,NA,A,01,0,1,1,0,0,0,0,0,0,-,-,33.76007080078125,-117.89376068115234,ORANGE,SANTA ANA,-117.8930435180664,33.759971618652344
82087799,2023,2023-06-07,3019,2023-05-18,1328,3702,SC,4,5,7,3019,0,0,0,NA,0,004,SEGERSTROM AVENUE,FAIRVIEW STREET,0,NA,Y,A,-,N,NA,NA,NA,NA,NA,NA,NA,NA,NA,N,4,0,1,3,A,-,12,21453,A,N,D,C,A,A,H,-,A,A,0,NA,NA,NA,NA,Y,NA,A,07,0,0,1,0,0,0,0,0,0,-,-,33.70880889892578,-117.90811920166016,ORANGE,SANTA ANA,-117.90788269042967,33.708778381347656
82087848,2023,2023-06-07,3019,2023-05-22,1507,3538,SC,1,5,7,3019,0,0,0,NA,0,004,FLOWER STREET,SUNFLOWER AVENUE,0,NA,Y,A,-,N,NA,NA,NA,NA,NA,NA,NA,NA,NA,N,3,0,1,2,A,-,01,23152,G,F,D,C,A,A,H,-,A,A,0,NA,NA,NA,NA,Y,Y,A,07,0,1,0,0,0,0,0,0,0,-,-,33.6934700012207,-117.8781280517578,ORANGE,SANTA ANA,-117.87700653076172,33.694236755371094
82087888,2023,2023-06-07,3019,2023-05-26,752,3752,SC,5,5,7,3019,0,0,0,NA,0,004,WARNER AVENUE,BRISTOL STREET,33,E,N,B,-,N,NA,NA,NA,NA,NA,NA,NA,NA,NA,N,4,0,1,2,A,-,03,22350,NA,N,C,C,A,A,H,-,A,A,0,NA,NA,NA,NA,Y,NA,A,07,0,0,1,0,0,0,0,0,0,-,-,33.716190338134766,-117.8849868774414,ORANGE,SANTA ANA,-117.8852310180664,33.716217041015625
82087900,2023,2023-06-07,3019,2023-05-27,1354,3823,SE,6,5,7,3019,0,0,0,NA,0,003,GRAND AVENUE,EDINGER AVENUE,0,NA,Y,A,-,N,NA,NA,NA,NA,NA,NA,NA,NA,NA,Y,3,0,3,3,A,-,12,21453,A,N,D,C,A,A,H,-,A,A,0,NA,NA,NA,NA,Y,NA,A,07,0,1,2,0,0,0,0,0,0,-,-,33.725738525390625,-117.85096740722656,ORANGE,SANTA ANA,-117.85050201416016,33.72671890258789
82087913,2023,2023-06-07,3019,2023-05-30,1754,3698,WE,2,5,7,3019,0,0,0,NA,0,001,17TH STREET,BRISTOL MARKET PLACE,300,W,N,B,-,N,NA,NA,NA,NA,NA,NA,NA,NA,NA,N,3,0,1,2,A,-,11,21954,A,N,G,B,D,A,H,-,A,D,0,Y,NA,NA,NA,Y,NA,N,60,0,1,0,0,1,0,0,0,0,-,-,33.759490966796875,-117.88825225830078,ORANGE,SANTA ANA,-117.88941192626952,33.75993728637695
82088686,2023,2023-06-08,3001,2023-06-07,1012,A1825,NA,3,5,7,3001,0,0,0,NA,0,D-3,BROADWAY,LOARA STREET,0,NA,Y,B,-,N,NA,NA,NA,NA,NA,NA,NA,NA,NA,Y,3,0,2,2,A,-,12,21453,A,N,A,C,A,A,H,-,A,A,0,NA,NA,NA,NA,Y,NA,A,07,0,1,1,0,0,0,0,0,0,-,-,33.8290901184082,-117.9373016357422,ORANGE,ANAHEIM,-117.93714904785156,33.82892990112305
82089809,2023,2023-06-09,3010,2023-06-07,1511,4094,447,3,5,6,3010,0,0,0,NA,0,003,ADAMS AVE,BROOKHURST ST,0,NA,Y,A,-,N,NA,NA,NA,NA,NA,NA,NA,NA,NA,N,3,0,3,3,A,-,12,21453,A,N,D,C,A,A,H,-,A,A,0,NA,NA,NA,NA,Y,NA,A,07,0,1,2,0,0,0,0,0,0,-,-,NA,NA,ORANGE,HUNTINGTON BEACH,-117.95397186279295,33.67230224609375
82090564,2023,2023-06-12,3015,2023-05-19,1756,1653,NA,5,5,6,3015,0,0,0,NA,0,NA,WALNUT AVE,LINCOLN ST,145,E,N,A,-,N,NA,NA,NA,NA,NA,NA,NA,NA,NA,N,4,0,1,2,A,-,03,22350,NA,N,C,C,A,A,H,-,B,D,0,NA,NA,NA,NA,Y,NA,A,01,0,0,1,0,0,0,0,0,0,-,-,33.79523849487305,-117.83785247802734,ORANGE,ORANGE,-117.83740234375,33.79502868652344
82093791,2023,2023-06-14,3014,2023-06-05,1846,1277,RD37,1,5,5,3014,0,0,0,NA,0,A3,BACK BAY DR,JAMBOREE RD.,2556,W,N,A,-,N,NA,NA,NA,NA,NA,NA,NA,NA,NA,N,3,0,1,2,A,-,05,21651,NA,M,H,G,A,A,H,-,A,D,0,NA,Y,NA,NA,Y,NA,L,04,0,1,0,0,0,0,1,0,0,-,-,33.627288818359375,-117.87770080566406,ORANGE,NEWPORT BEACH,-117.89037322998048,33.621337890625
82096083,2023,2023-06-19,3001,2023-06-15,2314,A1397,NA,4,5,7,3001,0,0,0,NA,0,D-1,SHERRILL STREET,STONYBROOK DRIVE,266,N,N,A,-,N,NA,NA,NA,NA,NA,NA,NA,NA,NA,Y,3,0,1,2,A,-,01,23152,A,N,A,E,A,A,H,-,C,D,0,NA,NA,NA,NA,Y,Y,A,01,0,1,0,0,0,0,0,0,0,-,-,33.82170104980469,-117.97976684570313,ORANGE,ANAHEIM,-117.97983551025392,33.8222541809082
82096455,2023,2023-06-19,3024,2023-05-03,735,418,P-37,3,5,5,3024,0,0,0,NA,0,EAST,MCFADDEN AVENUE,NEWLAND STREET (E),10,E,N,A,-,N,NA,NA,NA,NA,NA,NA,NA,NA,NA,Y,4,0,1,2,A,-,03,22350,NA,N,C,C,A,A,H,-,A,A,0,NA,NA,NA,NA,Y,NA,A,01,0,0,1,0,0,0,0,0,0,-,-,33.737548828125,-117.98052978515624,ORANGE,WESTMINSTER,-117.98090362548828,33.73752975463867
82097425,2023,2023-06-21,3001,2023-06-07,2248,A1278,NA,3,5,7,3001,0,0,0,NA,0,D-1,GRAND AVENUE,LINCOLN AVENUE,0,NA,Y,B,-,N,NA,NA,NA,NA,NA,NA,NA,NA,NA,Y,4,0,4,2,A,-,12,21453,A,N,D,C,A,A,H,-,C,A,0,NA,NA,NA,NA,Y,NA,A,01,0,0,4,0,0,0,0,0,0,-,-,NA,NA,ORANGE,ANAHEIM,-117.99790954589844,33.832088470458984
82098363,2023,2023-06-21,3015,2023-06-18,1035,1495,RD54E,7,5,6,3015,0,0,0,NA,0,712M,HEWES ST,OF THE SCL PROLONGATION OF CHAPMAN AVE,141,S,N,A,-,N,NA,NA,NA,NA,NA,NA,NA,NA,NA,N,4,0,1,2,A,-,08,22107,NA,N,B,C,A,A,H,-,A,D,0,NA,NA,NA,NA,Y,NA,A,01,0,0,1,0,0,0,0,0,0,-,-,33.78656005859375,-117.80571746826172,ORANGE,ORANGE,NA,NA
82099389,2023,2023-06-22,3001,2023-06-15,1435,A2382,NA,4,5,7,3001,0,0,0,NA,0,D-1,DALE AVENUE,LINCOLN AVENUE,47,N,N,A,-,N,NA,NA,NA,NA,NA,NA,NA,NA,NA,Y,4,0,1,2,A,-,08,22107,NA,M,D,C,A,A,H,-,A,D,0,NA,NA,NA,NA,Y,NA,A,01,0,0,1,0,0,0,0,0,0,-,-,NA,NA,ORANGE,ANAHEIM,-117.98474884033205,33.832210540771484
82099393,2023,2023-06-22,3001,2023-06-20,1618,A1825,D-2,2,5,7,3001,0,0,0,NA,0,NA,LA PALMA AVENUE,STATE COLLEGE BOULEVARD,210,W,N,A,-,N,NA,NA,NA,NA,NA,NA,NA,NA,NA,Y,3,0,2,3,A,-,03,22350,NA,N,C,C,A,A,H,-,A,A,0,NA,NA,NA,NA,Y,NA,A,01,0,2,0,0,0,0,0,0,0,-,-,NA,NA,ORANGE,ANAHEIM,-117.88999176025392,33.847259521484375
82101278,2023,2023-06-26,3019,2023-06-15,2059,3720,SC,4,5,7,3019,0,0,0,NA,0,004,BRISTOL STREET,SEGERSTROM AVENUE,143,S,N,B,-,N,NA,NA,NA,NA,NA,NA,NA,NA,NA,N,4,0,1,2,A,-,03,22350,NA,F,C,C,A,A,H,-,C,A,0,NA,NA,NA,NA,Y,NA,D,22,0,0,1,0,0,0,0,0,0,-,-,33.70745086669922,-117.8852996826172,ORANGE,SANTA ANA,-117.88548278808594,33.70703887939453
82101366,2023,2023-06-26,3001,2023-06-21,1945,A1047,NA,3,5,7,3001,0,0,0,NA,0,D-3,DISNEY WAY,ANAHEIM BOULEVARD,58,W,N,A,-,N,NA,NA,NA,NA,NA,NA,NA,NA,NA,Y,3,0,1,1,A,-,08,22107,NA,N,E,I,A,A,H,-,B,D,0,NA,NA,NA,NA,Y,Y,A,01,0,1,0,0,0,0,0,0,0,-,-,33.80595016479492,-117.90647888183594,ORANGE,ANAHEIM,-117.90648651123048,33.805870056152344
82101413,2023,2023-06-26,3010,2023-06-21,1603,1015,432,3,5,6,3010,0,0,0,NA,0,005,YORKTOWN AVE,BEACH BL - SR39,84,E,N,A,-,Y,NA,NA,NA,NA,NA,NA,NA,NA,NA,N,4,0,1,2,A,-,05,21650,1,N,H,G,A,A,H,-,A,D,0,NA,Y,NA,NA,Y,NA,M,91,0,0,1,0,0,0,1,0,0,-,-,33.67826843261719,-117.98954010009766,ORANGE,HUNTINGTON BEACH,-117.98828125,33.679439544677734
82102700,2023,2023-06-27,3001,2023-06-23,1920,A1047,NA,5,5,7,3001,0,0,0,NA,0,D-1,GRAND AVENUE,LINDACITA LANE,24,N,N,A,-,N,NA,NA,NA,NA,NA,NA,NA,NA,NA,Y,3,0,1,1,A,-,08,22107,NA,N,E,I,A,A,H,-,A,A,0,NA,NA,NA,NA,Y,NA,A,07,0,1,0,0,0,0,0,0,0,-,-,NA,NA,ORANGE,ANAHEIM,-117.99829864501952,33.82659912109375
82103677,2023,2023-06-28,3015,2023-06-11,1830,1709,NA,7,5,6,3015,0,0,0,NA,0,NA,TUSTIN AVE,VILLAGE WAY,11,N,N,A,-,N,NA,NA,NA,NA,NA,NA,NA,NA,NA,N,4,0,1,3,A,-,03,22350,NA,N,C,C,A,A,H,-,A,D,0,NA,NA,NA,NA,Y,NA,A,07,0,0,1,0,0,0,0,0,0,-,-,NA,NA,ORANGE,ORANGE,-117.83612060546876,33.8261604309082
82104709,2023,2023-06-30,3001,2023-06-28,859,A1007,D-2,3,5,7,3001,0,0,0,NA,0,D-2,LA PALMA AVENUE,WEST STREET (E),50,W,N,A,-,N,NA,NA,NA,NA,NA,NA,NA,NA,NA,Y,4,0,1,1,C,-,18,NA,NA,N,E,J,A,A,H,-,A,D,0,NA,NA,NA,NA,Y,NA,-,-,0,0,1,0,0,0,0,0,0,-,-,33.8472900390625,-117.93183135986328,ORANGE,ANAHEIM,-117.93236541748048,33.84716033935547
82104753,2023,2023-06-29,3019,2023-06-27,802,3615,SE,2,5,7,3019,0,0,0,NA,0,003,OAK STREET,MCFADDEN AVENUE,26,N,N,A,-,N,NA,NA,NA,NA,NA,NA,NA,NA,NA,N,4,0,1,2,A,-,21,22106,NA,N,C,C,A,A,H,-,A,A,0,NA,NA,NA,NA,Y,NA,A,01,0,0,1,0,0,0,0,0,0,-,-,33.73332977294922,-117.86228942871094,ORANGE,SANTA ANA,-117.86231231689452,33.733551025390625
82107850,2023,2023-08-11,3010,2023-06-19,1742,2213,253,1,5,6,3010,0,0,0,NA,0,007,EDINGER AVE,BEACH BL - SR39,430,E,N,-,-,Y,ORA,NA,39,NA,NA,5.62,H,NA,R,N,3,0,1,1,A,-,08,22107,NA,N,F,A,A,A,H,-,A,D,0,NA,Y,NA,NA,Y,NA,L,04,0,1,0,0,0,0,1,0,0,-,-,33.729949951171875,-117.98925018310548,ORANGE,HUNTINGTON BEACH,-117.98922729492188,33.729949951171875
82110343,2023,2023-07-06,3015,2023-06-27,810,1495,RD16E,2,5,6,3015,0,0,0,NA,0,712M,COLLINS AVE,LYNN DR,0,NA,Y,A,-,N,NA,NA,NA,NA,NA,NA,NA,NA,NA,Y,4,0,1,2,A,-,09,21801,A,N,D,C,A,A,H,-,A,D,0,NA,NA,NA,NA,Y,NA,D,22,0,0,1,0,0,0,0,0,0,-,-,33.802268981933594,-117.84082794189452,ORANGE,ORANGE,-117.84095764160156,33.80232620239258
82110887,2023,2023-07-06,3014,2023-07-02,1624,1483,RD15,7,5,5,3014,0,0,0,NA,0,A1,WEST OCEAN FRONT,30TH ST,19,W,N,B,-,N,NA,NA,NA,NA,NA,NA,NA,NA,NA,N,3,0,1,1,B,-,22,NA,NA,N,H,A,A,A,H,-,A,D,0,NA,NA,NA,NA,Y,NA,M,91,0,1,0,0,0,0,0,0,0,-,-,33.61309814453125,-117.93289947509766,ORANGE,NEWPORT BEACH,-117.9328842163086,33.613033294677734