CASE_ID,ACCIDENT_YEAR,PROC_DATE,JURIS,COLLISION_DATE,COLLISION_TIME,OFFICER_ID,REPORTING_DISTRICT,DAY_OF_WEEK,CHP_SHIFT,POPULATION,CNTY_CITY_LOC,SPECIAL_COND,BEAT_TYPE,CHP_BEAT_TYPE,CITY_DIVISION_LAPD,CHP_BEAT_CLASS,BEAT_NUMBER,PRIMARY_RD,SECONDARY_RD,DISTANCE,DIRECTION,INTERSECTION,WEATHER_1,WEATHER_2,STATE_HWY_IND,CALTRANS_COUNTY,CALTRANS_DISTRICT,STATE_ROUTE,ROUTE_SUFFIX,POSTMILE_PREFIX,POSTMILE,LOCATION_TYPE,RAMP_INTERSECTION,SIDE_OF_HWY,TOW_AWAY,COLLISION_SEVERITY,NUMBER_KILLED,NUMBER_INJURED,PARTY_COUNT,PRIMARY_COLL_FACTOR,PCF_CODE_OF_VIOL,PCF_VIOL_CATEGORY,PCF_VIOLATION,PCF_VIOL_SUBSECTION,HIT_AND_RUN,TYPE_OF_COLLISION,MVIW,PED_ACTION,ROAD_SURFACE,ROAD_COND_1,ROAD_COND_2,LIGHTING,CONTROL_DEVICE,CHP_ROAD_TYPE,PEDESTRIAN_ACCIDENT,BICYCLE_ACCIDENT,MOTORCYCLE_ACCIDENT,TRUCK_ACCIDENT,NOT_PRIVATE_PROPERTY,ALCOHOL_INVOLVED,STWD_VEHTYPE_AT_FAULT,CHP_VEHTYPE_AT_FAULT,COUNT_SEVERE_INJ,COUNT_VISIBLE_INJ,COUNT_COMPLAINT_PAIN,COUNT_PED_KILLED,COUNT_PED_INJURED,COUNT_BICYCLIST_KILLED,COUNT_BICYCLIST_INJURED,COUNT_MC_KILLED,COUNT_MC_INJURED,PRIMARY_RAMP,SECONDARY_RAMP,LATITUDE,LONGITUDE,COUNTY,CITY,POINT_X,POINT_Y
8322046,2017,2017-06-27,3002,2017-02-15,1130,1626,337Z,3,5,4,3002,0,0,0,NA,0,012,CARBON CANYON RD,RUBY ST,3725,W,N,A,-,Y,ORA,12,142,-,-,3.6,H,-,E,Y,4,0,1,2,A,-,03,22350,NA,N,C,C,A,A,D,-,A,A,0,NA,NA,NA,NA,Y,NA,A,01,0,0,1,0,0,0,0,0,0,-,-,NA,NA,ORANGE,BREA,-117.81740877,33.9216595
8322239,2017,2017-03-22,3003,2017-03-05,1206,652,NA,7,5,5,3003,0,0,0,NA,0,NA,WESTERN AV,CRESCENT AV,0,NA,Y,B,-,N,NA,NA,NA,NA,NA,NA,NA,NA,NA,Y,3,0,2,2,A,-,09,21801,A,N,A,C,A,A,H,-,A,A,0,NA,NA,NA,NA,Y,NA,A,01,0,2,0,0,0,0,0,0,0,-,-,33.8393,-118.0022,ORANGE,BUENA PARK,-118.00232,33.83932009
8323595,2017,2017-03-16,3004,2017-02-06,1521,P631,25,1,5,6,3004,0,0,0,NA,0,015,FAIRVIEW RD,SOUTH COAST DR,0,NA,Y,C,-,N,NA,NA,NA,NA,NA,NA,NA,NA,NA,Y,4,0,1,2,A,-,12,21453,A,N,D,C,A,B,H,-,A,A,0,NA,NA,NA,NA,Y,NA,A,01,0,0,1,0,0,0,0,0,0,-,-,33.6913,-117.9076,ORANGE,COSTA MESA,-117.90785007,33.69126002
8324903,2017,2017-03-27,3001,2017-03-07,0241,2368,NA,2,5,7,3001,0,0,0,NA,0,001,WEST BALL RD,S HALLIDAY ST,43,W,N,A,-,N,NA,NA,NA,NA,NA,NA,NA,NA,NA,Y,3,0,2,3,A,-,01,23152,A,N,B,C,A,A,H,-,C,D,0,NA,NA,NA,NA,Y,Y,D,22,0,2,0,0,0,0,0,0,0,-,-,NA,NA,ORANGE,ANAHEIM,-117.99687125,33.81738
8325364,2017,2017-03-21,3000,2017-03-03,0800,6717,891H5,5,5,5,3050,0,0,0,NA,0,18760,JERONIMO RD,FARTHING ST,0,NA,Y,A,-,N,NA,NA,NA,NA,NA,NA,NA,NA,NA,Y,4,0,1,2,A,-,09,21802,A,N,D,C,A,A,H,-,A,A,0,NA,NA,NA,NA,Y,NA,A,01,0,0,1,0,0,0,0,0,0,-,-,33.37463,-117.41306,ORANGE,LAKE FOREST,-117.69182003,33.62955008
8325443,2017,2017-03-21,3000,2017-01-23,1935,6532,971H3,1,5,4,3029,0,0,0,NA,0,737,SEABROOK DR,GOLDEN LANTERN,0,NA,Y,A,-,N,NA,NA,NA,NA,NA,NA,NA,NA,NA,Y,4,0,1,2,A,-,08,22107,NA,N,D,C,A,A,H,-,C,A,0,NA,NA,NA,NA,Y,NA,A,07,0,0,1,0,0,0,0,0,0,-,-,NA,NA,ORANGE,DANA POINT,-117.69817011,33.48804008
8326155,2017,2017-03-21,3016,2017-02-08,1715,1231,18,3,5,5,3016,0,0,0,NA,0,002,CHAPMAN AV,WALNUT AV,79,W,N,A,-,N,NA,NA,NA,NA,NA,NA,NA,NA,NA,Y,4,0,1,3,A,-,03,22350,NA,N,C,C,A,A,H,-,A,D,0,NA,NA,NA,NA,Y,Y,A,01,0,0,1,0,0,0,0,0,0,-,-,33.87287,-117.87377,ORANGE,PLACENTIA,-117.87394608,33.87290573
8326261,2017,2017-03-23,3001,2017-02-23,1654,415,NA,4,5,7,3001,0,0,0,NA,0,0D1,WEST BALL RD,SOUTH WESTERN AV,0,NA,Y,A,-,N,NA,NA,NA,NA,NA,NA,NA,NA,NA,Y,4,0,1,2,A,-,09,21801,A,N,D,C,A,A,H,-,A,A,0,NA,NA,NA,NA,Y,NA,A,01,0,0,1,0,0,0,0,0,0,-,-,NA,NA,ORANGE,ANAHEIM,-118.00206006,33.81734004
8328406,2017,2017-03-23,3024,2017-02-20,1412,162,P10,1,5,5,3024,0,0,0,NA,0,WEST,SISKIYOU ST,HUMBOLDT AV,0,NA,Y,A,-,N,NA,NA,NA,NA,NA,NA,NA,NA,NA,N,4,0,2,2,A,-,09,21802,A,N,D,C,A,A,H,-,A,D,0,NA,NA,NA,NA,Y,NA,D,22,0,0,2,0,0,0,0,0,0,-,-,NA,NA,ORANGE,WESTMINSTER,-118.0111501,33.7631201
8329678,2017,2017-04-03,3000,2017-02-15,0825,9696,951F5,3,5,5,3040,0,0,0,NA,0,741,NIGUEL RD,IVY GLENN DR,0,NA,Y,A,-,N,NA,NA,NA,NA,NA,NA,NA,NA,NA,Y,4,0,2,2,A,-,12,21457,A,N,D,C,A,A,H,-,A,B,0,NA,NA,NA,NA,Y,NA,D,22,0,0,2,0,0,0,0,0,0,-,-,NA,NA,ORANGE,LAGUNA NIGUEL,-117.71425009,33.52811008
8329973,2016,2017-04-10,3008,2016-11-15,1848,938,NA,2,5,6,3008,0,0,0,NA,0,ZII,BERKELEY AV,HARBOR BL,0,NA,Y,A,-,N,NA,NA,NA,NA,NA,NA,NA,NA,NA,Y,4,0,1,2,A,-,09,21801,A,N,-,C,A,A,H,-,C,-,0,NA,NA,NA,NA,Y,NA,A,01,0,0,1,0,0,0,0,0,0,-,-,NA,NA,ORANGE,FULLERTON,-117.92434004,33.87915003
8330911,2017,2017-04-05,3001,2017-03-11,2202,415,NA,6,5,7,3001,0,0,0,NA,0,0D1,WEST BALL RD,SOUTH MAGNOLIA AV,49,W,N,A,-,N,NA,NA,NA,NA,NA,NA,NA,NA,NA,Y,4,0,1,2,A,-,03,22350,NA,M,C,C,A,A,H,-,C,A,0,NA,NA,NA,NA,Y,NA,A,07,0,0,1,0,0,0,0,0,0,-,-,NA,NA,ORANGE,ANAHEIM,-117.97601094,33.81759842
8331195,2017,2017-04-06,3001,2017-03-10,1648,415,NA,5,5,7,3001,0,0,0,NA,0,0D3,LINCOLN AV,SUNKIST ST,15,W,N,A,-,N,NA,NA,NA,NA,NA,NA,NA,NA,NA,N,4,0,1,2,A,-,12,21453,A,M,D,C,A,A,H,-,A,A,0,NA,NA,NA,NA,Y,NA,A,01,0,0,1,0,0,0,0,0,0,-,-,NA,NA,ORANGE,ANAHEIM,-117.88053829,33.8385582
8331411,2017,2017-04-10,3009,2017-03-22,1813,4149,113,3,5,6,3009,0,0,0,NA,0,021,CHAPMAN AV,EUCLID ST,20,W,N,A,-,N,NA,NA,NA,NA,NA,NA,NA,NA,NA,N,4,0,1,2,A,-,03,22350,NA,M,C,D,A,A,H,-,A,A,0,NA,NA,NA,NA,Y,NA,A,01,0,0,1,0,0,0,0,0,0,-,-,NA,NA,ORANGE,GARDEN GROVE,-117.94132565,33.78866874
8331885,2017,2017-04-11,3009,2017-03-22,1555,4559,114,3,5,6,3009,0,0,0,NA,0,021,NELSON ST,GARDEN GROVE BL,0,NA,Y,A,-,N,NA,NA,NA,NA,NA,NA,NA,NA,NA,Y,3,0,2,2,A,-,17,21451,A,N,A,C,A,A,H,-,A,A,0,NA,NA,NA,NA,Y,NA,A,01,0,1,1,0,0,0,0,0,0,-,-,NA,NA,ORANGE,GARDEN GROVE,-117.94517013,33.77420003
8332751,2017,2017-04-11,3022,2017-01-11,1441,1175,NA,3,5,5,3022,0,0,0,NA,0,NA,JAMBOREE RD,EL CAMINO REAL,45,S,N,A,-,N,NA,NA,NA,NA,NA,NA,NA,NA,NA,Y,4,0,1,3,A,-,04,21703,NA,N,C,C,A,A,H,-,A,A,0,NA,NA,NA,NA,Y,NA,D,22,0,0,1,0,0,0,0,0,0,-,-,33.7223,-117.79217,ORANGE,TUSTIN,-117.79258588,33.72230621
8335124,2017,2017-04-01,3024,2017-01-28,1527,411,P18,6,5,5,3024,0,0,0,NA,0,WEST,HOOVER ST,MAIN ST,35,S,N,A,-,N,NA,NA,NA,NA,NA,NA,NA,NA,NA,Y,4,0,1,2,A,-,03,22350,NA,F,C,C,A,A,H,-,A,D,0,NA,NA,NA,NA,Y,NA,A,01,0,0,1,0,0,0,0,0,0,-,-,NA,NA,ORANGE,WESTMINSTER,-117.99835041,33.75541404
8337477,2017,2017-04-05,3024,2017-03-21,1613,329,P04,2,5,5,3024,0,0,0,NA,0,WEST,EDWARDS ST,IROQUOIS RD,0,NA,Y,C,-,N,NA,NA,NA,NA,NA,NA,NA,NA,NA,Y,4,0,1,2,A,-,03,22350,NA,N,C,C,A,B,H,-,A,D,0,NA,NA,NA,NA,Y,NA,A,01,0,0,1,0,0,0,0,0,0,-,-,NA,NA,ORANGE,WESTMINSTER,-118.01609005,33.77069005
8337622,2017,2017-06-27,3000,2017-03-01,1734,9142,892J2,3,5,4,3048,0,0,0,NA,0,367,SANTA MARGARITA PKWY,RT 241,70,E,N,A,-,Y,ORA,12,241,-,-,18.436,R,4,S,Y,3,0,1,2,A,-,09,21453,B,N,B,C,A,A,H,-,B,A,0,NA,NA,Y,NA,Y,NA,C,02,0,1,0,0,0,0,0,0,1,-,-,NA,NA,ORANGE,RANCHO SANTA MARGARITA,-117.60365978,33.6418903
8338585,2017,2017-04-07,3026,2017-03-16,0825,468,CROSS,4,5,6,3026,0,0,0,NA,0,NA,PASSAGE,NIGHTSHADE,96,N,N,A,-,N,NA,NA,NA,NA,NA,NA,NA,NA,NA,Y,4,0,1,1,A,-,08,22107,NA,N,E,I,A,A,H,-,A,D,0,NA,NA,NA,NA,Y,NA,A,01,0,0,1,0,0,0,0,0,0,-,-,33.65212,-117.7803,ORANGE,IRVINE,-117.78007655,33.65220831
8338761,2017,2017-06-26,3026,2017-03-17,1148,4991,NA,5,5,6,3026,0,0,0,NA,0,00P,BARRANCA,PACIFICA,0,NA,Y,A,-,N,NA,NA,NA,NA,NA,NA,NA,NA,NA,Y,3,0,4,2,A,-,12,21453,A,N,D,C,A,A,H,-,A,A,0,NA,NA,NA,NA,Y,NA,A,01,0,2,2,0,0,0,0,0,0,-,-,NA,NA,ORANGE,IRVINE,-117.75480008,33.65831004
8339280,2017,2018-02-16,3009,2017-03-04,1146,3713,55,6,5,6,3009,0,0,0,NA,0,011,BEACH BL,RT 22,0,NA,Y,A,-,Y,ORA,12,39,-,-,8.572,I,5,N,N,4,0,1,3,A,-,12,21453,A,N,D,C,A,A,H,-,A,A,0,NA,NA,NA,NA,Y,NA,A,01,0,0,1,0,0,0,0,0,0,-,WF,NA,NA,ORANGE,GARDEN GROVE,-117.99253997,33.77227299
8339475,2017,2017-04-03,3019,2017-02-22,0913,3483,WE,3,5,7,3019,0,0,0,NA,0,001,NEWHOPE ST,5TH ST,50,N,N,A,-,N,NA,NA,NA,NA,NA,NA,NA,NA,NA,N,4,0,1,2,A,-,03,22350,NA,N,C,C,A,A,H,-,A,D,0,NA,NA,NA,NA,Y,NA,A,08,0,0,1,0,0,0,0,0,0,-,-,33.74882,-117.92889,ORANGE,SANTA ANA,-117.9287918,33.74894707
8339508,2017,2017-04-03,3019,2017-03-01,2056,3412,NE,3,5,7,3019,0,0,0,NA,0,002,BROADWAY,15TH ST,0,NA,Y,A,-,N,NA,NA,NA,NA,NA,NA,NA,NA,NA,Y,4,0,1,2,A,-,12,21453,A,N,D,C,A,A,H,-,A,A,0,NA,NA,NA,NA,Y,NA,A,01,0,0,1,0,0,0,0,0,0,-,-,33.75809,-117.86971,ORANGE,SANTA ANA,-117.86966011,33.75784008
8340251,2017,2017-04-17,3019,2017-03-22,0629,2875,SC,3,5,7,3019,0,0,0,NA,0,004,WARNER AV,GREENVILLE ST,0,NA,Y,A,-,N,NA,NA,NA,NA,NA,NA,NA,NA,NA,N,4,0,1,2,A,-,12,21453,A,N,D,C,A,B,H,-,C,A,0,NA,NA,NA,NA,Y,NA,-,-,0,0,1,0,0,0,0,0,0,-,-,33.71527,-117.90436,ORANGE,SANTA ANA,-117.90414002,33.71526
8341613,2017,2017-05-01,3019,2017-04-07,0440,3475,SE,5,5,7,3019,0,0,0,NA,0,003,MAIN ST,BORCHARD AV,0,NA,Y,A,-,N,NA,NA,NA,NA,NA,NA,NA,NA,NA,Y,4,0,1,2,A,-,12,21453,A,N,A,C,A,A,H,-,C,A,0,NA,NA,NA,NA,Y,NA,-,-,0,0,1,0,0,0,0,0,0,-,-,33.72883,-117.86786,ORANGE,SANTA ANA,-117.86779011,33.72892003
8342697,2016,2017-04-12,3008,2016-12-20,2022,976,NA,2,5,6,3008,0,0,0,NA,0,0Z3,ROLLING HILLS DR,PLACENTIA AV,0,NA,Y,A,-,N,NA,NA,NA,NA,NA,NA,NA,NA,NA,Y,4,0,3,2,A,-,12,22450,NA,N,D,C,A,A,H,-,C,D,0,NA,NA,NA,NA,Y,NA,A,01,0,0,3,0,0,0,0,0,0,-,-,NA,NA,ORANGE,FULLERTON,-117.87246004000001,33.90365012
8343945,2017,2017-04-12,3004,2017-03-27,1550,P459,16,1,5,6,3004,0,0,0,NA,0,008,FAIRVIEW RD,MERRIMAC WY,0,NA,Y,A,-,N,NA,NA,NA,NA,NA,NA,NA,NA,NA,Y,3,0,2,2,A,-,12,21453,A,N,D,C,A,A,H,-,A,A,0,NA,NA,NA,NA,Y,NA,A,07,0,1,1,0,0,0,0,0,0,-,-,33.4002,-117.5428,ORANGE,COSTA MESA,-117.90779003,33.66746009
8344558,2017,2017-04-17,3026,2017-03-06,1850,519,UNIVE,1,5,6,3026,0,0,0,NA,0,001,MAC ARTHUR BL,CAMPUS DR,0,NA,Y,A,-,N,NA,NA,NA,NA,NA,NA,NA,NA,NA,N,4,0,1,2,A,-,21,22106,NA,N,C,C,A,A,H,-,C,A,0,NA,NA,NA,NA,Y,NA,A,01,0,0,1,0,0,0,0,0,0,-,-,33.67199,-117.86373,ORANGE,IRVINE,-117.86403006,33.67171004
8346755,2017,2017-04-14,3015,2017-03-15,1333,1386,44N,3,5,6,3015,0,0,0,NA,0,711,HEWES ST,WASHINGTON AV,0,NA,Y,A,-,N,NA,NA,NA,NA,NA,NA,NA,NA,NA,Y,4,0,1,2,A,-,09,21802,A,N,D,C,A,A,H,-,A,D,0,NA,NA,Y,NA,Y,NA,A,01,0,0,1,0,0,0,0,0,1,-,-,NA,NA,ORANGE,ORANGE,-117.80573011,33.78634009
8347343,2017,2017-04-28,3015,2017-03-14,0838,1098,31,2,5,6,3015,0,0,0,NA,0,731,S CITY DR S,GARDEN GROVE BL,0,N,N,A,-,N,NA,NA,NA,NA,NA,NA,NA,NA,NA,N,4,0,1,2,A,-,09,21804,A,N,D,C,A,A,H,-,A,D,0,NA,NA,NA,NA,Y,NA,-,-,0,0,1,0,0,0,0,0,0,-,-,NA,NA,ORANGE,ORANGE,-117.890661,33.774342
8347979,2017,2017-04-25,3024,2017-03-13,1027,408,P11,1,5,5,3024,0,0,0,NA,0,WEST,TRASK AV,HOOVER ST,0,NA,Y,A,-,N,NA,NA,NA,NA,NA,NA,NA,NA,NA,Y,4,0,1,2,A,-,09,21801,A,N,D,C,A,A,H,-,A,A,0,NA,NA,NA,NA,Y,NA,A,01,0,0,1,0,0,0,0,0,0,-,-,NA,NA,ORANGE,WESTMINSTER,-117.99848008,33.76644007
8348648,2017,2017-06-29,3003,2017-03-21,1452,665,23,2,5,5,3003,0,0,0,NA,0,008,BEACH BL,FRANKLIN ST,52,S,N,A,-,Y,ORA,12,39,-,-,15.76,H,-,S,Y,4,0,3,3,A,-,03,22350,NA,N,C,C,A,B,H,-,A,A,0,NA,NA,NA,NA,Y,NA,A,01,0,0,3,0,0,0,0,0,0,-,-,33.8765,-117.9983,ORANGE,BUENA PARK,-117.99836052,33.87620411
83490983,2024,2024-08-05,3019,2024-07-31,1422,3942,NA,3,5,7,3019,0,0,0,NA,0,002,GOLDEN CIRCLE DRIVE,4TH STREET,5,N,N,A,-,N,NA,NA,NA,NA,NA,NA,NA,NA,NA,N,3,0,1,2,A,-,05,21650,1,N,H,G,A,A,H,-,A,A,0,NA,Y,NA,NA,Y,NA,L,04,0,1,0,0,0,0,1,0,0,-,-,33.746978759765625,-117.8382568359375,ORANGE,SANTA ANA,-117.8381805419922,33.74824523925781
8349236,2017,2017-04-24,3022,2017-03-05,0452,1270,NORTH,7,5,5,3022,0,0,0,NA,0,NA,JAMBOREE RD,PATRIOT WY,14,N,N,A,-,N,NA,NA,NA,NA,NA,NA,NA,NA,NA,Y,2,0,1,1,A,-,01,23152,A,N,E,I,A,A,H,-,C,D,0,NA,NA,NA,NA,Y,Y,D,23,1,0,0,0,0,0,0,0,0,-,-,NA,NA,ORANGE,TUSTIN,-117.76324391,33.75997159
8349343,2017,2017-04-20,3024,2017-02-23,2311,169,P11,4,5,5,3024,0,0,0,NA,0,WEST,WESTMINSTER BL,GOLDENWEST ST,0,NA,Y,A,-,N,NA,NA,NA,NA,NA,NA,NA,NA,NA,Y,4,0,2,2,A,-,12,21453,A,N,D,C,A,A,H,-,C,A,0,NA,NA,NA,NA,Y,Y,A,01,0,0,2,0,0,0,0,0,0,-,-,NA,NA,ORANGE,WESTMINSTER,-118.00717002,33.75914003
8349748,2016,2017-05-01,3008,2016-11-16,1708,1342,NA,3,5,6,3008,0,0,0,NA,0,0Z3,ORANGETHORPE AV,STATE COLLEGE BL,0,NA,Y,A,-,N,NA,NA,NA,NA,NA,NA,NA,NA,NA,Y,2,0,1,2,A,-,12,21453,A,N,B,C,A,A,H,-,C,A,0,NA,NA,Y,NA,Y,Y,C,02,1,0,0,0,0,0,0,0,1,-,-,NA,NA,ORANGE,FULLERTON,-117.88941002,33.85964007
8350343,2017,2017-04-25,3000,2017-04-07,1910,2742,1023B,5,5,5,3017,0,0,0,NA,0,778,SOUTH EL CAMINO REAL,CHRISTIANITOS,621,N,N,A,-,N,NA,NA,NA,NA,NA,NA,NA,NA,NA,Y,2,0,3,3,A,-,01,23152,A,N,E,I,A,A,H,-,A,D,0,NA,NA,NA,NA,Y,Y,A,01,2,0,1,0,0,0,0,0,0,-,-,NA,NA,ORANGE,SAN CLEMENTE,-117.593386,33.397133
8351437,2017,2017-05-05,3001,2017-03-23,1326,1851,D4,4,5,7,3001,0,0,0,NA,0,NA,EAST LA PALMA AV,LAKEVIEW AV,12,E,N,A,-,N,NA,NA,NA,NA,NA,NA,NA,NA,NA,Y,3,0,1,2,D,-,00,NA,NA,N,C,C,A,A,H,-,A,D,0,NA,NA,NA,Y,Y,NA,-,-,0,1,0,0,0,0,0,0,0,-,-,NA,NA,ORANGE,ANAHEIM,-117.81839057,33.85952
8351702,2017,2017-06-29,3012,2017-03-31,1849,615,12,5,5,5,3012,0,0,0,NA,0,001,W WHITTIER BL,IDAHO ST,365,W,N,A,-,Y,ORA,12,39,-,-,21.15,H,-,S,N,4,0,3,2,A,-,17,22109,NA,N,D,C,A,A,H,-,A,D,0,NA,NA,NA,NA,Y,NA,A,07,0,0,3,0,0,0,0,0,0,-,-,NA,NA,ORANGE,LA HABRA,-117.96025137,33.93924355
8352028,2017,2017-05-03,3019,2017-04-07,1049,3317,NE,5,5,7,3019,0,0,0,NA,0,002,17TH ST,TUSTIN AV,0,NA,Y,A,-,N,NA,NA,NA,NA,NA,NA,NA,NA,NA,Y,4,0,1,2,A,-,12,21453,A,N,A,C,A,A,H,-,A,A,0,NA,NA,NA,NA,Y,NA,A,08,0,0,1,0,0,0,0,0,0,-,-,33.75966,-117.83426,ORANGE,SANTA ANA,-117.83436006,33.7598101
8353040,2017,2017-04-26,3019,2017-03-06,0721,2460,SC,1,5,7,3019,0,0,0,NA,0,002,DYER RD,GRAND AV,0,NA,Y,A,-,N,NA,NA,55,NA,NA,NA,NA,NA,NA,Y,4,0,1,3,A,-,12,21453,A,N,D,C,A,A,H,-,A,A,0,NA,NA,NA,NA,Y,NA,A,01,0,0,1,0,0,0,0,0,0,-,-,33.70853,-117.85267,ORANGE,SANTA ANA,-117.85225306,33.70812828
8354313,2017,2017-05-08,3000,2017-03-10,0823,8896,972B4,5,5,4,3018,0,0,0,NA,0,734,CAMINO CAPISTRANO,AVENIDA AEROPUERTO,913,S,N,A,-,N,NA,NA,NA,NA,NA,NA,NA,NA,NA,Y,4,0,2,3,A,-,09,21804,A,N,D,C,A,A,H,-,A,D,0,NA,NA,Y,NA,Y,NA,A,01,0,0,2,0,0,0,0,0,1,-,-,NA,NA,ORANGE,SAN JUAN CAPISTRANO,-117.67253422,33.47910885
8354817,2016,2017-05-08,3008,2016-11-14,0723,1494,ZONE1,1,5,6,3008,0,0,0,NA,0,NA,YERMO PL,CAMINO LA VISTA LN,73,W,N,A,-,N,NA,NA,NA,NA,NA,NA,NA,NA,NA,N,3,0,1,1,A,-,13,22515,A,N,E,I,A,A,H,-,A,D,0,NA,NA,NA,NA,Y,NA,A,01,0,1,0,0,0,0,0,0,0,-,-,NA,NA,ORANGE,FULLERTON,-117.949425,33.893932
8355329,2017,2017-05-10,3019,2017-03-24,0615,2875,WE,5,5,7,3019,0,0,0,NA,0,001,EUCLID ST,WISTERIA PL,18,N,N,A,-,N,NA,NA,NA,NA,NA,NA,NA,NA,NA,N,2,0,1,2,A,-,11,21954,A,N,G,B,E,A,H,-,C,D,0,Y,NA,NA,NA,Y,NA,N,60,1,0,0,0,1,0,0,0,0,-,-,33.73611,-117.93766,ORANGE,SANTA ANA,-117.93735103,33.73599934
8355437,2017,2017-04-26,3024,2017-03-29,1850,409,NA,3,5,5,3024,0,0,0,NA,0,P40,BUSHARD ST,MCFADDEN AV,0,NA,Y,A,-,N,NA,NA,NA,NA,NA,NA,NA,NA,NA,Y,4,0,2,2,A,-,12,21453,A,N,D,C,A,A,H,-,B,A,0,NA,NA,NA,NA,Y,NA,A,01,0,0,2,0,0,0,0,0,0,-,-,NA,NA,ORANGE,WESTMINSTER,-117.96343006,33.73763002
8355859,2017,2017-05-01,3008,2017-01-24,2016,1512,NA,2,5,6,3008,0,0,0,NA,0,0Z1,WYCKERSHAM PL,BURNING TREE RD,0,W,N,A,-,N,NA,NA,NA,NA,NA,NA,NA,NA,NA,N,4,0,1,2,A,-,10,21950,A,N,G,B,B,A,H,-,C,A,0,Y,NA,NA,NA,Y,NA,A,01,0,0,1,0,1,0,0,0,0,-,-,NA,NA,ORANGE,FULLERTON,-117.97360007,33.88566004
8356990,2016,2017-05-04,3009,2016-04-16,1321,4436,163,6,5,6,3009,0,0,0,NA,0,2-2,HASTER ST,LAMPSON AV,0,NA,Y,A,-,N,NA,NA,NA,NA,NA,NA,NA,NA,NA,Y,4,0,1,2,A,-,09,21801,A,N,-,C,A,A,H,-,A,A,0,NA,NA,NA,NA,Y,NA,A,01,0,0,1,0,0,0,0,0,0,-,-,NA,NA,ORANGE,GARDEN GROVE,-117.90619011,33.78168004
8360274,2017,2017-05-11,3003,2017-04-25,0845,1056,NA,2,5,5,3003,0,0,0,NA,0,NA,ROSECRANS AV,RALPH B CLARK PARK,140,E,N,A,-,N,NA,NA,NA,NA,NA,NA,NA,NA,NA,N,3,0,2,2,A,-,03,22350,NA,N,C,C,A,A,H,-,A,D,0,NA,NA,NA,NA,Y,NA,A,08,0,1,1,0,0,0,0,0,0,-,-,33.8954,-117.9787,ORANGE,BUENA PARK,-117.978335,33.895472
8360278,2017,2017-05-11,3022,2017-04-20,1323,1264,NA,4,5,5,3022,0,0,0,NA,0,NA,MAIN ST,PACIFIC ST,0,NA,Y,A,-,N,NA,NA,NA,NA,NA,NA,NA,NA,NA,N,4,0,1,2,A,-,12,21453,A,N,D,C,A,A,H,-,A,A,0,NA,NA,NA,NA,Y,NA,A,01,0,0,1,0,0,0,0,0,0,-,-,33.74213,-117.82917,ORANGE,TUSTIN,-117.82977004,33.74209009
8360551,2017,2017-05-17,3009,2017-04-20,1501,3397,92,4,5,6,3009,0,0,0,NA,0,1-2,BROOKHURST ST,CHAPMAN AV,586,S,N,A,-,N,NA,NA,NA,NA,NA,NA,NA,NA,NA,N,4,0,1,2,A,-,09,21801,A,N,A,C,A,A,H,-,A,A,0,NA,NA,NA,NA,Y,NA,A,07,0,0,1,0,0,0,0,0,0,-,-,NA,NA,ORANGE,GARDEN GROVE,-117.9587841,33.7870539
8361322,2017,2017-05-18,3000,2017-04-28,0709,1644,891F7,5,5,4,3045,0,0,0,NA,0,6M47,PASEO DE VALENCIA,EL TORO RD,0,NA,Y,A,-,N,NA,NA,NA,NA,NA,NA,NA,NA,NA,N,4,0,1,2,A,-,12,21457,A,N,D,C,A,A,H,-,A,B,0,NA,NA,NA,NA,Y,NA,A,07,0,0,1,0,0,0,0,0,0,-,-,NA,NA,ORANGE,LAGUNA HILLS,-117.71293012,33.61274008
8362366,2017,2018-04-02,3011,2017-05-04,1730,31430,71,4,5,4,3011,0,0,0,NA,0,001,LAGUNA CANYON RD,PHILLIPS ST,0,NA,Y,A,-,Y,ORA,12,133,-,-,3.08,I,5,N,Y,4,0,1,2,A,-,08,22107,NA,N,B,C,A,A,H,-,A,D,0,NA,NA,NA,NA,Y,NA,A,01,0,0,1,0,0,0,0,0,0,-,-,NA,NA,ORANGE,LAGUNA BEACH,-117.76237261,33.5780451
8364339,2017,2017-05-25,3019,2017-04-24,1744,3151,SE,1,5,7,3019,0,0,0,NA,0,003,MC FADDEN AV,WRIGHT ST,30,W,N,A,-,N,NA,NA,NA,NA,NA,NA,NA,NA,NA,N,4,0,1,2,A,-,03,22350,NA,N,C,C,A,A,H,-,A,D,0,NA,NA,NA,NA,Y,NA,D,22,0,0,1,0,0,0,0,0,0,-,-,33.73361,-117.84681,ORANGE,SANTA ANA,-117.84719843,33.73375922
8364392,2017,2017-05-26,3019,2017-05-05,1710,3438,NE,5,5,7,3019,0,0,0,NA,0,001,BROADWAY,10TH ST,0,NA,Y,B,-,N,NA,NA,NA,NA,NA,NA,NA,NA,NA,Y,3,0,2,2,A,-,09,21801,A,N,D,C,A,A,H,-,A,A,0,NA,NA,NA,NA,Y,NA,A,01,0,1,1,0,0,0,0,0,0,-,-,33.75362,-117.86982,ORANGE,SANTA ANA,-117.86969004,33.75336009
8365676,2017,2017-05-16,3019,2017-04-14,1357,1925,NE,5,5,7,3019,0,0,0,NA,0,165,ROSS ST,4TH ST,8,N,N,A,-,N,NA,NA,NA,NA,NA,NA,NA,NA,NA,Y,4,0,1,2,A,-,10,21950,A,N,G,-,B,A,H,-,A,A,0,Y,NA,NA,NA,Y,NA,A,08,0,0,1,0,1,0,0,0,0,-,-,33.74794,-117.87218,ORANGE,SANTA ANA,-117.87247,33.74799193
8365898,2017,2017-05-17,3000,2017-04-17,1621,5377,971H3,1,5,5,3040,0,0,0,NA,0,743,GOLDEN LANTERN,VIA LADERA,0,NA,Y,A,-,N,NA,NA,NA,NA,NA,NA,NA,NA,NA,Y,3,0,3,2,A,-,12,21453,A,N,D,C,A,A,H,-,A,A,0,NA,NA,NA,NA,Y,NA,A,07,0,1,2,0,0,0,0,0,0,-,-,NA,NA,ORANGE,LAGUNA NIGUEL,-117.69606007,33.49313002