CASE_ID,ACCIDENT_YEAR,PROC_DATE,JURIS,COLLISION_DATE,COLLISION_TIME,OFFICER_ID,REPORTING_DISTRICT,DAY_OF_WEEK,CHP_SHIFT,POPULATION,CNTY_CITY_LOC,SPECIAL_COND,BEAT_TYPE,CHP_BEAT_TYPE,CITY_DIVISION_LAPD,CHP_BEAT_CLASS,BEAT_NUMBER,PRIMARY_RD,SECONDARY_RD,DISTANCE,DIRECTION,INTERSECTION,WEATHER_1,WEATHER_2,STATE_HWY_IND,CALTRANS_COUNTY,CALTRANS_DISTRICT,STATE_ROUTE,ROUTE_SUFFIX,POSTMILE_PREFIX,POSTMILE,LOCATION_TYPE,RAMP_INTERSECTION,SIDE_OF_HWY,TOW_AWAY,COLLISION_SEVERITY,NUMBER_KILLED,NUMBER_INJURED,PARTY_COUNT,PRIMARY_COLL_FACTOR,PCF_CODE_OF_VIOL,PCF_VIOL_CATEGORY,PCF_VIOLATION,PCF_VIOL_SUBSECTION,HIT_AND_RUN,TYPE_OF_COLLISION,MVIW,PED_ACTION,ROAD_SURFACE,ROAD_COND_1,ROAD_COND_2,LIGHTING,CONTROL_DEVICE,CHP_ROAD_TYPE,PEDESTRIAN_ACCIDENT,BICYCLE_ACCIDENT,MOTORCYCLE_ACCIDENT,TRUCK_ACCIDENT,NOT_PRIVATE_PROPERTY,ALCOHOL_INVOLVED,STWD_VEHTYPE_AT_FAULT,CHP_VEHTYPE_AT_FAULT,COUNT_SEVERE_INJ,COUNT_VISIBLE_INJ,COUNT_COMPLAINT_PAIN,COUNT_PED_KILLED,COUNT_PED_INJURED,COUNT_BICYCLIST_KILLED,COUNT_BICYCLIST_INJURED,COUNT_MC_KILLED,COUNT_MC_INJURED,PRIMARY_RAMP,SECONDARY_RAMP,LATITUDE,LONGITUDE,COUNTY,CITY,POINT_X,POINT_Y
8392984,2017,2017-06-21,3009,2017-06-09,2047,3739,133,5,5,6,3009,0,0,0,NA,0,2-1,CHAPMAN AV,WEST ST,0,NA,Y,A,-,N,NA,NA,NA,NA,NA,NA,NA,NA,NA,N,4,0,2,2,A,-,09,21801,A,N,D,C,A,A,H,-,A,A,0,NA,NA,NA,NA,Y,NA,A,01,0,0,2,0,0,0,0,0,0,-,-,NA,NA,ORANGE,GARDEN GROVE,-117.92374006,33.78880001
8393664,2017,2017-07-14,3019,2017-05-25,1328,3196,SE,4,5,7,3019,0,0,0,NA,0,003,1ST ST,SYCAMORE ST,20,W,N,B,-,N,NA,NA,NA,NA,NA,NA,NA,NA,NA,N,4,0,1,2,A,-,03,22350,NA,N,C,C,A,A,H,-,A,A,0,NA,NA,NA,NA,Y,NA,A,01,0,0,1,0,0,0,0,0,0,-,-,33.74536,-117.86845,ORANGE,SANTA ANA,-117.86877563,33.74554
8393735,2017,2017-06-23,3019,2017-05-23,1610,3196,NE,2,5,7,3019,0,0,0,NA,0,002,17TH ST,LINCOLN AV,530,E,N,A,-,N,NA,NA,NA,NA,NA,NA,NA,NA,NA,Y,4,0,1,2,A,-,03,22350,NA,N,C,C,A,A,H,-,A,D,0,NA,NA,NA,NA,Y,NA,D,22,0,0,1,0,0,0,0,0,0,-,-,33.76001,-117.8562,ORANGE,SANTA ANA,-117.85444048,33.76000846
8394103,2017,2017-06-23,3022,2017-06-08,1444,1169,NA,4,5,5,3022,0,0,0,NA,0,NA,C ST,3RD ST,66,S,N,A,-,N,NA,NA,NA,NA,NA,NA,NA,NA,NA,Y,4,0,1,2,A,-,21,22106,NA,N,B,C,A,A,H,-,A,D,0,NA,NA,NA,NA,Y,NA,D,22,0,0,1,0,0,0,0,0,0,-,-,33.74312,-117.82488,ORANGE,TUSTIN,-117.82491,33.74293907
8394425,2017,2017-06-23,3015,2017-05-12,0042,1515,74S,5,5,6,3015,0,0,0,NA,0,003,EAST CHAPMAN AV,S SOLANA DR,0,NA,Y,A,-,N,NA,NA,NA,NA,NA,NA,NA,NA,NA,N,3,0,1,1,A,-,01,23152,A,N,E,I,A,A,H,-,D,D,0,NA,NA,NA,NA,Y,Y,A,07,0,1,0,0,0,0,0,0,0,-,-,NA,NA,ORANGE,ORANGE,-117.80032007,33.78771002
8394693,2017,2017-06-26,3019,2017-06-10,1131,3457,WE,6,5,7,3019,0,0,0,NA,0,001,PACIFIC AV,1ST ST,0,NA,Y,A,-,N,NA,NA,NA,NA,NA,NA,NA,NA,NA,Y,4,0,1,2,A,-,09,21453,B,F,D,C,A,A,H,-,A,A,0,NA,NA,NA,NA,Y,NA,A,01,0,0,1,0,0,0,0,0,0,-,-,33.74527,-117.88841,ORANGE,SANTA ANA,-117.88849003,33.74544003
8394868,2017,2017-07-11,3008,2017-02-14,1505,1117,NA,2,5,6,3008,0,0,0,NA,0,0Z3,RAYMOND AV,ORANGETHORPE AV,300,S,N,A,-,N,NA,NA,NA,NA,NA,NA,NA,NA,NA,Y,3,0,1,2,A,-,08,22107,NA,N,C,C,A,A,H,-,A,D,0,NA,NA,NA,NA,Y,NA,A,01,0,1,0,0,0,0,0,0,0,-,-,NA,NA,ORANGE,FULLERTON,-117.90676291,33.85875757
8396845,2017,2017-06-26,3010,2017-06-06,0832,2084,148,2,5,6,3010,0,0,0,NA,0,009,SPRINGDALE,EDINGER,90,S,N,B,-,N,NA,NA,NA,NA,NA,NA,NA,NA,NA,N,4,0,1,2,A,-,21,22106,NA,N,C,C,A,A,H,-,A,A,0,NA,NA,NA,NA,Y,NA,A,07,0,0,1,0,0,0,0,0,0,-,-,NA,NA,ORANGE,HUNTINGTON BEACH,-118.02416146,33.72972463
8397933,2017,2018-04-23,3011,2017-05-22,2121,28008,32,1,5,4,3011,0,0,0,NA,0,001,N COAST HWY,ASTER ST,30,S,N,A,-,Y,ORA,12,1,-,-,9.6,H,-,N,Y,2,0,4,2,A,-,01,23152,A,N,C,C,A,A,H,-,C,A,0,NA,NA,NA,NA,Y,Y,A,01,1,0,3,0,0,0,0,0,0,-,-,NA,NA,ORANGE,LAGUNA BEACH,-117.78833504,33.5438944
8401378,2017,2017-07-11,3012,2017-05-30,0846,568,27,2,5,5,3012,0,0,0,NA,0,002,LA HABRA BL,PALM ST,303,W,N,B,-,N,NA,NA,NA,NA,NA,NA,NA,NA,NA,N,3,0,3,2,A,-,08,22107,NA,N,A,C,A,A,H,-,A,A,0,NA,NA,NA,NA,Y,NA,A,01,0,2,1,0,0,0,0,0,0,-,-,NA,NA,ORANGE,LA HABRA,-117.92540657,33.93187
84019865,2024,2024-08-12,3019,2024-08-08,1743,3727,NA,4,5,7,3019,0,0,0,NA,0,004,BRISTOL STREET,SAINT GERTRUDE PLACE (S),6,S,N,A,-,N,NA,NA,NA,NA,NA,NA,NA,NA,NA,Y,4,0,1,3,A,-,08,22107,NA,N,B,C,A,A,H,-,A,D,0,NA,NA,NA,NA,Y,NA,A,01,0,0,1,0,0,0,0,0,0,-,-,33.71847915649414,-117.88591003417967,ORANGE,SANTA ANA,-117.8852767944336,33.71900177001953
8402623,2017,2017-07-12,3000,2017-04-29,0112,4601,971E2,6,5,4,3029,0,0,0,NA,0,638,CROWN VALLEY PKWY,MONARCH COAST ENTRANCE,188,E,N,A,-,N,NA,NA,NA,NA,NA,NA,NA,NA,NA,Y,3,0,1,1,A,-,08,22107,NA,N,E,I,A,A,H,-,C,D,0,NA,NA,NA,NA,Y,NA,A,07,0,1,0,0,0,0,0,0,0,-,-,NA,NA,ORANGE,DANA POINT,-117.726825,33.487215
8402808,2017,2017-07-14,3019,2017-06-20,1427,2771,WE,2,5,7,3019,0,0,0,NA,0,001,SANTA ANA BL,SHELTON ST,322,E,N,A,-,N,NA,NA,NA,NA,NA,NA,NA,NA,NA,Y,3,0,4,3,A,-,09,21804,A,N,D,C,A,A,H,-,A,D,0,NA,NA,NA,NA,Y,NA,D,22,0,4,0,0,0,0,0,0,0,-,-,33.74801,-117.88075,ORANGE,SANTA ANA,-117.87994371,33.74798408
8403887,2017,2017-07-13,3026,2017-06-11,1859,451,PORTO,7,5,6,3026,0,0,0,NA,0,00P,CULVER DR,TIVOLI,5,S,N,A,-,N,NA,NA,NA,NA,NA,NA,NA,NA,NA,N,3,0,1,2,A,-,08,22107,NA,N,B,C,A,A,H,-,A,A,0,NA,NA,NA,NA,Y,NA,A,01,0,1,0,0,0,0,0,0,0,-,-,NA,NA,ORANGE,IRVINE,-117.77232057,33.71995952
8403900,2017,2017-08-14,3001,2017-06-13,1550,2115,NA,2,5,7,3001,0,0,0,NA,0,0D4,E SERRANO AV,E CANYON RIM RD,6,S,N,A,-,N,NA,NA,NA,NA,NA,NA,NA,NA,NA,N,4,0,1,1,A,-,01,23152,F,N,E,I,A,A,H,-,A,A,0,NA,NA,NA,NA,Y,NA,A,01,0,0,1,0,0,0,0,0,0,-,-,NA,NA,ORANGE,ANAHEIM,-117.74194354,33.84300805
8404151,2017,2017-07-17,3001,2017-06-12,0955,41555,NA,1,5,7,3001,0,0,0,NA,0,0D2,E LINCOLN AV,S OLIVE ST,0,NA,Y,A,-,N,NA,NA,NA,NA,NA,NA,NA,NA,NA,Y,4,0,1,2,A,-,12,21453,A,N,D,C,A,A,H,-,A,A,0,NA,NA,NA,NA,Y,NA,A,01,0,0,1,0,0,0,0,0,0,-,-,NA,NA,ORANGE,ANAHEIM,-117.91051005999999,33.8374901
8404326,2017,2019-04-09,3001,2017-05-10,1017,1007,NA,3,5,7,3001,0,0,0,NA,0,0D2,BROOKHURST ST,BALL RD,17,S,N,A,-,N,NA,NA,NA,NA,NA,NA,NA,NA,NA,Y,1,1,0,2,A,-,11,21461,5,N,G,B,B,A,H,-,A,A,0,Y,NA,NA,NA,Y,NA,N,60,0,0,0,1,0,0,0,0,0,-,-,NA,NA,ORANGE,ANAHEIM,-117.95893928,33.8177234
8404436,2017,2017-08-29,3007,2017-03-25,1916,297,15,6,5,5,3007,0,0,0,NA,0,001,BROOKHURST,HEIL,0,NA,Y,A,-,N,NA,NA,NA,NA,NA,NA,NA,NA,NA,Y,1,1,0,2,A,-,03,22350,NA,N,D,C,A,A,H,-,B,A,0,NA,NA,Y,NA,Y,NA,C,02,0,0,0,0,0,0,0,1,0,-,-,NA,NA,ORANGE,FOUNTAIN VALLEY,-117.95466009,33.72354011
8404795,2018,2020-05-22,3014,2018-02-17,1011,1395,RD33,6,5,5,3014,0,0,0,NA,0,0A3,IRVINE AV,ORCHARD DR,0,NA,Y,A,-,N,NA,NA,NA,NA,NA,NA,NA,NA,NA,Y,1,1,1,2,A,-,09,21453,C,N,D,C,A,A,H,-,A,A,0,NA,NA,Y,NA,Y,NA,A,07,0,1,0,0,0,0,0,1,0,-,-,33.65959930419922,-117.87850189208984,ORANGE,NEWPORT BEACH,-117.8786392211914,33.65964889526367
8406851,2017,2018-05-04,3008,2017-05-27,1519,1266,NA,6,5,6,3008,0,0,0,NA,0,0Z2,LEMON ST,FREEDOM AV,12,S,N,A,-,N,NA,NA,NA,NA,NA,NA,NA,NA,NA,Y,4,0,2,2,A,-,09,21804,A,N,D,C,A,-,H,-,A,A,0,NA,NA,NA,NA,Y,NA,A,01,0,0,2,0,0,0,0,0,0,-,-,NA,NA,ORANGE,FULLERTON,-117.91988,33.8624971
8407257,2017,2017-07-19,3010,2017-06-25,0056,1261,451,7,5,6,3010,0,0,0,NA,0,004,7TH ST,ACACIA,0,NA,Y,A,-,N,NA,NA,NA,NA,NA,NA,NA,NA,NA,N,4,0,1,2,A,-,10,21950,A,F,G,B,B,A,H,-,C,A,0,Y,NA,NA,NA,Y,Y,-,99,0,0,1,0,1,0,0,0,0,-,-,NA,NA,ORANGE,HUNTINGTON BEACH,-117.99996006,33.66321008
8407427,2017,2017-07-27,3022,2017-07-04,1209,1193,SOUTH,2,5,5,3022,0,0,0,NA,0,NA,RED HILL AV,COPPERFIELD DR,108,N,N,A,-,N,NA,NA,NA,NA,NA,NA,NA,NA,NA,Y,4,0,1,2,A,-,03,22350,NA,N,C,C,A,A,H,-,A,D,0,NA,NA,NA,NA,Y,NA,A,01,0,0,1,0,0,0,0,0,0,-,-,33.72904,-117.81986,ORANGE,TUSTIN,-117.81966281,33.72927719
8408495,2017,2017-07-28,3026,2017-07-08,1219,548,UNIVE,6,5,6,3026,0,0,0,NA,0,002,VON KARMAN AV,MICHELSON DR,0,NA,Y,A,-,N,NA,NA,NA,NA,NA,NA,NA,NA,NA,Y,4,0,1,2,A,-,17,21367,C,N,D,C,A,A,D,-,A,A,0,NA,NA,NA,NA,Y,NA,A,01,0,0,1,0,0,0,0,0,0,-,-,33.6764,-117.85371,ORANGE,IRVINE,-117.85340008,33.67623008
8408601,2017,2017-07-26,3026,2017-07-01,1156,358,PORTO,6,5,6,3026,0,0,0,NA,0,00P,ALTON PKWY,TECHNOLOGY DR W,199,W,N,B,-,N,NA,NA,NA,NA,NA,NA,NA,NA,NA,N,3,0,1,2,A,-,03,22350,NA,F,H,G,A,A,H,-,A,D,0,NA,Y,NA,NA,Y,NA,A,01,0,1,0,0,0,0,1,0,0,-,-,NA,NA,ORANGE,IRVINE,-117.74017908,33.65554173
8409186,2017,2017-07-25,3014,2017-05-13,1649,1462,RD36,6,5,5,3014,0,0,0,NA,0,0A3,JAMBOREE RD,BAYVIEW WY,226,N,N,A,-,N,NA,NA,NA,NA,NA,NA,NA,NA,NA,Y,4,0,2,2,A,-,07,21658,A,N,C,C,A,A,H,-,A,A,0,NA,NA,NA,NA,Y,NA,A,01,0,0,2,0,0,0,0,0,0,-,-,33.653,-117.653,ORANGE,NEWPORT BEACH,-117.86650615,33.6534877
8409585,2017,2017-07-25,3009,2017-06-25,1701,3826,85,7,5,6,3009,0,0,0,NA,0,1 3,CANNERY ST,MAGNOLIA ST,42,N,N,A,-,N,NA,NA,NA,NA,NA,NA,NA,NA,NA,N,3,0,1,2,A,-,09,21804,A,N,D,G,A,A,H,-,A,D,0,NA,Y,NA,NA,Y,NA,L,04,0,1,0,0,0,0,1,0,0,-,-,NA,NA,ORANGE,GARDEN GROVE,-117.97267221,33.77227508
8409896,2017,2017-07-28,3008,2017-02-05,1857,1497,1,7,5,6,3008,0,0,0,NA,0,NA,NORTH BASQUE AV,WEST GREGORY AV,0,NA,Y,A,-,N,NA,NA,NA,NA,NA,NA,NA,NA,NA,N,3,0,1,2,A,-,14,21201,D,N,D,G,A,A,H,-,D,D,0,NA,Y,NA,NA,Y,NA,L,04,0,1,0,0,0,0,1,0,0,-,-,NA,NA,ORANGE,FULLERTON,-117.95072005,33.87066011
8410593,2017,2017-07-28,3014,2017-07-17,1300,1253,RD51,1,5,5,3014,0,0,0,NA,0,0A4,SAN MIGUEL DR,SAN JOAQUIN HILLS RD,10,N,N,A,-,N,NA,NA,NA,NA,NA,NA,NA,NA,NA,N,3,0,1,2,A,-,05,21650,NA,N,H,G,A,A,H,-,A,A,0,NA,Y,NA,NA,Y,NA,L,04,0,1,0,0,0,0,1,0,0,-,-,33.6121,-117.8651,ORANGE,NEWPORT BEACH,-117.86540956,33.61199015
8410750,2017,2017-07-27,3001,2017-06-21,1903,415,NA,3,5,7,3001,0,0,0,NA,0,0D3,BALL RD,GILBUCK ST,197,W,N,A,-,N,NA,NA,NA,NA,NA,NA,NA,NA,NA,Y,3,0,1,6,A,-,08,22107,NA,N,B,E,A,A,H,-,A,D,0,NA,NA,NA,NA,Y,NA,A,01,0,1,0,0,0,0,0,0,0,-,-,NA,NA,ORANGE,ANAHEIM,-117.93399654,33.81803804
8411074,2017,2017-08-21,3001,2017-06-26,1837,1397,NA,1,5,7,3001,0,0,0,NA,0,0D2,E PARADISE RD,SUNKIST ST,8,N,N,A,-,N,NA,NA,NA,NA,NA,NA,NA,NA,NA,N,3,0,1,2,A,-,12,22450,NA,M,G,B,E,A,H,-,A,A,0,Y,NA,NA,NA,Y,NA,A,01,0,1,0,0,1,0,0,0,0,-,-,NA,NA,ORANGE,ANAHEIM,-117.88047,33.83954
8411240,2017,2017-07-31,3019,2017-06-27,0820,2771,SE,2,5,7,3019,0,0,0,NA,0,003,EDINGER AV,BROADWAY,50,W,N,A,-,N,NA,NA,NA,NA,NA,NA,NA,NA,NA,N,4,0,1,2,A,-,21,22106,NA,N,C,C,A,A,H,-,A,D,0,NA,NA,NA,NA,Y,NA,D,22,0,0,1,0,0,0,0,0,0,-,-,33.72713,-117.87,ORANGE,SANTA ANA,-117.87005373,33.72727847
8411337,2017,2017-08-24,3001,2017-06-06,0915,0705,NA,2,5,7,3001,0,0,0,NA,0,0D3,EAST BALL RD,S TECHNOLOGY CIR,0,NA,Y,B,-,N,NA,NA,NA,NA,NA,NA,NA,NA,NA,Y,3,0,2,3,A,-,03,22350,NA,N,D,C,A,A,H,-,A,D,0,NA,NA,NA,NA,Y,NA,A,01,0,1,1,0,0,0,0,0,0,-,-,NA,NA,ORANGE,ANAHEIM,-117.90677002,33.81808006
8411341,2017,2017-08-24,3001,2017-06-06,1201,A2382,NA,2,5,7,3001,0,0,0,NA,0,035,STATE COLLEGE BL,VERMONT AV,17,S,N,B,-,N,NA,NA,NA,NA,NA,NA,NA,NA,NA,Y,4,0,2,2,A,-,00,22167,NA,N,A,I,A,A,H,-,A,D,0,NA,NA,NA,NA,Y,NA,A,01,0,0,2,0,0,0,0,0,0,-,-,NA,NA,ORANGE,ANAHEIM,-117.88935,33.82785339
8411568,2017,2017-07-28,3019,2017-06-26,0752,3150,WE,1,5,7,3019,0,0,0,NA,0,001,CIVIC CENTER DR,BRISTOL ST,0,NA,Y,A,-,N,NA,NA,NA,NA,NA,NA,NA,NA,NA,Y,3,0,1,2,A,-,09,21801,A,N,A,C,A,A,H,-,A,A,0,NA,NA,Y,NA,Y,NA,A,01,0,1,0,0,0,0,0,0,1,-,-,33.7515,-117.88535,ORANGE,SANTA ANA,-117.88511003,33.7515001
8412322,2017,2018-04-09,3004,2017-08-18,2010,P627,24,5,5,6,3004,0,0,0,NA,0,008,SOUTHHAMPTON DR,RT 405,0,NA,Y,A,-,Y,ORA,12,405,-,-,10.27,R,4,N,Y,3,0,3,2,A,-,01,23152,A,N,D,C,A,A,H,-,C,A,0,NA,NA,NA,NA,Y,Y,D,22,0,1,2,0,0,0,0,0,0,-,-,33.6886,-117.899,ORANGE,COSTA MESA,-117.89881252,33.68773499
8412719,2017,2017-09-12,3012,2017-08-04,1315,288,47,5,5,5,3012,0,0,0,NA,0,0SE,IDAHO ST,OLIVE TREE DR,0,NA,Y,A,-,N,NA,NA,NA,NA,NA,NA,NA,NA,NA,N,4,0,1,2,A,-,12,21453,A,N,D,C,A,A,H,-,A,A,0,NA,NA,NA,NA,Y,NA,A,08,0,0,1,0,0,0,0,0,0,-,-,NA,NA,ORANGE,LA HABRA,-117.95918006,33.91585006
8413545,2017,2017-07-24,3001,2017-06-23,1423,1825,NA,5,5,7,3001,0,0,0,NA,0,0D1,S DALE ST,WEST BALL RD,0,NA,Y,A,-,N,NA,NA,NA,NA,NA,NA,NA,NA,NA,Y,3,0,5,2,A,-,09,21801,A,N,A,C,A,A,H,-,A,A,0,NA,NA,NA,NA,Y,NA,A,01,0,4,1,0,0,0,0,0,0,-,-,NA,NA,ORANGE,ANAHEIM,-117.98455002,33.81752002
8413585,2017,2017-07-24,3001,2017-06-20,1249,0705,NA,2,5,7,3001,0,0,0,NA,0,0D2,EAST ST,BELMONT AV,46,S,N,A,-,N,NA,NA,NA,NA,NA,NA,NA,NA,NA,N,4,0,1,2,A,-,03,22350,NA,N,C,C,A,A,H,-,A,D,0,NA,NA,NA,NA,Y,NA,A,01,0,0,1,0,0,0,0,0,0,-,-,NA,NA,ORANGE,ANAHEIM,-117.90597797,33.848108859999996
8413676,2017,2017-07-27,3001,2017-06-16,1417,A1355,NA,5,5,7,3001,0,0,0,NA,0,0D4,EAST LA PALMA AV,N FAIRMONT BL,29,W,N,A,-,N,NA,NA,NA,NA,NA,NA,NA,NA,NA,Y,3,0,2,3,A,-,07,21658,A,N,B,C,A,A,H,-,A,A,0,NA,NA,NA,NA,Y,NA,A,01,0,1,1,0,0,0,0,0,0,-,-,NA,NA,ORANGE,ANAHEIM,-117.77573774,33.86391676
8414060,2017,2017-08-10,3000,2017-07-30,1820,1920,922B7,7,5,5,3028,0,0,0,NA,0,754,CROWN VALLEY PKWY,KALEIDOSCOPE,222,W,N,A,-,N,NA,NA,NA,NA,NA,NA,NA,NA,NA,Y,3,0,1,2,A,-,07,21658,A,N,B,C,A,A,H,-,A,A,0,NA,NA,Y,NA,Y,NA,A,01,0,1,0,0,0,0,0,0,1,-,-,NA,NA,ORANGE,MISSION VIEJO,-117.67141,33.559792
8415895,2017,2017-12-05,3015,2017-10-27,1051,1440,25E,5,5,6,3015,0,0,0,NA,0,716,W WALNUT AV,NORTH OLIVE,0,NA,Y,A,-,N,NA,NA,NA,NA,NA,NA,NA,NA,NA,Y,3,0,1,3,A,-,12,22450,A,N,D,C,A,A,H,-,A,A,0,NA,NA,NA,NA,Y,NA,A,01,0,1,0,0,0,0,0,0,0,-,-,NA,NA,ORANGE,ORANGE,-117.85420005,33.79509002
8416484,2017,2017-08-03,3008,2017-03-16,1920,1466,NJC,4,5,6,3008,0,0,0,NA,0,003,CHAPMAN AV,COMMONWEALTH AV,18,E,N,A,-,N,NA,NA,NA,NA,NA,NA,NA,NA,NA,N,4,0,1,2,A,-,10,21950,A,N,G,B,B,A,H,-,C,A,0,Y,NA,NA,NA,Y,NA,A,01,0,0,1,0,1,0,0,0,0,-,-,NA,NA,ORANGE,FULLERTON,-117.88418084,33.8743
8417339,2017,2017-07-28,3009,2017-07-22,2228,3927,92,6,5,6,3009,0,0,0,NA,0,102,BROOKHURST ST,PAVILLION,12,S,N,A,-,N,NA,NA,NA,NA,NA,NA,NA,NA,NA,Y,3,0,1,2,A,-,09,21801,A,N,A,C,A,A,H,-,C,A,0,NA,NA,NA,NA,Y,NA,A,01,0,1,0,0,0,0,0,0,0,-,-,NA,NA,ORANGE,GARDEN GROVE,-117.9587793,33.78686711
8418151,2017,2017-07-25,3000,2017-07-11,1647,9274,921C4,2,5,4,3049,0,0,0,NA,0,1A83,CANYON VISTAS,WOOD VISTA,0,NA,Y,A,-,N,NA,NA,NA,NA,NA,NA,NA,NA,NA,Y,3,0,1,2,A,-,03,22350,NA,N,C,C,A,A,H,-,A,D,0,NA,NA,NA,NA,Y,NA,A,01,0,1,0,0,0,0,0,0,0,-,-,NA,NA,ORANGE,ALISO VIEJO,-117.74025007,33.58370011
8418317,2017,2017-07-27,3015,2017-06-17,1010,1563,11,6,5,6,3015,0,0,0,NA,0,215,NORTH STATE COLLEGE BL,RT 5,0,NA,Y,A,-,N,NA,NA,NA,NA,NA,NA,NA,NA,NA,Y,3,0,3,2,A,-,12,21453,A,N,D,C,A,A,H,-,A,A,0,NA,NA,NA,NA,Y,NA,A,01,0,2,1,0,0,0,0,0,0,-,SF,NA,NA,ORANGE,ORANGE,-117.89031011,33.79166001
8418326,2017,2017-07-28,3015,2017-06-13,1439,1374,NA,2,5,6,3015,0,0,0,NA,0,231,N CANNON ST,SAN JUAN AV,300,S,N,A,-,N,NA,NA,NA,NA,NA,NA,NA,NA,NA,Y,3,0,2,2,A,-,05,21651,A,N,A,C,A,A,H,-,A,-,0,NA,NA,NA,NA,Y,NA,A,01,0,1,1,0,0,0,0,0,0,-,-,NA,NA,ORANGE,ORANGE,-117.79448611,33.80891945
8418330,2017,2017-07-27,3015,2017-06-14,1134,1364,32E,3,5,6,3015,0,0,0,NA,0,713,WEST CHAPMAN AV,N PIXLEY,0,NA,Y,A,-,N,NA,NA,NA,NA,NA,NA,NA,NA,NA,Y,3,0,3,2,A,-,09,21802,A,N,D,C,A,A,H,-,A,D,0,NA,NA,NA,NA,Y,NA,A,01,0,1,2,0,0,0,0,0,0,-,-,NA,NA,ORANGE,ORANGE,-117.85858008,33.78788008
8418331,2017,2017-07-27,3024,2017-07-12,2246,177,P21,3,5,5,3024,0,0,0,NA,0,EAST,BUSHARD ST,KERN AV,171,N,N,A,-,N,NA,NA,NA,NA,NA,NA,NA,NA,NA,Y,4,0,1,1,A,-,03,22350,NA,N,E,I,A,A,H,-,C,D,0,NA,NA,NA,NA,Y,NA,A,01,0,0,1,0,0,0,0,0,0,-,-,33.75324,-117.96343,ORANGE,WESTMINSTER,-117.96358527,33.75383881
8418714,2017,2017-07-31,3008,2017-03-12,2126,1499,NA,7,5,6,3008,0,0,0,NA,0,2-3,MADISON AV,PLACENTIA AV,40,E,N,A,-,N,NA,NA,NA,NA,NA,NA,NA,NA,NA,Y,3,0,1,2,A,-,08,22107,NA,N,B,E,A,A,H,-,C,A,0,NA,NA,NA,NA,Y,NA,D,22,0,1,0,0,0,0,0,0,0,-,-,NA,NA,ORANGE,FULLERTON,-117.87631175,33.88265586
8418718,2017,2017-07-31,3008,2017-03-10,1325,1502,NA,5,5,6,3008,0,0,0,NA,0,2-1,BROCKHURST ST,PAGE AV,309,S,N,A,-,N,NA,NA,NA,NA,NA,NA,NA,NA,NA,Y,4,0,2,4,-,-,-,NA,NA,N,C,C,A,A,H,-,A,A,0,NA,NA,NA,Y,Y,NA,-,-,0,0,2,0,0,0,0,0,0,-,-,NA,NA,ORANGE,FULLERTON,-117.959258,33.855319
8418730,2017,2017-08-01,3008,2017-03-13,1150,1074,NA,1,5,6,3008,0,0,0,NA,0,0Z1,OLIVE AV,PINE DR,455,E,N,A,-,N,NA,NA,NA,NA,NA,NA,NA,NA,NA,Y,4,0,1,2,A,-,09,21804,A,N,D,C,A,A,H,-,A,D,0,NA,NA,NA,NA,Y,NA,A,01,0,0,1,0,0,0,0,0,0,-,-,NA,NA,ORANGE,FULLERTON,-117.96557466,33.86225001
8419315,2017,2017-08-15,3007,2017-07-14,1455,1134,57,5,5,5,3007,0,0,0,NA,0,002,TALBERT,NEWHOPE,0,NA,Y,A,-,N,NA,NA,NA,NA,NA,NA,NA,NA,NA,Y,4,0,1,4,A,-,03,22350,NA,N,C,C,A,A,H,-,A,A,0,NA,NA,NA,NA,Y,NA,A,01,0,0,1,0,0,0,0,0,0,-,-,NA,NA,ORANGE,FOUNTAIN VALLEY,-117.93462003,33.70187007
8419331,2017,2017-08-15,3007,2017-07-22,1411,274,33,6,5,5,3007,0,0,0,NA,0,001,MAGNOLIA,HEIL,0,NA,Y,A,-,N,NA,NA,NA,NA,NA,NA,NA,NA,NA,N,3,0,1,3,A,-,08,22107,NA,N,D,C,A,A,D,-,A,A,0,NA,NA,NA,NA,Y,NA,A,07,0,1,0,0,0,0,0,0,0,-,-,NA,NA,ORANGE,FOUNTAIN VALLEY,-117.9719601,33.72304005
8422127,2017,2017-08-07,3026,2017-07-20,1622,8929,CROSS,4,5,6,3026,0,0,0,NA,0,005,ALTON PKWY,WEST YALE LOOP,430,E,N,A,-,N,NA,NA,NA,NA,NA,NA,NA,NA,NA,Y,4,0,1,2,A,-,06,21750,A,N,B,C,A,A,H,-,A,D,0,NA,NA,Y,NA,Y,NA,C,02,0,0,1,0,0,0,0,0,1,-,-,NA,NA,ORANGE,IRVINE,-117.80852071,33.6782245
8423569,2017,2018-06-11,3012,2017-07-25,1611,288,38,2,5,5,3012,0,0,0,NA,0,0SW,BEACH BL,WESTRIDGE PLAZA NORTH,27,N,N,-,-,Y,ORA,12,39,-,-,19.04,H,-,S,N,4,0,2,2,A,-,03,22350,NA,N,C,C,A,A,H,-,A,A,0,NA,NA,NA,NA,Y,NA,A,01,0,0,2,0,0,0,0,0,0,-,-,NA,NA,ORANGE,LA HABRA,-117.96952773,33.91549221
8424197,2017,2017-08-17,3000,2017-06-13,1900,6532,971J5,2,5,4,3029,0,0,0,NA,0,737,COPPER LANTERN,SELVA RD,0,NA,Y,A,-,N,NA,NA,NA,NA,NA,NA,NA,NA,NA,Y,3,0,1,2,A,-,09,21802,A,N,D,C,A,A,H,-,A,A,0,NA,NA,Y,NA,Y,NA,D,22,0,1,0,0,0,0,0,0,1,-,-,NA,NA,ORANGE,DANA POINT,-117.69379011,33.47278006
8424327,2017,2017-08-17,3001,2017-08-04,1411,1830,NA,5,5,7,3001,0,0,0,NA,0,0D1,SOUTH BROOKHURST ST,STONEY-BROOK ST,92,N,N,A,-,N,NA,NA,NA,NA,NA,NA,NA,NA,NA,N,4,0,1,2,A,-,03,22350,NA,N,D,G,A,A,H,-,A,D,0,NA,Y,NA,NA,Y,NA,L,04,0,0,1,0,0,0,1,0,0,-,-,NA,NA,ORANGE,ANAHEIM,-117.95894,33.82200223
8426240,2017,2017-08-17,3010,2017-07-27,2307,1109,451,4,5,6,3010,0,0,0,NA,0,004,GOLDENWEST,ORANGE,0,NA,Y,A,-,N,NA,NA,NA,NA,NA,NA,NA,NA,NA,Y,3,0,2,2,A,-,12,21453,A,N,A,C,A,A,H,-,C,A,0,NA,NA,NA,NA,Y,NA,A,01,0,2,0,0,0,0,0,0,0,-,-,NA,NA,ORANGE,HUNTINGTON BEACH,-118.01469001,33.67078001