CASE_ID,ACCIDENT_YEAR,PROC_DATE,JURIS,COLLISION_DATE,COLLISION_TIME,OFFICER_ID,REPORTING_DISTRICT,DAY_OF_WEEK,CHP_SHIFT,POPULATION,CNTY_CITY_LOC,SPECIAL_COND,BEAT_TYPE,CHP_BEAT_TYPE,CITY_DIVISION_LAPD,CHP_BEAT_CLASS,BEAT_NUMBER,PRIMARY_RD,SECONDARY_RD,DISTANCE,DIRECTION,INTERSECTION,WEATHER_1,WEATHER_2,STATE_HWY_IND,CALTRANS_COUNTY,CALTRANS_DISTRICT,STATE_ROUTE,ROUTE_SUFFIX,POSTMILE_PREFIX,POSTMILE,LOCATION_TYPE,RAMP_INTERSECTION,SIDE_OF_HWY,TOW_AWAY,COLLISION_SEVERITY,NUMBER_KILLED,NUMBER_INJURED,PARTY_COUNT,PRIMARY_COLL_FACTOR,PCF_CODE_OF_VIOL,PCF_VIOL_CATEGORY,PCF_VIOLATION,PCF_VIOL_SUBSECTION,HIT_AND_RUN,TYPE_OF_COLLISION,MVIW,PED_ACTION,ROAD_SURFACE,ROAD_COND_1,ROAD_COND_2,LIGHTING,CONTROL_DEVICE,CHP_ROAD_TYPE,PEDESTRIAN_ACCIDENT,BICYCLE_ACCIDENT,MOTORCYCLE_ACCIDENT,TRUCK_ACCIDENT,NOT_PRIVATE_PROPERTY,ALCOHOL_INVOLVED,STWD_VEHTYPE_AT_FAULT,CHP_VEHTYPE_AT_FAULT,COUNT_SEVERE_INJ,COUNT_VISIBLE_INJ,COUNT_COMPLAINT_PAIN,COUNT_PED_KILLED,COUNT_PED_INJURED,COUNT_BICYCLIST_KILLED,COUNT_BICYCLIST_INJURED,COUNT_MC_KILLED,COUNT_MC_INJURED,PRIMARY_RAMP,SECONDARY_RAMP,LATITUDE,LONGITUDE,COUNTY,CITY,POINT_X,POINT_Y
8970515,2019,2019-11-12,3004,2019-10-23,0116,P510,20,3,5,6,3004,0,0,0,NA,0,008,FAIRVIEW RD,W PAULARINO AV,0,NA,Y,A,-,N,NA,NA,NA,NA,NA,NA,NA,NA,NA,Y,4,0,1,1,A,-,01,23152,A,N,E,I,A,A,H,-,C,A,0,NA,NA,NA,NA,Y,Y,D,22,0,0,1,0,0,0,0,0,0,-,-,33.68259811401367,-117.90766143798828,ORANGE,COSTA MESA,-117.90786743164063,33.68239974975586
8971480,2019,2020-06-29,3024,2019-11-04,1321,400,P-19,1,5,5,3024,0,0,0,NA,0,EAST,RT 39,16TH ST,0,NA,Y,A,-,Y,ORA,12,39,-,-,7.57,I,5,N,NA,4,0,1,3,A,-,03,22350,NA,F,C,C,A,A,H,-,A,D,0,NA,NA,NA,NA,Y,NA,-,99,0,0,1,0,0,0,0,0,0,-,-,33.758338928222656,-117.98934173583984,ORANGE,WESTMINSTER,-117.9895477294922,33.75828552246094
8973378,2019,2019-12-17,3015,2019-10-09,1337,1240,RD45,3,5,6,3015,0,0,0,NA,0,723-M,WEST KATELLA AV,N GLASSELL ST,505,W,N,A,-,N,NA,NA,NA,NA,NA,NA,NA,NA,NA,N,4,0,1,2,A,-,09,21801,A,N,D,C,A,A,H,-,A,D,0,NA,NA,NA,NA,Y,NA,A,01,0,0,1,0,0,0,0,0,0,-,-,NA,NA,ORANGE,ORANGE,-117.85467529296876,33.80907440185547
8973849,2019,2019-11-08,3004,2019-10-06,2057,P669,12,7,5,6,3004,0,0,0,NA,0,015,NEWPORT BL,E WILSON ST,0,NA,Y,A,-,N,NA,NA,55,NA,NA,NA,NA,NA,NA,N,2,0,2,1,A,-,01,23152,F,N,E,I,A,A,H,-,C,A,0,NA,NA,NA,NA,Y,NA,A,01,2,0,0,0,0,0,0,0,0,-,-,33.656219482421875,-117.90367126464844,ORANGE,COSTA MESA,-117.90409088134766,33.65663528442383
8973935,2019,2019-11-22,3009,2019-10-10,1206,3486,095,4,5,6,3009,0,0,0,NA,0,1-3,BROOKHURST ST,TRASK AV,318,N,N,A,-,N,NA,NA,NA,NA,NA,NA,NA,NA,NA,N,4,0,1,2,A,-,03,22350,NA,M,C,C,A,A,H,-,A,A,0,NA,NA,NA,NA,Y,Y,A,01,0,0,1,0,0,0,0,0,0,-,-,NA,NA,ORANGE,GARDEN GROVE,-117.95509338378906,33.767662048339844
8973967,2019,2019-11-22,3009,2019-10-21,1401,3927,117,1,5,6,3009,0,0,0,NA,0,2-3,LAKE ST,WESTMINSTER AV,0,NA,Y,A,-,N,NA,NA,NA,NA,NA,NA,NA,NA,NA,Y,3,0,2,2,A,-,08,22107,NA,N,D,C,A,A,H,-,A,A,0,NA,NA,NA,NA,Y,NA,A,01,0,1,1,0,0,0,0,0,0,-,-,NA,NA,ORANGE,GARDEN GROVE,-117.94429779052734,33.75965881347656
8974595,2019,2020-02-06,3011,2019-10-20,1736,31504,NA,7,5,4,3011,0,0,0,NA,0,NA,RT 1,MYRTLE ST,195,S,N,A,-,Y,ORA,12,1,-,-,9.81,H,-,S,N,4,0,1,2,A,-,17,22517,NA,N,H,G,A,A,H,-,B,D,0,NA,Y,NA,NA,Y,NA,A,01,0,0,1,0,0,0,1,0,0,-,-,NA,NA,ORANGE,LAGUNA BEACH,-117.79161834716795,33.54500198364258
8974663,2019,2019-11-13,3009,2019-10-16,0739,4156,117,3,5,6,3009,0,0,0,NA,0,023,EUCLID ST,WESTMINSTER AV,0,NA,Y,A,-,N,NA,NA,NA,NA,NA,NA,NA,NA,NA,N,4,0,1,2,A,-,05,21650,1,N,H,G,A,A,H,-,A,A,0,NA,Y,NA,NA,Y,NA,L,04,0,0,1,0,0,0,1,0,0,-,-,NA,NA,ORANGE,GARDEN GROVE,-117.9377212524414,33.759700775146484
8975540,2019,2020-01-29,3015,2019-10-26,1648,1567,61,6,5,6,3015,0,0,0,NA,0,312,SOUTH MAIN ST,W ALMOND AV,0,NA,Y,A,-,N,NA,NA,NA,NA,NA,NA,NA,NA,NA,N,4,0,2,3,A,-,10,21950,A,N,-,-,-,A,H,-,A,-,0,Y,NA,NA,NA,Y,NA,A,01,0,0,2,0,2,0,0,0,0,-,-,NA,NA,ORANGE,ORANGE,-117.86728668212892,33.786048889160156
8975605,2019,2020-01-23,3015,2019-11-05,0112,1247,46,2,5,6,3015,0,0,0,NA,0,123,HANDY ST,GARFIELD AV,102,S,N,A,-,N,NA,NA,NA,NA,NA,NA,NA,NA,NA,Y,3,0,3,1,A,-,08,22107,NA,N,E,I,A,A,H,-,C,D,0,NA,NA,NA,NA,Y,NA,A,01,0,3,0,0,0,0,0,0,0,-,-,NA,NA,ORANGE,ORANGE,-117.82704162597656,33.80921936035156
8979927,2019,2019-11-23,3022,2019-10-18,0711,1343,NA,5,5,5,3022,0,0,0,NA,0,NA,RED HILL AV,EDINGER AV,0,NA,Y,A,-,N,NA,NA,NA,NA,NA,NA,NA,NA,NA,Y,4,0,1,3,A,-,12,21453,A,N,D,C,A,A,H,-,A,A,0,NA,NA,NA,NA,Y,NA,A,08,0,0,1,0,0,0,0,0,0,-,-,33.721649169921875,-117.82746887207033,ORANGE,TUSTIN,-117.82743072509766,33.72148895263672
8981057,2019,2019-12-12,3004,2019-10-14,1215,P631,05,1,5,6,3004,0,0,0,NA,0,015,E 18TH ST,ORANGE AV,150,E,N,A,-,N,NA,NA,NA,NA,NA,NA,NA,NA,NA,N,4,0,1,2,A,-,17,22517,NA,N,H,G,A,A,H,-,A,A,0,NA,Y,NA,NA,Y,NA,A,07,0,0,1,0,0,0,1,0,0,-,-,33.6378288269043,-117.91548919677734,ORANGE,COSTA MESA,-117.91563415527344,33.637908935546875
8982416,2019,2020-01-10,3007,2019-11-07,1738,312,28,4,5,5,3007,0,0,0,NA,0,002,NEWHOPE,HEIL,47,N,N,A,-,N,NA,NA,NA,NA,NA,NA,NA,NA,NA,N,4,0,1,3,A,-,03,22350,NA,N,C,C,A,A,H,-,C,A,0,NA,NA,NA,NA,Y,NA,A,08,0,0,1,0,0,0,0,0,0,-,-,NA,NA,ORANGE,FOUNTAIN VALLEY,-117.92855072021484,33.723838806152344
8984150,2019,2019-11-23,3000,2019-07-10,0918,9320,951G3,3,5,5,3040,0,0,0,NA,0,143,LA PAZ RD,KINGS RD,0,NA,Y,A,-,N,NA,NA,NA,NA,NA,NA,NA,NA,NA,Y,3,0,1,2,A,-,08,22107,NA,N,B,D,A,A,H,-,A,A,0,NA,NA,NA,NA,Y,NA,A,01,0,1,0,0,0,0,0,0,0,-,-,NA,NA,ORANGE,LAGUNA NIGUEL,-117.70243072509766,33.539329528808594
8984264,2019,2019-12-27,3001,2019-10-25,1746,A1047,NA,5,5,7,3001,0,0,0,NA,0,D-1,NORTH MAGNOLIA AV,BALL RD,301,N,N,A,-,N,NA,NA,NA,NA,NA,NA,NA,NA,NA,N,4,0,2,2,A,-,07,21658,A,N,B,C,A,A,H,-,A,D,0,NA,NA,NA,NA,Y,NA,A,07,0,0,2,0,0,0,0,0,0,-,-,NA,NA,ORANGE,ANAHEIM,-117.97583770751952,33.818424224853516
8984282,2019,2020-01-06,3001,2019-11-04,1127,A1252,NA,1,5,7,3001,0,0,0,NA,0,0D1,LINCOLN AV,BELINDA CIR,0,NA,Y,A,-,N,NA,NA,NA,NA,NA,NA,NA,NA,NA,N,4,0,2,3,A,-,09,21801,A,N,D,C,A,A,H,-,A,A,0,NA,NA,NA,NA,Y,NA,A,01,0,0,2,0,0,0,0,0,0,-,-,33.83189010620117,-117.96588134765624,ORANGE,ANAHEIM,-117.96602630615234,33.83246994018555
8984847,2019,2019-12-24,3026,2019-11-05,1706,518,CROSS,2,5,6,3026,0,0,0,NA,0,004,WALNUT AV,THE MALL,36,E,N,A,-,N,NA,NA,NA,NA,NA,NA,NA,NA,NA,Y,3,0,2,2,A,-,21,22106,NA,N,C,C,A,A,H,-,C,A,0,NA,NA,NA,NA,Y,NA,A,07,0,1,1,0,0,0,0,0,0,-,-,33.70861053466797,-117.79216766357422,ORANGE,IRVINE,-117.79213714599608,33.708587646484375
8984931,2019,2019-12-31,3001,2019-10-02,1346,A1555,D 1,3,5,7,3001,0,0,0,NA,0,D 1,BALL RD,KNOTT AV,0,NA,Y,A,-,N,NA,NA,NA,NA,NA,NA,NA,NA,NA,Y,4,0,1,2,A,-,09,21801,A,N,D,C,A,A,H,-,A,A,0,NA,NA,NA,NA,Y,NA,A,01,0,0,1,0,0,0,0,0,0,-,-,33.8173713684082,-118.01094818115234,ORANGE,ANAHEIM,-118.01080322265624,33.8172492980957
8985050,2019,2020-09-17,3010,2019-10-31,1811,1015,348,4,5,6,3010,0,0,0,NA,0,004,RT 1,SEAPOINT ST,2800,S,N,A,-,Y,ORA,12,1,-,-,26.52,H,-,N,Y,3,0,1,2,A,-,04,21703,NA,N,B,G,A,A,H,-,D,D,0,NA,Y,NA,NA,Y,NA,L,04,0,1,0,0,0,0,1,0,0,-,-,NA,NA,ORANGE,HUNTINGTON BEACH,-118.02557373046876,33.67449188232422
8985255,2019,2020-09-14,3010,2019-11-22,0022,1160,293,5,5,6,3010,0,0,0,NA,0,005,BEACH BL,ELLIS AV,0,NA,Y,A,-,Y,ORA,12,39,-,-,3.12,I,5,N,Y,4,0,3,2,A,-,01,23152,A,N,D,C,A,A,H,-,C,A,0,NA,NA,NA,NA,Y,Y,A,01,0,0,3,0,0,0,0,0,0,-,-,NA,NA,ORANGE,HUNTINGTON BEACH,-117.9887466430664,33.69374084472656
8985746,2019,2019-12-30,3024,2019-11-17,0114,426,P-38,7,5,5,3024,0,0,0,NA,0,WEST,EDINGER AV,MAGNOLIA ST,145,W,N,E,-,N,NA,NA,NA,NA,NA,NA,NA,NA,NA,Y,4,0,2,2,A,-,01,23152,A,N,D,C,A,A,H,-,C,D,0,NA,NA,NA,NA,Y,Y,A,01,0,0,2,0,0,0,0,0,0,-,-,33.72938919067383,-117.97525024414063,ORANGE,WESTMINSTER,-117.97255706787108,33.73031234741211
8987745,2019,2020-02-07,3010,2019-11-11,1720,3042,431,1,5,6,3010,0,0,0,NA,0,004,YORKTOWN,LAKE,173,W,N,A,-,N,NA,NA,NA,NA,NA,NA,NA,NA,NA,Y,4,0,1,1,C,-,18,NA,NA,N,E,I,A,A,H,-,C,A,0,NA,NA,NA,NA,Y,NA,-,-,0,0,1,0,0,0,0,0,0,-,-,NA,NA,ORANGE,HUNTINGTON BEACH,-117.99850463867188,33.67863082885742
8992027,2019,2020-01-18,3024,2019-11-18,1425,421,P-07,1,5,5,3024,0,0,0,NA,0,WEST,WESTMINSTER BL,COLLEGE ST,248,W,N,-,-,N,NA,NA,NA,NA,NA,NA,NA,NA,NA,Y,4,0,1,2,A,-,03,22350,NA,N,E,I,A,A,H,-,A,D,0,NA,NA,NA,NA,Y,NA,A,07,0,0,1,0,0,0,0,0,0,-,-,NA,NA,ORANGE,WESTMINSTER,-118.04009246826172,33.75949478149414
8993388,2019,2019-12-11,3026,2019-10-30,1855,484,NA,3,5,6,3026,0,0,0,NA,0,00U,MCGAW,DERIAN,0,NA,Y,A,-,N,NA,NA,NA,NA,NA,NA,NA,NA,NA,Y,4,0,4,2,A,-,08,22100,A,N,D,C,A,A,H,-,C,D,0,NA,NA,NA,NA,Y,NA,A,07,0,0,4,0,0,0,0,0,0,-,-,NA,NA,ORANGE,IRVINE,-117.83799743652344,33.687870025634766
8993953,2019,2020-01-13,3026,2019-11-17,1940,592,NA,7,5,6,3026,0,0,0,NA,0,00C,ALTON,PACIFICA,0,NA,Y,A,-,N,NA,NA,NA,NA,NA,NA,NA,NA,NA,Y,4,0,2,2,A,-,12,21453,A,N,D,C,A,A,H,-,C,A,0,NA,NA,NA,NA,Y,Y,A,01,0,0,2,0,0,0,0,0,0,-,-,NA,NA,ORANGE,IRVINE,-117.75563049316406,33.65565872192383
8994459,2019,2020-01-06,3001,2019-10-09,1224,A1555,D4,3,5,7,3001,0,0,0,NA,0,0D4,LA PALMA AV,BRASHER ST,12,E,N,A,-,N,NA,NA,NA,NA,NA,NA,NA,NA,NA,Y,3,0,2,2,A,-,03,22350,NA,N,D,C,A,A,H,-,A,D,0,NA,NA,NA,NA,Y,NA,A,01,0,1,1,0,0,0,0,0,0,-,-,33.85932159423828,-117.79897308349608,ORANGE,ANAHEIM,-117.79903411865234,33.85953140258789
8995710,2019,2020-01-21,3000,2019-11-03,1820,11256,862G6,7,5,5,3028,0,0,0,NA,0,7A54,GLENN RANCH RD,EL TORO RD,17,W,N,A,-,N,NA,NA,NA,NA,NA,NA,NA,NA,NA,N,3,0,1,1,A,-,03,22350,NA,N,F,A,A,A,H,-,B,A,0,NA,NA,Y,NA,Y,NA,C,02,0,1,0,0,0,0,0,0,1,-,-,NA,NA,ORANGE,MISSION VIEJO,-117.62630462646484,33.670127868652344
8996821,2019,2020-09-17,3010,2019-11-04,1530,1243,422,1,5,6,3010,0,0,0,NA,0,005,RT 39,S GARFIELD,0,S,N,A,-,Y,ORA,12,39,-,-,2.64,H,-,N,N,4,0,1,2,A,-,03,22350,NA,N,C,C,A,A,H,-,A,A,0,NA,NA,NA,NA,Y,NA,A,07,0,0,1,0,0,0,0,0,0,-,-,NA,NA,ORANGE,HUNTINGTON BEACH,-117.98867034912108,33.68672180175781
8997439,2019,2020-02-08,3022,2019-10-18,0837,1323,NA,5,5,5,3022,0,0,0,NA,0,NA,FIG TREE DR,CHERRYWOOD LN,20,W,N,-,-,N,NA,NA,NA,NA,NA,NA,NA,NA,NA,N,4,0,1,2,A,-,08,22100,A,N,A,C,A,A,H,-,A,A,0,NA,NA,NA,NA,Y,NA,A,07,0,0,1,0,0,0,0,0,0,-,-,33.720001220703125,-117.81291198730467,ORANGE,TUSTIN,-117.81283569335938,33.720115661621094
9000776,2019,2020-02-06,3005,2019-12-07,0421,8221,C16,6,5,4,3005,0,0,0,NA,0,002,VALLEY VIEW ST,LINCOLN AV,0,NA,Y,A,-,N,NA,NA,NA,NA,NA,NA,NA,NA,NA,N,4,0,1,2,A,-,12,21453,NA,N,D,C,A,A,H,-,C,A,0,NA,NA,NA,NA,Y,NA,A,01,0,0,1,0,0,0,0,0,0,-,-,NA,NA,ORANGE,CYPRESS,-118.02848815917967,33.831809997558594
9000997,2019,2020-09-17,3010,2019-11-29,1021,1118,273,5,5,6,3010,0,0,0,NA,0,006,SLATER AV,RT 39,140,E,N,A,-,Y,ORA,12,39,-,-,4.131,I,6,N,N,4,0,1,2,A,-,09,21804,A,N,D,C,A,A,H,-,A,D,0,NA,NA,NA,NA,Y,NA,D,22,0,0,1,0,0,0,0,0,0,-,-,NA,NA,ORANGE,HUNTINGTON BEACH,-117.98910522460938,33.70848846435547
9001335,2019,2019-12-31,3002,2019-11-05,1747,10165,739J4,2,5,5,3025,0,0,0,NA,0,701,VAN BUREN ST,YORBA LINDA BL,135,S,N,A,-,N,NA,NA,NA,NA,NA,NA,NA,NA,NA,N,4,0,1,5,A,-,03,22350,NA,N,C,D,A,A,H,-,C,A,0,NA,NA,NA,NA,Y,NA,A,07,0,0,1,0,0,0,0,0,0,-,-,NA,NA,ORANGE,YORBA LINDA,-117.83157348632813,33.88814163208008
90021103,2015,2015-10-19,9675,2015-09-22,1550,013300,NA,2,2,6,3026,0,1,1,NA,2,406,I-405 SOUTHBOUND,HARVARD AVE,100,N,N,A,-,Y,NA,NA,NA,NA,NA,NA,NA,NA,NA,N,4,0,1,2,A,-,07,21658,A,N,B,C,A,A,H,-,A,D,0,NA,NA,Y,NA,Y,NA,A,07,0,0,1,0,0,0,0,0,1,-,-,33.65281,-117.78129,ORANGE,IRVINE,NA,NA
90023481,2015,2015-10-19,9690,2015-09-23,1355,015114,NA,3,1,5,3028,0,1,1,NA,2,056,I-5 S/B (SAN DIEGO FRWY),AVERY PKWY,900,N,N,A,-,Y,NA,NA,NA,NA,NA,NA,NA,NA,NA,Y,4,0,1,3,A,-,03,22350,NA,N,C,C,A,A,H,-,A,D,0,NA,NA,NA,NA,Y,NA,D,22,0,0,1,0,0,0,0,0,0,-,-,33.325920000000004,-117.40228,ORANGE,MISSION VIEJO,-117.67292549,33.54973387
90024757,2015,2015-10-29,9675,2015-09-27,0540,020668,NA,7,3,6,3026,0,1,1,NA,2,504,I-5 N/B TO I-405 N/B,BAKE PARKWAY,2300,N,N,B,E,Y,NA,NA,5,NA,NA,NA,R,NA,N,Y,4,0,1,2,A,-,03,22350,NA,N,E,C,A,B,C,-,C,D,0,NA,NA,Y,NA,Y,NA,A,07,0,0,1,0,0,0,0,0,0,-,-,33.64525,-117.7371,ORANGE,IRVINE,-117.7371,33.64525
90025285,2015,2015-10-19,9670,2015-09-24,1600,019808,NA,4,2,6,3010,0,1,1,NA,2,043,I-405 S/B,MCFADDEN AVE,300,N,N,A,-,Y,NA,NA,405,NA,NA,NA,NA,NA,S,N,4,0,2,2,A,-,08,22107,NA,N,B,C,A,A,H,-,A,D,0,NA,NA,NA,NA,Y,NA,A,01,0,0,2,0,0,0,0,0,0,-,-,33.73714,-117.99594,ORANGE,HUNTINGTON BEACH,-117.99591262,33.73717661
90026291,2015,2015-10-19,9675,2015-09-28,1555,020746,NA,1,2,6,3015,0,1,3,NA,2,220,SR-22 EASTBOUND,GRAND AVE,800,W,N,A,-,Y,NA,NA,22,NA,NA,NA,NA,NA,E,Y,3,0,1,2,A,-,03,22350,NA,N,C,C,A,A,H,-,A,D,0,NA,NA,Y,NA,Y,NA,C,02,0,1,0,0,0,0,0,0,1,-,-,33.77824,-117.86138,ORANGE,ORANGE,-117.86138313,33.77818607
90028466,2015,2015-10-19,9675,2015-10-04,0655,016923,NA,7,1,7,3001,0,1,3,NA,2,093,SR-91 E/B (RIVERSIDE FWY),SR-55 N/B,685,E,N,C,-,Y,NA,NA,91,NA,NA,NA,NA,NA,E,Y,3,0,1,2,A,-,03,22350,NA,N,C,C,A,B,H,-,B,D,0,NA,NA,NA,Y,Y,NA,G,25,0,1,0,0,0,0,0,0,0,-,-,33.84391,-117.82665,ORANGE,ANAHEIM,-117.82665581,33.8440727
90029010,2015,2015-11-30,9675,2015-10-06,1518,020766,NA,2,2,6,3004,0,1,3,NA,2,073,SR-73 S/B,BRISTOL ST,100,N,N,A,-,Y,NA,NA,73,NA,NA,NA,NA,NA,S,Y,4,0,1,2,A,-,07,21658,A,N,B,C,A,A,H,-,A,D,0,NA,NA,NA,NA,Y,NA,A,01,0,0,1,0,0,0,0,0,0,-,-,33.66462,-117.87872,ORANGE,COSTA MESA,-117.87863059,33.66472765
90029978,2015,2015-10-19,9675,2015-10-07,1838,017993,NA,3,2,4,3002,0,1,3,NA,2,570,SR-57 SOUTHBOUND TO LAMBERT RD.,LAMBERT RD.,45,N,N,A,-,Y,NA,NA,57,NA,NA,NA,R,NA,S,N,4,0,1,2,A,-,21,22106,NA,N,C,C,A,A,H,-,B,A,0,NA,NA,NA,NA,Y,NA,A,07,0,0,1,0,0,0,0,0,0,-,-,33.92672,-117.88083,ORANGE,BREA,-117.88083,33.92672
90030585,2015,2015-10-19,9670,2015-10-02,1025,017022,NA,5,1,5,3024,0,1,1,NA,2,043,I-405 S/B (SAN DIEGO FREEWAY),MCFADDEN AVE,200,S,N,A,-,Y,NA,NA,NA,NA,NA,NA,NA,NA,NA,N,4,0,1,2,A,-,03,22350,NA,N,C,C,A,A,H,-,A,D,0,NA,NA,NA,NA,Y,NA,A,01,0,0,1,0,0,0,0,0,0,-,-,33.44109,-117.59413,ORANGE,WESTMINSTER,NA,NA
90031895,2015,2015-10-19,9690,2015-10-09,0823,018646,NA,5,1,5,3050,0,1,1,NA,2,055,I-5 N/B (SAN DIEGO FRWY),EL TORO RD,600,N,N,A,-,Y,NA,NA,5,NA,NA,NA,NA,NA,N,Y,4,0,1,3,A,-,07,21658,A,N,D,C,A,A,H,-,A,D,0,NA,NA,NA,NA,Y,NA,A,01,0,0,1,0,0,0,0,0,0,-,-,33.6152,-117.70865,ORANGE,LAKE FOREST,-117.70833346,33.61554415
90032269,2015,2015-10-19,9670,2015-10-01,0745,013953,NA,4,1,6,3009,0,1,3,NA,2,024,SR-22 E/B (GARDEN GROVE FWY),HARBOR BLVD,1200,E,N,A,-,Y,NA,NA,22,NA,NA,NA,NA,NA,E,Y,4,0,1,2,A,-,07,21658,NA,N,C,C,A,A,H,-,A,D,0,NA,NA,Y,NA,Y,NA,A,07,0,0,1,0,0,0,0,0,1,-,-,33.7692,-117.91615,ORANGE,GARDEN GROVE,-117.91615887,33.76922565
90032700,2015,2015-10-19,9670,2015-10-03,0055,018664,NA,6,3,7,3001,0,1,1,NA,2,501,I-5 N/B,EUCLID AVE,2640,N,N,A,-,Y,NA,NA,5,NA,NA,NA,NA,NA,N,Y,4,0,2,2,A,-,07,21658,A,N,B,C,A,A,H,-,C,D,0,NA,NA,NA,NA,Y,NA,-,-,0,0,2,0,0,0,0,0,0,-,-,33.83887,-117.94712,ORANGE,ANAHEIM,-117.94708412,33.8389364
90034219,2015,2015-10-20,9670,2015-10-13,0435,017788,NA,2,3,3,3013,0,1,1,NA,2,060,I-605 N/B (SAN GABRIEL FREEWAY),KATELLA AVE,250,N,N,A,-,Y,NA,NA,605,NA,NA,NA,NA,NA,N,Y,4,0,1,1,A,-,03,22350,NA,N,E,J,A,A,H,-,C,D,0,NA,NA,NA,NA,Y,NA,D,22,0,0,1,0,0,0,0,0,0,-,-,33.80472,-118.08136,ORANGE,LOS ALAMITOS,-118.08129928,33.80471794
90035576,2015,2015-10-21,9675,2015-10-09,1750,017504,NA,5,2,7,3001,0,1,3,NA,2,094,SR-91 WESTBOUND,IMPERIAL HIGHWAY,528,E,N,A,-,Y,NA,NA,91,NA,NA,NA,NA,NA,W,Y,4,0,2,2,A,-,03,22350,NA,N,C,C,A,A,H,-,A,D,0,NA,NA,NA,NA,Y,NA,A,01,0,0,2,0,0,0,0,0,0,-,-,33.85578,-117.78728,ORANGE,ANAHEIM,-117.78722439,33.85566315
9003622,2019,2020-01-14,3003,2019-12-11,1730,1222,40,3,5,5,3003,0,0,0,NA,0,002,AUTO CENTER DR,BEACH BL,78,W,N,A,-,N,NA,NA,NA,NA,NA,NA,NA,NA,NA,Y,4,0,1,2,A,-,09,21453,B,N,B,C,A,A,H,-,C,A,0,NA,NA,NA,NA,Y,NA,-,NA,0,0,1,0,0,0,0,0,0,-,-,33.867801666259766,-117.99849700927734,ORANGE,BUENA PARK,-117.99846649169922,33.86777877807617
90036510,2015,2015-10-22,9670,2015-10-16,1045,017858,NA,5,1,6,3009,0,1,3,NA,2,021,SR-22 W/B,SPRINGDALE ST,600,W,N,B,-,Y,NA,NA,22,NA,NA,NA,NA,NA,W,Y,4,0,1,2,A,-,03,22350,NA,N,C,C,A,A,H,-,A,D,0,NA,NA,NA,NA,Y,NA,A,01,0,0,1,0,0,0,0,0,0,-,-,33.77449,-118.02396,ORANGE,GARDEN GROVE,-118.02395913,33.77437853
9003725,2019,2020-09-14,3009,2019-12-23,1806,4352,096,1,5,6,3009,0,0,0,NA,0,013,BROOKHURST ST,WOODBURY AV,700,N,N,C,-,Y,ORA,12,22,-,R,5.632,R,4,E,Y,4,0,1,1,A,-,03,22350,NA,N,E,I,A,B,H,-,C,A,0,NA,NA,NA,NA,Y,NA,A,01,0,0,1,0,0,0,0,0,0,-,-,NA,NA,ORANGE,GARDEN GROVE,-117.95851135253906,33.76586151123047
90037365,2015,2015-11-02,9675,2015-10-21,1556,016944,NA,3,2,7,3001,0,1,3,NA,2,572,SR-57 N/B,KATELLA AVE.,600,N,N,A,-,Y,NA,NA,57,NA,NA,NA,NA,NA,N,Y,4,0,1,4,A,-,03,22350,NA,N,C,C,A,A,H,-,A,D,0,NA,NA,NA,NA,Y,NA,A,01,0,0,1,0,0,0,0,0,0,-,-,33.81008,-117.87891,ORANGE,ANAHEIM,-117.87890701,33.81007881
90037754,2015,2015-10-26,9670,2015-10-15,1040,014751,NA,4,1,6,3009,0,1,3,NA,2,023,SR-22 W/B,TRASK AVE,290,E,N,A,-,Y,NA,NA,22,NA,NA,NA,NA,NA,W,Y,4,0,1,2,A,-,07,21658,A,N,B,C,A,A,H,-,A,D,0,NA,NA,NA,NA,Y,NA,A,07,0,0,1,0,0,0,0,0,0,-,-,33.76615,-117.94191,ORANGE,GARDEN GROVE,-117.9419091,33.76608418
90038957,2015,2015-10-27,9670,2015-10-20,1055,017788,NA,2,1,5,3024,0,1,1,NA,2,043,I-405 S/B (SAN DIEGO FREEWAY),BOLSA AVE,1200,S,N,A,-,Y,NA,NA,405,NA,NA,NA,NA,NA,S,Y,4,0,1,3,A,-,03,22350,NA,N,C,C,A,A,H,-,A,D,0,NA,NA,NA,NA,Y,NA,A,01,0,0,1,0,0,0,0,0,0,-,-,33.74072,-118.00041,ORANGE,WESTMINSTER,-118.000347,33.74079701
90039135,2015,2015-10-27,9670,2015-10-21,1020,016209,NA,3,1,5,3024,0,1,1,NA,2,420,I-405 N/B (SAN DIEGO FREEWAY),SPRINGDALE ST.,2700,N,N,A,-,Y,NA,NA,405,NA,NA,NA,NA,NA,N,N,4,0,1,2,A,-,03,22350,NA,N,C,C,A,A,H,-,A,D,0,NA,NA,NA,NA,Y,NA,A,01,0,0,1,0,0,0,0,0,0,-,-,33.76689,-118.03109,ORANGE,WESTMINSTER,-118.03115691000001,33.76680982
90040347,2015,2015-10-29,9670,2015-10-26,0815,016199,NA,1,1,5,3007,0,1,1,NA,2,041,I-405 S/B (SAN DIEGO FWY),EUCLID ST.,1584,N,N,A,-,Y,NA,NA,405,NA,NA,NA,NA,NA,S,Y,3,0,1,2,A,-,03,22350,NA,N,C,C,A,A,H,-,A,D,0,NA,NA,Y,NA,Y,NA,C,02,0,1,0,0,0,0,0,0,1,-,-,33.69759,-117.9402,ORANGE,FOUNTAIN VALLEY,-117.94019135,33.69761116
90041017,2015,2015-10-29,9675,2015-10-24,1745,019407,NA,6,2,7,3001,0,1,3,NA,2,094,SR-91 WESTBOUND,IMPERIAL HIGHWAY,350,W,N,A,-,Y,NA,NA,91,NA,NA,NA,NA,NA,W,N,4,0,1,2,A,-,03,22350,NA,N,C,C,A,A,H,-,A,D,0,NA,NA,NA,NA,Y,NA,A,01,0,0,1,0,0,0,0,0,0,-,-,33.85447,-117.79438,ORANGE,ANAHEIM,-117.79438205,33.85438438