CASE_ID,ACCIDENT_YEAR,PROC_DATE,JURIS,COLLISION_DATE,COLLISION_TIME,OFFICER_ID,REPORTING_DISTRICT,DAY_OF_WEEK,CHP_SHIFT,POPULATION,CNTY_CITY_LOC,SPECIAL_COND,BEAT_TYPE,CHP_BEAT_TYPE,CITY_DIVISION_LAPD,CHP_BEAT_CLASS,BEAT_NUMBER,PRIMARY_RD,SECONDARY_RD,DISTANCE,DIRECTION,INTERSECTION,WEATHER_1,WEATHER_2,STATE_HWY_IND,CALTRANS_COUNTY,CALTRANS_DISTRICT,STATE_ROUTE,ROUTE_SUFFIX,POSTMILE_PREFIX,POSTMILE,LOCATION_TYPE,RAMP_INTERSECTION,SIDE_OF_HWY,TOW_AWAY,COLLISION_SEVERITY,NUMBER_KILLED,NUMBER_INJURED,PARTY_COUNT,PRIMARY_COLL_FACTOR,PCF_CODE_OF_VIOL,PCF_VIOL_CATEGORY,PCF_VIOLATION,PCF_VIOL_SUBSECTION,HIT_AND_RUN,TYPE_OF_COLLISION,MVIW,PED_ACTION,ROAD_SURFACE,ROAD_COND_1,ROAD_COND_2,LIGHTING,CONTROL_DEVICE,CHP_ROAD_TYPE,PEDESTRIAN_ACCIDENT,BICYCLE_ACCIDENT,MOTORCYCLE_ACCIDENT,TRUCK_ACCIDENT,NOT_PRIVATE_PROPERTY,ALCOHOL_INVOLVED,STWD_VEHTYPE_AT_FAULT,CHP_VEHTYPE_AT_FAULT,COUNT_SEVERE_INJ,COUNT_VISIBLE_INJ,COUNT_COMPLAINT_PAIN,COUNT_PED_KILLED,COUNT_PED_INJURED,COUNT_BICYCLIST_KILLED,COUNT_BICYCLIST_INJURED,COUNT_MC_KILLED,COUNT_MC_INJURED,PRIMARY_RAMP,SECONDARY_RAMP,LATITUDE,LONGITUDE,COUNTY,CITY,POINT_X,POINT_Y
90303281,2016,2016-10-27,9675,2016-10-19,0610,013308,NA,3,1,7,3001,0,1,3,NA,2,550,SR-55 FREEWAY SOUTH TO LINCOLN AVE,LINCOLN AVE,330,N,N,A,-,Y,NA,NA,NA,NA,NA,NA,NA,NA,NA,N,4,0,1,3,A,-,07,21658,A,N,B,C,A,A,H,-,A,D,0,NA,NA,NA,NA,Y,NA,A,01,0,0,1,0,0,0,0,0,0,-,-,33.83666,-117.83595,ORANGE,ANAHEIM,NA,NA
90307273,2016,2016-10-31,9690,2016-10-19,0842,016128,NA,3,1,5,3028,0,1,1,NA,2,056,I-5 S/B (SAN DIEGO FRWY),OSO PARKWAY,2000,S,N,A,-,Y,NA,NA,5,NA,NA,NA,NA,NA,S,Y,3,0,1,1,A,-,08,22107,NA,N,E,I,A,A,H,-,A,D,0,NA,NA,NA,NA,Y,NA,A,07,0,1,0,0,0,0,0,0,0,-,-,33.57128,-117.67215,ORANGE,MISSION VIEJO,-117.67204763,33.57127845
90308473,2016,2016-11-01,9690,2016-10-24,1110,016128,NA,1,1,4,3011,0,1,3,NA,2,071,SR 73 N/B (SAN JOAQUIN HILLS TRANS COR),EL TORO RD,110,N,N,C,-,Y,NA,NA,73,NA,NA,NA,NA,NA,N,Y,3,0,1,1,A,-,03,22350,NA,N,E,I,A,B,H,-,A,D,0,NA,NA,NA,NA,Y,NA,A,01,0,1,0,0,0,0,0,0,0,-,-,33.59148,-117.75224,ORANGE,LAGUNA BEACH,-117.75228833,33.59115134
90308519,2016,2016-11-01,9675,2016-10-24,1730,018834,NA,1,2,6,3026,0,1,1,NA,2,406,I-405 SOUTHBOUND,MACARTHUR BLVD,50,S,N,B,C,Y,NA,NA,405,NA,NA,NA,NA,NA,S,N,4,0,1,2,A,-,03,22350,NA,N,C,C,A,B,H,-,A,D,0,NA,NA,NA,NA,Y,NA,A,01,0,0,1,0,0,0,0,0,0,-,-,33.68243,-117.85668,ORANGE,IRVINE,-117.85667568,33.68243976
9030887,2019,2020-03-04,3001,2019-10-19,1504,A2382,NA,6,5,7,3001,0,0,0,NA,0,D-1,BROADWAY,EUCLID ST,133,W,N,A,-,N,NA,NA,NA,NA,NA,NA,NA,NA,NA,Y,4,0,1,2,A,-,03,22350,NA,M,C,C,A,A,H,-,A,D,0,NA,NA,NA,NA,Y,NA,A,01,0,0,1,0,0,0,0,0,0,-,-,33.829071044921875,-117.94164276123048,ORANGE,ANAHEIM,-117.94192504882813,33.82887268066406
9030920,2019,2020-01-18,3001,2019-12-03,0916,A2115,NA,2,5,7,3001,0,0,0,NA,0,0D3,BALL RD,OX RD,527,E,N,B,-,N,NA,NA,NA,NA,NA,NA,NA,NA,NA,Y,4,0,1,2,A,-,03,22350,NA,N,C,C,A,A,H,-,A,A,0,NA,NA,NA,NA,Y,NA,A,01,0,0,1,0,0,0,0,0,0,-,-,33.817909240722656,-117.92021942138672,ORANGE,ANAHEIM,-117.91864776611328,33.818199157714844
90310467,2016,2016-11-03,9690,2016-11-01,1910,016749,NA,2,2,5,3028,0,1,1,NA,2,056,I-5 S/B (SAN DIEGO FRWY),METROLINK U/C,1060,S,N,A,-,Y,NA,NA,NA,NA,NA,NA,NA,NA,NA,N,4,0,1,3,A,-,03,22350,NA,N,C,C,A,A,H,-,D,D,0,NA,NA,NA,NA,Y,NA,A,01,0,0,1,0,0,0,0,0,0,-,-,NA,NA,ORANGE,MISSION VIEJO,NA,NA
9031152,2020,2020-03-17,3009,2020-01-11,1616,4778,107,6,5,6,3009,0,0,0,NA,0,1-3,WESTMINSTER AV,BROOKHURST ST,390,W,N,A,-,N,NA,NA,NA,NA,NA,NA,NA,NA,NA,Y,4,0,1,2,A,-,09,21801,A,N,D,C,A,A,H,-,A,A,0,NA,NA,NA,NA,Y,NA,A,01,0,0,1,0,0,0,0,0,0,-,-,NA,NA,ORANGE,GARDEN GROVE,-117.9563217163086,33.75960922241211
9031291,2020,2020-03-17,3026,2020-01-03,0659,4991,NA,5,5,6,3026,0,0,0,NA,0,00C,ALTON,JEFFREY,300,W,N,A,-,N,NA,NA,NA,NA,NA,NA,NA,NA,NA,Y,3,0,4,2,A,-,08,22107,NA,N,C,C,A,A,H,-,A,D,0,NA,NA,NA,NA,Y,NA,A,07,0,2,2,0,0,0,0,0,0,-,-,NA,NA,ORANGE,IRVINE,-117.78941345214844,33.67021942138672
9031644,2019,2020-02-07,3000,2019-11-12,0537,5377,921G7,2,5,5,3040,0,0,0,NA,0,741,MOULTON PKWY,AVILA RD,0,NA,Y,E,-,N,NA,NA,NA,NA,NA,NA,NA,NA,NA,Y,3,0,1,2,A,-,12,21453,A,N,D,C,A,D,H,-,C,A,0,NA,NA,NA,NA,Y,NA,A,01,0,1,0,0,0,0,0,0,0,-,-,NA,NA,ORANGE,LAGUNA NIGUEL,-117.70348358154295,33.56221008300781
90316925,2016,2016-11-11,9675,2016-11-05,0347,021322,NA,6,3,7,3001,0,1,3,NA,2,094,SR-91 EASTBOUND,IMPERIAL HIGHWAY,600,W,N,A,-,Y,NA,NA,91,NA,NA,NA,NA,NA,E,Y,3,0,1,2,A,-,01,23152,A,N,B,C,A,A,H,-,C,D,0,NA,NA,NA,Y,Y,Y,A,01,0,1,0,0,0,0,0,0,0,-,-,33.85414,-117.79231,ORANGE,ANAHEIM,-117.79230977,33.85413327
90319362,2016,2016-11-15,9675,2016-11-08,1540,013300,NA,2,2,6,3004,0,1,1,NA,2,405,I-405 NORTHBOUND,HARBOR BLVD,2300,N,N,A,-,Y,NA,NA,405,NA,NA,NA,NA,NA,N,N,4,0,1,2,A,-,03,22350,NA,N,C,C,A,A,H,-,A,D,0,NA,NA,NA,NA,Y,NA,A,01,0,0,1,0,0,0,0,0,0,-,-,33.6909,-117.92332,ORANGE,COSTA MESA,-117.92329773,33.69093812
90319619,2016,2016-11-15,9690,2016-11-06,0100,012632,NA,7,3,5,3050,0,1,1,NA,2,055,I-5 N/B (SAN DIEGO FRWY),EL TORO RD,815,S,N,A,-,Y,NA,NA,NA,NA,NA,NA,NA,NA,NA,Y,4,0,1,2,A,-,03,22350,NA,F,C,C,A,A,H,-,C,D,0,NA,NA,NA,NA,Y,NA,-,99,0,0,1,0,0,0,0,0,0,-,-,33.44912,-117.49101,ORANGE,LAKE FOREST,-117.70570823,33.61325702
90324482,2016,2016-11-18,9675,2016-11-12,2310,021388,NA,6,3,6,3015,0,1,3,NA,2,222,SR-22 WESTBOUND,TUSTIN AVE,30,W,N,A,-,Y,NA,NA,NA,NA,NA,NA,NA,NA,NA,Y,3,0,1,1,A,-,08,22107,NA,N,F,A,A,A,H,-,C,D,0,NA,NA,NA,NA,Y,NA,A,01,0,1,0,0,0,0,0,0,0,-,-,33.77629,-117.83594,ORANGE,ORANGE,-117.89826478,33.64478341
90325639,2016,2016-11-21,9670,2016-10-17,1928,021242,NA,1,2,7,3001,0,1,1,NA,2,500,I -5 N/B,BROOKHURST ST,2640,N,N,A,-,Y,NA,NA,5,NA,NA,NA,NA,NA,N,N,3,0,1,2,A,-,03,22350,NA,N,C,C,A,A,H,-,D,D,0,NA,NA,Y,NA,Y,NA,C,02,0,1,0,0,0,0,0,0,1,-,-,33.84959,-117.96668,ORANGE,ANAHEIM,-117.96669176,33.84956615
90327702,2016,2016-11-22,9670,2016-11-09,1310,014303,NA,3,1,9,3000,0,3,5,NA,2,005,ROOSEVELT AVE,MONROE STREET,0,NA,Y,A,-,N,NA,NA,NA,NA,NA,NA,NA,NA,NA,Y,4,0,1,2,A,-,12,21453,A,N,D,C,A,A,H,-,A,A,0,NA,NA,NA,NA,Y,NA,A,01,0,0,1,0,0,0,0,0,0,-,-,33.75018,-117.98532,ORANGE,UNINCORPORATED,-117.98535008,33.75020008
90328949,2016,2016-11-23,9670,2016-11-12,0255,021180,NA,6,3,5,3024,0,1,1,NA,2,042,I-405 N/B (SAN DIEGO FREEWAY),WESTMINSTER AVE,528,S,N,A,-,Y,NA,NA,405,NA,NA,NA,NA,NA,N,Y,4,0,1,2,A,-,03,22350,NA,F,C,C,A,A,H,-,D,D,0,NA,NA,NA,NA,Y,NA,-,99,0,0,1,0,0,0,0,0,0,-,-,33.76128,-118.02425,ORANGE,WESTMINSTER,-118.02436583,33.76114165
90329404,2016,2016-11-25,9690,2016-11-23,2030,017988,NA,3,2,5,3017,0,1,1,NA,2,059,I-5 S/B (SAN DIEGO FRWY),AVENIDA VISTA HERMOSA,500,N,N,A,-,Y,NA,NA,5,NA,NA,NA,NA,NA,S,Y,4,0,2,2,A,-,03,22350,NA,N,C,C,A,A,D,H,D,D,0,NA,NA,NA,NA,Y,NA,A,01,0,0,2,0,0,0,0,0,0,-,-,33.44549,-117.63123,ORANGE,SAN CLEMENTE,-117.63142681,33.44520043
9033120,2020,2020-04-09,3001,2020-01-09,1503,A2115,NA,4,5,7,3001,0,0,0,NA,0,0D4,LINCOLN AV,KINGSLEY ST,0,NA,Y,B,-,N,NA,NA,NA,NA,NA,NA,NA,NA,NA,Y,4,0,1,2,A,-,12,21453,A,N,A,C,A,A,H,-,A,A,0,NA,NA,NA,NA,Y,NA,D,22,0,0,1,0,0,0,0,0,0,-,-,33.8360710144043,-117.8674087524414,ORANGE,ANAHEIM,-117.86728668212892,33.83639144897461
9033228,2019,2020-02-03,3001,2019-10-25,1414,2524,NA,5,5,7,3001,0,0,0,NA,0,0D4,IMPERIAL HWY,LA PALMA AV,36,S,N,A,-,N,NA,NA,NA,NA,NA,NA,NA,NA,NA,N,3,0,1,2,A,-,17,21451,A,N,B,D,A,A,H,-,A,D,0,NA,NA,Y,NA,Y,NA,C,02,0,1,0,0,0,0,0,0,1,-,-,NA,NA,ORANGE,ANAHEIM,-117.92437744140624,33.91746139526367
90334377,2016,2016-12-01,9675,2016-11-18,1310,018539,NA,5,1,7,3001,1,4,S,NA,2,901,"FAIRMONT BLVD, 100 BLOCK",SANTA ANA CANYON ROAD,250,S,N,A,-,N,NA,NA,NA,NA,NA,NA,NA,NA,NA,N,4,0,1,1,C,-,18,NA,NA,N,H,A,A,A,H,-,A,A,0,NA,NA,NA,NA,Y,NA,-,-,0,0,1,0,0,0,0,0,0,-,-,33.85715,-117.76995,ORANGE,ANAHEIM,-117.77029667,33.85723219
90335605,2016,2016-12-02,9690,2016-11-29,1945,016493,NA,2,2,5,3050,0,1,1,NA,2,055,I-5 N/B (SAN DIEGO FRWY),LOS ALISOS BLVD,200,N,N,A,-,Y,NA,NA,5,NA,NA,NA,NA,NA,N,Y,4,0,1,2,A,-,03,22350,NA,N,C,C,A,A,H,-,D,D,0,NA,NA,NA,NA,Y,NA,A,01,0,0,1,0,0,0,0,0,0,-,-,33.6088,-117.69842,ORANGE,LAKE FOREST,-117.69845826,33.60871278
90336359,2016,2016-12-05,9675,2016-11-21,0009,021377,NA,1,3,7,3001,0,1,3,NA,2,572,SR-57 SOUTHBOUND,KATELLA AVE,100,N,N,C,-,Y,NA,NA,57,NA,NA,NA,NA,NA,S,N,2,0,2,1,A,-,01,23152,A,N,E,I,A,B,H,-,C,D,0,NA,NA,NA,NA,Y,Y,D,22,2,0,0,0,0,0,0,0,0,-,-,33.80718,-117.8801,ORANGE,ANAHEIM,-117.88022764,33.80719942
90338513,2016,2016-12-06,9675,2016-11-22,1348,021272,NA,2,1,7,3019,0,1,3,NA,2,552,SR-55 SOUTHBOUND,MACARTHUR BLVD,400,N,N,A,-,Y,NA,NA,55,NA,NA,NA,NA,NA,S,N,4,0,1,3,A,-,03,22350,NA,N,C,C,A,A,H,-,A,D,0,NA,NA,NA,NA,Y,NA,A,01,0,0,1,0,0,0,0,0,0,-,-,33.7026,-117.85807,ORANGE,SANTA ANA,-117.85787609,33.70241639
90340908,2016,2016-12-09,9675,2016-11-28,1025,015914,NA,1,1,5,3022,0,1,3,NA,2,552,SR-55 SOUTHBOUND,MCFADDEN AVE,100,N,N,A,-,Y,NA,NA,NA,NA,NA,NA,NA,NA,NA,Y,4,0,1,4,A,-,03,22350,NA,N,C,C,A,A,H,-,A,D,0,NA,NA,NA,NA,Y,NA,A,01,0,0,1,0,0,0,0,0,0,-,-,33.441,-117.503,ORANGE,TUSTIN,-117.83399,33.73409395
9034357,2019,2020-01-24,3001,2019-12-02,0744,A1252,NA,1,5,7,3001,0,0,0,NA,0,NA,KATELLA AV,AUBURN WY,0,NA,Y,B,-,N,NA,NA,NA,NA,NA,NA,NA,NA,NA,Y,4,0,1,2,A,-,09,21801,A,N,D,C,A,A,H,-,A,A,0,NA,NA,NA,NA,Y,NA,A,07,0,0,1,0,0,0,0,0,0,-,-,NA,NA,ORANGE,ANAHEIM,-117.89356994628906,33.803348541259766
90343910,2016,2016-12-13,9675,2016-12-12,1050,021406,NA,1,1,6,3004,0,1,3,NA,2,553,SR-55 N/B TO I-405 S/B,RED HILL AVE,500,N,N,A,-,Y,NA,NA,NA,NA,NA,NA,NA,NA,NA,Y,3,0,1,1,A,-,01,23152,A,N,E,I,A,A,H,-,A,D,0,NA,NA,NA,NA,Y,Y,A,01,0,1,0,0,0,0,0,0,0,-,-,33.41126,-117.5211,ORANGE,COSTA MESA,NA,NA
90344368,2016,2016-12-14,9675,2016-12-01,1935,019407,NA,4,2,6,3015,0,1,3,NA,2,551,SR-55 NORTHBOUND,KATELLA AVE,650,S,N,A,-,Y,NA,NA,55,NA,NA,NA,NA,NA,N,Y,4,0,1,3,A,-,03,22350,NA,N,C,C,A,A,H,-,C,D,0,NA,NA,NA,NA,Y,NA,A,01,0,0,1,0,0,0,0,0,0,-,-,33.80483,-117.83171,ORANGE,ORANGE,-117.83170088,33.80483028
90345205,2016,2016-12-15,9675,2016-11-29,1710,018539,NA,2,2,4,3002,0,1,3,NA,2,070,SR-57 S/B,IMPERIAL HIGHWAY,1750,N,N,A,-,Y,NA,NA,57,NA,NA,NA,NA,NA,S,Y,3,0,1,2,A,-,07,21658,A,N,C,C,A,A,H,-,B,D,0,NA,NA,Y,NA,Y,NA,A,01,0,1,0,0,0,0,0,0,1,-,-,33.91552,-117.88218,ORANGE,BREA,-117.8822043,33.91553166
90349389,2016,2016-12-20,9670,2016-12-08,1551,018212,NA,4,2,6,3009,0,1,3,NA,2,021,SR-22 W/B (GARDEN GROVE FREEWAY),HOOVER ST,50,E,N,A,-,Y,NA,NA,NA,NA,NA,NA,NA,NA,NA,Y,4,0,1,3,A,-,03,22350,NA,N,C,C,A,A,H,-,A,D,0,NA,NA,NA,NA,Y,NA,A,01,0,0,1,0,0,0,0,0,0,-,-,33.46175,-117.59533,ORANGE,GARDEN GROVE,-117.99841624,33.77158051
9035356,2020,2020-08-04,3003,2020-02-07,2013,1184,NA,5,5,5,3003,0,0,0,NA,0,NA,BEACH BL,LA PALMA AV,1424,N,N,A,-,N,NA,NA,NA,NA,NA,NA,NA,NA,NA,N,4,0,2,2,A,-,03,22350,NA,N,C,C,A,A,H,-,C,D,0,NA,NA,NA,NA,Y,NA,-,NA,0,0,2,0,0,0,0,0,0,-,-,NA,NA,ORANGE,BUENA PARK,-117.99803161621094,33.850555419921875
90353854,2016,2016-12-27,9675,2016-12-02,0750,016923,NA,5,1,7,3001,0,1,3,NA,2,093,SR-91 W/B (RIVERSIDE FWY),LAKEVIEW AVE,1100,E,N,A,-,Y,NA,NA,91,NA,NA,NA,NA,NA,W,N,3,0,1,2,D,-,00,NA,NA,N,C,C,A,A,H,-,A,D,0,NA,NA,Y,NA,Y,NA,-,-,0,1,0,0,0,0,0,0,1,-,-,33.8543,-117.8088,ORANGE,ANAHEIM,-117.80880866,33.85433434
90355410,2016,2016-12-27,9690,2016-12-22,0005,017988,NA,4,3,5,3028,0,1,1,NA,2,055,I-5 N/B (SAN DIEGO FRWY),ALICIA PKWY,650,N,N,C,-,Y,NA,NA,5,NA,NA,NA,NA,NA,N,Y,4,0,3,1,A,-,08,22107,NA,N,E,I,A,B,H,-,C,D,0,NA,NA,NA,NA,Y,NA,D,22,0,0,3,0,0,0,0,0,0,-,-,33.60676,-117.69358,ORANGE,MISSION VIEJO,-117.69366482,33.60658862
90356981,2016,2016-12-29,9675,2016-12-16,0535,021349,NA,5,3,6,3004,0,1,1,NA,2,405,I-405 S/B,HARBOR BLVD,50,N,N,B,C,Y,NA,NA,405,NA,NA,NA,NA,NA,S,Y,4,0,1,4,A,-,03,22350,NA,N,A,C,A,B,H,-,C,D,0,NA,NA,NA,NA,Y,NA,A,01,0,0,1,0,0,0,0,0,0,-,-,33.68887,-117.91962,ORANGE,COSTA MESA,-117.91953769,33.68906717
90358202,2016,2016-12-30,9690,2016-12-28,1000,014953,NA,3,1,5,3017,0,1,1,NA,2,059,I-5 N/B (SAN DIEGO FRWY),AVENIDA PICO,324,N,N,A,-,Y,NA,NA,5,NA,NA,NA,NA,NA,N,Y,4,0,3,2,A,-,03,22350,NA,N,C,C,A,A,D,-,A,D,0,NA,NA,NA,NA,Y,NA,A,07,0,0,3,0,0,0,0,0,0,-,-,33.43954,-117.62334,ORANGE,SAN CLEMENTE,-117.62333714,33.43954507
90358440,2016,2016-12-30,9675,2016-11-21,1647,021394,NA,1,2,6,3004,0,1,3,NA,2,553,SR-55 NORTHBOUND,MACARTHUR BLVD,500,S,N,A,-,Y,NA,NA,NA,NA,NA,NA,NA,NA,NA,Y,3,0,1,2,A,-,03,22350,NA,N,C,C,A,A,H,-,B,D,0,NA,NA,Y,NA,Y,NA,C,02,0,1,0,0,0,0,0,0,1,-,-,33.69537,-117.86421,ORANGE,COSTA MESA,-117.86239256,33.6973754
90359070,2016,2017-01-02,9675,2016-12-19,1450,019804,NA,1,2,6,3026,0,1,3,NA,2,074,SR-73 SOUTHBOUND,JAMBOREE RD,300,S,N,A,-,Y,NA,NA,73,NA,NA,NA,NA,NA,S,N,4,0,1,2,A,-,07,21658,A,N,B,C,A,A,H,-,A,D,0,NA,NA,NA,NA,Y,NA,A,01,0,0,1,0,0,0,0,0,0,-,-,33.65465,-117.86437,ORANGE,IRVINE,-117.8643392,33.65468629
90361364,2016,2017-01-04,9675,2016-12-15,1640,021438,NA,4,2,7,3001,0,1,3,NA,2,093,SR-91 EASTBOUND,TUSTIN AVE,50,W,N,C,-,Y,NA,NA,91,NA,NA,NA,NA,NA,E,Y,4,0,1,2,A,-,03,22350,NA,N,B,C,A,B,H,-,C,D,0,NA,NA,Y,NA,Y,NA,C,02,0,0,1,0,0,0,0,0,1,-,-,33.85087,-117.83819,ORANGE,ANAHEIM,-117.83812696,33.85109995
90361727,2016,2017-01-05,9675,2016-12-23,1412,021397,NA,5,2,7,3019,0,1,1,NA,2,520,I-5 NORTHBOUND,GRAND AVE,75,S,N,B,-,Y,NA,NA,5,NA,NA,NA,NA,NA,N,Y,4,0,2,3,A,-,03,22350,NA,N,C,C,A,A,H,-,A,D,0,NA,NA,NA,NA,Y,NA,A,01,0,0,2,0,0,0,0,0,0,-,-,33.75269,-117.84716,ORANGE,SANTA ANA,-117.84707045,33.75283406
90362943,2016,2017-01-06,9675,2016-12-21,1350,015927,NA,3,1,6,3008,0,1,3,NA,2,070,SR-57 NORTHBOUND,IMPERIAL HIGHWAY,500,S,N,B,-,N,NA,NA,57,NA,NA,NA,NA,NA,N,Y,4,0,1,2,A,-,03,22350,NA,N,C,C,A,B,H,-,A,D,0,NA,NA,NA,NA,Y,NA,D,22,0,0,1,0,0,0,0,0,0,-,-,33.91004,-117.88374,ORANGE,FULLERTON,-117.88332251,33.91015133
90364610,2016,2017-01-09,9670,2016-12-17,0140,019518,NA,6,3,6,3009,0,1,3,NA,2,020,SR-22 E/B,SPRINGDALE ST,176,W,N,A,-,Y,NA,NA,22,NA,NA,NA,NA,NA,E,Y,2,0,1,1,A,-,01,23152,A,N,E,I,A,A,H,-,D,D,0,NA,NA,NA,NA,Y,Y,A,01,1,0,0,0,0,0,0,0,0,-,-,33.7741,-118.0211,ORANGE,GARDEN GROVE,-118.02110097,33.7742403
9036593,2019,2020-01-31,3000,2019-11-27,2138,6717,892C1,3,5,5,3050,0,0,0,NA,0,18760,EL TORO RD,SUMMERWOOD WY,182,E,N,-,-,N,NA,NA,NA,NA,NA,NA,NA,NA,NA,Y,3,0,2,1,A,-,03,22350,NA,N,E,I,A,-,-,-,-,D,0,NA,NA,NA,NA,Y,NA,-,-,0,1,1,0,0,0,0,0,0,-,-,33.65299987792969,-117.65988159179688,ORANGE,LAKE FOREST,-117.6604232788086,33.65100860595703
90366887,2017,2017-01-11,9690,2017-01-04,2355,016986,NA,3,3,9,3000,0,3,5,NA,2,007,LA PATA RD S/B,SR 74 E/B (ORTEGA HWY),3168,S,N,B,-,N,NA,NA,NA,NA,NA,NA,NA,NA,NA,Y,2,0,1,1,A,-,08,22107,NA,N,E,I,A,A,D,-,D,D,0,NA,NA,NA,NA,Y,NA,A,01,1,0,0,0,0,0,0,0,0,-,-,33.51147,-117.62272,ORANGE,UNINCORPORATED,NA,NA
9036760,2019,2020-01-29,3000,2019-12-21,1206,4246,NA,6,5,5,3040,0,0,0,NA,0,741,FORBES RD,CROWN VALLEY PKWY,69,S,N,A,-,N,NA,NA,NA,NA,NA,NA,NA,NA,NA,N,4,0,1,2,A,-,03,22350,NA,N,C,C,A,A,H,-,A,A,0,NA,NA,NA,NA,Y,NA,A,07,0,0,1,0,0,0,0,0,0,-,-,NA,NA,ORANGE,LAGUNA NIGUEL,-117.6762924194336,33.557899475097656
90367711,2017,2017-03-03,9690,2017-01-07,1345,020463,NA,6,1,9,3000,0,1,3,NA,1,074,SR 74 W/B (ORTEGA HWY),GIBBY RD,1584,E,N,B,-,Y,NA,NA,74,NA,NA,NA,NA,NA,W,N,3,0,1,1,A,-,03,22350,NA,N,F,A,A,A,H,-,A,D,0,NA,NA,Y,NA,Y,NA,C,02,0,1,0,0,0,0,0,0,1,-,-,33.51443,-117.57163,ORANGE,UNINCORPORATED,-117.57162374,33.51446759
9036888,2019,2020-01-30,3000,2019-10-18,1510,3497,993A5,5,5,5,3017,0,0,0,NA,0,072,SOUTH EL CAMINO REAL,E AVA DE SAN JUAN,0,NA,Y,A,-,N,NA,NA,NA,NA,NA,NA,NA,NA,NA,N,4,0,1,2,D,-,00,NA,NA,N,H,G,A,A,H,-,A,A,0,NA,Y,NA,NA,Y,NA,-,-,0,0,1,0,0,0,1,0,0,-,-,NA,NA,ORANGE,SAN CLEMENTE,-117.603617,33.417871
90369412,2017,2017-03-20,9675,2017-01-06,0825,017833,NA,5,1,7,3019,0,1,1,NA,2,502,I-5 S/B TO SR-22 E/B,LA VETA AVE,460,N,N,A,-,Y,NA,NA,5,NA,NA,NA,R,NA,S,Y,4,0,1,2,A,-,03,22350,NA,N,C,C,A,A,H,-,A,D,0,NA,NA,NA,NA,Y,NA,A,08,0,0,1,0,0,0,0,0,0,-,-,33.78159,-117.8807,ORANGE,SANTA ANA,-117.8807,33.78159
9037680,2020,2020-10-27,3015,2020-01-28,2144,1530,RD21W,2,5,6,3015,0,0,0,NA,0,112,THE CITY DR,RT 5,0,NA,Y,A,-,Y,ORA,12,5,-,-,35.684,R,4,S,Y,4,0,1,2,A,-,12,21453,A,N,D,C,A,A,H,-,C,A,0,NA,NA,NA,NA,Y,NA,A,01,0,0,1,0,0,0,0,0,0,-,-,33.792598724365234,-117.88983917236328,ORANGE,ORANGE,-117.89591217041016,33.79682159423828
90377067,2017,2017-03-20,9675,2017-01-13,0710,018005,NA,5,1,6,3026,0,1,1,NA,2,503,I-5 N/B FROM CULVER DR. W/B,CULVER DR,700,N,N,B,-,Y,NA,NA,5,NA,NA,NA,R,NA,N,Y,4,0,1,2,A,-,03,22350,NA,N,C,C,A,B,H,-,A,D,0,NA,NA,NA,NA,Y,NA,D,22,0,0,1,0,0,0,0,0,0,-,-,33.7118,-117.78364,ORANGE,IRVINE,-117.78364,33.7118
90377327,2017,2017-01-25,9675,2017-01-13,1325,016923,NA,5,1,4,3002,0,1,3,NA,2,570,SR-57 N/B (ORANGE FWY),IMPERIAL HWY,1500,S,N,A,-,Y,NA,NA,NA,NA,NA,NA,NA,NA,NA,Y,3,0,2,3,A,-,03,22350,NA,F,C,C,A,A,H,-,A,D,0,NA,NA,NA,NA,Y,NA,D,22,0,1,1,0,0,0,0,0,0,-,-,33.90256,-117.88103,ORANGE,BREA,-117.88172529,33.90700021
90380722,2017,2017-01-30,9675,2017-01-18,1840,018087,NA,3,2,6,3026,0,1,1,NA,2,504,I-5 NB FROM LAKE FOREST DR,LAKE FOREST DR,100,N,N,A,-,Y,NA,NA,5,NA,NA,NA,R,NA,N,Y,4,0,1,2,A,-,03,22350,NA,N,C,C,A,B,H,-,C,A,0,NA,NA,NA,NA,Y,NA,A,01,0,0,1,0,0,0,0,0,0,-,-,33.62973,-117.72137,ORANGE,IRVINE,-117.72137,33.62973
90381977,2017,2017-01-30,9675,2017-01-19,1255,015207,NA,4,1,7,3019,0,1,3,NA,2,553,SR-55 N/B,MACARTHUR BLVD.,1584,S,N,A,-,Y,NA,NA,55,NA,NA,NA,NA,NA,N,Y,4,0,1,2,A,-,03,22350,NA,N,C,C,A,A,H,-,A,D,0,NA,NA,NA,NA,Y,NA,A,01,0,0,1,0,0,0,0,0,0,-,-,33.69609,-117.86339,ORANGE,SANTA ANA,-117.86371237,33.69639013
90383611,2016,2017-02-01,9670,2016-12-21,1705,013102,NA,3,2,6,3008,0,1,3,NA,2,093,SR-91 W/B (RIVERSIDE FREEWAY),MAGNOLIA AVE,1400,E,N,C,-,Y,NA,NA,91,NA,NA,NA,NA,NA,W,N,4,0,1,2,A,-,03,22350,NA,N,C,C,A,B,H,-,B,D,0,NA,NA,NA,NA,Y,NA,A,01,0,0,1,0,0,0,0,0,0,-,-,33.85599,-117.97181,ORANGE,FULLERTON,-117.97179972,33.8560208
90385030,2017,2017-02-02,9675,2017-01-19,1720,019407,NA,4,2,6,3026,0,1,1,NA,2,504,I-5 SOUTHBOUND,BARRANCA PKWY,210,N,N,A,-,Y,NA,NA,NA,NA,NA,NA,NA,NA,NA,Y,3,0,1,2,A,-,07,21658,A,N,F,A,A,A,H,-,C,D,0,NA,NA,Y,NA,Y,NA,A,01,0,1,0,0,0,0,0,0,1,-,-,33.66174,-117.75014,ORANGE,IRVINE,-117.74834205,33.66096274