CASE_ID,ACCIDENT_YEAR,PROC_DATE,JURIS,COLLISION_DATE,COLLISION_TIME,OFFICER_ID,REPORTING_DISTRICT,DAY_OF_WEEK,CHP_SHIFT,POPULATION,CNTY_CITY_LOC,SPECIAL_COND,BEAT_TYPE,CHP_BEAT_TYPE,CITY_DIVISION_LAPD,CHP_BEAT_CLASS,BEAT_NUMBER,PRIMARY_RD,SECONDARY_RD,DISTANCE,DIRECTION,INTERSECTION,WEATHER_1,WEATHER_2,STATE_HWY_IND,CALTRANS_COUNTY,CALTRANS_DISTRICT,STATE_ROUTE,ROUTE_SUFFIX,POSTMILE_PREFIX,POSTMILE,LOCATION_TYPE,RAMP_INTERSECTION,SIDE_OF_HWY,TOW_AWAY,COLLISION_SEVERITY,NUMBER_KILLED,NUMBER_INJURED,PARTY_COUNT,PRIMARY_COLL_FACTOR,PCF_CODE_OF_VIOL,PCF_VIOL_CATEGORY,PCF_VIOLATION,PCF_VIOL_SUBSECTION,HIT_AND_RUN,TYPE_OF_COLLISION,MVIW,PED_ACTION,ROAD_SURFACE,ROAD_COND_1,ROAD_COND_2,LIGHTING,CONTROL_DEVICE,CHP_ROAD_TYPE,PEDESTRIAN_ACCIDENT,BICYCLE_ACCIDENT,MOTORCYCLE_ACCIDENT,TRUCK_ACCIDENT,NOT_PRIVATE_PROPERTY,ALCOHOL_INVOLVED,STWD_VEHTYPE_AT_FAULT,CHP_VEHTYPE_AT_FAULT,COUNT_SEVERE_INJ,COUNT_VISIBLE_INJ,COUNT_COMPLAINT_PAIN,COUNT_PED_KILLED,COUNT_PED_INJURED,COUNT_BICYCLIST_KILLED,COUNT_BICYCLIST_INJURED,COUNT_MC_KILLED,COUNT_MC_INJURED,PRIMARY_RAMP,SECONDARY_RAMP,LATITUDE,LONGITUDE,COUNTY,CITY,POINT_X,POINT_Y
90438657,2017,2017-04-20,9690,2017-04-19,1225,014953,NA,3,1,4,3018,0,1,1,NA,2,057,I-5 S/B (SAN DIEGO FRWY),JUNIPERO SERRA RD,48,N,N,A,-,Y,NA,NA,5,NA,NA,NA,NA,NA,S,Y,4,0,2,2,A,-,03,22350,NA,N,C,C,A,A,C,-,A,D,0,NA,NA,NA,NA,Y,NA,A,01,0,0,2,0,0,0,0,0,0,-,-,33.52074,-117.66585,ORANGE,SAN JUAN CAPISTRANO,-117.66596042,33.52069248
90441102,2017,2017-04-25,9670,2017-04-12,1053,019290,NA,3,1,5,3007,0,1,1,NA,2,040,I-405 N/B (SAN DIEGO FWY),BROOKHURST STREET,20,S,N,A,-,Y,NA,NA,405,NA,NA,NA,NA,NA,N,Y,3,0,1,1,A,-,08,22107,NA,N,E,I,A,A,H,-,A,D,0,NA,NA,NA,NA,Y,NA,D,22,0,1,0,0,0,0,0,0,0,-,-,33.70511,-117.95409,ORANGE,FOUNTAIN VALLEY,-117.9540405,33.70516774
90441395,2017,2017-04-25,9690,2017-04-21,1420,017932,NA,5,2,4,3011,0,1,3,NA,1,013,SR-133 SB (LAGUNA CANYON ROAD),SR-73 (SAN JOAQUIN TRANSPORTATION COR.),800,N,N,A,-,N,NA,NA,133,NA,NA,NA,NA,NA,S,N,4,0,1,2,A,-,03,22350,NA,N,C,C,A,A,H,-,A,A,0,NA,NA,NA,NA,Y,NA,A,07,0,0,1,0,0,0,0,0,0,-,-,33.59536,-117.76073,ORANGE,LAGUNA BEACH,-117.76072878,33.59536049
90441717,2017,2017-04-25,9675,2017-04-23,1740,021435,NA,7,2,4,3002,0,1,3,NA,2,571,SR-57 NORTHBOUND,IMPERIAL HIGHWAY,2000,S,N,A,-,Y,NA,NA,NA,NA,NA,NA,NA,NA,NA,Y,3,0,1,1,A,-,03,22350,NA,N,F,A,A,A,H,-,A,D,0,NA,NA,Y,NA,Y,NA,C,02,0,1,0,0,0,0,0,0,1,-,-,33.90628,-117.88138,ORANGE,BREA,-117.88118666,33.90570663
90443830,2017,2017-04-27,9690,2017-04-21,1315,020366,NA,5,1,9,3000,0,3,5,NA,2,003,TRABUCO CREEK ROAD,TRABUCO CANYON ROAD,2.8,E,N,A,-,N,NA,NA,NA,NA,NA,NA,NA,NA,NA,N,3,0,1,2,A,-,08,22107,NA,N,B,G,A,A,G,-,A,D,0,NA,Y,NA,NA,Y,NA,A,07,0,1,0,0,0,0,1,0,0,-,-,33.67388,-117.53841,ORANGE,UNINCORPORATED,-117.58566293,33.65914489
9044438,2020,2020-02-25,3010,2020-01-27,2152,1243,165,1,5,6,3010,0,0,0,NA,0,008,WARNER,GREEN,0,NA,Y,A,-,N,NA,NA,NA,NA,NA,NA,NA,NA,NA,Y,3,0,1,2,A,-,08,22107,NA,N,D,C,A,A,H,-,C,D,0,NA,NA,Y,NA,Y,Y,C,03,0,1,0,0,0,0,0,0,1,-,-,NA,NA,ORANGE,HUNTINGTON BEACH,-118.04357147216795,33.71538162231445
90447965,2017,2017-05-03,9670,2017-05-02,0622,013970,NA,2,1,4,3020,0,1,1,NA,2,450,I-405 S/B,SEAL BEACH BLVD,1584,S,N,E,-,Y,NA,NA,405,NA,NA,NA,NA,NA,S,Y,4,0,1,2,A,-,07,21658,A,F,F,A,A,A,H,-,A,D,0,NA,NA,Y,NA,Y,NA,-,99,0,0,1,0,0,0,0,0,1,-,-,33.77403,-118.06635,ORANGE,SEAL BEACH,-118.06634939,33.7742257
9044868,2019,2020-02-12,3015,2019-11-27,1257,1419,NA,3,5,6,3015,0,0,0,NA,0,722M,PROSPECT AV,BOND,16,N,N,C,-,N,NA,NA,NA,NA,NA,NA,NA,NA,NA,NA,4,0,2,2,A,-,09,21453,B,N,C,C,A,B,H,-,A,A,0,NA,NA,NA,NA,Y,NA,A,01,0,0,2,0,0,0,0,0,0,-,-,NA,NA,ORANGE,ORANGE,-117.81488800048828,33.79880905151367
90449509,2017,2017-05-04,9675,2017-05-04,0955,015927,NA,4,1,7,3001,0,1,3,NA,2,095,SR-91 WESTBOUND,WEIR CYN RD,200,E,N,A,-,Y,NA,NA,91,NA,NA,NA,NA,NA,W,N,4,0,1,2,A,-,03,22350,NA,N,C,C,A,A,H,-,A,D,0,NA,NA,NA,NA,Y,NA,A,01,0,0,1,0,0,0,0,0,0,-,-,33.87096,-117.74338,ORANGE,ANAHEIM,-117.74338129,33.87096758
90449606,2017,2017-05-05,9670,2017-02-23,1644,017022,NA,4,2,6,3009,0,1,3,NA,2,021,SR-22 EASTBOUND FROM GARDEN GROVE BLVD.,VALLEY VIEW STREET,452,E,N,A,-,Y,NA,NA,22,NA,NA,NA,R,NA,E,Y,1,1,0,3,A,-,01,23152,F,N,C,C,A,A,H,-,A,D,0,NA,NA,Y,NA,Y,NA,C,02,0,0,0,0,0,0,0,1,0,-,-,33.77403,-118.03803,ORANGE,GARDEN GROVE,-118.03803,33.77403
90450224,2017,2017-05-05,9670,2017-05-01,1445,021579,NA,1,2,6,3009,0,1,3,NA,2,024,SR-22 E/B,FAIRVIEW ST,200,W,N,A,-,Y,NA,NA,22,NA,NA,NA,NA,NA,E,Y,3,0,2,3,A,-,03,22350,NA,N,C,C,A,A,H,-,A,D,0,NA,NA,NA,NA,Y,NA,A,08,0,1,1,0,0,0,0,0,0,-,-,33.77376,-117.90574,ORANGE,GARDEN GROVE,-117.90581624,33.77390711
90451388,2017,2017-05-08,9690,2017-05-07,1027,020194,NA,7,1,9,3000,0,2,4,NA,2,037,TRABUCO CREEK ROAD,2 MILE MPM,300,N,N,B,C,N,NA,NA,NA,NA,NA,NA,NA,NA,NA,N,2,0,1,2,A,-,03,22350,NA,N,D,C,A,D,H,-,A,D,0,NA,NA,Y,NA,Y,NA,C,02,1,0,0,0,0,0,0,0,1,-,-,33.67202,-117.55386,ORANGE,UNINCORPORATED,NA,NA
90452091,2017,2017-05-09,9675,2017-04-25,0645,017833,NA,2,1,4,3002,0,1,3,NA,2,070,SR-57 SOUTHBOUND,BIRCH ST,57,S,N,B,-,Y,NA,NA,57,NA,NA,NA,NA,NA,S,Y,3,0,1,2,A,-,07,21658,A,N,B,C,A,A,H,-,A,D,0,NA,NA,Y,NA,Y,NA,A,01,0,1,0,0,0,0,0,0,1,-,-,33.91708,-117.88162,ORANGE,BREA,-117.88150005,33.91702548
90453889,2017,2017-05-11,9670,2017-05-10,1710,020134,NA,3,2,5,3007,0,1,1,NA,2,040,I-405 N/B,BROOKHURST ST.,50,N,N,A,-,Y,NA,NA,405,NA,NA,NA,NA,NA,N,N,3,0,1,2,A,-,07,21658,A,N,B,C,A,A,H,-,A,D,0,NA,NA,Y,NA,Y,NA,A,01,0,1,0,0,0,0,0,0,1,-,-,33.70583,-117.95469,ORANGE,FOUNTAIN VALLEY,-117.95474175,33.70576894
90454448,2017,2017-05-12,9675,2017-05-02,1815,020627,NA,2,2,6,3004,0,1,1,NA,2,405,I-405 NORTHBOUND,SR-73 NORTHBOUND,1000,N,N,A,-,Y,NA,NA,NA,NA,NA,NA,NA,NA,NA,Y,4,0,2,3,A,-,03,22350,NA,N,C,C,A,A,H,-,A,D,0,NA,NA,NA,NA,Y,NA,A,01,0,0,2,0,0,0,0,0,0,-,-,33.41165,-117.54478,ORANGE,COSTA MESA,-117.9012879,33.68807
9045453,2019,2020-02-13,3001,2019-06-16,1725,466,NA,7,5,7,3001,0,0,0,NA,0,0D3,E WAGNER AV,SOUTH SUNKIST ST,0,NA,Y,B,-,N,NA,NA,NA,NA,NA,NA,NA,NA,NA,Y,3,0,3,2,A,-,09,21801,A,F,D,C,A,A,H,-,A,A,0,NA,NA,NA,NA,Y,NA,A,01,0,3,0,0,0,0,0,0,0,-,-,NA,NA,ORANGE,ANAHEIM,-117.88053894042967,33.825401306152344
90456018,2017,2017-05-15,9670,2017-05-12,1625,021467,NA,5,2,7,3001,0,1,1,NA,2,502,I-5 N/B (SANTA ANA FWY),KATELLA AVE,1056,N,N,A,-,Y,NA,NA,5,NA,NA,NA,NA,NA,N,N,4,0,2,2,A,-,03,22350,NA,N,C,C,A,A,H,-,A,D,0,NA,NA,NA,NA,Y,NA,A,01,0,0,2,0,0,0,0,0,0,-,-,33.80538,-117.90415,ORANGE,ANAHEIM,-117.90418699,33.8053343
9045689,2020,2020-09-22,3012,2020-01-28,1347,568,38,2,5,5,3012,0,0,0,NA,0,003,BEACH BL,WESTRIDGE PLAZA SOUTH,0,NA,Y,A,-,Y,ORA,12,39,-,-,18.871,I,5,N,N,4,0,2,3,A,-,12,21453,A,N,B,C,A,A,H,-,A,A,0,NA,NA,NA,NA,Y,NA,D,22,0,0,2,0,0,0,0,0,0,-,-,NA,NA,ORANGE,LA HABRA,-117.9714126586914,33.91360092163086
90457646,2017,2017-05-17,9690,2017-05-11,1825,020472,NA,4,2,9,3000,0,2,4,NA,2,034,ANTONIO PKWY,DEERPATH,10,N,N,A,-,N,NA,NA,NA,NA,NA,NA,NA,NA,NA,Y,4,0,1,2,A,-,09,21802,A,N,C,C,A,A,H,-,A,D,0,NA,NA,NA,NA,Y,NA,A,01,0,0,1,0,0,0,0,0,0,-,-,33.5812,-117.63118,ORANGE,UNINCORPORATED,-117.63131263,33.58118671
9045774,2019,2020-02-19,3001,2019-08-10,1834,415,NA,6,5,7,3001,0,0,0,NA,0,0D3,SUNKIST ST,WAGNER AV,0,NA,Y,A,-,N,NA,NA,NA,NA,NA,NA,NA,NA,NA,Y,3,0,3,3,A,-,01,23152,A,F,D,C,A,A,H,-,A,A,0,NA,NA,NA,NA,Y,Y,A,01,0,2,1,0,0,0,0,0,0,-,-,NA,NA,ORANGE,ANAHEIM,-117.88053894042967,33.825401306152344
9045806,2019,2020-02-19,3000,2019-08-24,0925,5013,952A1,6,5,5,3040,0,0,0,NA,0,741,FORBES RD,CROWN VALLEY PKWY,14,S,N,A,-,N,NA,NA,NA,NA,NA,NA,NA,NA,NA,N,4,0,1,2,A,-,21,22106,NA,N,C,C,A,A,H,-,A,A,0,NA,NA,NA,NA,Y,NA,A,01,0,0,1,0,0,0,0,0,0,-,-,NA,NA,ORANGE,LAGUNA NIGUEL,-117.67639923095705,33.558021545410156
90463632,2017,2017-05-25,9675,2017-05-17,1705,018102,NA,3,2,6,3026,0,1,1,NA,2,503,I-5 NORTHBOUND,CULVER DRIVE,100,S,N,A,-,Y,NA,NA,5,NA,NA,NA,NA,NA,N,Y,4,0,1,3,A,-,03,22350,NA,N,C,C,A,A,H,-,A,D,0,NA,NA,NA,NA,Y,NA,D,22,0,0,1,0,0,0,0,0,0,-,-,33.70989,-117.78187,ORANGE,IRVINE,-117.78188604,33.70987427
90466414,2017,2017-05-29,9690,2017-05-24,1500,020366,NA,3,2,4,3045,0,1,1,NA,2,055,I-5 S/B (SAN DIEGO FRWY),ALICIA PKWY,260,S,N,A,-,Y,NA,NA,5,NA,NA,NA,NA,NA,S,Y,4,0,1,3,A,-,03,22350,NA,N,C,C,A,A,H,-,A,D,0,NA,NA,NA,NA,Y,NA,A,01,0,0,1,0,0,0,0,0,0,-,-,33.60382,-117.68968,ORANGE,LAGUNA HILLS,-117.68965778,33.60385334
90466877,2017,2017-05-30,9670,2017-05-24,0705,016209,NA,3,1,6,3008,0,1,3,NA,2,093,SR-91 W/B (RIVERSIDE FREEWAY),BROOKHURST ST.,2650,W,N,A,B,Y,NA,NA,91,NA,NA,NA,NA,NA,W,Y,4,0,1,4,A,-,07,21658,A,N,B,C,A,A,H,-,A,D,0,NA,NA,NA,Y,Y,NA,-,99,0,0,1,0,0,0,0,0,0,-,-,33.854730000000004,-117.96804,ORANGE,FULLERTON,-117.9680292,33.85476234
90467340,2017,2017-05-30,9675,2017-05-18,1144,015927,NA,4,1,7,3001,0,1,3,NA,2,093,SR-91 WESTBOUND,TUSTIN AVE,1584,W,N,A,-,Y,NA,NA,91,NA,NA,NA,NA,NA,W,Y,4,0,2,2,A,-,03,22350,NA,F,C,C,A,A,H,-,A,D,0,NA,NA,NA,NA,Y,NA,A,01,0,0,2,0,0,0,0,0,0,-,-,33.8476,-117.83262,ORANGE,ANAHEIM,-117.83253336,33.84772487
9046882,2020,2020-02-19,3001,2020-01-29,1629,A1622,D2,3,5,7,3001,0,0,0,NA,0,0D2,HARBOR BL,WILHELMINA ST,0,NA,Y,A,-,N,NA,NA,NA,NA,NA,NA,NA,NA,NA,Y,4,0,1,2,A,-,09,21802,A,N,D,C,A,A,H,-,A,A,0,NA,NA,NA,NA,Y,NA,A,01,0,0,1,0,0,0,0,0,0,-,-,33.84074020385742,-117.92178344726563,ORANGE,ANAHEIM,-117.92169952392578,33.8407096862793
9046890,2020,2020-02-19,3001,2020-01-30,1025,A2382,NA,4,5,7,3001,0,0,0,NA,0,0D1,BROADWAY,THISTLE RD,80,E,N,A,-,N,NA,NA,NA,NA,NA,NA,NA,NA,NA,Y,4,0,2,2,A,-,09,21804,A,N,D,C,A,A,H,-,A,D,0,NA,NA,NA,NA,Y,NA,A,01,0,0,2,0,0,0,0,0,0,-,-,33.82828140258789,-117.96125030517578,ORANGE,ANAHEIM,-117.9610595703125,33.8288459777832
90469983,2017,2017-06-02,9675,2017-05-19,1046,021633,NA,5,1,5,3022,0,1,3,NA,2,551,SR-55 S/B,1ST ST,550,S,N,A,-,Y,NA,NA,55,NA,NA,NA,NA,NA,S,Y,3,0,2,2,A,-,07,21658,A,N,B,C,A,A,H,-,A,D,0,NA,NA,NA,NA,Y,NA,A,01,0,1,1,0,0,0,0,0,0,-,-,33.74371,-117.83372,ORANGE,TUSTIN,-117.83379454,33.74372458
90471244,2017,2017-06-05,9690,2017-06-02,0442,020194,NA,5,3,4,3045,0,1,1,NA,2,055,I-5 S/B (SAN DIEGO FRWY),EL TORO RD,450,S,N,B,-,Y,NA,NA,5,NA,NA,NA,NA,NA,S,Y,3,0,1,2,A,-,08,22107,NA,M,B,C,A,A,H,-,C,D,0,NA,NA,NA,NA,Y,NA,A,08,0,1,0,0,0,0,0,0,0,-,-,33.60948,-117.70077,ORANGE,LAGUNA HILLS,-117.7008088,33.60939398
90471318,2017,2017-06-05,9690,2017-06-03,0110,020695,NA,6,3,9,3000,0,1,3,NA,1,074,SR 74 E/B (ORTEGA HWY),RIVERSIDE COUNTY LINE,4270,W,N,B,-,N,NA,NA,74,NA,NA,NA,NA,NA,E,Y,3,0,1,1,A,-,03,22350,NA,N,E,I,A,A,H,-,D,D,0,NA,NA,NA,NA,Y,NA,A,01,0,1,0,0,0,0,0,0,0,-,-,33.59355,-117.46564,ORANGE,UNINCORPORATED,-117.46560421,33.59349494
90472944,2017,2017-06-07,9675,2017-06-06,1835,018834,NA,2,2,6,3026,0,1,1,NA,2,405,I-405 NORTHBOUND,MACARTHUR BLVD,200,N,N,A,-,Y,NA,NA,405,NA,NA,NA,NA,NA,N,Y,4,0,1,2,A,-,03,22350,NA,N,C,C,A,A,H,-,A,D,0,NA,NA,NA,NA,Y,NA,A,07,0,0,1,0,0,0,0,0,0,-,-,33.68329,-117.85747,ORANGE,IRVINE,-117.85753732,33.68312804
90474706,2017,2017-06-09,9675,2017-05-30,0718,016923,NA,2,1,6,3015,0,1,3,NA,2,551,SR-55 S/B (COSTA MESA FWY),CHAPMAN AVE,200,S,N,A,-,Y,NA,NA,55,NA,NA,NA,NA,NA,S,N,4,0,1,3,A,-,03,22350,NA,N,C,C,A,A,H,-,A,D,0,NA,NA,NA,NA,Y,NA,D,22,0,0,1,0,0,0,0,0,0,-,-,33.78743,-117.83135,ORANGE,ORANGE,-117.83118366,33.78742618
90476218,2017,2017-06-12,9670,2017-06-07,1559,021242,NA,3,2,5,3003,0,1,1,NA,2,500,I-5 NB,ARTESIA BLVD,100,N,N,B,-,Y,NA,NA,5,NA,NA,NA,NA,NA,N,Y,3,0,1,2,A,-,07,21658,A,N,B,C,A,A,H,-,A,D,0,NA,NA,Y,NA,Y,NA,A,01,0,1,0,0,0,0,0,0,1,-,-,33.87425,-118.01086,ORANGE,BUENA PARK,-118.01076141,33.87437571
90479433,2017,2017-06-16,9675,2017-06-01,1600,019241,NA,4,2,4,3002,0,1,3,NA,2,570,SR-57 S/B FROM IMPERIAL HIGHWAY E/B,IMPERIAL HIGHWAY,300,S,N,A,-,Y,NA,NA,57,NA,NA,NA,R,NA,S,Y,4,0,1,2,A,-,03,22350,NA,N,C,C,A,A,H,-,A,A,0,NA,NA,NA,NA,Y,NA,A,08,0,0,1,0,0,0,0,0,0,-,-,33.90951,-117.88378,ORANGE,BREA,-117.88378,33.90951
90479453,2017,2017-06-16,9675,2017-06-09,1555,019348,NA,5,2,7,3001,0,1,3,NA,2,093,SR-91 WESTBOUND,LAKEVIEW AVE,100,E,N,A,-,Y,NA,NA,NA,NA,NA,NA,NA,NA,NA,Y,4,0,1,3,A,-,03,22350,NA,N,C,C,A,A,H,-,A,D,0,NA,NA,NA,NA,Y,NA,-,99,0,0,1,0,0,0,0,0,0,-,-,33.46063,-117.50269,ORANGE,ANAHEIM,-117.81426699,33.8512013
90479916,2017,2017-06-16,9675,2017-03-24,0843,021377,NA,5,1,7,3019,0,1,3,NA,2,222,STATE ROUTE 22 EASTBOUND,BRISTOL STREET,300,E,N,A,-,Y,NA,NA,22,NA,NA,NA,NA,NA,E,Y,1,1,0,2,A,-,03,22350,NA,N,F,A,A,A,H,-,A,D,0,NA,NA,Y,NA,Y,NA,C,02,0,0,0,0,0,0,0,1,0,-,-,33.77887,-117.88265,ORANGE,SANTA ANA,-117.88264959,33.77893341
90481020,2017,2017-06-19,9675,2017-06-18,1150,019618,NA,7,1,7,3001,0,1,3,NA,2,095,SR-91 E/B,COAL CYN RD,396,E,N,A,-,Y,NA,NA,91,NA,NA,NA,NA,NA,E,Y,4,0,1,2,A,-,03,22350,NA,N,C,C,A,A,H,-,A,D,0,NA,NA,NA,NA,Y,NA,A,01,0,0,1,0,0,0,0,0,0,-,-,33.87129,-117.68584,ORANGE,ANAHEIM,-117.68583763,33.87129575
90483315,2017,2017-06-22,9675,2017-06-15,1815,021406,NA,4,2,7,3001,0,1,3,NA,2,240,SR-241 N/B,WINDY RIDGE TOLL PLAZA,1500,N,N,A,-,Y,NA,NA,241,NA,NA,NA,NA,NA,N,N,4,0,1,2,A,-,21,22106,NA,N,C,C,A,A,H,-,A,D,0,NA,NA,NA,NA,Y,NA,A,07,0,0,1,0,0,0,0,0,0,-,-,33.8351,-117.71735,ORANGE,ANAHEIM,-117.71744834,33.83508683
90483316,2017,2017-06-22,9675,2017-06-09,1600,021438,NA,5,2,6,3026,0,1,1,NA,2,503,I-5 S/B FROM BAKE PKWY,BAKE PKWY,93,N,N,A,-,Y,NA,NA,5,NA,NA,NA,R,NA,S,Y,3,0,2,3,A,-,08,22107,NA,N,E,I,A,A,H,-,A,D,0,NA,NA,NA,NA,Y,NA,A,01,0,2,0,0,0,0,0,0,0,-,-,33.6395,-117.73358,ORANGE,IRVINE,-117.73358,33.6395
9048612,2020,2020-10-08,3010,2020-02-01,1020,2090,263,6,5,6,3010,0,0,0,NA,0,006,RT 39,CHRYSLER DR,0,NA,Y,A,-,Y,ORA,12,39,-,-,5.001,I,5,N,Y,4,0,1,2,A,-,09,21801,A,N,D,C,A,A,H,-,A,D,0,NA,NA,NA,NA,Y,NA,A,01,0,0,1,0,0,0,0,0,0,-,-,NA,NA,ORANGE,HUNTINGTON BEACH,-117.98908996582033,33.72101974487305
90488824,2017,2017-06-27,9670,2017-06-26,0940,018757,NA,1,1,5,3024,0,1,1,NA,2,043,I-405 S/B,WESTMINSTER BLVD,200,N,N,A,-,Y,NA,NA,405,NA,NA,NA,NA,NA,S,N,4,0,1,2,A,-,03,22350,NA,N,C,C,A,A,H,-,A,D,0,NA,NA,NA,NA,Y,NA,A,01,0,0,1,0,0,0,0,0,0,-,-,33.75965,-118.02312,ORANGE,WESTMINSTER,-118.02302204,33.75976524
90489499,2017,2017-06-28,9675,2017-06-23,1550,021397,NA,5,2,6,3026,0,1,1,NA,2,504,I-5 SOUTHBOUND,BAKE PKWY,750,N,N,A,-,Y,NA,NA,5,NA,NA,NA,NA,NA,S,Y,4,0,1,2,A,-,03,22350,NA,N,C,C,A,A,H,-,A,D,0,NA,NA,NA,NA,Y,NA,A,08,0,0,1,0,0,0,0,0,0,-,-,33.64299,-117.73377,ORANGE,IRVINE,-117.7339059,33.64288492
90489664,2017,2017-06-28,9675,2017-06-18,2355,021388,NA,7,3,7,3001,0,1,3,NA,2,194,SR-91 EASTBOUND,WEIR CYN RD,3700,W,N,A,-,Y,NA,NA,91,NA,NA,NA,NA,NA,E,Y,3,0,1,1,A,-,08,22107,NA,N,E,I,A,A,H,-,D,D,0,NA,NA,NA,NA,Y,NA,A,01,0,1,0,0,0,0,0,0,0,-,-,33.86883,-117.7574,ORANGE,ANAHEIM,-117.75739275,33.86873635
90490635,2017,2017-07-21,9675,2017-06-21,1615,020346,NA,3,2,7,3001,0,1,3,NA,2,095,SR-91 E/B (RIVERSIDE FREEWAY),WEIR CANYON RD,800,E,N,A,-,Y,NA,NA,91,NA,NA,NA,NA,NA,E,N,3,0,1,3,A,-,07,21658,A,F,B,C,A,A,H,-,A,D,0,NA,NA,Y,NA,Y,NA,-,-,0,1,0,0,0,0,0,0,1,-,-,33.8708,-117.73759,ORANGE,ANAHEIM,-117.73759284,33.87076291
90490771,2017,2017-06-29,9670,2017-06-29,0623,013970,NA,4,1,4,3020,0,1,1,NA,2,045,I-405 S/B,SEAL BEACH BLVD,30,N,N,B,-,Y,NA,NA,405,NA,NA,NA,NA,NA,S,Y,4,0,1,2,A,-,03,22350,NA,N,C,C,A,A,H,-,A,D,0,NA,NA,NA,NA,Y,NA,A,01,0,0,1,0,0,0,0,0,0,-,-,33.77429,-118.0756,ORANGE,SEAL BEACH,-118.07560002,33.7742809
90491012,2017,2017-06-29,9675,2017-06-22,1450,021327,NA,4,2,7,3019,0,1,3,NA,2,552,SR-55 NORTHBOUND,DYER RD,2000,N,N,A,-,Y,NA,NA,55,NA,NA,NA,NA,NA,N,Y,4,0,2,3,A,-,03,22350,NA,N,C,D,A,A,H,-,A,D,0,NA,NA,NA,NA,Y,NA,D,22,0,0,2,0,0,0,0,0,0,-,-,33.70926,-117.85099,ORANGE,SANTA ANA,-117.8510548,33.709328909999996
90495327,2017,2017-07-06,9690,2017-07-01,2021,020472,NA,6,2,5,3028,0,1,1,NA,2,056,I-5 S/B (SAN DIEGO FRWY),CROWN VALLEY PKWY,3696,N,N,A,-,Y,NA,NA,5,NA,NA,NA,NA,NA,S,Y,3,0,1,3,A,-,03,22350,NA,N,C,C,A,A,H,-,C,D,0,NA,NA,NA,NA,Y,NA,A,01,0,1,0,0,0,0,0,0,0,-,-,33.56959,-117.67204,ORANGE,MISSION VIEJO,-117.67207636,33.5695918
90497352,2017,2017-07-10,9670,2017-07-06,1230,013970,NA,4,1,5,3007,0,1,1,NA,2,040,I-405 N/B,WARD ST,1056,S,N,A,-,Y,NA,NA,405,NA,NA,NA,NA,NA,N,N,3,0,2,2,A,-,03,22350,NA,N,C,C,A,A,H,-,A,D,0,NA,NA,NA,NA,Y,NA,D,22,0,1,1,0,0,0,0,0,0,-,-,33.6994,-117.94336,ORANGE,FOUNTAIN VALLEY,-117.94341261,33.69927349
9049744,2020,2020-04-13,3004,2020-02-18,1440,P685,35,2,5,6,3004,0,0,0,NA,0,015,FAIR DR,VANGUARD WY,223,E,N,A,-,N,NA,NA,NA,NA,NA,NA,NA,NA,NA,Y,3,0,2,2,A,-,09,21804,A,N,D,C,A,A,H,-,A,D,0,NA,NA,NA,NA,Y,NA,D,22,0,1,1,0,0,0,0,0,0,-,-,33.66389083862305,-117.90395355224608,ORANGE,COSTA MESA,-117.90399932861328,33.66387939453125
90499362,2017,2017-07-12,9690,2017-07-08,1030,017932,NA,6,1,4,3045,0,1,1,NA,2,055,I-5 S/B (SAN DIEGO FRWY),EL TORO RD,2000,N,N,A,-,Y,NA,NA,NA,NA,NA,NA,NA,NA,NA,N,4,0,3,2,A,-,03,22350,NA,N,C,C,A,A,H,-,A,D,0,NA,NA,NA,NA,Y,NA,A,01,0,0,3,0,0,0,0,0,0,-,-,33.53101,-117.5731,ORANGE,LAGUNA HILLS,-117.71203536,33.61884987
90501670,2017,2017-07-17,9675,2017-06-29,0739,019942,NA,4,1,7,3019,0,1,3,NA,2,222,SR-22 EASTBOUND,BRISTOL ST,500,E,N,A,-,Y,NA,NA,NA,NA,NA,NA,NA,NA,NA,N,4,0,2,2,A,-,03,22350,NA,N,C,C,A,A,H,-,A,D,0,NA,NA,NA,NA,Y,NA,A,01,0,0,2,0,0,0,0,0,0,-,-,33.45774,-117.87756,ORANGE,SANTA ANA,-117.88332993,33.76443554
90503917,2017,2017-07-19,9675,2017-07-12,0755,021809,NA,3,1,5,3022,0,1,1,NA,2,503,I-5 SOUTHBOUND,RED HILL AVE,350,S,N,A,-,Y,NA,NA,NA,NA,NA,NA,NA,NA,NA,Y,4,0,1,2,A,-,03,22350,NA,N,C,C,A,A,H,-,A,D,0,NA,NA,Y,NA,Y,NA,C,02,0,0,1,0,0,0,0,0,1,-,-,33.44812,-117.49167,ORANGE,TUSTIN,-117.81465063,33.73280478
90504591,2017,2017-07-20,9675,2017-07-11,1400,020668,NA,2,2,6,3026,0,1,1,NA,2,503,I-5 N/B,JAMBOREE RD,20,S,N,A,-,Y,NA,NA,NA,NA,NA,NA,NA,NA,NA,N,4,0,1,2,A,-,07,21658,A,N,B,C,A,A,H,-,A,D,0,NA,NA,NA,NA,Y,NA,D,22,0,0,1,0,0,0,0,0,0,-,-,33.72387,-117.80063,ORANGE,IRVINE,-117.79502296,33.719731780000004
90505311,2017,2017-07-21,9675,2017-07-11,1726,021327,NA,2,2,7,3019,0,1,3,NA,2,552,SR-55 SOUTHBOUND,MACARTHUR BLVD,1500,N,N,A,-,Y,NA,NA,55,NA,NA,NA,NA,NA,S,Y,3,0,3,4,A,-,01,23152,A,N,C,C,A,A,H,-,A,D,0,NA,NA,Y,NA,Y,Y,C,02,0,1,2,0,0,0,0,0,1,-,-,33.70212,-117.85823,ORANGE,SANTA ANA,-117.85819073,33.70208314