CASE_ID,ACCIDENT_YEAR,PROC_DATE,JURIS,COLLISION_DATE,COLLISION_TIME,OFFICER_ID,REPORTING_DISTRICT,DAY_OF_WEEK,CHP_SHIFT,POPULATION,CNTY_CITY_LOC,SPECIAL_COND,BEAT_TYPE,CHP_BEAT_TYPE,CITY_DIVISION_LAPD,CHP_BEAT_CLASS,BEAT_NUMBER,PRIMARY_RD,SECONDARY_RD,DISTANCE,DIRECTION,INTERSECTION,WEATHER_1,WEATHER_2,STATE_HWY_IND,CALTRANS_COUNTY,CALTRANS_DISTRICT,STATE_ROUTE,ROUTE_SUFFIX,POSTMILE_PREFIX,POSTMILE,LOCATION_TYPE,RAMP_INTERSECTION,SIDE_OF_HWY,TOW_AWAY,COLLISION_SEVERITY,NUMBER_KILLED,NUMBER_INJURED,PARTY_COUNT,PRIMARY_COLL_FACTOR,PCF_CODE_OF_VIOL,PCF_VIOL_CATEGORY,PCF_VIOLATION,PCF_VIOL_SUBSECTION,HIT_AND_RUN,TYPE_OF_COLLISION,MVIW,PED_ACTION,ROAD_SURFACE,ROAD_COND_1,ROAD_COND_2,LIGHTING,CONTROL_DEVICE,CHP_ROAD_TYPE,PEDESTRIAN_ACCIDENT,BICYCLE_ACCIDENT,MOTORCYCLE_ACCIDENT,TRUCK_ACCIDENT,NOT_PRIVATE_PROPERTY,ALCOHOL_INVOLVED,STWD_VEHTYPE_AT_FAULT,CHP_VEHTYPE_AT_FAULT,COUNT_SEVERE_INJ,COUNT_VISIBLE_INJ,COUNT_COMPLAINT_PAIN,COUNT_PED_KILLED,COUNT_PED_INJURED,COUNT_BICYCLIST_KILLED,COUNT_BICYCLIST_INJURED,COUNT_MC_KILLED,COUNT_MC_INJURED,PRIMARY_RAMP,SECONDARY_RAMP,LATITUDE,LONGITUDE,COUNTY,CITY,POINT_X,POINT_Y
90636038,2018,2018-01-09,9675,2018-01-05,1615,021690,NA,5,2,5,3022,0,1,1,NA,2,503,I-5 NORTHBOUND,RED HILL AVE,400,S,N,A,-,Y,NA,NA,5,NA,NA,NA,NA,NA,N,N,4,0,1,2,A,-,03,22350,NA,N,C,C,A,A,H,-,A,D,0,NA,NA,NA,NA,Y,NA,A,01,0,0,1,0,0,0,0,0,0,-,-,33.73334884643555,-117.81427001953124,ORANGE,TUSTIN,-117.81448364257813,33.733062744140625
90636189,2018,2018-01-09,9670,2018-01-04,1805,021071,NA,4,2,5,3003,0,1,3,NA,2,092,SR-91 E/B,WALKER ST,528,W,N,A,-,Y,NA,NA,NA,NA,NA,NA,NA,NA,NA,Y,4,0,1,2,A,-,03,22350,NA,N,C,C,A,A,H,-,C,D,0,NA,NA,NA,NA,Y,NA,A,01,0,0,1,0,0,0,0,0,0,-,-,33.86180877685547,-118.0415496826172,ORANGE,BUENA PARK,-118.03912353515624,33.86083221435547
9063765,2020,2020-03-17,3022,2020-02-17,1353,1340,NA,1,5,5,3022,0,0,0,NA,0,NA,MYFORD RD,EL CAMINO REAL,0,NA,Y,A,-,N,NA,NA,NA,NA,NA,NA,NA,NA,NA,Y,3,0,1,2,A,-,09,21801,A,N,D,C,A,A,H,-,A,A,0,NA,NA,NA,NA,Y,NA,A,07,0,1,0,0,0,0,0,0,0,-,-,33.7259407043457,-117.79598999023438,ORANGE,TUSTIN,-117.79586791992188,33.72645950317383
90637958,2018,2018-01-11,9670,2018-01-09,0525,013414,NA,2,3,3,3013,0,1,1,NA,2,060,I-605 N/B,KATELLA AVENUE,300,N,N,B,C,Y,NA,NA,605,NA,NA,NA,NA,NA,N,Y,3,0,1,1,A,-,03,22350,NA,N,E,I,A,B,H,-,C,D,0,NA,NA,NA,NA,Y,NA,A,01,0,1,0,0,0,0,0,0,0,-,-,33.80397033691406,-118.08113098144533,ORANGE,LOS ALAMITOS,-118.08139801025392,33.804039001464844
90640346,2017,2018-01-16,9675,2017-12-30,1038,021406,NA,6,1,9,3000,0,3,5,NA,2,002,SANTIAGO CANYON ROAD W/B,HAUL RD,1000,E,N,A,-,N,NA,NA,NA,NA,NA,NA,NA,NA,NA,N,4,0,1,1,A,-,03,22350,NA,N,E,J,A,A,C,-,A,D,0,NA,Y,NA,NA,Y,NA,L,04,0,0,1,0,0,0,1,0,0,-,-,33.76177,-117.70782,ORANGE,UNINCORPORATED,-117.708293,33.76186
90640352,2018,2018-01-16,9675,2018-01-04,1735,021447,NA,4,2,5,3022,0,1,3,NA,2,551,SR-55 SOUTHBOUND,17TH ST,600,S,N,A,-,Y,NA,NA,55,NA,NA,NA,NA,NA,S,Y,4,0,2,3,A,-,03,22350,NA,F,C,C,A,A,H,-,C,D,0,NA,NA,NA,NA,Y,NA,D,22,0,0,2,0,0,0,0,0,0,-,-,33.75529861450195,-117.83155059814452,ORANGE,TUSTIN,-117.8315887451172,33.75530242919922
9064115,2020,2020-03-24,3001,2020-02-22,0819,A2411,NA,6,5,7,3001,0,0,0,NA,0,031,SOUTH EUCLID ST,KATELLA AV,30,N,N,B,-,N,NA,NA,NA,NA,NA,NA,NA,NA,NA,N,4,0,2,3,A,-,03,22350,NA,N,-,C,A,A,H,-,A,A,0,NA,NA,NA,NA,Y,NA,A,01,0,0,2,0,0,0,0,0,0,-,-,NA,NA,ORANGE,ANAHEIM,-117.94142150878906,33.8033332824707
9064127,2020,2020-03-24,3001,2020-02-18,1923,466,NA,2,5,7,3001,0,0,0,NA,0,0D3,SOUTH HARBOR BL,WEST BALL RD,528,S,N,B,-,N,NA,NA,NA,NA,NA,NA,NA,NA,NA,N,3,0,1,2,A,-,03,22350,NA,N,C,C,A,A,H,-,C,A,0,NA,NA,NA,NA,Y,NA,A,01,0,1,0,0,0,0,0,0,0,-,-,NA,NA,ORANGE,ANAHEIM,-117.91549682617188,33.81658172607422
90641849,2018,2018-01-17,9675,2018-01-08,1546,021327,NA,1,2,7,3019,0,1,3,NA,2,552,SR-55 NORTHBOUND,DYER RD,3000,N,N,C,-,Y,NA,NA,55,NA,NA,NA,NA,NA,N,N,4,0,1,2,A,-,03,22350,NA,F,C,C,A,B,H,-,A,D,0,NA,NA,NA,NA,Y,NA,-,99,0,0,1,0,0,0,0,0,0,-,-,33.71324920654297,-117.84696197509766,ORANGE,SANTA ANA,-117.84707641601563,33.7133674621582
90642887,2018,2018-01-18,9670,2018-01-16,0730,016194,NA,2,1,4,3020,0,1,1,NA,2,044,I-405 N/B,SEAL BEACH BLVD,528,S,N,B,-,Y,NA,NA,405,NA,NA,NA,NA,NA,N,Y,4,0,1,2,A,-,07,21658,A,N,C,C,A,A,H,-,A,D,0,NA,NA,Y,NA,Y,NA,C,02,0,0,1,0,0,0,0,0,1,-,-,33.77458953857422,-118.07354736328124,ORANGE,SEAL BEACH,-118.07354736328124,33.77448654174805
90643414,2018,2018-01-19,9675,2018-01-15,0758,021224,NA,1,1,7,3019,0,1,1,NA,2,502,I-5 SOUTHBOUND,1ST ST,200,N,N,A,-,Y,NA,NA,5,NA,NA,NA,NA,NA,S,Y,3,0,1,3,A,-,03,22350,NA,N,C,C,A,A,H,-,A,D,0,NA,NA,NA,NA,Y,NA,D,22,0,1,0,0,0,0,0,0,0,-,-,33.746299743652344,-117.84275817871094,ORANGE,SANTA ANA,-117.84278106689452,33.74629211425781
90647392,2018,2018-01-25,9675,2018-01-22,0855,013680,NA,1,1,9,3000,0,1,3,NA,2,240,SR-241 SOUTHBOUND,SANTIAGO CANYON ROAD,2640,N,N,A,-,Y,NA,NA,241,NA,NA,NA,NA,NA,S,Y,4,0,2,2,A,-,03,22350,NA,N,C,C,A,A,H,-,A,D,0,NA,NA,NA,NA,Y,NA,A,01,0,0,2,0,0,0,0,0,0,-,-,33.78081130981445,-117.7482681274414,ORANGE,UNINCORPORATED,-117.74830627441406,33.78081130981445
90650105,2018,2018-01-29,9670,2018-01-26,0815,013414,NA,5,1,6,3009,0,1,3,NA,2,124,SR-22 E/B,NEWHOPE STREET,100,E,N,A,-,Y,NA,NA,22,NA,NA,NA,NA,NA,E,Y,4,0,1,1,A,-,08,22107,NA,N,E,I,A,A,H,-,A,D,0,NA,NA,NA,NA,Y,NA,A,01,0,0,1,0,0,0,0,0,0,-,-,33.76607131958008,-117.92749786376952,ORANGE,GARDEN GROVE,-117.92749786376952,33.76610565185547
90650577,2018,2018-01-29,9675,2018-01-22,1340,021438,NA,1,1,6,3004,0,1,3,NA,2,553,SR-55 N/B,MACARTHUR BLVD,700,S,N,A,-,Y,NA,NA,NA,NA,NA,NA,NA,NA,NA,Y,4,0,1,3,A,-,03,22350,NA,N,C,C,A,A,H,-,A,D,0,NA,NA,NA,NA,Y,NA,A,01,0,0,1,0,0,0,0,0,0,-,-,33.69662094116211,-117.86302185058594,ORANGE,COSTA MESA,-117.86279296875,33.69694137573242
90651075,2018,2018-01-30,9675,2018-01-25,0825,021983,NA,4,1,5,3022,0,1,1,NA,2,503,I-5 NORTHBOUND,NEWPORT AVE,300,N,N,B,-,Y,NA,NA,5,NA,NA,NA,NA,NA,N,Y,4,0,1,2,A,-,08,22107,NA,N,B,C,A,A,H,-,A,D,0,NA,NA,NA,NA,Y,NA,A,01,0,0,1,0,0,0,0,0,0,-,-,33.73820877075195,-117.8263931274414,ORANGE,TUSTIN,-117.8263702392578,33.73827362060547
90652388,2018,2018-01-31,9675,2018-01-26,1122,016748,NA,5,1,4,3002,0,1,3,NA,2,570,SR-57 SOUTHBOUND,BIRCH ST,100,N,N,A,-,Y,NA,NA,NA,NA,NA,NA,NA,NA,NA,N,4,0,1,2,A,-,03,22350,NA,N,C,C,A,A,H,-,A,D,0,NA,NA,NA,NA,Y,NA,A,01,0,0,1,0,0,0,0,0,0,-,-,33.55059051513672,-117.5251235961914,ORANGE,BREA,-117.88098907470705,33.91819381713867
90653499,2018,2018-02-01,9670,2018-01-06,1155,018516,NA,6,1,5,3003,0,1,1,NA,2,500,I-5 N/B,BEACH BLVD,125,N,N,B,-,Y,NA,NA,5,NA,NA,NA,NA,NA,N,Y,3,0,1,1,A,-,08,22107,NA,N,E,I,A,A,H,-,A,D,0,NA,NA,NA,NA,Y,NA,A,01,0,1,0,0,0,0,0,0,0,-,-,33.86695098876953,-117.99874114990234,ORANGE,BUENA PARK,-117.998779296875,33.86688232421875
90653960,2018,2018-02-02,9690,2018-01-30,1005,014552,NA,2,1,9,3000,0,3,5,NA,2,003,BRIOSO STREET,ASCENSO AVENUE,0,NA,Y,B,-,N,NA,NA,NA,NA,NA,NA,NA,NA,NA,Y,3,0,1,2,A,-,09,21802,NA,N,A,C,A,A,H,-,A,A,0,NA,NA,NA,NA,Y,NA,A,01,0,1,0,0,0,0,0,0,0,-,-,33.526329040527344,-117.62329864501952,ORANGE,UNINCORPORATED,-117.62344360351563,33.52627182006836
90656113,2018,2018-02-06,9675,2018-02-01,1855,019942,NA,4,2,6,3026,0,1,1,NA,2,406,I-405 SOUTHBOUND,JAMBOREE RD,800,N,N,A,-,Y,NA,NA,NA,NA,NA,NA,NA,NA,NA,Y,4,0,4,4,A,-,03,22350,NA,N,C,C,A,A,H,-,C,D,0,NA,NA,NA,NA,Y,NA,A,01,0,0,4,0,0,0,0,0,0,-,-,33.859649658203125,-117.89778137207033,ORANGE,IRVINE,-117.8459930419922,33.67771530151367
90657101,2018,2018-02-07,9675,2018-01-31,1030,019171,NA,3,1,7,3019,0,1,1,NA,2,503,I-5 S/B (SANTA ANA FWY),GRAND AVE,1000,S,N,A,-,Y,NA,NA,5,NA,NA,NA,NA,NA,S,Y,4,0,1,2,A,-,03,22350,NA,N,C,C,A,A,H,-,A,D,0,NA,NA,NA,NA,Y,NA,A,01,0,0,1,0,0,0,0,0,0,-,-,33.7530517578125,-117.84895324707033,ORANGE,SANTA ANA,-117.84889221191406,33.75316619873047
90658066,2018,2018-02-09,9675,2018-02-02,1605,021690,NA,5,2,6,3026,0,1,1,NA,2,504,I-5 NORTHBOUND,SAND CANYON AVE,800,S,N,A,-,Y,NA,NA,5,NA,NA,NA,NA,NA,N,Y,4,0,1,1,A,-,08,22107,NA,N,E,I,A,A,H,-,A,D,0,NA,NA,NA,NA,Y,NA,A,01,0,0,1,0,0,0,0,0,0,-,-,33.67448043823242,-117.75608825683594,ORANGE,IRVINE,-117.75595092773438,33.67453384399414
9066118,2020,2020-08-07,3009,2020-04-01,1640,4845,075,3,5,6,3009,0,0,0,NA,0,1-3,TRASK AV,MAGNOLIA ST,300,E,N,A,-,N,NA,NA,NA,NA,NA,NA,NA,NA,NA,N,4,0,1,2,A,-,03,22350,NA,M,C,C,A,A,H,-,A,A,0,NA,NA,NA,NA,Y,NA,-,NA,0,0,1,0,0,0,0,0,0,-,-,NA,NA,ORANGE,GARDEN GROVE,-117.97153472900392,33.76668167114258
90661488,2018,2018-02-14,9670,2018-02-07,1855,019290,NA,3,2,5,3007,0,1,1,NA,2,440,I-405 N/B (SAN DIEGO FWY),WARNER AVE,1056,S,N,A,-,Y,NA,NA,405,NA,NA,NA,NA,NA,N,Y,4,0,1,3,A,-,03,22350,NA,N,C,C,A,A,H,-,D,D,0,NA,NA,NA,NA,Y,NA,A,07,0,0,1,0,0,0,0,0,0,-,-,33.71171951293945,-117.96199035644533,ORANGE,FOUNTAIN VALLEY,-117.96190643310548,33.711814880371094
90662136,2018,2018-02-15,9675,2018-02-06,0904,017773,NA,2,1,6,3026,0,1,1,NA,2,503,I-5 N/B,SOUTH EDGE OF YALE AVE,24,N,N,B,-,Y,NA,NA,5,NA,NA,NA,NA,NA,N,Y,4,0,2,1,A,-,08,22107,NA,N,F,A,A,A,H,-,A,D,0,NA,NA,NA,NA,Y,NA,A,07,0,0,2,0,0,0,0,0,0,-,-,33.70008087158203,-117.77497863769533,ORANGE,IRVINE,-117.77487182617188,33.70014953613281
9066217,2020,2020-07-17,3026,2020-03-10,1131,313,NA,2,5,6,3026,0,0,0,NA,0,NA,MICHELSON DR,JAMBOREE RD,75,W,N,B,-,N,NA,NA,NA,NA,NA,NA,NA,NA,NA,NA,4,0,1,2,A,-,21,22106,NA,N,C,C,A,A,H,-,A,A,0,NA,NA,NA,NA,Y,NA,A,01,0,0,1,0,0,0,0,0,0,-,-,33.6728515625,-117.84779357910156,ORANGE,IRVINE,-117.84795379638672,33.67282485961914
90662233,2018,2018-02-15,9675,2018-02-06,1420,019942,NA,2,2,6,3026,0,1,1,NA,2,406,I-405 SOUTHBOUND,CULVER DR,2500,S,N,A,-,Y,NA,NA,405,NA,NA,NA,NA,NA,S,Y,4,0,1,2,A,-,03,22350,NA,N,C,C,A,A,H,-,A,D,0,NA,NA,NA,NA,Y,NA,A,01,0,0,1,0,0,0,0,0,0,-,-,33.6656608581543,-117.81208038330078,ORANGE,IRVINE,-117.8120346069336,33.66584777832031
90664957,2018,2018-02-20,9690,2018-02-19,1055,014552,NA,1,1,5,3017,0,1,1,NA,2,059,I-5 N/B (SAN DIEGO FRWY),AVENIDA MENDOCINO OC,250,S,N,A,-,Y,NA,NA,NA,NA,NA,NA,NA,NA,NA,Y,3,0,3,2,A,-,03,22350,NA,N,C,C,A,A,H,-,A,D,0,NA,NA,NA,NA,Y,NA,A,01,0,3,0,0,0,0,0,0,0,-,-,33.24388885498047,-117.36312866210938,ORANGE,SAN CLEMENTE,NA,NA
9066598,2020,2020-11-16,3001,2020-05-04,1911,A2187,D1,1,5,7,3001,0,0,0,NA,0,NA,BALL RD,NUTWOOD ST,156,W,N,A,-,N,NA,NA,NA,NA,NA,NA,NA,NA,NA,Y,4,0,1,4,A,-,03,22350,NA,N,B,E,A,A,H,-,A,A,0,NA,NA,NA,NA,Y,NA,A,01,0,0,1,0,0,0,0,0,0,-,-,33.81761169433594,-117.95014190673828,ORANGE,ANAHEIM,-117.95062255859376,33.817867279052734
90666759,2018,2018-02-22,9675,2018-02-08,1428,021749,NA,4,2,7,3001,0,1,3,NA,2,095,SR-91 EASTBOUND,COAL CYN RD,400,E,N,A,-,Y,NA,NA,91,NA,NA,NA,NA,NA,E,Y,4,0,2,2,A,-,07,21658,A,N,C,C,A,A,H,-,A,D,0,NA,NA,NA,NA,Y,NA,A,01,0,0,2,0,0,0,0,0,0,-,-,33.87104034423828,-117.68514251708984,ORANGE,ANAHEIM,-117.68515014648438,33.87101364135742
90666776,2018,2018-02-22,9690,2018-02-21,1545,016430,NA,3,2,5,3028,0,1,1,NA,2,056,I-5 N/B (SAN DIEGO FRWY),OSO PKWY,1056,S,N,A,-,Y,NA,NA,5,NA,NA,NA,NA,NA,N,Y,3,0,1,4,A,-,03,22350,NA,N,C,C,A,A,H,-,A,D,0,NA,NA,NA,NA,Y,NA,A,08,0,1,0,0,0,0,0,0,0,-,-,33.575531005859375,-117.67169952392578,ORANGE,MISSION VIEJO,-117.67169952392578,33.575531005859375
90668179,2018,2018-02-23,9675,2018-02-15,1930,021397,NA,4,2,5,3016,0,1,3,NA,2,571,SR-57 SOUTHBOUND,CHAPMAN AVE,2000,S,N,A,-,Y,NA,NA,57,NA,NA,NA,NA,NA,S,N,4,0,1,2,A,-,03,22350,NA,N,C,C,A,A,H,-,D,D,0,NA,NA,NA,NA,Y,NA,A,01,0,0,1,0,0,0,0,0,0,-,-,33.86738967895508,-117.8791275024414,ORANGE,PLACENTIA,-117.87921905517578,33.86736297607422
90671473,2018,2018-02-28,9670,2018-02-19,1700,018867,NA,1,2,5,3024,0,1,3,NA,2,025,SR-22 W/B,HARBOR BLVD,200,W,N,B,-,Y,NA,NA,NA,NA,NA,NA,NA,NA,NA,Y,3,0,1,2,A,-,03,22350,NA,N,C,C,A,B,H,-,A,D,0,NA,NA,NA,NA,Y,NA,A,01,0,1,0,0,0,0,0,0,0,-,-,33.766990661621094,-117.92333984375,ORANGE,WESTMINSTER,-117.92106628417967,33.767677307128906
90672909,2018,2018-03-01,9675,2018-02-21,2225,020650,NA,3,3,7,3001,0,1,3,NA,2,093,SR-91 WESTBOUND,PLACENTIA AVE,60,E,N,A,-,Y,NA,NA,91,NA,NA,NA,NA,NA,W,Y,4,0,1,3,A,-,03,22350,NA,N,C,C,A,A,H,-,D,D,0,NA,NA,NA,NA,Y,NA,A,01,0,0,1,0,0,0,0,0,0,-,-,33.85377883911133,-117.8845672607422,ORANGE,ANAHEIM,-117.88457489013672,33.85376739501953
90674101,2018,2018-03-05,9675,2018-02-22,1918,021914,NA,4,2,6,3026,0,1,1,NA,2,406,I-405 NORTHBOUND,MACARTHUR BLVD,550,S,N,A,-,Y,NA,NA,405,NA,NA,NA,NA,NA,N,Y,4,0,1,4,A,-,03,22350,NA,N,C,C,A,A,H,-,C,D,0,NA,NA,NA,NA,Y,NA,A,07,0,0,1,0,0,0,0,0,0,-,-,33.6822395324707,-117.85518646240234,ORANGE,IRVINE,-117.8552474975586,33.6821174621582
90674310,2018,2018-03-05,9675,2018-02-21,1910,021749,NA,3,2,6,3015,0,1,3,NA,2,550,SR-55 N/B FROM LINCOLN AVE,LINCOLN AVE,40,N,N,A,-,Y,NA,NA,55,NA,NA,NA,R,NA,N,Y,4,0,3,2,A,-,03,22350,NA,N,C,C,A,A,H,-,C,A,0,NA,NA,NA,NA,Y,NA,A,01,0,0,3,0,0,0,0,0,0,-,-,33.83539962768555,-117.83509826660156,ORANGE,ORANGE,-117.83509826660156,33.83539962768555
90678615,2018,2018-03-09,9690,2018-02-25,1530,018479,NA,7,2,5,3040,0,1,1,NA,2,055,I-5 S/B (SAN DIEGO FRWY),LOS ALISOS BLVD.,300,N,N,A,-,Y,NA,NA,NA,NA,NA,NA,NA,NA,NA,Y,4,0,1,5,A,-,03,22350,NA,N,C,C,A,A,H,-,A,D,0,NA,NA,NA,NA,Y,NA,A,01,0,0,1,0,0,0,0,0,0,-,-,33.5643196105957,-117.60073852539063,ORANGE,LAGUNA NIGUEL,NA,NA
90678622,2018,2018-03-09,9690,2018-02-24,0647,019199,NA,6,1,5,3017,0,1,1,NA,2,059,I-5 S/B (SAN DIEGO FRWY),CAMINO DE ESTRELLA,528,N,N,A,-,Y,NA,NA,NA,NA,NA,NA,NA,NA,NA,Y,4,0,4,4,A,-,03,22350,NA,N,C,C,A,A,H,-,A,D,0,NA,NA,NA,NA,Y,NA,A,01,0,0,4,0,0,0,0,0,0,-,-,33.461830139160156,-117.66185760498048,ORANGE,SAN CLEMENTE,-117.65763854980467,33.4596061706543
90678653,2018,2018-03-09,9675,2018-03-03,0655,021224,NA,6,1,7,3001,0,1,3,NA,2,572,SR-57 NORTHBOUND,WAGNER AVE,250,N,N,B,-,Y,NA,NA,57,NA,NA,NA,NA,NA,N,N,4,0,1,2,A,-,07,21658,A,N,B,C,A,B,H,-,A,D,0,NA,NA,NA,NA,Y,NA,D,22,0,0,1,0,0,0,0,0,0,-,-,33.82606887817383,-117.87592315673828,ORANGE,ANAHEIM,-117.87598419189452,33.82606887817383
90679470,2018,2018-03-12,9675,2018-02-28,1700,021377,NA,3,2,7,3001,0,1,3,NA,2,094,SR-91 EASTBOUND,WEIR CYN RD,7500,W,N,A,-,Y,NA,NA,91,NA,NA,NA,NA,NA,E,Y,4,0,4,4,A,-,03,22350,NA,N,C,C,A,A,H,-,A,D,0,NA,NA,NA,NA,Y,NA,A,01,0,0,4,0,0,0,0,0,0,-,-,33.86444091796875,-117.76863098144533,ORANGE,ANAHEIM,-117.76862335205078,33.86442184448242
90680177,2018,2018-03-12,9675,2018-03-05,1705,021377,NA,1,2,6,3015,0,1,1,NA,2,502,I-5 NORTHBOUND,BROADWAY,800,N,N,A,-,Y,NA,NA,NA,NA,NA,NA,NA,NA,NA,Y,3,0,3,4,A,-,07,21658,A,N,B,C,A,A,H,-,A,D,0,NA,NA,NA,Y,Y,NA,G,25,0,2,1,0,0,0,0,0,0,-,-,33.773101806640625,-117.87094879150392,ORANGE,ORANGE,-117.93070220947266,33.83132553100586
90680390,2018,2018-03-12,9675,2018-03-01,1922,019942,NA,4,2,7,3019,0,1,3,NA,2,551,SR-55 SOUTHBOUND,17TH ST,150,S,N,A,-,Y,NA,NA,55,NA,NA,NA,NA,NA,S,Y,4,0,1,2,A,-,03,22350,NA,N,C,C,A,A,H,-,A,A,0,NA,NA,NA,NA,Y,NA,D,22,0,0,1,0,0,0,0,0,0,-,-,33.75836181640625,-117.83186340332033,ORANGE,SANTA ANA,-117.8313217163086,33.75831604003906
90681154,2018,2018-03-13,9670,2018-02-24,0215,021755,NA,6,3,5,3003,0,1,3,NA,2,092,SR-91 E/B,KNOTT AVE,528,W,N,A,-,Y,NA,NA,91,NA,NA,NA,NA,NA,E,Y,3,0,1,1,A,-,01,23152,A,N,E,I,A,A,H,-,C,D,0,NA,NA,NA,NA,Y,Y,A,01,0,1,0,0,0,0,0,0,0,-,-,33.85560989379883,-118.01335144042967,ORANGE,BUENA PARK,-118.01335144042967,33.855873107910156
90682630,2018,2018-03-15,9675,2018-03-08,1915,019938,NA,4,2,6,3004,0,1,3,NA,2,553,SR-55 NORTHBOUND,MESA DR,1162,N,N,A,-,Y,NA,NA,NA,NA,NA,NA,NA,NA,NA,Y,4,0,1,2,A,-,03,22350,NA,N,C,C,A,A,H,-,C,D,0,NA,NA,NA,NA,Y,NA,A,01,0,0,1,0,0,0,0,0,0,-,-,33.40631103515625,-117.53318786621094,ORANGE,COSTA MESA,-117.89222717285156,33.668365478515625
90683703,2018,2018-03-16,9675,2018-03-13,0735,019979,NA,2,1,6,3004,0,1,1,NA,2,405,I-405 SOUTHBOUND,FAIRVIEW RD,100,S,N,B,-,Y,NA,NA,405,NA,NA,NA,NA,NA,S,N,4,0,1,2,A,-,03,22350,NA,N,C,C,A,A,H,-,A,D,0,NA,NA,NA,NA,Y,NA,A,07,0,0,1,0,0,0,0,0,0,-,-,33.68775939941406,-117.90680694580078,ORANGE,COSTA MESA,-117.90681457519533,33.68770980834961
90683776,2018,2018-03-16,9675,2018-03-13,1555,018832,NA,2,2,7,3019,0,1,1,NA,2,502,I-5 N/B,MAIN ST,800,S,N,B,C,Y,NA,NA,5,NA,NA,NA,NA,NA,N,N,4,0,1,2,A,-,03,22350,NA,N,C,C,A,B,H,-,A,D,0,NA,NA,NA,NA,Y,NA,A,08,0,0,1,0,0,0,0,0,0,-,-,33.76525115966797,-117.86557006835938,ORANGE,SANTA ANA,-117.86571502685548,33.765167236328125
90684707,2018,2018-03-19,9670,2018-03-16,1800,021719,NA,5,2,4,3020,0,1,1,NA,2,044,I-405 N/B,SEAL BEACH BLVD,1000,S,N,A,-,Y,NA,NA,405,NA,NA,NA,NA,NA,N,Y,4,0,1,3,A,-,03,22350,NA,F,C,C,A,A,H,-,A,D,0,NA,NA,NA,NA,Y,NA,D,22,0,0,1,0,0,0,0,0,0,-,-,33.77455139160156,-118.07135009765624,ORANGE,SEAL BEACH,-118.07135009765624,33.774471282958984
90684728,2018,2018-03-19,9670,2018-03-16,1635,021719,NA,5,2,4,3020,0,1,1,NA,2,044,I-405 N/B,SEAL BEACH BLVD,500,S,N,A,-,Y,NA,NA,405,NA,NA,NA,NA,NA,N,Y,4,0,1,2,A,-,03,22350,NA,N,C,C,A,A,H,-,A,D,0,NA,NA,NA,NA,Y,NA,D,22,0,0,1,0,0,0,0,0,0,-,-,33.77457046508789,-118.07299041748048,ORANGE,SEAL BEACH,-118.07299041748048,33.77448272705078
90684896,2018,2018-03-19,9670,2018-03-16,0407,020860,NA,5,3,5,3003,0,1,3,NA,2,093,SR-91 W/B,KNOTT AVE,1320,E,N,A,-,Y,NA,NA,91,NA,NA,NA,NA,NA,W,N,4,0,1,1,C,-,18,NA,NA,N,E,J,A,A,H,-,D,D,0,NA,NA,NA,NA,Y,NA,-,-,0,0,1,0,0,0,0,0,0,-,-,33.85615921020508,-118.00650787353516,ORANGE,BUENA PARK,-118.00650787353516,33.856117248535156
90685189,2018,2018-03-20,9675,2018-03-17,1315,021984,NA,6,1,6,3004,0,1,1,NA,2,405,I-405 S/B TO SR-73 S/B,FAIRVIEW RD,900,S,N,A,-,Y,NA,NA,405,NA,NA,NA,R,NA,S,Y,4,0,1,1,A,-,08,22107,NA,N,F,A,A,A,H,-,A,D,0,NA,NA,NA,NA,Y,NA,A,01,0,0,1,0,0,0,0,0,0,-,-,33.687461853027344,-117.90454864501952,ORANGE,COSTA MESA,-117.90454864501952,33.687461853027344
90685203,2018,2020-02-18,9675,2018-03-18,0100,019018,NA,7,3,6,3026,0,1,1,NA,2,503,INTERSTATE 5 S/B (SAN DIEGO FREEWAY),CULVER DR,400,N,N,A,-,N,NA,NA,5,NA,NA,NA,NA,NA,S,Y,1,1,2,3,A,-,01,23152,A,N,C,E,E,A,H,-,C,D,0,Y,NA,NA,NA,Y,Y,A,01,0,2,0,1,0,0,0,0,0,-,-,33.71063995361328,-117.78331756591795,ORANGE,IRVINE,-117.78323364257813,33.710731506347656