CASE_ID,ACCIDENT_YEAR,PROC_DATE,JURIS,COLLISION_DATE,COLLISION_TIME,OFFICER_ID,REPORTING_DISTRICT,DAY_OF_WEEK,CHP_SHIFT,POPULATION,CNTY_CITY_LOC,SPECIAL_COND,BEAT_TYPE,CHP_BEAT_TYPE,CITY_DIVISION_LAPD,CHP_BEAT_CLASS,BEAT_NUMBER,PRIMARY_RD,SECONDARY_RD,DISTANCE,DIRECTION,INTERSECTION,WEATHER_1,WEATHER_2,STATE_HWY_IND,CALTRANS_COUNTY,CALTRANS_DISTRICT,STATE_ROUTE,ROUTE_SUFFIX,POSTMILE_PREFIX,POSTMILE,LOCATION_TYPE,RAMP_INTERSECTION,SIDE_OF_HWY,TOW_AWAY,COLLISION_SEVERITY,NUMBER_KILLED,NUMBER_INJURED,PARTY_COUNT,PRIMARY_COLL_FACTOR,PCF_CODE_OF_VIOL,PCF_VIOL_CATEGORY,PCF_VIOLATION,PCF_VIOL_SUBSECTION,HIT_AND_RUN,TYPE_OF_COLLISION,MVIW,PED_ACTION,ROAD_SURFACE,ROAD_COND_1,ROAD_COND_2,LIGHTING,CONTROL_DEVICE,CHP_ROAD_TYPE,PEDESTRIAN_ACCIDENT,BICYCLE_ACCIDENT,MOTORCYCLE_ACCIDENT,TRUCK_ACCIDENT,NOT_PRIVATE_PROPERTY,ALCOHOL_INVOLVED,STWD_VEHTYPE_AT_FAULT,CHP_VEHTYPE_AT_FAULT,COUNT_SEVERE_INJ,COUNT_VISIBLE_INJ,COUNT_COMPLAINT_PAIN,COUNT_PED_KILLED,COUNT_PED_INJURED,COUNT_BICYCLIST_KILLED,COUNT_BICYCLIST_INJURED,COUNT_MC_KILLED,COUNT_MC_INJURED,PRIMARY_RAMP,SECONDARY_RAMP,LATITUDE,LONGITUDE,COUNTY,CITY,POINT_X,POINT_Y
91292979,2020,2020-08-26,9670,2020-08-20,1259,019138,NA,4,1,5,3007,0,1,1,NA,2,041,I-405 SB (SAN DIEGO FREEWAY),WARNER AVE,2000,S,N,A,-,Y,NA,NA,405,NA,NA,NA,NA,NA,S,Y,4,0,1,3,A,-,03,22350,NA,N,D,C,A,A,D,-,A,D,0,NA,NA,NA,NA,Y,NA,A,01,0,0,1,0,0,0,0,0,0,-,-,33.71417999267578,-117.96515655517578,ORANGE,FOUNTAIN VALLEY,-117.96517181396484,33.71416473388672
91295484,2020,2020-08-28,9675,2020-08-21,0540,020027,NA,5,3,6,3004,0,1,3,NA,2,553,SR-55 SOUTHBOUND,I-405 SOUTHBOUND,350,S,N,B,-,Y,NA,NA,55,NA,NA,NA,NA,NA,S,Y,4,0,1,2,A,-,08,22107,NA,N,C,C,A,A,H,-,B,D,0,NA,NA,NA,NA,Y,NA,A,01,0,0,1,0,0,0,0,0,0,-,-,33.68598175048828,-117.87387847900392,ORANGE,COSTA MESA,-117.87372589111328,33.68583679199219
91296475,2020,2020-08-31,9690,2020-08-24,0445,017988,NA,1,3,5,3017,0,1,1,NA,2,059,I-5 N/B (SAN DIEGO FRWY),AVENIDA PICO,500,N,N,A,-,Y,NA,NA,5,NA,NA,NA,NA,NA,N,N,4,0,1,2,A,-,07,21658,A,M,B,C,A,A,H,-,C,D,0,NA,NA,NA,NA,Y,NA,A,01,0,0,1,0,0,0,0,0,0,-,-,33.441158294677734,-117.62596893310548,ORANGE,SAN CLEMENTE,-117.6260223388672,33.441078186035156
91300566,2020,2020-09-08,9670,2020-09-05,0520,018757,NA,6,3,4,3020,0,1,1,NA,2,044,I-405 N/B,SEAL BEACH BLVD,5280,N,N,A,-,Y,NA,NA,405,NA,NA,NA,NA,NA,N,Y,4,0,1,2,A,-,03,22350,NA,N,C,C,A,A,D,E,D,D,0,NA,NA,NA,NA,Y,NA,D,22,0,0,1,0,0,0,0,0,0,-,-,33.77539825439453,-118.08679962158205,ORANGE,SEAL BEACH,-118.08681488037108,33.77537536621094
91303912,2020,2020-09-14,9675,2020-09-12,1720,021982,NA,6,2,7,3019,0,1,1,NA,2,502,I-5 N/B,MAIN ST,500,S,N,A,-,Y,NA,NA,5,NA,NA,NA,NA,NA,N,Y,4,0,2,3,A,-,03,22350,NA,N,C,C,A,A,H,-,A,D,0,NA,NA,NA,NA,Y,NA,A,01,0,0,2,0,0,0,0,0,0,-,-,33.765140533447266,-117.8656997680664,ORANGE,SANTA ANA,-117.8656997680664,33.765140533447266
91305366,2020,2020-09-16,9675,2020-09-15,1045,016299,NA,2,1,7,3001,0,1,3,NA,2,095,STATE ROUTE 91 WESTBOUND,GYPSUM CANYON ROAD,1500,W,N,A,-,Y,NA,NA,91,NA,NA,NA,NA,NA,W,Y,4,0,1,1,A,-,08,22107,NA,N,E,I,A,A,H,-,A,D,0,NA,NA,NA,NA,Y,NA,A,01,0,0,1,0,0,0,0,0,0,-,-,33.86677169799805,-117.71791076660156,ORANGE,ANAHEIM,-117.71791839599608,33.86667251586914
91306411,2020,2020-11-17,9675,2020-09-13,0432,020694,NA,7,3,9,3000,0,1,3,NA,2,570,SR-57 S/B,LAMBERT RD,2640,N,N,B,-,Y,NA,NA,NA,NA,NA,NA,NA,NA,NA,Y,4,0,1,2,A,-,03,22350,NA,N,D,C,A,A,H,-,C,D,0,NA,NA,NA,NA,Y,NA,A,01,0,0,1,0,0,0,0,0,0,-,-,33.93341827392578,-117.87901306152344,ORANGE,UNINCORPORATED,NA,NA
91307905,2020,2020-09-21,9670,2020-09-18,1650,021459,NA,5,2,7,3001,0,1,3,NA,2,093,SR-91 W/B,ACACIA ST,100,W,N,A,-,Y,NA,NA,91,NA,NA,NA,NA,NA,W,N,4,0,1,2,A,-,03,22350,NA,N,C,C,A,A,H,-,A,D,0,NA,NA,NA,NA,Y,NA,A,01,0,0,1,0,0,0,0,0,0,-,-,33.854000091552734,-117.89839935302734,ORANGE,ANAHEIM,-117.89839935302734,33.854034423828125
91308057,2020,2020-09-21,9690,2020-09-18,1855,021875,NA,5,2,4,3045,0,1,1,NA,2,055,I-5 S/B (SAN DIEGO FRWY),LAKE FOREST DR,2640,S,N,A,-,Y,NA,NA,5,NA,NA,NA,NA,NA,S,Y,4,0,2,2,A,-,03,22350,NA,N,C,C,A,A,H,-,D,D,0,NA,NA,NA,NA,Y,NA,A,01,0,0,2,0,0,0,0,0,0,-,-,33.62236022949219,-117.71527099609376,ORANGE,LAGUNA HILLS,-117.71527862548828,33.62234878540039
91308199,2020,2020-09-21,9675,2020-09-13,1305,016748,NA,7,1,7,3001,0,1,3,NA,2,071,SR-57 S/B TO SR-91 W/B HOV CONNECTOR RD,SR-91 WESTBOUND,160,N,N,A,-,Y,NA,NA,NA,NA,NA,NA,NA,NA,NA,Y,2,0,1,1,A,-,03,22350,NA,N,E,I,A,A,H,-,A,D,0,NA,NA,Y,NA,Y,NA,C,02,1,0,0,0,0,0,0,0,1,-,-,33.51034164428711,-117.52365112304688,ORANGE,ANAHEIM,-117.8759536743164,33.849918365478516
9130935,2020,2020-10-03,3000,2020-07-28,1600,4601,927A6,2,5,4,3029,0,0,0,NA,0,638,DOHENY PARK RD,LAS VEGAS,0,NA,Y,A,-,N,NA,NA,NA,NA,NA,NA,NA,NA,NA,Y,4,0,2,2,A,-,12,21453,A,N,D,C,A,A,H,-,A,A,0,NA,NA,NA,NA,Y,NA,A,01,0,0,2,0,0,0,0,0,0,-,-,NA,NA,ORANGE,DANA POINT,-117.67864227294922,33.46485900878906
9130962,2020,2020-10-28,3026,2020-07-10,2143,565,NA,5,5,6,3026,0,0,0,NA,0,00U,MCGAW AV,VON VARMAN,630,E,N,A,-,N,NA,NA,NA,NA,NA,NA,NA,NA,NA,Y,4,0,1,2,A,-,09,21801,A,N,D,C,A,A,H,-,C,A,0,NA,NA,Y,NA,Y,NA,A,01,0,0,1,0,0,0,0,0,1,-,-,NA,NA,ORANGE,IRVINE,-117.839865,33.689203
91313052,2020,2020-09-28,9675,2020-09-24,1135,020627,NA,4,1,4,3002,0,1,3,NA,2,570,SR-57 S/B FROM IMPERIAL HIGHWAY E/B,IMPERIAL HIGHWAY,500,S,N,A,-,Y,NA,NA,NA,NA,NA,NA,NA,NA,NA,N,4,0,1,2,A,-,03,22350,NA,N,C,C,A,A,H,-,A,A,0,NA,NA,NA,NA,Y,NA,A,01,0,0,1,0,0,0,0,0,0,-,-,33.54336929321289,-117.5311279296875,ORANGE,BREA,-117.88339233398438,33.909481048583984
91314043,2020,2020-09-29,9675,2020-09-23,0750,020027,NA,3,1,5,3022,0,1,1,NA,2,503,I-5 NORTHBOUND,SR-55 NORTHBOUND,1000,S,N,A,-,Y,NA,NA,5,NA,NA,NA,NA,NA,N,N,4,0,2,3,A,-,03,22350,NA,N,C,C,A,A,H,-,A,D,0,NA,NA,NA,NA,Y,NA,A,01,0,0,2,0,0,0,0,0,0,-,-,33.73957824707031,-117.8302993774414,ORANGE,TUSTIN,-117.83031463623048,33.73953628540039
9131527,2020,2020-10-01,3009,2020-07-11,2055,4432,153,6,5,6,3009,0,0,0,NA,0,022,CHAPMAN AV,SOMERSET PL,18,E,N,A,-,N,NA,NA,NA,NA,NA,NA,NA,NA,NA,Y,2,0,2,2,A,-,03,22350,NA,N,C,C,A,A,H,-,C,A,0,NA,NA,NA,NA,Y,NA,D,22,1,0,1,0,0,0,0,0,0,-,-,NA,NA,ORANGE,GARDEN GROVE,-117.91043090820313,33.78892135620117
9131619,2020,2020-09-30,3010,2020-07-18,1209,1015,451,6,5,6,3010,0,0,0,NA,0,004,7TH AV,ORANGE AV,0,NA,Y,A,-,N,NA,NA,NA,NA,NA,NA,NA,NA,NA,Y,3,0,1,2,A,-,09,21802,A,N,D,D,A,A,H,-,A,D,0,NA,NA,NA,NA,Y,NA,A,01,0,1,0,0,0,0,0,0,0,-,-,NA,NA,ORANGE,HUNTINGTON BEACH,-118.00174713134766,33.66147994995117
91318732,2020,2020-10-06,9675,2020-10-05,0750,017773,NA,1,1,6,3026,0,1,1,NA,2,406,I-405 S/B,CULVER DR,1300,N,N,B,-,Y,NA,NA,405,NA,NA,NA,NA,NA,S,Y,4,0,1,3,C,-,18,NA,NA,N,B,C,A,A,H,-,A,D,0,NA,NA,NA,NA,Y,NA,-,-,0,0,1,0,0,0,0,0,0,-,-,33.670799255371094,-117.82700347900392,ORANGE,IRVINE,-117.82701873779295,33.67074966430664
91320028,2020,2020-10-08,9675,2020-09-30,0055,018983,NA,3,3,9,3000,0,2,4,NA,2,020,NEWPORT BOULEVARD S/B,HIGHCLIFF,80,S,N,A,-,N,NA,NA,NA,NA,NA,NA,NA,NA,NA,Y,3,0,1,1,A,-,01,23152,A,N,E,I,A,A,H,-,C,D,0,NA,NA,NA,NA,Y,Y,A,01,0,1,0,0,0,0,0,0,0,-,-,33.78147888183594,-117.77552032470705,ORANGE,UNINCORPORATED,-117.7754135131836,33.781402587890625
91320710,2020,2020-10-09,9690,2020-10-06,1915,016493,NA,2,2,4,3045,0,1,1,NA,2,055,I-5 S/B (SAN DIEGO FRWY),AVENIDA DE LA CARLOTA,500,N,N,A,-,Y,NA,NA,5,NA,NA,NA,NA,NA,S,Y,4,0,1,2,A,-,03,22350,NA,N,C,C,A,A,H,-,C,D,0,NA,NA,NA,NA,Y,NA,A,01,0,0,1,0,0,0,0,0,0,-,-,33.617061614990234,-117.71073150634766,ORANGE,LAGUNA HILLS,-117.71057891845705,33.61720275878906
9132118,2020,2020-09-14,3008,2020-06-24,1928,1560,ZONE1,3,5,6,3008,0,0,0,NA,0,NA,NORTHAM DR,THATCHER ST,28,W,N,A,-,N,NA,NA,NA,NA,NA,NA,NA,NA,NA,NA,3,0,2,3,A,-,10,21950,A,N,G,B,D,A,H,-,A,D,0,Y,NA,NA,NA,Y,NA,A,01,0,1,1,0,2,0,0,0,0,-,-,NA,NA,ORANGE,FULLERTON,-117.96052551269533,33.88599395751953
91322231,2020,2020-10-12,9690,2020-10-09,1707,019089,NA,5,2,4,3029,0,1,1,NA,2,058,I-5 N/B (SAN DIEGO FRWY),VIA CALIFORNIA,50,S,N,A,-,Y,NA,NA,5,NA,NA,NA,NA,NA,N,Y,3,0,3,2,A,-,03,22350,NA,N,B,C,A,A,H,-,A,D,0,NA,NA,NA,NA,Y,NA,A,07,0,2,1,0,0,0,0,0,0,-,-,33.4656982421875,-117.66734313964844,ORANGE,DANA POINT,-117.66733551025392,33.465702056884766
9132320,2020,2020-09-25,3003,2020-07-27,1444,1200,NA,1,5,5,3003,0,0,0,NA,0,005,BALLR D,VALLEY VIEW ST,25,E,N,A,-,N,NA,NA,NA,NA,NA,NA,NA,NA,NA,Y,4,0,1,1,A,-,08,22107,NA,N,E,I,A,A,H,-,A,A,0,NA,NA,NA,NA,Y,NA,A,07,0,0,1,0,0,0,0,0,0,-,-,33.816898345947266,-118.0280990600586,ORANGE,BUENA PARK,-118.02823638916016,33.8170280456543
91325427,2020,2020-10-16,9675,2020-10-14,2220,018924,NA,3,3,6,3004,0,1,1,NA,2,405,I-405 S/B TO FAIRVIEW RD,FAIRVIEW RD,250,N,N,A,-,Y,NA,NA,405,NA,NA,NA,R,NA,S,Y,3,0,1,2,A,-,03,22350,NA,N,C,C,A,A,H,-,C,A,0,NA,NA,NA,NA,Y,NA,A,01,0,1,0,0,0,0,0,0,0,-,-,33.687469482421875,-117.90911865234376,ORANGE,COSTA MESA,-117.90911865234376,33.687469482421875
9132651,2020,2020-10-06,3003,2020-07-16,1306,1093,NA,4,5,5,3003,0,0,0,NA,0,NA,STANTON AV,ORANGETHORPE AV,0,NA,Y,A,-,N,NA,NA,NA,NA,NA,NA,NA,NA,NA,Y,4,0,1,2,A,-,12,21453,A,N,D,C,A,A,H,-,A,A,0,NA,NA,NA,NA,Y,NA,A,01,0,0,1,0,0,0,0,0,0,-,-,33.85900115966797,-117.993896484375,ORANGE,BUENA PARK,-117.99375152587892,33.859031677246094
9132903,2020,2020-09-08,3015,2020-07-23,1353,1507,RD11,4,5,6,3015,0,0,0,NA,0,721M,STATE COLLEGE BL,ANAHEIM WY,0,NA,Y,A,-,N,NA,NA,NA,NA,NA,NA,NA,NA,NA,Y,4,0,2,2,A,-,12,21453,NA,N,D,C,A,A,H,-,A,A,0,NA,NA,NA,NA,Y,NA,A,01,0,0,2,0,0,0,0,0,0,-,-,NA,NA,ORANGE,ORANGE,-117.8899383544922,33.79267120361328
91330555,2020,2020-10-23,9690,2020-10-13,1408,019174,NA,2,2,5,3028,0,1,1,NA,2,056,I-5 S/B (SAN DIEGO FRWY),CROWN VALLEY PKWY,800,N,N,A,-,Y,NA,NA,NA,NA,NA,NA,NA,NA,NA,Y,3,0,1,2,A,-,03,22350,NA,N,C,C,A,A,H,-,A,D,0,NA,NA,NA,NA,Y,NA,A,01,0,1,0,0,0,0,0,0,0,-,-,33.33449935913086,-117.40219879150392,ORANGE,MISSION VIEJO,-117.67299652099608,33.561458587646484
91331231,2020,2020-10-26,9690,2020-10-21,2218,021991,NA,3,3,9,3000,0,2,4,NA,2,037,LIVE OAK CANYON ROAD,TRABUCO CREEK ROAD,1000,N,N,A,-,N,NA,NA,NA,NA,NA,NA,NA,NA,NA,Y,4,0,2,1,A,-,03,22350,NA,N,E,I,A,A,H,-,D,D,0,NA,NA,NA,NA,Y,NA,A,01,0,0,2,0,0,0,0,0,0,-,-,33.65576934814453,-117.60050201416016,ORANGE,UNINCORPORATED,-117.60050201416016,33.65576934814453
91334159,2020,2020-10-29,9675,2020-10-23,1455,020033,NA,5,2,6,3015,0,1,3,NA,2,572,SR-57 N/B (ORANGE FREEWAY),ORANGEWOOD AVE,40,S,N,A,-,Y,NA,NA,57,NA,NA,NA,NA,NA,N,Y,4,0,1,2,A,-,07,21658,A,N,C,C,A,A,H,-,A,D,0,NA,NA,NA,NA,Y,NA,A,01,0,0,1,0,0,0,0,0,0,-,-,33.79512023925781,-117.87792205810548,ORANGE,ORANGE,-117.87800598144533,33.79515075683594
9133431,2020,2020-09-14,3000,2020-06-11,1908,2153,891E7,4,5,3,3051,0,0,0,NA,0,180,MOULTON PKWY,GATE 16,510,N,N,A,-,N,NA,NA,NA,NA,NA,NA,NA,NA,NA,Y,4,0,2,2,A,-,03,22350,NA,F,C,C,A,A,H,-,B,A,0,NA,NA,NA,NA,Y,NA,A,01,0,0,2,0,0,0,0,0,0,-,-,NA,NA,ORANGE,LAGUNA WOODS,NA,NA
91335569,2020,2020-10-30,9675,2020-10-23,1545,022023,NA,5,2,7,3019,0,1,1,NA,2,502,I-5 S/B FROM MAIN ST.,MAIN ST.,50,S,N,A,-,Y,NA,NA,5,NA,NA,NA,R,NA,S,Y,4,0,2,2,A,-,03,22350,NA,N,C,C,A,A,H,-,A,A,0,NA,NA,NA,NA,Y,NA,A,01,0,0,2,0,0,0,0,0,0,-,-,33.76478958129883,-117.8662567138672,ORANGE,SANTA ANA,-117.8662567138672,33.76478958129883
91337730,2020,2020-11-03,9670,2020-10-29,1325,020860,NA,4,1,5,3007,0,1,1,NA,2,040,I-405 N/B,TALBERT AVE,500,S,N,A,-,Y,NA,NA,405,NA,NA,NA,NA,NA,N,N,3,0,1,2,A,-,08,22107,NA,N,B,C,A,A,E,-,A,D,0,NA,NA,NA,NA,Y,NA,A,01,0,1,0,0,0,0,0,0,0,-,-,33.70083999633789,-117.94730377197266,ORANGE,FOUNTAIN VALLEY,-117.94728088378906,33.70088577270508
91338655,2020,2020-11-03,9675,2020-10-25,1951,021274,NA,7,2,4,3002,0,1,3,NA,2,570,STATE ROUTE 57 S/B,TONNER CYN RD,890,N,N,A,-,Y,NA,NA,57,NA,NA,NA,NA,NA,S,Y,3,0,1,3,A,-,01,23152,A,N,C,C,A,A,H,-,C,D,0,NA,NA,NA,NA,Y,Y,A,01,0,1,0,0,0,0,0,0,0,-,-,33.94068145751953,-117.87561798095705,ORANGE,BREA,-117.87565612792967,33.94072723388672
91339872,2020,2020-11-05,9670,2020-10-29,2032,019304,NA,4,2,5,3003,0,1,3,NA,2,092,SR-91 E/B,I-5,1320,W,N,A,-,Y,NA,NA,91,NA,NA,NA,NA,NA,E,Y,4,0,4,2,A,-,03,22350,NA,N,C,C,A,A,H,-,C,D,0,NA,NA,NA,NA,Y,NA,A,01,0,0,4,0,0,0,0,0,0,-,-,33.85606002807617,-117.98211669921876,ORANGE,BUENA PARK,-117.98214721679688,33.856422424316406
91340204,2020,2020-11-05,9670,2020-10-29,0735,014558,NA,4,1,6,3009,0,1,3,NA,2,025,SR-22 W/B,HARBOR BLVD,100,W,N,A,-,Y,NA,NA,22,NA,NA,NA,NA,NA,W,Y,4,0,1,2,A,-,03,22350,NA,N,C,C,A,A,B,-,A,D,0,NA,NA,NA,NA,Y,NA,A,01,0,0,1,0,0,0,0,0,0,-,-,33.76778030395508,-117.92070770263672,ORANGE,GARDEN GROVE,-117.92070770263672,33.76777648925781
91341425,2020,2020-11-09,9690,2020-10-30,0002,022237,NA,5,3,4,3029,0,1,1,NA,2,059,INTERSTATE 5 NORTHBOUND,VIA CALIFORNIA,250,S,N,A,-,Y,NA,NA,5,NA,NA,NA,NA,NA,N,N,3,0,1,2,A,-,01,23152,A,N,C,C,A,A,D,-,C,D,0,NA,NA,Y,NA,Y,Y,C,02,0,1,0,0,0,0,0,0,1,-,-,33.46527862548828,-117.66680145263672,ORANGE,DANA POINT,-117.66677856445313,33.465309143066406
91341968,2020,2020-11-09,9690,2020-11-03,0520,021924,NA,2,3,9,3000,0,1,3,NA,1,074,SR 74 E/B (ORTEGA HWY),NICHOLS INSTITUTE,4752,E,N,A,-,Y,NA,NA,74,NA,NA,NA,NA,NA,E,Y,3,0,1,1,A,-,08,22107,NA,N,F,J,A,A,H,-,D,D,0,NA,NA,NA,NA,Y,NA,D,22,0,1,0,0,0,0,0,0,0,-,-,33.57508087158203,-117.53997039794922,ORANGE,UNINCORPORATED,-117.53997039794922,33.575077056884766
9134264,2020,2020-09-23,3001,2020-07-23,1246,A1740,NA,4,5,7,3001,0,0,0,NA,0,0D2,ANAHEIM,WARD TER,0,NA,Y,A,-,N,NA,NA,NA,NA,NA,NA,NA,NA,NA,N,4,0,2,3,A,-,01,23152,A,N,C,C,A,A,H,-,A,D,0,NA,NA,NA,Y,Y,Y,A,07,0,0,2,0,0,0,0,0,0,-,-,33.838348388671875,-117.88023376464844,ORANGE,ANAHEIM,NA,NA
91343834,2020,2020-11-12,9690,2020-11-02,1735,012712,NA,1,2,5,3017,0,1,1,NA,2,059,I-5 S/B (SAN DIEGO FRWY),AVENIDA PALIZADA,1300,N,N,A,-,Y,NA,NA,5,NA,NA,NA,NA,NA,S,Y,2,0,2,3,A,-,03,22350,NA,N,C,C,A,A,H,-,D,D,0,NA,NA,NA,NA,Y,NA,A,01,1,1,0,0,0,0,0,0,0,-,-,33.43370819091797,-117.61681365966795,ORANGE,SAN CLEMENTE,-117.61676025390624,33.43374252319336
91343937,2020,2020-11-12,9670,2020-11-04,0715,018664,NA,3,1,5,3007,0,1,1,NA,2,040,I-405 S/B,EUCLID ST,2640,N,N,A,-,Y,NA,NA,405,NA,NA,NA,NA,NA,S,Y,4,0,2,2,A,-,03,22350,NA,N,C,C,A,A,H,-,A,A,0,NA,NA,NA,NA,Y,NA,A,07,0,0,2,0,0,0,0,0,0,-,-,33.69738006591797,-117.93901824951172,ORANGE,FOUNTAIN VALLEY,-117.93910980224608,33.69716262817383
91344223,2020,2020-11-12,9675,2020-11-07,0815,019979,NA,6,1,6,3026,0,1,1,NA,2,504,I-5 NORTHBOUND,SAND CANYON AVE,700,S,N,B,C,Y,NA,NA,5,NA,NA,NA,NA,NA,N,Y,4,0,1,2,A,-,03,22350,NA,N,B,C,A,B,H,-,A,D,0,NA,NA,NA,NA,Y,NA,D,22,0,0,1,0,0,0,0,0,0,-,-,33.67667007446289,-117.75700378417967,ORANGE,IRVINE,-117.7570343017578,33.67664337158203
91345555,2020,2020-11-16,9670,2020-11-10,1620,021242,NA,2,2,7,3001,0,1,3,NA,2,093,SR-91 E/B,EUCLID ST,1056,E,N,A,-,Y,NA,NA,91,NA,NA,NA,NA,NA,E,N,4,0,1,2,A,-,03,22350,NA,N,C,C,A,A,H,-,A,D,0,NA,NA,NA,NA,Y,NA,A,01,0,0,1,0,0,0,0,0,0,-,-,33.85401916503906,-117.93929290771484,ORANGE,ANAHEIM,-117.93929290771484,33.85408401489258
9134752,2020,2020-10-06,3001,2020-08-02,1501,A2382,NA,7,5,7,3001,0,0,0,NA,0,D-3,SOUTH ANAHEIM BL,DISNEY WY,279,S,N,A,-,N,NA,NA,NA,NA,NA,NA,NA,NA,NA,NA,3,0,1,2,B,-,22,NA,NA,N,D,G,A,A,H,-,A,D,0,NA,Y,NA,NA,Y,NA,L,04,0,1,0,0,0,0,1,0,0,-,-,33.80595016479492,-117.90647888183594,ORANGE,ANAHEIM,-117.90659332275392,33.805110931396484
9134803,2020,2020-09-03,3007,2020-06-17,1720,280,28,3,5,5,3007,0,0,0,NA,0,002,EDINGER,IRIS,436,W,N,A,-,N,NA,NA,NA,NA,NA,NA,NA,NA,NA,Y,4,0,1,3,A,-,03,22350,NA,N,C,C,A,-,H,-,A,D,0,NA,NA,NA,NA,Y,NA,D,22,0,0,1,0,0,0,0,0,0,-,-,NA,NA,ORANGE,FOUNTAIN VALLEY,-117.92396545410156,33.72871780395508
91348752,2020,2020-11-19,9675,2020-11-17,1330,018834,NA,2,1,5,3022,0,1,3,NA,2,551,SR-55 NORTHBOUND,17TH ST,1150,S,N,A,-,Y,NA,NA,55,NA,NA,NA,NA,NA,N,Y,4,0,2,3,A,-,03,22350,NA,N,C,C,A,A,H,-,A,D,0,NA,NA,NA,Y,Y,NA,F,26,0,0,2,0,0,0,0,0,0,-,-,33.755611419677734,-117.83119964599608,ORANGE,TUSTIN,-117.8312759399414,33.755615234375
91350190,2020,2020-11-20,9675,2020-07-11,0928,019942,NA,6,1,6,3026,0,1,1,NA,2,406,INTERSTATE 405 N/B FROM JEFFREY ROAD,JEFFREY RD,23,N,N,A,-,Y,NA,NA,405,NA,NA,NA,R,NA,N,Y,1,1,0,2,A,-,08,22107,NA,N,D,G,A,A,H,-,A,D,0,NA,Y,NA,NA,Y,NA,L,04,0,0,0,0,0,1,0,0,0,-,-,33.6650390625,-117.79351043701172,ORANGE,IRVINE,-117.79351043701172,33.6650390625
91352970,2020,2020-11-24,9675,2020-11-18,1541,018714,NA,3,2,6,3004,0,1,1,NA,2,405,I-405 S/B TO SR-73 S/B,FAIRVIEW RD,1140,S,N,A,-,Y,NA,NA,NA,NA,NA,NA,NA,NA,NA,Y,4,0,1,2,A,-,07,21658,A,F,B,C,A,A,H,-,A,D,0,NA,NA,NA,NA,Y,NA,-,99,0,0,1,0,0,0,0,0,0,-,-,33.411399841308594,-117.54129791259766,ORANGE,COSTA MESA,-117.90794372558594,33.687721252441406
91353029,2020,2020-11-24,9690,2020-11-23,1800,014765,NA,1,2,5,3028,0,1,1,NA,2,056,I-5 S/B (SAN DIEGO FRWY),CROWN VALLEY PARKWAY,2112,N,N,A,-,Y,NA,NA,NA,NA,NA,NA,NA,NA,NA,N,4,0,1,2,A,-,03,22350,NA,N,C,C,A,A,H,-,D,D,0,NA,NA,NA,NA,Y,NA,A,08,0,0,1,0,0,0,0,0,0,-,-,33.335411071777344,-117.40215301513672,ORANGE,MISSION VIEJO,-117.67254638671876,33.565032958984375
91353031,2020,2020-11-24,9675,2020-11-19,0815,019979,NA,4,1,9,3000,0,2,4,NA,2,020,NEWPORT AVE. S/B,LA LOMA DR.,20,E,N,B,-,N,NA,NA,NA,NA,NA,NA,NA,NA,NA,Y,3,0,2,2,A,-,03,22350,NA,N,C,C,A,A,H,-,A,A,0,NA,NA,NA,NA,Y,NA,A,01,0,1,1,0,0,0,0,0,0,-,-,33.76390838623047,-117.79773712158205,ORANGE,UNINCORPORATED,-117.79773712158205,33.76378631591797
91353034,2020,2020-11-24,9690,2020-11-23,1530,016493,NA,1,2,4,3045,0,1,1,NA,2,055,I-5 S/B (SAN DIEGO FRWY),EL TORO RD,1200,S,N,A,-,Y,NA,NA,5,NA,NA,NA,NA,NA,S,Y,4,0,1,2,A,-,03,22350,NA,N,C,C,A,A,H,-,A,D,0,NA,NA,NA,NA,Y,NA,D,22,0,0,1,0,0,0,0,0,0,-,-,33.611629486083984,-117.70449066162108,ORANGE,LAGUNA HILLS,-117.7043914794922,33.61174774169922
91354393,2020,2020-11-26,9675,2020-11-25,0635,016299,NA,3,1,7,3001,0,1,3,NA,2,093,STATE ROUTE 91 WESTBOUND,LAKEVIEW AVENUE,1056,W,N,A,-,Y,NA,NA,91,NA,NA,NA,NA,NA,W,Y,4,0,2,2,A,-,03,22350,NA,N,C,C,A,A,H,-,A,D,0,NA,NA,NA,NA,Y,NA,D,22,0,0,2,0,0,0,0,0,0,-,-,33.848751068115234,-117.81713104248048,ORANGE,ANAHEIM,-117.81710815429688,33.84872817993164