CASE_ID,ACCIDENT_YEAR,PROC_DATE,JURIS,COLLISION_DATE,COLLISION_TIME,OFFICER_ID,REPORTING_DISTRICT,DAY_OF_WEEK,CHP_SHIFT,POPULATION,CNTY_CITY_LOC,SPECIAL_COND,BEAT_TYPE,CHP_BEAT_TYPE,CITY_DIVISION_LAPD,CHP_BEAT_CLASS,BEAT_NUMBER,PRIMARY_RD,SECONDARY_RD,DISTANCE,DIRECTION,INTERSECTION,WEATHER_1,WEATHER_2,STATE_HWY_IND,CALTRANS_COUNTY,CALTRANS_DISTRICT,STATE_ROUTE,ROUTE_SUFFIX,POSTMILE_PREFIX,POSTMILE,LOCATION_TYPE,RAMP_INTERSECTION,SIDE_OF_HWY,TOW_AWAY,COLLISION_SEVERITY,NUMBER_KILLED,NUMBER_INJURED,PARTY_COUNT,PRIMARY_COLL_FACTOR,PCF_CODE_OF_VIOL,PCF_VIOL_CATEGORY,PCF_VIOLATION,PCF_VIOL_SUBSECTION,HIT_AND_RUN,TYPE_OF_COLLISION,MVIW,PED_ACTION,ROAD_SURFACE,ROAD_COND_1,ROAD_COND_2,LIGHTING,CONTROL_DEVICE,CHP_ROAD_TYPE,PEDESTRIAN_ACCIDENT,BICYCLE_ACCIDENT,MOTORCYCLE_ACCIDENT,TRUCK_ACCIDENT,NOT_PRIVATE_PROPERTY,ALCOHOL_INVOLVED,STWD_VEHTYPE_AT_FAULT,CHP_VEHTYPE_AT_FAULT,COUNT_SEVERE_INJ,COUNT_VISIBLE_INJ,COUNT_COMPLAINT_PAIN,COUNT_PED_KILLED,COUNT_PED_INJURED,COUNT_BICYCLIST_KILLED,COUNT_BICYCLIST_INJURED,COUNT_MC_KILLED,COUNT_MC_INJURED,PRIMARY_RAMP,SECONDARY_RAMP,LATITUDE,LONGITUDE,COUNTY,CITY,POINT_X,POINT_Y
9586246,2023,2023-05-18,3000,2023-04-25,604,8737,892E2,2,5,5,3028,0,0,0,NA,0,058,MARGUERITE PKWY,MUSTANG RUN,0,NA,Y,B,-,N,NA,NA,NA,NA,NA,NA,NA,NA,NA,Y,3,0,1,2,A,-,09,21453,C,N,D,C,A,A,H,-,B,A,0,NA,NA,NA,NA,Y,NA,A,01,0,1,0,0,0,0,0,0,0,-,-,33.65024948120117,-117.64463806152344,ORANGE,MISSION VIEJO,-117.6446533203125,33.650062561035156
9586964,2023,2023-08-15,3000,2023-07-10,1355,11797,992G3,1,5,5,3017,0,0,0,NA,0,777,AVENIDA VISTA HERMOSA,SAN CLEMENTE,0,NA,Y,A,-,N,NA,NA,NA,NA,NA,NA,NA,NA,NA,Y,3,0,1,2,A,-,12,21453,A,N,A,C,A,A,H,-,A,A,0,NA,NA,NA,NA,Y,NA,A,01,0,1,0,0,0,0,0,0,0,-,-,NA,NA,ORANGE,SAN CLEMENTE,NA,NA
9586989,2023,2023-08-14,3009,2023-07-23,1507,4739,096,7,5,6,3009,0,0,0,NA,0,001,WESTMINSTER AV,DEODORA DR,0,NA,Y,B,-,N,NA,NA,NA,NA,NA,NA,NA,NA,NA,Y,3,0,1,2,A,-,09,21801,A,N,A,C,A,A,H,-,A,A,0,NA,NA,NA,NA,Y,NA,A,07,0,1,0,0,0,0,0,0,0,-,-,NA,NA,ORANGE,GARDEN GROVE,-117.96578979492188,33.75946044921875
9587151,2023,2023-08-24,3003,2023-08-01,1442,1264,NA,2,5,5,3003,0,0,0,NA,0,004,WESTERN AV,EL CERRO DR,0,NA,Y,A,-,N,NA,NA,NA,NA,NA,NA,NA,NA,NA,Y,4,0,1,2,A,-,09,21804,A,N,D,C,A,A,H,-,A,D,0,NA,NA,NA,NA,Y,NA,A,01,0,0,1,0,0,0,0,0,0,-,-,33.85525894165039,-118.00234985351563,ORANGE,BUENA PARK,-118.00244140625,33.8553352355957
9587677,2023,2023-06-08,3009,2023-05-17,800,4655,146,3,5,6,3009,0,0,0,NA,0,023,WESTMINSTER AV,CLINTON ST,49,E,N,A,-,N,NA,NA,NA,NA,NA,NA,NA,NA,NA,N,3,0,1,2,A,-,03,22350,NA,M,C,C,A,A,H,-,A,A,0,NA,NA,NA,NA,Y,NA,A,01,0,1,0,0,0,0,0,0,0,-,-,NA,NA,ORANGE,GARDEN GROVE,-117.911376953125,33.75978088378906
9591032,2023,2023-07-19,3004,2023-06-29,1645,P669,12,4,5,6,3004,0,0,0,NA,0,015,SANTA ANA AV,CYNTHIA CT,21,N,N,A,-,N,NA,NA,NA,NA,NA,NA,NA,NA,NA,N,2,0,1,2,A,-,17,22517,NA,N,E,G,A,A,H,-,A,D,0,NA,Y,NA,NA,Y,NA,A,01,1,0,0,0,0,0,1,0,0,-,-,33.65108108520508,-117.89749145507813,ORANGE,COSTA MESA,-117.89784240722656,33.65072250366211
9591453,2023,2023-06-30,3000,2023-04-04,1746,10985,993B6,2,5,5,3017,0,0,0,NA,0,072,SOUTH EL CAMINO REAL,E AVENIDA MAGDALENA,0,NA,Y,A,-,N,NA,NA,NA,NA,NA,NA,NA,NA,NA,Y,4,0,1,2,A,-,09,21801,A,N,D,C,A,A,H,-,A,D,0,NA,NA,NA,NA,Y,NA,A,08,0,0,1,0,0,0,0,0,0,-,-,NA,NA,ORANGE,SAN CLEMENTE,-117.59992980957033,33.40961837768555
9592691,2023,2023-07-05,3000,2023-05-03,2056,4246,973A7,3,5,5,3017,0,0,0,NA,0,776,AVENIDA PICO,PLAZA PACIFICA,32,E,N,A,-,N,NA,NA,NA,NA,NA,NA,NA,NA,NA,Y,3,0,3,2,A,-,21,22106,NA,N,C,C,A,A,H,-,C,A,0,NA,NA,NA,NA,Y,NA,A,01,0,1,2,0,0,0,0,0,0,-,-,NA,NA,ORANGE,SAN CLEMENTE,-117.60604858398438,33.45357894897461
9593593,2023,2023-07-17,3000,2023-06-19,1300,10618,922C3,1,5,5,3028,0,0,0,NA,0,152153,MARGUERITE PKWY,VIA ANGELINA,0,NA,Y,B,-,N,NA,NA,NA,NA,NA,NA,NA,NA,NA,N,3,0,1,2,A,-,05,21650,1,N,D,G,A,A,H,-,A,A,0,NA,Y,NA,NA,Y,NA,L,04,0,1,0,0,0,0,1,0,0,-,-,NA,NA,ORANGE,MISSION VIEJO,-117.66059112548828,33.58659744262695
9593594,2023,2023-07-14,3000,2023-05-12,730,3950,921C,5,5,4,3049,0,0,0,NA,0,782,PACIFIC PARK DR,CHASE,81,N,N,A,-,N,NA,NA,NA,NA,NA,NA,NA,NA,NA,N,4,0,2,2,A,-,21,22106,NA,N,C,C,A,A,H,-,A,A,0,NA,NA,NA,NA,Y,NA,A,01,0,0,2,0,0,0,0,0,0,-,-,NA,NA,ORANGE,ALISO VIEJO,-117.74015808105467,33.57830047607422
9595765,2023,2023-07-18,3000,2023-01-18,2247,8737,892J4,3,5,4,3048,0,0,0,NA,0,066,AVENIDA EMPRESA,AVENIDA DE LAS BANDERAS,38,W,N,A,-,N,NA,NA,NA,NA,NA,NA,NA,NA,NA,Y,3,0,2,2,A,-,03,22350,NA,N,C,C,A,A,H,-,C,A,0,NA,NA,NA,NA,Y,NA,J,48,0,1,1,0,0,0,0,0,0,-,-,33.63174819946289,-117.60650634765624,ORANGE,RANCHO SANTA MARGARITA,-117.60647583007813,33.63164138793945
9598715,2023,2023-07-26,3000,2023-06-11,1405,11353,971F5,7,5,4,3029,0,0,0,NA,0,6A38,MIGUEL LN,MARINER DR,0,NA,Y,A,-,N,NA,NA,NA,NA,NA,NA,NA,NA,NA,N,4,0,3,2,D,-,00,NA,NA,N,D,C,A,A,H,-,A,A,0,NA,NA,NA,NA,Y,NA,-,-,0,0,3,0,0,0,0,0,0,-,-,NA,NA,ORANGE,DANA POINT,-117.71517181396484,33.47687530517578
9598778,2023,2024-01-26,3009,2023-12-19,1105,5088,125,2,5,6,3009,0,0,0,NA,0,002,EUCLID ST,GARDEN GROVE BL,0,NA,Y,A,-,N,NA,NA,NA,NA,NA,NA,NA,NA,NA,N,3,0,1,2,A,-,10,21950,A,N,G,B,B,A,H,-,A,A,0,Y,NA,NA,NA,Y,NA,A,01,0,1,0,0,1,0,0,0,0,-,-,NA,NA,ORANGE,GARDEN GROVE,-117.9380111694336,33.77412796020508
9598779,2023,2024-01-26,3009,2023-12-20,2156,4435,136,3,5,6,3009,0,0,0,NA,0,002,NEWHOPE ST,WOODBURY RD,0,NA,Y,C,-,N,NA,NA,NA,NA,NA,NA,NA,NA,NA,N,4,0,3,1,A,-,03,22350,NA,N,E,I,A,B,H,-,C,D,0,NA,NA,NA,NA,Y,NA,A,07,0,0,3,0,0,0,0,0,0,-,-,NA,NA,ORANGE,GARDEN GROVE,-117.92896270751952,33.76375961303711
9600609,2023,2023-08-02,3004,2023-07-14,1450,P669,11,5,5,6,3004,0,0,0,NA,0,015,W BAY ST,PARSONS ST,328,E,N,A,-,N,NA,NA,NA,NA,NA,NA,NA,NA,NA,Y,3,0,1,2,A,-,09,21804,A,N,D,C,A,A,H,-,A,D,0,NA,NA,NA,NA,Y,NA,D,22,0,1,0,0,0,0,0,0,0,-,-,33.64897155761719,-117.91647338867188,ORANGE,COSTA MESA,-117.91658782958984,33.64894104003906
9601982,2023,2023-08-09,3005,2023-07-21,2109,8323,C14,5,5,4,3005,0,0,0,NA,0,001,RAINIER DR,WHITNEY WY,76,W,N,A,-,N,NA,NA,NA,NA,NA,NA,NA,NA,NA,N,2,0,1,2,A,-,11,21954,A,N,G,B,D,A,H,-,D,D,0,Y,NA,NA,NA,Y,NA,N,60,1,0,0,0,1,0,0,0,0,-,-,NA,NA,ORANGE,CYPRESS,-118.05281829833984,33.83022689819336
9603021,2023,2023-08-09,3004,2023-07-12,1303,P648,20,3,5,6,3004,0,0,0,NA,0,004,W BAKER ST,HARBOR BL,0,NA,Y,A,-,N,NA,NA,NA,NA,NA,NA,NA,NA,NA,Y,3,0,2,2,A,-,12,21453,A,N,A,C,A,A,H,-,A,A,0,NA,NA,NA,NA,Y,NA,A,01,0,2,0,0,0,0,0,0,0,-,-,33.68000030517578,-117.91929626464844,ORANGE,COSTA MESA,-117.91944122314452,33.68000793457031
9604262,2023,2023-11-20,3000,2023-05-29,59,10993,971G6,1,5,4,3029,0,0,0,NA,0,435,PACIFIC COAST HWY,STREET OF THE RUBY LANTERN,120,N,N,C,-,N,NA,NA,NA,NA,NA,NA,NA,NA,NA,Y,3,0,1,1,A,-,03,22350,NA,M,E,I,A,B,H,-,C,D,0,NA,NA,NA,NA,Y,NA,A,01,0,1,0,0,0,0,0,0,0,-,-,NA,NA,ORANGE,DANA POINT,-117.7043685913086,33.46597671508789
9604668,2023,2023-07-28,3000,2023-06-12,1942,10853,972J5,1,5,5,3017,0,0,0,NA,0,776,AVENIDA LA PATA,CAMINO DEL RIO,54,S,N,A,-,N,NA,NA,NA,NA,NA,NA,NA,NA,NA,Y,4,0,1,2,A,-,09,21453,C,N,D,C,A,A,H,-,A,A,0,NA,NA,NA,NA,Y,NA,A,07,0,0,1,0,0,0,0,0,0,-,-,NA,NA,ORANGE,SAN CLEMENTE,-117.6099853515625,33.47149658203125
9606398,2023,2023-09-08,3005,2023-07-28,507,8322,C34,5,5,4,3005,0,0,0,NA,0,003,VALLEY VIEW ST,CERRITOS AV,0,NA,Y,A,-,N,NA,NA,NA,NA,NA,NA,NA,NA,NA,Y,3,0,1,2,A,-,12,21453,A,F,D,C,A,A,H,-,B,A,0,NA,NA,NA,NA,Y,NA,A,01,0,1,0,0,0,0,0,0,0,-,-,NA,NA,ORANGE,CYPRESS,-118.02825164794922,33.80986785888672
9606742,2023,2023-08-31,3000,2023-07-21,1027,11369,951E1,5,5,4,3049,0,0,0,NA,0,1A81,GLENWOOD,ARGONAUT,0,NA,Y,A,-,N,NA,NA,NA,NA,NA,NA,NA,NA,NA,N,4,0,1,2,A,-,03,22350,NA,N,C,C,A,A,H,-,A,A,0,NA,NA,NA,NA,Y,NA,A,01,0,0,1,0,0,0,0,0,0,-,-,NA,NA,ORANGE,ALISO VIEJO,-117.72541046142578,33.594966888427734
9611537,2023,2023-08-17,3004,2023-07-31,2124,P716,05,1,5,6,3004,0,0,0,NA,0,015,NEWPORT BL,ROCHESTER ST,15,S,N,A,-,N,NA,NA,NA,NA,NA,NA,NA,NA,NA,N,4,0,1,2,A,-,03,22350,NA,F,C,C,A,A,H,-,C,A,0,NA,NA,NA,NA,Y,NA,A,01,0,0,1,0,0,0,0,0,0,-,-,33.63935852050781,-117.92046356201172,ORANGE,COSTA MESA,-117.92048645019533,33.63938522338867
9613123,2023,2023-09-05,3009,2023-08-20,1200,5041,154,7,5,6,3009,0,0,0,NA,0,022,HARBOR BL,BLUE SPRUCE AV,46,N,N,B,C,N,NA,NA,NA,NA,NA,NA,NA,NA,NA,Y,4,0,1,2,A,-,03,22350,NA,N,C,C,A,B,H,-,A,D,0,NA,NA,NA,NA,Y,NA,A,01,0,0,1,0,0,0,0,0,0,-,-,NA,NA,ORANGE,GARDEN GROVE,-117.91493225097656,33.77855682373047
9613130,2023,2023-09-05,3009,2023-08-13,2111,4111,095,7,5,6,3009,0,0,0,NA,0,013,BROOKHURST ST,LARSON AV,215,N,N,A,-,N,NA,NA,NA,NA,NA,NA,NA,NA,NA,N,2,0,1,2,A,-,11,21954,A,N,G,B,D,A,H,-,C,A,0,Y,NA,NA,NA,Y,NA,N,60,1,0,0,0,1,0,0,0,0,-,-,NA,NA,ORANGE,GARDEN GROVE,-117.95511627197266,33.77281951904297
9613995,2023,2023-09-25,3000,2023-07-27,351,11163,798B2,4,5,4,3021,0,0,0,NA,0,022,MAGNOLIA AV,PACIFIC AV,349,S,N,A,-,N,NA,NA,NA,NA,NA,NA,NA,NA,NA,N,4,0,1,1,A,-,03,22350,NA,N,E,I,A,A,H,-,C,D,0,NA,NA,NA,NA,Y,NA,A,01,0,0,1,0,0,0,0,0,0,-,-,NA,NA,ORANGE,STANTON,-117.97570037841795,33.806705474853516
9615971,2023,2024-04-19,3011,2023-09-07,826,31273,63,4,5,4,3011,0,0,0,NA,0,003,PARK AV,HILLVIEW DR,220,E,N,A,-,N,NA,NA,NA,NA,NA,NA,NA,NA,NA,N,3,0,1,1,A,-,03,22350,NA,N,E,I,A,A,H,-,A,D,0,NA,Y,NA,NA,Y,NA,L,04,0,1,0,0,0,0,1,0,0,-,-,NA,NA,ORANGE,LAGUNA BEACH,-117.76165008544922,33.55016326904297
9616339,2023,2023-10-18,3005,2023-09-17,1411,8366,C23,7,5,4,3005,0,0,0,NA,0,002,VALLEY VIEW ST,ORANGE AV,0,NA,Y,A,-,N,NA,NA,NA,NA,NA,NA,NA,NA,NA,Y,2,0,1,2,A,-,03,22350,NA,N,C,C,A,A,H,-,A,A,0,NA,NA,NA,NA,Y,NA,A,01,1,0,0,0,0,0,0,0,0,-,-,NA,NA,ORANGE,CYPRESS,-118.02838897705078,33.82445526123047
9617095,2023,2023-10-17,3000,2023-08-14,1356,5013,972A5,1,5,4,3029,0,0,0,NA,0,736,STONEHILL DR,DEL OBISPO ST,0,NA,Y,A,-,N,NA,NA,NA,NA,NA,NA,NA,NA,NA,N,3,0,1,2,A,-,17,21451,A,N,B,G,A,A,H,-,A,A,0,NA,Y,NA,NA,Y,NA,M,91,0,1,0,0,0,0,1,0,0,-,-,NA,NA,ORANGE,DANA POINT,-117.68498229980467,33.475563049316406
9618942,2023,2023-12-14,3000,2023-04-01,1200,9843,891F6,6,5,5,3050,0,0,0,NA,0,160,ROCKFIELD BL,DURYEA DR,0,NA,Y,A,-,N,NA,NA,NA,NA,NA,NA,NA,NA,NA,Y,4,0,1,1,C,-,18,NA,NA,N,E,I,A,A,H,-,A,D,0,NA,NA,NA,NA,Y,NA,-,-,0,0,1,0,0,0,0,0,0,-,-,33.371578216552734,-117.42347717285156,ORANGE,LAKE FOREST,-117.70951080322266,33.62104797363281
9619087,2023,2024-01-03,3009,2023-10-12,1645,4903,142,4,5,6,3009,0,0,0,NA,0,2-2,ORANGEWOOD AV,JUNE PL,5,S,N,A,-,N,NA,NA,NA,NA,NA,NA,NA,NA,NA,N,3,0,1,2,A,-,09,21801,A,M,A,C,A,A,H,-,A,D,0,NA,NA,NA,NA,Y,Y,A,08,0,1,0,0,0,0,0,0,0,-,-,NA,NA,ORANGE,GARDEN GROVE,-117.92057037353516,33.79608917236328
9619392,2023,2023-12-08,3000,2023-10-17,2136,10716,921D2,2,5,4,3049,0,0,0,NA,0,481,GLENWOOD DR,ALISO CREEK RD,0,NA,Y,A,-,N,NA,NA,NA,NA,NA,NA,NA,NA,NA,Y,4,0,1,2,D,-,00,NA,NA,N,D,C,A,A,H,-,C,A,0,NA,NA,NA,NA,Y,NA,-,-,0,0,1,0,0,0,0,0,0,-,-,33.353858947753906,-117.43240356445313,ORANGE,ALISO VIEJO,-117.72864532470705,33.59405517578125
9621980,2023,2023-10-16,3012,2023-08-11,219,701,45,5,5,5,3012,0,0,0,NA,0,004,EUCLID ST,IMPERIAL HWY,0,NA,Y,A,-,N,NA,NA,NA,NA,NA,NA,NA,NA,NA,Y,3,0,1,1,A,-,08,22107,NA,N,A,I,A,A,H,-,C,A,0,NA,NA,NA,NA,Y,Y,A,01,0,1,0,0,0,0,0,0,0,-,-,NA,NA,ORANGE,LA HABRA,-117.94609832763672,33.917335510253906
9624223,2022,2023-11-29,3001,2022-09-27,1953,A1852,D-1,2,5,7,3001,0,0,0,NA,0,013,DALE AV,BALL RD,0,NA,Y,A,-,N,NA,NA,NA,NA,NA,NA,NA,NA,NA,N,1,1,0,2,A,-,11,21954,A,N,G,B,D,A,H,-,C,A,0,Y,NA,NA,NA,Y,NA,N,60,0,0,0,1,0,0,0,0,0,-,-,33.81772994995117,-117.98461151123048,ORANGE,ANAHEIM,-117.98455047607422,33.8175163269043
9624648,2023,2023-09-19,3009,2023-07-20,1145,4281,076,4,5,6,3009,0,0,0,NA,0,013,MAGNOLIA ST,WESTMINSTER BL,0,NA,Y,A,-,N,NA,NA,NA,NA,NA,NA,NA,NA,NA,N,3,0,2,2,A,-,03,22350,NA,N,D,C,A,A,H,-,C,A,0,NA,NA,NA,NA,Y,Y,A,01,0,2,0,0,0,0,0,0,0,-,-,NA,NA,ORANGE,GARDEN GROVE,-117.97241973876952,33.75941467285156
9627215,2023,2023-10-18,3005,2023-09-07,1657,8366,C34,4,5,4,3005,0,0,0,NA,0,003,CERRITOS AV,VALLEY VIEW ST,0,NA,Y,A,-,N,NA,NA,NA,NA,NA,NA,NA,NA,NA,N,2,0,1,2,A,-,03,22350,NA,M,C,C,A,A,H,-,A,A,0,NA,NA,NA,NA,Y,NA,A,01,1,0,0,0,0,0,0,0,0,-,-,NA,NA,ORANGE,CYPRESS,-118.02825164794922,33.80986785888672
9628734,2023,2023-10-23,3012,2023-09-24,4,713,41,7,5,5,3012,0,0,0,NA,0,004,W LA HABRA BL,HAZEL ST,62,E,N,A,-,N,NA,NA,NA,NA,NA,NA,NA,NA,NA,N,4,0,1,6,A,-,01,23152,NA,N,C,E,A,A,H,-,C,D,0,NA,NA,NA,NA,Y,NA,D,22,0,0,1,0,0,0,0,0,0,-,-,NA,NA,ORANGE,LA HABRA,-117.94912719726563,33.931861877441406
9629573,2023,2023-11-06,3000,2023-07-05,944,10550,97ZCZ,3,5,4,3018,0,0,0,NA,0,130,CAMINO CAPISTRANO,GOLANDRINA ST,0,NA,Y,A,-,N,NA,NA,NA,NA,NA,NA,NA,NA,NA,N,3,0,1,2,A,-,00,21453,2,N,D,C,A,A,H,-,A,A,0,NA,NA,NA,NA,Y,NA,A,01,0,1,0,0,0,0,0,0,0,-,-,NA,NA,ORANGE,SAN JUAN CAPISTRANO,-117.66255950927734,33.49673080444336
9629910,2023,2023-12-11,3000,2023-10-07,1540,11752,921F3,6,5,4,3045,0,0,0,NA,0,746,LAGUNA HILLS DR,MOULTON PKWY,43,E,N,A,-,N,NA,NA,NA,NA,NA,NA,NA,NA,NA,N,4,0,1,2,A,-,03,22350,NA,N,C,C,A,A,H,-,A,A,0,NA,NA,NA,NA,Y,NA,A,07,0,0,1,0,0,0,0,0,0,-,-,NA,NA,ORANGE,LAGUNA HILLS,-117.71285247802734,33.5916633605957
9630802,2023,2023-11-07,3009,2023-09-20,809,5083,085,3,5,6,3009,0,0,0,NA,0,013,GILBERT ST,TRASK AV,0,NA,Y,A,-,N,NA,NA,NA,NA,NA,NA,NA,NA,NA,N,4,0,1,2,A,-,05,21650,1,N,D,G,A,A,H,-,A,A,0,NA,Y,NA,NA,Y,NA,L,04,0,0,1,0,0,0,1,0,0,-,-,NA,NA,ORANGE,GARDEN GROVE,-117.96759033203124,33.766685485839844
9630809,2023,2023-11-30,3009,2023-10-16,1522,4857,22,1,5,6,3009,0,0,0,NA,0,154,FAIRVIEW ST,RT 22,0,NA,Y,A,-,Y,ORA,12,22,-,R,8.623,R,4,E,Y,4,0,1,2,A,-,12,21453,A,N,D,C,A,A,H,-,A,A,0,NA,NA,NA,NA,Y,NA,A,01,0,0,1,0,0,0,0,0,0,-,WF,NA,NA,ORANGE,GARDEN GROVE,-117.90765380859376,33.77289581298828
9632515,2023,2023-11-30,3000,2023-10-08,1701,10576,922B4,7,5,5,3028,0,0,0,NA,0,752,OSO PKWY,FAIRFIELD INN,0,NA,Y,A,-,N,NA,NA,NA,NA,NA,NA,NA,NA,NA,Y,4,0,2,2,A,-,12,21453,A,N,D,C,A,A,H,-,A,A,0,NA,NA,NA,NA,Y,NA,A,01,0,0,2,0,0,0,0,0,0,-,-,NA,NA,ORANGE,MISSION VIEJO,-117.67073822021484,33.58001708984375
9633306,2023,2023-11-21,3000,2023-09-20,2300,10628,951H5,3,5,5,3040,0,0,0,NA,0,442,LOS SERRANOS DR,VIA CHICO PL,847,N,N,A,-,N,NA,NA,NA,NA,NA,NA,NA,NA,NA,Y,4,0,2,2,A,-,08,22107,NA,N,B,C,A,A,H,-,C,D,0,NA,NA,NA,NA,Y,NA,A,07,0,0,2,0,0,0,0,0,0,-,-,NA,NA,ORANGE,LAGUNA NIGUEL,-117.70651245117188,33.52296829223633
9633596,2023,2024-01-24,3000,2023-05-23,1345,3540,891G1,2,5,5,3050,0,0,0,NA,0,6M62,BAKE PKWY,TRABUCO RD,0,NA,Y,A,-,N,NA,NA,NA,NA,NA,NA,NA,NA,NA,Y,4,0,2,2,A,-,09,21453,C,N,D,C,A,A,H,-,A,A,0,NA,NA,NA,NA,Y,NA,A,01,0,0,2,0,0,0,0,0,0,-,-,33.65610122680664,-117.70221710205078,ORANGE,LAKE FOREST,-117.70291900634766,33.655059814453125
9633604,2023,2023-11-08,3000,2023-07-12,1646,9438,891J2,3,5,5,3050,0,0,0,NA,0,162,SERRANO RD,LAKE FOREST DR,0,NA,Y,A,-,N,NA,NA,NA,NA,NA,NA,NA,NA,NA,Y,3,0,3,2,A,-,12,21453,A,N,D,C,A,A,H,-,A,A,0,NA,NA,NA,NA,Y,NA,A,08,0,3,0,0,0,0,0,0,0,-,-,33.64583969116211,-117.6884307861328,ORANGE,LAKE FOREST,-117.68907928466795,33.64552688598633
9633991,2023,2024-01-09,3000,2023-11-15,1127,5377,951G4,3,5,5,3040,0,0,0,NA,0,741,CROWN VALLEY PKWY,CENTRAL PARK,0,NA,Y,C,-,N,NA,NA,NA,NA,NA,NA,NA,NA,NA,Y,3,0,2,2,A,-,12,21453,A,N,A,C,A,B,H,-,A,A,0,NA,NA,NA,NA,Y,NA,D,22,0,1,1,0,0,0,0,0,0,-,-,NA,NA,ORANGE,LAGUNA NIGUEL,-117.70558166503906,33.530921936035156
9635030,2023,2024-01-23,3005,2023-11-23,1936,8356,C36,4,5,4,3005,0,0,0,NA,0,003,JONATHAN AV,KNOTT AV,45,W,N,A,-,N,NA,NA,NA,NA,NA,NA,NA,NA,NA,N,4,0,1,2,A,-,09,21802,A,N,D,C,A,A,H,-,C,D,0,NA,NA,NA,NA,Y,NA,A,01,0,0,1,0,0,0,0,0,0,-,-,NA,NA,ORANGE,CYPRESS,-118.01103973388672,33.80679702758789
9636996,2023,2023-11-28,3000,2023-10-12,1530,11797,992J2,4,5,5,3017,0,0,0,NA,0,775,AVENIDA PICO,RT 5,275,E,N,A,-,N,NA,NA,NA,NA,NA,NA,NA,NA,NA,N,4,0,1,2,A,-,05,21650,1,N,A,G,A,A,H,-,A,D,0,NA,Y,NA,NA,Y,NA,M,91,0,0,1,0,0,0,0,0,0,-,NF,NA,NA,ORANGE,SAN CLEMENTE,-117.62195587158205,33.43918991088867
9638633,2023,2023-11-20,3000,2023-10-22,1250,11797,992J5,7,5,5,3017,0,0,0,NA,0,777,EL CAMINO REAL,TRAFALGAR LN,130,S,N,A,-,N,NA,NA,NA,NA,NA,NA,NA,NA,NA,Y,4,0,1,2,A,-,03,22350,NA,N,D,D,A,A,H,-,A,D,0,NA,NA,Y,NA,Y,NA,C,03,0,0,1,0,0,0,0,0,1,-,-,NA,NA,ORANGE,SAN CLEMENTE,-117.6094970703125,33.42355728149414
9639322,2023,2024-03-21,3002,2023-04-10,1830,10576,741D6,1,5,5,3025,0,0,0,NA,0,004,LA PALMA AV,VIA LOMAS DE YORBA EAST,430,W,N,A,-,N,NA,NA,NA,NA,NA,NA,NA,NA,NA,Y,2,0,1,1,A,-,08,22107,NA,N,E,I,A,A,H,-,C,D,0,NA,NA,NA,NA,Y,NA,A,01,1,0,0,0,0,0,0,0,0,-,-,NA,NA,ORANGE,YORBA LINDA,-117.72298431396484,33.87135314941406
9640489,2024,2024-07-22,3000,2024-01-05,2232,8737,892A6,5,5,5,3028,0,0,0,NA,0,056,ALICIA PRWY,JERONIMO RD,54,W,N,A,-,N,NA,NA,NA,NA,NA,NA,NA,NA,NA,Y,1,1,1,3,A,-,02,22400,A,N,G,B,E,A,H,-,C,A,0,Y,NA,NA,NA,Y,NA,A,01,0,1,0,1,0,0,0,0,0,-,-,33.61492919921875,-117.678466796875,ORANGE,MISSION VIEJO,-117.67849731445313,33.61507034301758
9640626,2023,2025-06-28,3010,2023-09-12,1843,2166,169,2,5,6,3010,0,0,0,NA,0,007,WARNER AV,GOLDENWEST,426,W,N,A,-,N,NA,NA,NA,NA,NA,NA,NA,NA,NA,Y,1,1,0,2,A,-,09,21801,A,N,D,C,A,A,H,-,-,D,0,NA,NA,Y,NA,Y,Y,A,01,0,0,0,0,0,0,0,1,0,-,-,33.715641021728516,-118.00817108154295,ORANGE,HUNTINGTON BEACH,-118.00806427001952,33.71548843383789
9640649,2023,2025-06-28,3019,2023-07-03,1249,2859,NE,1,5,7,3019,0,0,0,NA,0,002,ROSS ST,3RD ST,214,S,N,A,-,N,NA,NA,NA,NA,NA,NA,NA,NA,NA,N,1,1,0,2,A,-,10,21954,B,N,G,B,D,A,H,-,A,D,0,Y,NA,NA,NA,Y,Y,A,07,0,0,0,1,0,0,0,0,0,-,-,33.74705123901367,-117.87217712402344,ORANGE,SANTA ANA,-117.8724365234375,33.74650192260742
9640788,2024,2024-09-17,3022,2024-01-06,15,1313,NA,6,5,5,3022,0,0,0,NA,0,NA,NEWPORT AV,HOTEL WY,223,S,N,A,-,N,NA,NA,NA,NA,NA,NA,NA,NA,NA,N,1,1,0,1,A,-,01,23152,A,N,E,I,A,A,H,-,C,D,0,NA,NA,NA,NA,Y,Y,D,22,0,0,0,0,0,0,0,0,0,-,-,33.724239349365234,-117.83460235595705,ORANGE,TUSTIN,NA,NA
9643314,2023,2023-12-07,3009,2023-10-30,1916,4576,063,1,5,6,3009,0,0,0,NA,0,012,DALE ST,ENAULT LN,0,NA,Y,A,-,N,NA,NA,NA,NA,NA,NA,NA,NA,NA,Y,2,0,1,2,A,-,03,22350,NA,N,D,C,A,A,H,-,C,D,0,NA,NA,Y,NA,Y,NA,C,02,1,0,0,0,0,0,0,0,1,-,-,NA,NA,ORANGE,GARDEN GROVE,-117.98409271240234,33.7844352722168