CASE_ID,ACCIDENT_YEAR,PROC_DATE,JURIS,COLLISION_DATE,COLLISION_TIME,OFFICER_ID,REPORTING_DISTRICT,DAY_OF_WEEK,CHP_SHIFT,POPULATION,CNTY_CITY_LOC,SPECIAL_COND,BEAT_TYPE,CHP_BEAT_TYPE,CITY_DIVISION_LAPD,CHP_BEAT_CLASS,BEAT_NUMBER,PRIMARY_RD,SECONDARY_RD,DISTANCE,DIRECTION,INTERSECTION,WEATHER_1,WEATHER_2,STATE_HWY_IND,CALTRANS_COUNTY,CALTRANS_DISTRICT,STATE_ROUTE,ROUTE_SUFFIX,POSTMILE_PREFIX,POSTMILE,LOCATION_TYPE,RAMP_INTERSECTION,SIDE_OF_HWY,TOW_AWAY,COLLISION_SEVERITY,NUMBER_KILLED,NUMBER_INJURED,PARTY_COUNT,PRIMARY_COLL_FACTOR,PCF_CODE_OF_VIOL,PCF_VIOL_CATEGORY,PCF_VIOLATION,PCF_VIOL_SUBSECTION,HIT_AND_RUN,TYPE_OF_COLLISION,MVIW,PED_ACTION,ROAD_SURFACE,ROAD_COND_1,ROAD_COND_2,LIGHTING,CONTROL_DEVICE,CHP_ROAD_TYPE,PEDESTRIAN_ACCIDENT,BICYCLE_ACCIDENT,MOTORCYCLE_ACCIDENT,TRUCK_ACCIDENT,NOT_PRIVATE_PROPERTY,ALCOHOL_INVOLVED,STWD_VEHTYPE_AT_FAULT,CHP_VEHTYPE_AT_FAULT,COUNT_SEVERE_INJ,COUNT_VISIBLE_INJ,COUNT_COMPLAINT_PAIN,COUNT_PED_KILLED,COUNT_PED_INJURED,COUNT_BICYCLIST_KILLED,COUNT_BICYCLIST_INJURED,COUNT_MC_KILLED,COUNT_MC_INJURED,PRIMARY_RAMP,SECONDARY_RAMP,LATITUDE,LONGITUDE,COUNTY,CITY,POINT_X,POINT_Y
6564324,2014,2014-08-27,3001,2014-07-03,1530,406,NA,4,5,7,3001,0,0,0,NA,0,0D4,SANTA ANA CANYON,AVENIDA MARGARITA,150,E,N,A,-,N,NA,NA,NA,NA,NA,NA,NA,NA,NA,Y,4,0,1,2,A,-,07,21658,A,N,B,C,A,A,H,-,A,A,0,NA,NA,NA,NA,Y,Y,A,01,0,0,1,0,0,0,0,0,0,-,-,NA,NA,ORANGE,ANAHEIM,-117.79284863,33.8515385
6564346,2014,2016-05-26,3010,2014-07-03,1447,1225,413,4,5,6,3010,0,0,0,NA,0,005,RT 39,ELLIS,280,S,N,A,-,Y,ORA,12,39,-,-,3.07,H,-,N,Y,3,0,2,2,A,-,09,21804,A,N,D,C,A,A,H,-,A,D,0,NA,NA,Y,NA,Y,NA,A,07,0,2,0,0,0,0,0,0,2,-,-,NA,NA,ORANGE,HUNTINGTON BEACH,-117.9887427,33.69300986
6565406,2014,2014-08-25,3008,2014-07-07,2306,1112,NA,1,5,6,3008,0,0,0,NA,0,002,VALENCIA DR,LEMON ST,0,NA,Y,A,-,N,NA,NA,NA,NA,NA,NA,NA,NA,NA,N,2,0,1,2,A,-,10,21950,A,N,G,B,B,A,H,-,C,-,0,Y,NA,NA,NA,Y,NA,-,NA,1,0,0,0,1,0,0,0,0,-,-,NA,NA,ORANGE,FULLERTON,-117.91989005,33.86621008
6567002,2014,2014-08-27,3000,2014-07-17,0945,1056,992G4,4,5,5,3017,0,0,0,NA,0,775,CALLE LAS BOLAS,CALLE COLINA,157,W,N,A,-,N,NA,NA,NA,NA,NA,NA,NA,NA,NA,N,3,0,1,2,A,-,11,21954,A,N,G,B,D,A,H,-,A,D,0,Y,NA,NA,NA,Y,NA,N,60,0,1,0,0,1,0,0,0,0,-,-,33.43204,-117.62975,ORANGE,SAN CLEMENTE,-117.62947391,33.43199187
6567106,2014,2014-08-27,3001,2014-07-16,1542,406,NA,3,5,7,3001,0,0,0,NA,0,0D2,E CORONADO ST,RED GUM ST,0,NA,Y,A,-,N,NA,NA,NA,NA,NA,NA,NA,NA,NA,N,3,0,1,2,A,-,12,22450,A,N,D,G,A,A,H,-,A,D,0,NA,Y,NA,NA,Y,NA,L,04,0,1,0,0,0,0,1,0,0,-,-,NA,NA,ORANGE,ANAHEIM,-117.8648301,33.85300006
6567596,2014,2016-05-28,9675,2014-07-08,1235,16754,NA,2,1,7,3001,0,1,3,NA,2,094,RT 91,IMPERIAL HWY,300,E,N,A,-,Y,ORA,12,91,-,R,11.62,H,-,W,Y,4,0,2,3,A,-,03,22350,NA,N,C,C,A,A,H,-,A,D,1,NA,NA,NA,NA,Y,NA,D,22,0,0,2,0,0,0,0,0,0,-,-,33.8551,-117.78922,ORANGE,ANAHEIM,-117.78920003,33.85483913
6567935,2014,2016-06-15,9670,2014-07-08,0811,17192,NA,2,1,7,3001,0,1,3,NA,2,094,RT 91,LEMON ST,500,E,N,A,-,Y,ORA,12,91,-,-,3.61,H,-,E,Y,4,0,1,3,A,-,03,22350,NA,N,C,C,A,A,H,-,A,D,1,NA,NA,NA,NA,Y,NA,A,01,0,0,1,0,0,0,0,0,0,-,-,33.85318,-117.90741,ORANGE,ANAHEIM,-117.91815309,33.85397483
6569187,2014,2016-06-15,9670,2014-07-16,1818,018212,NA,3,2,6,3009,0,1,3,NA,2,021,RT 22,BEACH BL,20,E,N,A,-,Y,ORA,12,22,-,R,3.57,H,-,W,Y,3,0,1,3,A,-,03,22350,NA,N,C,C,A,A,H,-,A,D,1,NA,NA,NA,NA,Y,NA,A,01,0,1,0,0,0,0,0,0,0,-,-,33.77127,-117.99264,ORANGE,GARDEN GROVE,-117.99277219,33.77123574
6569289,2014,2016-05-28,3011,2014-07-10,0018,31264,37,4,5,4,3011,0,0,0,NA,0,001,RT 133,CANYON ACRES DR,1056,N,N,A,-,Y,ORA,12,133,-,-,1.16,H,-,S,Y,4,0,2,2,A,-,09,21804,A,N,D,C,A,A,H,-,C,D,0,NA,NA,NA,NA,Y,NA,A,01,0,0,2,0,0,0,0,0,0,-,-,NA,NA,ORANGE,LAGUNA BEACH,-117.77427641,33.55639673
6572212,2014,2014-08-06,3008,2014-06-30,1519,1284,NA,1,5,6,3008,0,0,0,NA,0,0Z1,MALVERN AV,BASTANCHURY AV,100,E,N,A,-,N,NA,NA,NA,NA,NA,NA,NA,NA,NA,Y,4,0,1,2,A,-,03,22350,NA,N,C,C,A,A,H,-,A,A,0,NA,NA,NA,NA,Y,NA,A,01,0,0,1,0,0,0,0,0,0,-,-,NA,NA,ORANGE,FULLERTON,-117.95743907,33.87656111
6572516,2014,2014-08-27,3001,2014-07-24,1831,415,NA,4,5,7,3001,0,0,0,NA,0,0D2,W LINCOLN AV,SOUTH LOARA ST,528,W,N,A,-,N,NA,NA,NA,NA,NA,NA,NA,NA,NA,Y,4,0,1,2,A,-,08,22107,NA,N,C,E,A,A,H,-,A,D,0,NA,NA,NA,NA,Y,NA,A,01,0,0,1,0,0,0,0,0,0,-,-,NA,NA,ORANGE,ANAHEIM,-117.93892322,33.83252356
6572788,2014,2014-08-07,3000,2014-05-31,2215,8418,972B6,6,5,4,3029,0,0,0,NA,0,738,CAMINO CAPISTRANO,VIA CANON,63,W,N,A,-,N,NA,NA,NA,NA,NA,NA,NA,NA,NA,Y,3,0,1,1,C,-,18,NA,NA,N,E,A,A,A,H,-,D,A,0,NA,NA,NA,NA,Y,NA,-,-,0,1,0,0,0,0,0,0,0,-,-,NA,NA,ORANGE,DANA POINT,-117.67517,33.46229
6573700,2014,2014-08-06,3024,2014-06-17,0807,133,P03,2,5,5,3024,0,0,0,NA,0,WEST,TRASK AV,LA PAT PL,0,NA,Y,A,-,N,NA,NA,NA,NA,NA,NA,NA,NA,NA,Y,4,0,2,2,A,-,09,21801,A,N,D,C,A,A,H,-,A,D,0,NA,NA,Y,NA,Y,NA,A,01,0,0,2,0,0,0,0,0,1,-,-,NA,NA,ORANGE,WESTMINSTER,-118.0149701,33.76636008
6574267,2014,2016-01-15,3009,2014-07-09,1422,3713,124,3,5,6,3009,0,0,0,NA,0,021,GARDEN GROVE BL,CIVIC CENTER DR,40,E,N,A,-,N,NA,NA,NA,NA,NA,NA,NA,NA,NA,NA,4,0,1,3,A,-,03,22350,NA,N,C,C,A,A,H,-,A,A,0,NA,NA,NA,NA,Y,NA,D,22,0,0,1,0,0,0,0,0,0,-,-,NA,NA,ORANGE,GARDEN GROVE,-117.93556868,33.77431
6574862,2014,2014-08-19,3004,2014-07-25,1154,P543,16,5,5,6,3004,0,0,0,NA,0,004,HARBOR BL,MERRIMAC,30,N,N,A,-,N,NA,NA,NA,NA,NA,NA,NA,NA,NA,Y,3,0,1,2,A,-,12,21453,A,N,D,C,A,A,H,-,A,A,0,NA,NA,NA,Y,Y,NA,F,26,0,1,0,0,0,0,0,0,0,-,-,33.39479,-117.5509,ORANGE,COSTA MESA,-117.91931105,33.66846224
6575025,2014,2014-08-29,3019,2014-07-17,1117,2771,SE,4,5,7,3019,0,0,0,NA,0,003,GRAND AV,BROOKHOLLOW DR,0,NA,Y,A,-,N,NA,NA,NA,NA,NA,NA,NA,NA,NA,N,4,0,1,2,A,-,03,22350,NA,N,C,C,A,A,H,-,A,A,0,NA,NA,NA,NA,Y,NA,A,01,0,0,1,0,0,0,0,0,0,-,-,NA,NA,ORANGE,SANTA ANA,-117.85060013,33.71403007
6575065,2014,2016-05-31,9670,2014-07-21,1742,018212,NA,1,2,6,3009,0,1,3,NA,2,023,RT 22,MAGNOLIA ST,528,E,N,A,-,Y,ORA,12,22,-,R,5.115,R,1,W,N,4,0,1,2,A,-,03,22350,NA,N,C,C,A,A,H,-,A,D,1,NA,NA,NA,NA,Y,NA,A,01,0,0,1,0,0,0,0,0,0,TO,-,33.76612,-117.96804,ORANGE,GARDEN GROVE,-117.96756578,33.76593603
6575926,2014,2016-05-28,9675,2014-07-23,0545,20746,NA,3,3,7,3001,0,1,3,NA,2,094,RT 91,LAKEVIEW AV,1200,E,N,A,-,Y,ORA,12,91,-,R,10.32,H,-,W,N,3,0,1,2,A,-,07,21658,A,N,B,C,A,A,H,-,B,D,1,NA,NA,Y,NA,Y,NA,D,22,0,1,0,0,0,0,0,0,1,-,-,33.85089,-117.81489,ORANGE,ANAHEIM,-117.81135137,33.85332508
6575935,2014,2016-05-28,9675,2014-07-23,1759,18832,NA,3,2,6,3026,0,1,1,NA,2,540,RT 5,ALTON PKWY,900,S,N,A,-,Y,ORA,12,5,-,-,22.04,H,-,N,Y,4,0,2,3,A,-,03,22350,NA,N,C,C,A,A,H,-,A,D,1,NA,NA,NA,NA,Y,NA,D,22,0,0,2,0,0,0,0,0,0,-,-,33.65284,-117.74134,ORANGE,IRVINE,-117.7420643,33.65361776
6576025,2014,2014-08-19,3008,2014-06-27,0925,1033,NA,5,5,6,3008,0,0,0,NA,0,0Z1,COMMONWEALTH AV,DALE ST,0,NA,Y,A,-,N,NA,NA,NA,NA,NA,NA,NA,NA,NA,Y,4,0,2,2,A,-,12,21457,A,N,D,C,A,A,H,-,A,A,0,NA,NA,NA,NA,Y,NA,-,-,0,0,2,0,0,0,0,0,0,-,-,NA,NA,ORANGE,FULLERTON,-117.98509005,33.86997002
6576658,2014,2016-05-28,9675,2014-07-26,1330,020734,NA,6,1,7,3019,0,1,1,NA,2,502,RT 5,MAIN ST,500,S,N,A,-,Y,ORA,12,5,-,-,33.02,H,-,N,Y,4,0,1,4,A,-,03,22350,NA,F,C,C,A,A,H,-,A,D,1,NA,NA,NA,NA,Y,NA,-,99,0,0,1,0,0,0,0,0,0,-,-,33.7663,-117.86613,ORANGE,SANTA ANA,-117.86669797,33.76690472
6576756,2014,2016-05-28,9690,2014-07-03,2230,019361,NA,4,3,5,3028,0,1,1,NA,2,056,RT 5,CROWN VALLEY PKWY,25,S,N,A,-,Y,ORA,12,5,-,-,13.609,R,3,S,N,4,0,1,2,D,-,00,NA,NA,N,D,C,A,A,H,-,C,A,1,NA,NA,NA,NA,Y,NA,-,-,0,0,1,0,0,0,0,0,0,-,-,33.55867,-117.67373,ORANGE,MISSION VIEJO,-117.67312155,33.55675199
6576944,2014,2016-06-10,9670,2014-08-03,0115,019925,NA,7,3,5,3024,0,1,1,NA,2,042,RT 405,EDWARDS ST,150,N,N,B,C,Y,ORA,12,405,-,-,18.63,H,-,N,Y,4,0,2,2,A,-,03,22350,NA,F,C,C,A,B,D,-,C,D,1,NA,NA,NA,NA,Y,Y,D,22,0,0,2,0,0,0,0,0,0,-,-,33.75403,-118.01586,ORANGE,WESTMINSTER,-118.01549186,33.75374399
6576954,2014,2014-08-15,3000,2014-07-05,1255,1387,891F7,6,5,4,3045,0,0,0,NA,0,146,PASEO DE VALENCIA,CALLE DE LA PLATA,51,N,N,A,-,N,NA,NA,NA,NA,NA,NA,NA,NA,NA,N,4,0,1,2,-,-,-,NA,NA,N,C,C,A,A,H,-,A,A,0,NA,NA,NA,NA,Y,NA,-,-,0,0,1,0,0,0,0,0,0,-,-,NA,NA,ORANGE,LAGUNA HILLS,-117.71274488,33.61005465
6577368,2014,2014-08-19,3000,2014-07-28,1250,9590,921J5,1,5,4,3045,0,0,0,NA,0,745,OSO PKY,NELLIE GAIL RD,0,NA,Y,A,-,N,NA,NA,NA,NA,NA,NA,NA,NA,NA,Y,4,0,1,2,A,-,12,21453,A,N,D,C,A,A,H,-,A,A,0,NA,NA,NA,NA,Y,NA,D,22,0,0,1,0,0,0,0,0,0,-,-,NA,NA,ORANGE,LAGUNA HILLS,-117.69068005,33.57455007
6578361,2014,2016-05-24,9675,2014-07-28,1750,018539,NA,1,2,7,3001,0,1,3,NA,2,572,RT 57,KATELLA AV,1725,N,N,A,-,Y,ORA,12,57,-,-,12.91,H,-,N,Y,3,0,1,4,A,-,03,22350,NA,N,C,C,A,A,D,-,A,D,6,NA,NA,NA,NA,Y,NA,A,01,0,1,0,0,0,0,0,0,0,-,-,33.80888,-117.87904,ORANGE,ANAHEIM,-117.87852278,33.81103301
6578745,2014,2016-04-09,9690,2014-06-05,1525,014953,NA,4,2,4,3045,0,1,1,NA,2,055,RT 5,ALICIA PKWY,300,S,N,A,-,Y,ORA,12,5,-,-,17.41,H,-,S,Y,4,0,1,2,A,-,03,22350,NA,N,C,C,A,A,H,-,A,D,1,NA,NA,NA,NA,Y,NA,A,01,0,0,1,0,0,0,0,0,0,-,-,33.60349,-117.68919,ORANGE,LAGUNA HILLS,-117.68966026,33.60385499
6579864,2014,2014-08-28,3000,2014-07-04,0945,3331,891H5,5,5,5,3050,0,0,0,NA,0,1A63,MUIRLANDS BL,TULIP ST,0,NA,Y,A,-,N,NA,NA,NA,NA,NA,NA,NA,NA,NA,N,3,0,1,2,A,-,09,21801,A,N,D,G,A,A,H,-,A,D,0,NA,Y,NA,NA,Y,NA,A,01,0,1,0,0,0,0,1,0,0,-,-,NA,NA,ORANGE,LAKE FOREST,-117.69927012,33.62448002
6581034,2014,2014-09-02,3019,2014-07-24,1329,2776,WE,4,5,7,3019,0,0,0,NA,0,001,1ST ST,BRISTOL ST,115,E,N,A,-,N,NA,NA,NA,NA,NA,NA,NA,NA,NA,N,4,0,1,3,A,-,03,22350,NA,N,C,C,A,-,A,H,A,D,0,NA,NA,NA,NA,Y,NA,A,01,0,0,1,0,0,0,0,0,0,-,-,NA,NA,ORANGE,SANTA ANA,-117.88480356,33.74541
6581118,2014,2014-09-02,3004,2014-07-06,1444,P609,35,7,5,6,3004,0,0,0,NA,0,015,WILSON ST,NEWPORT BL,150,W,N,A,-,N,NA,NA,NA,NA,NA,NA,NA,NA,NA,N,4,0,1,2,A,-,03,22350,NA,N,C,-,A,A,H,-,A,A,0,NA,NA,Y,NA,Y,NA,C,02,0,0,1,0,0,0,0,0,1,-,-,33.6563,-117.9058,ORANGE,COSTA MESA,-117.90574175,33.6563
6581253,2014,2014-08-27,3026,2014-07-26,1422,4779,NA,6,5,6,3026,0,0,0,NA,0,00C,IRVINE CENTER DR,ENTERTAINMENT WY,120,N,N,A,-,N,NA,NA,NA,NA,NA,NA,NA,NA,NA,Y,3,0,4,3,A,-,03,22350,NA,N,C,C,A,A,H,-,A,D,0,NA,NA,NA,NA,Y,NA,A,07,0,1,3,0,0,0,0,0,0,-,-,NA,NA,ORANGE,IRVINE,-117.74774209,33.64920577
6581660,2014,2016-05-28,9675,2014-07-24,1830,15208,NA,4,2,7,3001,0,1,3,NA,2,240,RT 241,COAL CANYON,3500,W,N,A,-,Y,ORA,12,241,-,-,38.583,R,1,N,N,4,0,1,2,A,-,03,22350,NA,N,C,C,A,A,H,-,A,D,1,NA,NA,NA,NA,Y,NA,A,01,0,0,1,0,0,0,0,0,0,TO,-,33.86347,-117.71433,ORANGE,ANAHEIM,-117.71649183,33.86024659
6583862,2014,2016-06-15,9670,2014-07-24,0217,20455,NA,4,3,7,3001,0,1,3,NA,2,094,RT 91,BROOKHURST ST,500,W,N,B,-,Y,ORA,12,91,-,-,1.14,H,-,E,Y,3,0,1,2,A,-,01,23152,A,N,B,E,A,B,H,-,D,D,1,NA,NA,NA,NA,Y,Y,A,07,0,1,0,0,0,0,0,0,0,-,-,33.85369,-117.96118,ORANGE,ANAHEIM,-117.9610624,33.85379318
6584780,2014,2016-06-15,9670,2014-08-09,1045,20720,NA,6,1,5,3003,0,1,3,NA,2,092,RT 91,BEACH BL,580,W,N,A,-,Y,ORA,12,91,-,R,2.49,H,-,E,Y,4,0,1,3,A,-,03,22350,NA,N,C,C,A,A,H,-,A,D,1,NA,NA,NA,NA,Y,NA,A,01,0,0,1,0,0,0,0,0,0,-,-,33.85582,-118.00427,ORANGE,BUENA PARK,-118.00018536,33.85596414
6586593,2014,2016-05-21,3008,2014-07-19,0836,1297,NA,6,5,6,3008,0,0,0,NA,0,0Z2,IMPERIAL HWY,HARBOR BL,722,E,N,B,-,Y,ORA,12,90,-,-,2.64,H,-,E,N,4,0,1,2,A,-,05,21650,1,M,D,G,A,A,H,-,A,D,0,NA,Y,NA,NA,Y,NA,-,-,0,0,1,0,0,0,1,0,0,-,-,NA,NA,ORANGE,FULLERTON,-117.93058411,33.91732746
6588017,2014,2016-05-28,9675,2014-08-03,1015,19404,NA,7,1,4,3002,0,1,3,NA,2,570,RT 57,YORBA LINDA BL,2500,N,N,B,-,Y,ORA,12,57,-,-,18.81,H,-,N,Y,4,0,5,2,A,-,08,22107,NA,N,D,C,A,A,H,-,A,D,6,NA,NA,NA,NA,Y,NA,A,07,0,0,5,0,0,0,0,0,0,-,-,33.89526,-117.88056,ORANGE,BREA,-117.88073711,33.89591786
6588483,2014,2016-04-04,9675,2014-04-24,0445,018985,NA,4,3,6,3026,0,1,1,NA,2,530,RT 5,YALE AV,66,N,N,A,-,Y,ORA,12,5,-,R,25.84,H,-,N,Y,2,0,2,4,A,-,03,22350,NA,N,B,C,E,A,H,-,C,D,1,Y,NA,NA,NA,Y,NA,A,01,1,0,1,0,1,0,0,0,0,-,-,33.70064,-117.77533,ORANGE,IRVINE,-117.77529324,33.70078693
6589751,2014,2014-09-05,3001,2014-08-08,2253,2162,NA,5,5,7,3001,0,0,0,NA,0,0D3,STATE COLLEGE BL,ORANGEWOOD AV,26,N,N,A,-,N,NA,NA,NA,NA,NA,NA,NA,NA,NA,N,4,0,1,2,A,-,08,22100,A,N,B,C,A,A,H,-,C,A,0,NA,NA,NA,NA,Y,NA,A,07,0,0,1,0,0,0,0,0,0,-,-,NA,NA,ORANGE,ANAHEIM,-117.88931777,33.79631125
6590302,2014,2014-09-09,3019,2014-08-01,1710,2771,SC,5,5,7,3019,0,0,0,NA,0,004,CENTRAL AV,BRISTOL ST,229,E,N,A,-,N,NA,NA,NA,NA,NA,NA,NA,NA,NA,N,4,0,1,3,A,-,08,22107,NA,N,B,E,A,A,H,-,A,D,0,NA,NA,NA,NA,Y,NA,A,01,0,0,1,0,0,0,0,0,0,-,-,NA,NA,ORANGE,SANTA ANA,-117.8846389,33.71254896
6591047,2014,2016-06-07,3004,2014-08-02,1431,P543,19,6,5,6,3004,0,0,0,NA,0,004,HARBOR BL,RT 405,40,N,N,A,-,Y,ORA,12,405,-,-,8.11,R,4,S,N,4,0,2,2,A,-,21,22106,NA,M,C,C,A,A,H,-,A,A,0,NA,NA,NA,NA,Y,NA,A,01,0,0,2,0,0,0,0,0,0,-,SO,33.41173,-117.55102,ORANGE,COSTA MESA,-117.86191909,33.68473784
6592343,2014,2016-05-28,9675,2014-07-11,1555,019471,NA,5,2,7,3001,0,1,3,NA,2,094,RT 91,LAKEVIEW AV,1500,E,N,A,-,Y,ORA,12,91,-,R,10.37,H,-,W,Y,3,0,2,2,A,-,03,22350,NA,N,C,C,A,A,H,-,A,D,1,NA,NA,NA,NA,Y,NA,A,01,0,1,1,0,0,0,0,0,0,-,-,33.85279,-117.81259,ORANGE,ANAHEIM,-117.81056967,33.85370763
6593023,2014,2016-01-15,3008,2014-08-04,2301,1342,Z3,1,5,6,3008,0,0,0,NA,0,NA,YORBA LINDA BL,SAPPHIRE RD,252,W,N,A,-,N,NA,NA,NA,NA,NA,NA,NA,NA,NA,Y,3,0,2,2,A,-,01,23152,A,N,B,C,A,A,H,-,C,D,0,NA,NA,NA,NA,Y,Y,A,01,0,2,0,0,0,0,0,0,0,-,-,NA,NA,ORANGE,FULLERTON,-117.87086846,33.88901369
6593365,2014,2014-09-08,3010,2014-08-08,1653,2116,166,5,5,6,3010,0,0,0,NA,0,008,HEIL,BOLSA CHICA,26,W,N,A,-,N,NA,NA,NA,NA,NA,NA,NA,NA,NA,Y,3,0,1,2,A,-,03,22350,NA,N,C,C,A,A,H,-,A,A,0,NA,NA,NA,NA,Y,NA,A,01,0,1,0,0,0,0,0,0,0,-,-,NA,NA,ORANGE,HUNTINGTON BEACH,-118.04166531,33.72257928
6595649,2014,2014-08-28,3019,2014-07-23,2039,3199,SC,3,5,7,3019,0,0,0,NA,0,004,BRISTOL ST,GLENWOOD,0,NA,Y,A,-,N,NA,NA,NA,NA,NA,NA,NA,NA,NA,Y,3,0,2,2,A,-,09,21801,A,N,D,C,A,A,H,-,C,A,0,NA,NA,NA,NA,Y,NA,A,01,0,1,1,0,0,0,0,0,0,-,-,NA,NA,ORANGE,SANTA ANA,-117.88524001,33.72152003
6598069,2014,2014-09-08,3026,2014-08-13,0744,308,PORTO,3,5,6,3026,0,0,0,NA,0,00P,ALTON PKWY,BARRANCA PKWY,0,NA,Y,B,-,N,NA,NA,NA,NA,NA,NA,NA,NA,NA,Y,4,0,1,3,A,-,12,21453,A,N,D,C,A,A,H,-,A,A,0,NA,NA,NA,NA,Y,NA,A,01,0,0,1,0,0,0,0,0,0,-,-,NA,NA,ORANGE,IRVINE,-117.7251401,33.64797004
6598073,2014,2014-09-09,3026,2014-08-06,0717,535,5,3,5,6,3026,0,0,0,NA,0,00C,WEST YALE LOOP,BIRDSONG,82,N,N,B,-,N,NA,NA,NA,NA,NA,NA,NA,NA,NA,Y,3,0,2,1,A,-,08,22107,NA,N,E,I,A,A,H,-,A,A,0,NA,NA,NA,NA,Y,NA,A,01,0,1,1,0,0,0,0,0,0,-,-,NA,NA,ORANGE,IRVINE,-117.80422754,33.68376246
6598332,2014,2014-09-05,3001,2014-08-16,2042,415,NA,6,5,7,3001,0,0,0,NA,0,0D3,WINSTON RD,ANAHEIM BL,280,W,N,A,-,N,NA,NA,NA,NA,NA,NA,NA,NA,NA,Y,4,0,1,2,A,-,01,23152,A,N,D,C,A,-,H,-,C,D,0,NA,NA,NA,NA,Y,Y,D,22,0,0,1,0,0,0,0,0,0,-,-,NA,NA,ORANGE,ANAHEIM,-117.90782189,33.81483
6598543,2014,2014-09-05,3019,2014-08-14,0907,2630,SE,4,5,7,3019,0,0,0,NA,0,003,GRAND AV,CHESTNUT AV,126,S,N,A,-,N,NA,NA,NA,NA,NA,NA,NA,NA,NA,Y,3,0,1,2,A,-,03,22350,NA,N,C,C,A,A,H,-,A,A,0,NA,NA,NA,Y,Y,NA,A,01,0,1,0,0,0,0,0,0,0,-,-,NA,NA,ORANGE,SANTA ANA,-117.85027394,33.74221462
6600135,2014,2014-09-12,3009,2014-08-29,1619,3931,14,5,5,6,3009,0,0,0,NA,0,WEST,VALLEY VIEW ST,TIFFANY AV,0,NA,Y,A,-,N,NA,NA,NA,NA,NA,NA,NA,NA,NA,Y,4,0,1,2,A,-,03,22350,NA,N,D,C,A,A,-,-,A,D,0,NA,NA,NA,NA,Y,Y,A,08,0,0,1,0,0,0,0,0,0,-,-,NA,NA,ORANGE,GARDEN GROVE,-118.03502007,33.77696008
6600982,2014,2016-06-15,9670,2014-08-01,1124,13102,NA,5,1,7,3001,0,1,3,NA,2,093,RT 91,EUCLID ST,800,E,N,A,-,Y,ORA,12,91,-,-,2.42,H,-,W,Y,3,0,1,1,A,-,03,22350,NA,N,E,J,A,A,H,-,A,D,1,NA,NA,Y,NA,Y,NA,C,02,0,1,0,0,0,0,0,0,1,-,-,33.85429,-117.93777,ORANGE,ANAHEIM,-117.93881692,33.85423076
6601030,2014,2014-09-08,3012,2014-08-09,0333,612,25,6,5,5,3012,0,0,0,NA,0,0SW,LAMBERT RD,MONTE VISTA,166,W,N,A,-,N,NA,NA,NA,NA,NA,NA,NA,NA,NA,Y,4,0,2,3,A,-,01,23152,A,N,C,C,A,A,H,-,C,D,0,NA,NA,NA,NA,Y,Y,-,NA,0,0,2,0,0,0,0,0,0,-,-,NA,NA,ORANGE,LA HABRA,-117.9553859,33.92465425
6601946,2014,2014-09-09,3000,2014-07-03,1235,5489,921G1,4,5,4,3045,0,0,0,NA,0,782,PASEO DE VALENCIA,HEALTH CENTER,422,S,N,A,-,N,NA,NA,NA,NA,NA,NA,NA,NA,NA,Y,4,0,1,2,A,-,07,21658,A,N,B,C,A,A,H,-,A,D,0,NA,NA,NA,NA,Y,NA,A,01,0,0,1,0,0,0,0,0,0,-,-,NA,NA,ORANGE,LAGUNA HILLS,-117.70703768,33.60679503
6602168,2014,2016-05-31,9675,2014-08-13,1751,20746,NA,3,2,6,3015,0,1,3,NA,2,222,RT 22,BRISTOL ST,500,E,N,A,-,Y,ORA,12,22,-,R,10.16,H,-,E,Y,4,0,1,2,A,-,03,22350,NA,N,C,C,A,A,H,-,A,D,6,NA,NA,NA,NA,Y,NA,A,01,0,0,1,0,0,0,0,0,0,-,-,33.77873,-117.88194,ORANGE,ORANGE,-117.88184583,33.77892843
6602594,2014,2016-05-21,3002,2014-08-12,1226,1382,631W,2,5,4,3002,0,0,0,NA,0,014,IMPERIAL HWY,KRAEMER BL,650,E,N,A,-,Y,ORA,12,90,-,-,6.7,H,-,E,N,4,0,1,2,A,-,08,22107,NA,M,B,C,A,A,H,-,A,D,0,NA,NA,NA,Y,Y,NA,A,01,0,0,1,0,0,0,0,0,0,-,-,NA,NA,ORANGE,BREA,-117.86169389,33.91099728
6602828,2014,2016-05-26,3010,2014-08-16,2009,1176,171,6,5,6,3010,0,0,0,NA,0,008,RT 1,BROADWAY,14,N,N,A,-,Y,ORA,12,1,-,-,30.501,I,5,S,N,4,0,2,3,A,-,11,21456,B,N,G,B,B,A,H,-,C,A,0,Y,NA,NA,NA,Y,NA,N,60,0,0,2,0,2,0,0,0,0,-,-,NA,NA,ORANGE,HUNTINGTON BEACH,-118.07050079,33.71796479
6603226,2014,2014-09-03,3019,2014-08-14,1450,2776,SC,4,5,7,3019,0,0,0,NA,0,004,1ST ST,SULLIVAN ST,40,W,N,A,-,N,NA,NA,NA,NA,NA,NA,NA,NA,NA,N,4,0,1,2,A,-,03,22350,NA,N,C,C,A,A,A,H,A,A,0,NA,NA,NA,NA,Y,NA,A,08,0,0,1,0,0,0,0,0,0,-,-,NA,NA,ORANGE,SANTA ANA,-117.90268766,33.74525447
6605376,2014,2014-09-13,3001,2014-08-15,0657,1655,NA,5,5,7,3001,0,0,0,NA,0,0D2,CENTER ST,STATE COLLEGE BL,380,W,N,A,-,N,NA,NA,NA,NA,NA,NA,NA,NA,NA,N,4,0,2,2,A,-,03,22350,NA,N,C,C,A,A,H,-,A,D,0,NA,NA,NA,NA,Y,NA,A,01,0,0,2,0,0,0,0,0,0,-,-,NA,NA,ORANGE,ANAHEIM,-117.8905151,33.84087789
6605452,2014,2016-04-27,9690,2014-08-07,1140,014849,NA,4,1,5,3017,0,1,1,NA,2,059,RT 5,AVE MENDOCINO,530,N,N,A,-,Y,ORA,12,5,-,-,1.23,H,-,S,Y,4,0,6,5,A,-,03,22350,NA,N,C,C,A,A,H,-,A,D,1,NA,NA,NA,NA,Y,NA,A,01,0,0,6,0,0,0,0,0,0,-,-,33.40963,-117.60081,ORANGE,SAN CLEMENTE,-117.60216928,33.41285661