CASE_ID,ACCIDENT_YEAR,PROC_DATE,JURIS,COLLISION_DATE,COLLISION_TIME,OFFICER_ID,REPORTING_DISTRICT,DAY_OF_WEEK,CHP_SHIFT,POPULATION,CNTY_CITY_LOC,SPECIAL_COND,BEAT_TYPE,CHP_BEAT_TYPE,CITY_DIVISION_LAPD,CHP_BEAT_CLASS,BEAT_NUMBER,PRIMARY_RD,SECONDARY_RD,DISTANCE,DIRECTION,INTERSECTION,WEATHER_1,WEATHER_2,STATE_HWY_IND,CALTRANS_COUNTY,CALTRANS_DISTRICT,STATE_ROUTE,ROUTE_SUFFIX,POSTMILE_PREFIX,POSTMILE,LOCATION_TYPE,RAMP_INTERSECTION,SIDE_OF_HWY,TOW_AWAY,COLLISION_SEVERITY,NUMBER_KILLED,NUMBER_INJURED,PARTY_COUNT,PRIMARY_COLL_FACTOR,PCF_CODE_OF_VIOL,PCF_VIOL_CATEGORY,PCF_VIOLATION,PCF_VIOL_SUBSECTION,HIT_AND_RUN,TYPE_OF_COLLISION,MVIW,PED_ACTION,ROAD_SURFACE,ROAD_COND_1,ROAD_COND_2,LIGHTING,CONTROL_DEVICE,CHP_ROAD_TYPE,PEDESTRIAN_ACCIDENT,BICYCLE_ACCIDENT,MOTORCYCLE_ACCIDENT,TRUCK_ACCIDENT,NOT_PRIVATE_PROPERTY,ALCOHOL_INVOLVED,STWD_VEHTYPE_AT_FAULT,CHP_VEHTYPE_AT_FAULT,COUNT_SEVERE_INJ,COUNT_VISIBLE_INJ,COUNT_COMPLAINT_PAIN,COUNT_PED_KILLED,COUNT_PED_INJURED,COUNT_BICYCLIST_KILLED,COUNT_BICYCLIST_INJURED,COUNT_MC_KILLED,COUNT_MC_INJURED,PRIMARY_RAMP,SECONDARY_RAMP,LATITUDE,LONGITUDE,COUNTY,CITY,POINT_X,POINT_Y
7133501,2015,2015-12-14,3007,2015-11-15,1639,291,48,7,5,5,3007,0,0,0,NA,0,002,WARNER,MOUNT COLLIEN ST,164,E,N,A,-,N,NA,NA,NA,NA,NA,NA,NA,NA,NA,N,4,0,1,2,A,-,09,21804,A,N,D,C,A,A,H,-,A,D,0,NA,NA,NA,NA,Y,NA,A,01,0,0,1,0,0,0,0,0,0,-,-,NA,NA,ORANGE,FOUNTAIN VALLEY,-117.92572416,33.71649837
7133866,2015,2015-12-15,3009,2015-11-22,2026,1610,135,7,5,6,3009,0,0,0,NA,0,022,NEWHOPE ST,STUART DR,17,N,N,A,-,N,NA,NA,NA,NA,NA,NA,NA,NA,NA,N,4,0,1,2,A,-,09,21801,A,N,-,C,A,A,H,-,C,A,0,NA,NA,NA,NA,Y,NA,A,07,0,0,1,0,0,0,0,0,0,-,-,NA,NA,ORANGE,GARDEN GROVE,-117.92913039,33.77308661
7134881,2015,2015-12-18,3016,2015-11-24,0955,1153,7,2,5,5,3016,0,0,0,NA,0,001,KRAEMER BL,BASTANCHURY RD,0,NA,Y,A,-,N,NA,NA,NA,NA,NA,NA,NA,NA,NA,Y,3,0,2,2,D,-,00,NA,NA,N,B,C,A,A,H,-,A,D,0,NA,NA,NA,NA,Y,NA,-,-,0,1,1,0,0,0,0,0,0,-,-,NA,NA,ORANGE,PLACENTIA,-117.86372002,33.89654008
7135724,2015,2015-12-14,3015,2015-11-15,1001,1513,41E,7,5,6,3015,0,0,0,NA,0,212,WEST CHAPMAN AV,SANTA ANITA ST,9,S,N,A,-,N,NA,NA,NA,NA,NA,NA,NA,NA,NA,N,3,0,1,2,A,-,08,22107,NA,N,D,G,A,A,H,-,A,A,0,NA,Y,NA,NA,Y,NA,A,01,0,1,0,0,0,0,1,0,0,-,-,NA,NA,ORANGE,ORANGE,-117.881159,33.787872
7136040,2015,2015-12-14,3004,2015-12-01,0852,P429,18,2,5,6,3004,0,0,0,NA,0,004,HARBOR BL,BAKER ST,31,N,N,A,-,N,NA,NA,NA,NA,NA,NA,NA,NA,NA,Y,4,0,1,2,A,-,03,22350,NA,N,C,C,A,A,H,-,A,A,0,NA,NA,NA,NA,Y,NA,A,01,0,0,1,0,0,0,0,0,0,-,-,33.4049,-117.5511,ORANGE,COSTA MESA,-117.91944,33.68009499
7136468,2015,2016-06-18,3020,2015-11-17,0841,152,NA,2,5,4,3020,0,0,0,NA,0,00N,SEAL BEACH,NORTH GATE,120,N,N,A,-,N,NA,NA,NA,NA,NA,NA,NA,NA,NA,Y,4,0,1,4,A,-,03,22350,NA,N,C,C,A,A,H,-,A,A,0,NA,NA,NA,NA,Y,NA,A,01,0,0,1,0,0,0,0,0,0,-,-,NA,NA,ORANGE,SEAL BEACH,-118.07696815,33.77214743
7136676,2015,2015-12-17,3024,2015-10-28,1859,374,P 30,3,5,5,3024,0,0,0,NA,0,WEST,BOLSA AV,HOOVER ST,0,NA,Y,A,-,N,NA,NA,NA,NA,NA,NA,NA,NA,NA,Y,4,0,1,2,A,-,09,21801,A,N,A,C,A,A,H,-,C,A,0,NA,NA,NA,NA,Y,NA,A,01,0,0,1,0,0,0,0,0,0,-,-,NA,NA,ORANGE,WESTMINSTER,-117.99831007,33.74462009
7137275,2015,2017-02-02,3012,2015-12-09,1741,288,27,3,5,5,3012,0,0,0,NA,0,0NE,WHITTIER BL,MAPLE ST,121,W,N,A,-,Y,ORA,12,39,-,-,22.37,H,-,N,Y,4,0,4,4,A,-,03,22350,NA,N,C,C,A,A,H,-,A,A,0,NA,NA,NA,NA,Y,NA,A,01,0,0,4,0,0,0,0,0,0,-,-,NA,NA,ORANGE,LA HABRA,-117.93913025,33.93904251
7138463,2015,2015-12-23,3019,2015-12-07,0755,1561,SE,1,5,7,3019,0,0,0,NA,0,003,GRAND AV,WAKEHAM AV,104,S,N,A,-,N,NA,NA,NA,NA,NA,NA,NA,NA,NA,Y,4,0,1,2,A,-,09,21801,A,N,A,C,A,A,H,-,A,D,0,NA,NA,NA,NA,Y,NA,D,22,0,0,1,0,0,0,0,0,0,-,-,33.73721,-117.8499,ORANGE,SANTA ANA,-117.85027,33.7369449
7139117,2015,2016-01-12,3024,2015-10-28,1415,313,P22,3,5,5,3024,0,0,0,NA,0,WEST,GOLDENWEST ST,SOWELL AV,0,NA,Y,A,-,N,NA,NA,NA,NA,NA,NA,NA,NA,NA,Y,4,0,3,2,A,-,09,21802,A,N,D,C,A,A,H,-,A,A,0,NA,NA,NA,NA,Y,NA,D,22,0,0,3,0,0,0,0,0,0,-,-,NA,NA,ORANGE,WESTMINSTER,-118.00702003,33.74867009
7139248,2015,2016-01-11,3008,2015-12-07,1442,1155,NA,1,5,6,3008,0,0,0,NA,0,001,MAGNOLIA AV,VALENCIA DR,0,NA,Y,A,-,N,NA,NA,NA,NA,NA,NA,NA,NA,NA,NA,3,0,1,2,A,-,09,21801,A,F,-,-,A,A,-,-,A,-,0,NA,Y,NA,NA,Y,NA,-,NA,0,1,0,0,0,0,1,0,0,-,-,NA,NA,ORANGE,FULLERTON,-117.97633001,33.86641003
7139411,2015,2016-01-14,3015,2015-12-07,1904,1098,22E,1,5,6,3015,0,0,0,NA,0,323,WEST CHAPMAN AV,PIXLEY ST,75,W,N,A,-,N,NA,NA,NA,NA,NA,NA,NA,NA,NA,Y,4,0,3,3,A,-,01,23152,NA,N,C,C,A,A,H,-,C,A,0,NA,NA,NA,NA,Y,NA,A,01,0,0,3,0,0,0,0,0,0,-,-,NA,NA,ORANGE,ORANGE,-117.85882624,33.78788
7140191,2015,2015-12-18,3007,2015-12-08,0738,1141,RD47,2,5,5,3007,0,0,0,NA,0,002,NEWHOPE ST,WARNER AV,190,S,N,A,-,N,NA,NA,NA,NA,NA,NA,NA,NA,NA,Y,4,0,1,2,A,-,09,21801,A,N,A,C,A,A,H,-,A,A,0,NA,NA,NA,NA,Y,NA,A,01,0,0,1,0,0,0,0,0,0,-,-,NA,NA,ORANGE,FOUNTAIN VALLEY,-117.92842455,33.71599013
7140196,2015,2015-12-18,3007,2015-11-19,1528,270,19,4,5,5,3007,0,0,0,NA,0,002,HARBOR,HEIL,0,NA,Y,A,-,N,NA,NA,NA,NA,NA,NA,NA,NA,NA,Y,4,0,1,2,A,-,09,21801,A,N,D,C,A,A,H,-,A,A,0,NA,NA,NA,NA,Y,NA,A,01,0,0,1,0,0,0,0,0,0,-,-,NA,NA,ORANGE,FOUNTAIN VALLEY,-117.91982008,33.72377008
7140219,2015,2015-12-18,3008,2015-11-24,1713,1117,NA,2,5,6,3008,0,0,0,NA,0,Z 3,COMMONWEALTH AV,ST COLLEGE BL,0,NA,Y,A,-,N,NA,NA,NA,NA,NA,NA,NA,NA,NA,Y,4,0,2,2,A,-,09,21801,A,N,A,C,A,A,H,-,C,A,0,NA,NA,NA,NA,Y,NA,A,07,0,0,2,0,0,0,0,0,0,-,-,NA,NA,ORANGE,FULLERTON,-117.889572,33.870555
7140252,2015,2015-12-21,3001,2015-12-05,1445,A1355,NA,6,5,7,3001,0,0,0,NA,0,0D3,SOUTH HARBOR BL,W CONVENTION WY,34,N,N,A,-,N,NA,NA,NA,NA,NA,NA,NA,NA,NA,N,4,0,1,2,A,-,07,21658,A,N,B,C,A,A,H,-,A,D,0,NA,NA,NA,NA,Y,NA,A,01,0,0,1,0,0,0,0,0,0,-,-,NA,NA,ORANGE,ANAHEIM,-117.91529311,33.79985318
7140934,2015,2015-12-24,3009,2015-12-15,2342,3712,91,2,5,6,3009,0,0,0,NA,0,012,KATELLA AV,GILBERT ST,21,E,N,A,-,N,NA,NA,NA,NA,NA,NA,NA,NA,NA,N,4,0,1,2,A,-,01,23152,A,N,B,C,A,A,H,-,C,A,0,NA,NA,NA,NA,Y,Y,A,01,0,0,1,0,0,0,0,0,0,-,-,NA,NA,ORANGE,GARDEN GROVE,-117.96749104,33.8030809
7141037,2015,2015-12-22,3000,2015-11-18,1535,2182,972E7,3,5,5,3017,0,0,0,NA,0,M73,CAMINO DE LOS MARES,CALLE AGUA,24,W,N,A,-,N,NA,NA,NA,NA,NA,NA,NA,NA,NA,N,3,0,1,2,A,-,17,21451,A,N,D,G,A,A,H,-,B,A,0,NA,Y,NA,NA,Y,NA,A,01,0,1,0,0,0,0,1,0,0,-,-,NA,NA,ORANGE,SAN CLEMENTE,-117.65184227,33.45943003
7141219,2015,2015-12-29,3001,2015-12-09,1458,1880,NA,3,5,7,3001,0,0,0,NA,0,0D2,WEST LA PALMA AV,LEISURE CT,15,E,N,A,-,N,NA,NA,NA,NA,NA,NA,NA,NA,NA,N,4,0,1,2,A,-,03,22350,NA,M,C,C,A,A,H,-,A,D,0,NA,NA,NA,NA,Y,NA,A,07,0,0,1,0,0,0,0,0,0,-,-,NA,NA,ORANGE,ANAHEIM,-117.93094071,33.84716
7141855,2015,2015-12-31,3001,2015-12-14,1756,1622,NA,1,5,7,3001,0,0,0,NA,0,WEST,WEST BALL RD,S ROANNE ST,1,W,N,A,-,N,NA,NA,NA,NA,NA,NA,NA,NA,NA,Y,4,0,2,6,A,-,03,22350,NA,N,C,C,A,A,H,-,C,A,0,NA,NA,NA,NA,Y,NA,A,07,0,0,2,0,0,0,0,0,0,-,-,NA,NA,ORANGE,ANAHEIM,-117.96937328,33.81766
7141934,2015,2017-02-03,3024,2015-10-26,1647,174,P25,1,5,5,3024,0,0,0,NA,0,EAST,RT 39,BOLSA AV,104,N,N,A,-,Y,ORA,12,39,-,-,6.66,H,-,N,Y,3,0,1,2,A,-,03,22350,NA,N,C,C,A,A,H,-,A,A,0,NA,NA,Y,NA,Y,NA,C,03,0,1,0,0,0,0,0,0,1,-,-,33.74467,-117.98949,ORANGE,WESTMINSTER,-117.98939961,33.74501597
7142090,2015,2015-12-28,3001,2015-12-13,0205,2079,D3,7,5,7,3001,0,0,0,NA,0,NA,SOUTH EUCLID ST,W DUDLEY AV,33,S,N,A,-,N,NA,NA,NA,NA,NA,NA,NA,NA,NA,Y,3,0,1,1,A,-,01,23152,A,N,E,I,A,A,H,-,D,D,0,NA,NA,NA,NA,Y,Y,A,01,0,1,0,0,0,0,0,0,0,-,-,NA,NA,ORANGE,ANAHEIM,-117.94133,33.80093953
7142146,2015,2017-01-28,3010,2015-12-14,0827,1096,337,1,5,6,3010,0,0,0,NA,0,004,RT 1,SEAPOINT,355,E,N,A,-,Y,ORA,12,1,-,-,26.98,H,-,N,Y,3,0,1,2,A,-,03,22350,NA,N,C,C,A,A,H,-,A,D,0,NA,NA,NA,NA,Y,NA,A,01,0,1,0,0,0,0,0,0,0,-,-,NA,NA,ORANGE,HUNTINGTON BEACH,-118.03132394,33.67937559
7142281,2015,2015-12-29,3001,2015-12-07,1433,1373,NA,1,5,7,3001,0,0,0,NA,0,0D4,NORTH KRAEMER BL,E CROWTHER AV,79,S,N,A,-,N,NA,NA,NA,NA,NA,NA,NA,NA,NA,Y,4,0,2,6,A,-,03,22350,NA,N,C,C,A,A,H,-,A,A,0,NA,NA,NA,NA,Y,NA,A,07,0,0,2,0,0,0,0,0,0,-,-,NA,NA,ORANGE,ANAHEIM,-117.86307268,33.86818568
7143829,2015,2015-12-29,3008,2015-11-02,1427,1158,NA,1,5,6,3008,0,0,0,NA,0,III,BRADFORD AV,TOPAZ,160,S,N,B,-,N,NA,NA,NA,NA,NA,NA,NA,NA,NA,Y,4,0,1,2,A,-,09,21804,A,N,D,C,A,A,H,-,A,D,0,NA,NA,NA,NA,Y,NA,A,01,0,0,1,0,0,0,0,0,0,-,-,NA,NA,ORANGE,FULLERTON,-117.8667112,33.88495318
7144957,2015,2016-01-06,3000,2015-10-27,1456,9696,952B2,2,5,5,3040,0,0,0,NA,0,903,CAMINO CAPISTRANO,PASEO DE COLINAS,727,N,N,A,-,N,NA,NA,NA,NA,NA,NA,NA,NA,NA,Y,3,0,2,4,A,-,09,21804,A,N,D,C,A,A,H,-,A,D,0,NA,NA,NA,NA,Y,NA,A,01,0,2,0,0,0,0,0,0,0,-,-,NA,NA,ORANGE,LAGUNA NIGUEL,-117.6740058,33.5511019
7145039,2015,2016-01-09,3000,2015-09-23,1000,5013,892A3,3,5,5,3050,0,0,0,NA,0,760,TRABUCO RD,EL TORO RD,0,NA,Y,A,-,N,NA,NA,NA,NA,NA,NA,NA,NA,NA,Y,4,0,2,2,A,-,09,21453,C,N,D,C,A,A,H,-,A,A,0,NA,NA,NA,NA,Y,NA,A,07,0,0,2,0,0,0,0,0,0,-,-,NA,NA,ORANGE,LAKE FOREST,-117.68023001,33.6370001
7145093,2015,2015-12-28,3019,2015-12-15,1735,3397,SC,2,5,7,3019,0,0,0,NA,0,004,MACARTHUR BL,HARBOR BL,225,E,N,A,-,N,NA,NA,NA,NA,NA,NA,NA,NA,NA,N,4,0,1,2,A,-,21,22106,NA,N,C,C,A,A,H,-,C,A,0,NA,NA,NA,NA,Y,NA,A,01,0,0,1,0,0,0,0,0,0,-,-,33.70218,-117.92006,ORANGE,SANTA ANA,-117.91947,33.70196
7145776,2015,2016-01-05,3000,2015-10-28,1445,2849,891G4,3,5,5,3050,0,0,0,NA,0,764,MUIRLANDS BL,DYLAN AV,37,S,N,B,-,N,NA,NA,NA,NA,NA,NA,NA,NA,NA,Y,4,0,1,2,A,-,00,23153,E,N,C,C,A,A,H,-,A,A,0,NA,NA,NA,Y,Y,NA,G,25,0,0,1,0,0,0,0,0,0,-,-,NA,NA,ORANGE,LAKE FOREST,-117.70673221,33.62971221
7145850,2015,2017-02-03,3010,2015-12-16,0906,1145,422,3,5,6,3010,0,0,0,NA,0,005,RT 39,WILLIAMS,0,NA,Y,A,-,Y,ORA,12,39,-,-,2.261,I,5,S,N,4,0,1,2,A,-,09,21801,A,N,D,C,A,A,H,-,A,D,0,NA,NA,NA,NA,Y,NA,A,07,0,0,1,0,0,0,0,0,0,-,-,NA,NA,ORANGE,HUNTINGTON BEACH,-117.98880768,33.68118598
7147423,2015,2016-01-04,3009,2015-11-30,2230,3826,122,1,5,6,3009,0,0,0,NA,0,021,CHAPMAN AV,9TH ST,0,NA,Y,A,-,N,NA,NA,NA,NA,NA,NA,NA,NA,NA,Y,4,0,1,2,A,-,09,21801,A,N,A,C,A,A,H,-,C,A,0,NA,NA,NA,NA,Y,NA,A,07,0,0,1,0,0,0,0,0,0,-,-,NA,NA,ORANGE,GARDEN GROVE,-117.93248004,33.78873001
7147564,2015,2016-02-23,3004,2015-12-20,2049,P616,07,7,5,6,3004,0,0,0,NA,0,002,E BAY ST,NEWPORT BL,0,NA,Y,A,-,N,NA,NA,NA,NA,NA,NA,NA,NA,NA,N,3,0,1,2,A,-,08,22107,NA,N,D,G,A,A,H,-,C,A,0,NA,Y,NA,NA,Y,Y,D,22,0,1,0,0,0,0,1,0,0,-,-,33.6474,-117.9123,ORANGE,COSTA MESA,-117.91280001,33.64810002
7148467,2015,2016-01-14,3004,2015-12-29,1701,P543,24,2,5,6,3004,0,0,0,NA,0,015,FUCHSIA ST,SUNFLOWER AV,0,NA,Y,A,-,N,NA,NA,NA,NA,NA,NA,NA,NA,NA,Y,4,0,2,2,A,-,12,21453,A,N,D,C,A,A,H,-,C,A,0,NA,NA,NA,NA,Y,NA,A,01,0,0,2,0,0,0,0,0,0,-,-,33.6968,-117.898,ORANGE,COSTA MESA,-117.89830004,33.69634002
7149378,2015,2016-08-12,3001,2015-12-19,0857,1825,NA,6,5,7,3001,0,0,0,NA,0,0D4,IMPERIAL HWY,AVE BERNARDO N,0,NA,Y,B,-,N,NA,NA,NA,NA,NA,NA,NA,NA,NA,Y,3,0,2,2,A,-,12,21453,A,N,D,C,A,A,H,-,A,A,0,NA,NA,NA,NA,Y,NA,A,08,0,1,1,0,0,0,0,0,0,-,-,NA,NA,ORANGE,ANAHEIM,-117.79029006,33.84897008
7149477,2015,2016-01-07,3019,2015-12-19,2219,3328,NE,6,5,7,3019,0,0,0,NA,0,001,FLOWER ST,17TH ST,15,S,N,A,-,N,NA,NA,NA,NA,NA,NA,NA,NA,NA,Y,3,0,1,2,A,-,03,22350,NA,M,A,C,A,B,H,-,C,A,0,NA,NA,NA,NA,Y,Y,A,01,0,1,0,0,0,0,0,0,0,-,-,NA,NA,ORANGE,SANTA ANA,-117.87646593,33.76006059
7149485,2015,2017-02-04,3019,2015-12-15,1358,2528,NE,2,5,7,3019,0,0,0,NA,0,002,MINTER ST,VANCE ST,100,N,N,A,-,N,NA,NA,NA,NA,NA,NA,NA,NA,NA,Y,4,0,1,2,A,-,08,22100,B,M,D,C,A,A,H,-,A,D,0,NA,NA,NA,NA,Y,NA,A,01,0,0,1,0,0,0,0,0,0,-,-,33.75295,-117.86417,ORANGE,SANTA ANA,-117.8641698,33.75300803
7151371,2015,2016-01-15,3010,2015-12-29,1022,1145,272,2,5,6,3010,0,0,0,NA,0,006,SLATER,BEACH,100,W,N,A,-,N,NA,NA,NA,NA,NA,NA,NA,NA,NA,Y,4,0,1,2,A,-,04,21703,NA,N,C,C,A,A,H,-,A,A,0,NA,NA,NA,NA,Y,NA,A,07,0,0,1,0,0,0,0,0,0,-,-,NA,NA,ORANGE,HUNTINGTON BEACH,-117.98960805,33.7084078
7151443,2015,2016-01-11,3019,2015-12-14,2004,3134,SE,1,5,7,3019,0,0,0,NA,0,001,1ST ST,ELK,0,NA,Y,A,-,N,NA,NA,NA,NA,NA,NA,NA,NA,NA,Y,4,0,1,2,A,-,12,21453,A,N,D,C,A,A,H,-,C,A,0,NA,NA,NA,NA,Y,NA,A,01,0,0,1,0,0,0,0,0,0,-,-,NA,NA,ORANGE,SANTA ANA,-117.84379011,33.74546003
7151472,2015,2016-01-14,3000,2015-12-02,1305,6717,891H1,3,5,5,3050,0,0,0,NA,0,18762,TRABUCO RD,PASEO TRANQUILO,735,S,N,A,-,N,NA,NA,NA,NA,NA,NA,NA,NA,NA,Y,2,0,6,2,A,-,09,21804,A,N,D,C,A,A,H,-,A,A,0,NA,NA,NA,NA,Y,NA,A,01,3,1,2,0,0,0,0,0,0,-,-,33.39056,-117.41363,ORANGE,LAKE FOREST,-117.69341382,33.65156878
7151885,2015,2016-01-23,3002,2015-12-14,1520,1632,526Z,1,5,4,3002,0,0,0,NA,0,014,BREA BL,ELM ST,0,NA,Y,A,-,N,NA,NA,NA,NA,NA,NA,NA,NA,NA,Y,4,0,1,2,A,-,12,21453,A,N,D,C,A,A,H,-,A,A,0,NA,NA,NA,NA,Y,NA,A,01,0,0,1,0,0,0,0,0,0,-,-,NA,NA,ORANGE,BREA,-117.90219012,33.91313006
7152924,2015,2016-01-15,3004,2015-11-26,1449,P471,10,4,5,6,3004,0,0,0,NA,0,013,W WILSON ST,MEYER PL,0,NA,Y,A,-,N,NA,NA,NA,NA,NA,NA,NA,NA,NA,Y,4,0,1,2,A,-,09,21802,A,N,D,C,A,A,H,-,A,A,0,NA,NA,NA,NA,Y,NA,A,01,0,0,1,0,0,0,0,0,0,-,-,33.65,-117.92,ORANGE,COSTA MESA,-117.92510002,33.65612004
7153250,2015,2017-02-02,3012,2015-12-17,1639,456,45,4,5,5,3012,0,0,0,NA,0,004,CYPRESS ST,IMPERIAL HWY,90,N,N,A,-,Y,ORA,12,90,-,-,1.901,I,6,W,Y,4,0,1,2,A,-,09,21804,A,N,D,C,A,A,H,-,B,D,0,NA,NA,NA,NA,Y,NA,A,01,0,0,1,0,0,0,0,0,0,-,-,NA,NA,ORANGE,LA HABRA,-117.94375578,33.91740406
7154440,2015,2016-01-19,3012,2015-12-16,1751,622,35,3,5,5,3012,0,0,0,NA,0,003,IDAHO ST,LAMBERT RD,0,NA,Y,A,-,N,NA,NA,NA,NA,NA,NA,NA,NA,NA,Y,4,0,3,5,A,-,12,21453,A,N,D,C,A,A,H,-,C,A,0,NA,NA,NA,NA,Y,NA,A,01,0,0,3,0,0,0,0,0,0,-,-,NA,NA,ORANGE,LA HABRA,-117.95918013,33.92466006
7154499,2015,2016-08-12,3012,2015-12-23,1453,288,37,3,5,5,3012,0,0,0,NA,0,0SW,IMPERIAL HWY,BRASS LANTERN DR,0,NA,Y,B,-,N,NA,NA,NA,NA,NA,NA,NA,NA,NA,Y,3,0,2,2,A,-,09,21801,A,N,-,C,A,A,H,-,A,A,0,NA,NA,NA,NA,Y,NA,A,01,0,1,1,0,0,0,0,0,0,-,-,NA,NA,ORANGE,LA HABRA,-117.97161009,33.91729006
7154506,2015,2016-01-12,3012,2015-12-12,0807,612,25,6,5,5,3012,0,0,0,NA,0,0SE,LA HABRA BL,EUCLID ST,0,NA,Y,A,-,N,NA,NA,NA,NA,NA,NA,NA,NA,NA,NA,4,0,1,2,A,-,10,21950,A,N,G,B,B,A,H,-,A,A,0,Y,NA,NA,NA,Y,NA,A,01,0,0,1,0,1,0,0,0,0,-,-,NA,NA,ORANGE,LA HABRA,-117.94613005,33.93186007
7156718,2016,2016-01-15,3004,2016-01-06,0811,P440,05,3,5,6,3004,0,0,0,NA,0,015,CABRILLO ST,SANTA ANA AV,0,NA,Y,B,-,N,NA,NA,NA,NA,NA,NA,NA,NA,NA,N,4,0,1,2,D,-,00,NA,NA,N,B,G,A,A,H,-,A,D,0,NA,Y,NA,NA,Y,NA,-,-,0,0,1,0,0,0,1,0,0,-,-,33.6341,-117.9143,ORANGE,COSTA MESA,-117.91438013,33.63410007
7157268,2015,2016-01-19,3026,2015-10-27,1300,4779,U,2,5,6,3026,0,0,0,NA,0,00U,ALTON PKWY,CULVER DR,405,W,N,B,-,N,NA,NA,NA,NA,NA,NA,NA,NA,NA,N,4,0,2,3,D,-,00,NA,NA,N,C,C,A,A,H,-,A,A,0,NA,NA,NA,NA,Y,NA,-,-,0,0,2,0,0,0,0,0,0,-,-,NA,NA,ORANGE,IRVINE,-117.81266496,33.68153271
7158973,2016,2016-02-05,3001,2016-01-21,0957,1024,NA,4,5,7,3001,0,0,0,NA,0,SOUTH,KATELLA AV,STADIUM CROSSINGS,4,W,N,A,-,N,NA,NA,NA,NA,NA,NA,NA,NA,NA,Y,4,0,1,2,A,-,08,22100,B,N,D,C,A,A,H,-,A,A,0,NA,NA,NA,NA,Y,NA,A,01,0,0,1,0,0,0,0,0,0,-,-,NA,NA,ORANGE,ANAHEIM,-117.868753,33.808086
7159007,2016,2017-02-11,3010,2016-01-25,1512,1096,242,1,5,6,3010,0,0,0,NA,0,009,CENTER,RT 39,6,W,N,A,-,Y,ORA,12,39,-,-,5.641,I,6,S,N,4,0,1,2,A,-,03,22350,NA,N,C,C,A,A,H,-,A,A,0,NA,NA,NA,NA,Y,NA,D,22,0,0,1,0,0,0,0,0,0,-,-,NA,NA,ORANGE,HUNTINGTON BEACH,-117.98943774,33.73025021
7159476,2016,2016-02-12,3014,2016-01-20,1415,1146,51,3,5,5,3014,0,0,0,NA,0,0A4,SAN MIGUEL DR,PORT SUTTON DR,73,N,N,A,-,N,NA,NA,NA,NA,NA,NA,NA,NA,NA,N,4,0,1,2,A,-,03,22350,NA,N,C,C,A,A,H,-,A,A,0,NA,NA,NA,NA,Y,NA,A,01,0,0,1,0,0,0,0,0,0,-,-,33.6128,-117.8625,ORANGE,NEWPORT BEACH,-117.8566647,33.61524464
7159512,2016,2016-02-12,3019,2016-01-18,0643,2528,SC,1,5,7,3019,0,0,0,NA,0,004,FAIRVIEW AV,DAHL LN,0,NA,Y,B,-,N,NA,NA,NA,NA,NA,NA,NA,NA,NA,N,4,0,1,2,A,-,09,21802,A,N,D,G,A,A,H,-,B,A,0,NA,Y,NA,NA,Y,NA,A,01,0,0,1,0,0,0,1,0,0,-,-,NA,NA,ORANGE,SANTA ANA,-117.90650002,33.73149004
7160285,2015,2016-01-20,3000,2015-12-22,2021,5036,922B7,2,5,5,3028,0,0,0,NA,0,754,MARGUERITE PKWY,SHOPS BL,468,N,N,B,C,N,NA,NA,NA,NA,NA,NA,NA,NA,NA,Y,4,0,1,2,A,-,03,22350,NA,N,C,C,A,B,H,-,C,A,0,NA,NA,NA,NA,Y,NA,A,01,0,0,1,0,0,0,0,0,0,-,-,NA,NA,ORANGE,MISSION VIEJO,-117.6686003,33.5560697
7160362,2015,2016-02-23,3000,2015-12-02,0125,8214,HJC99,3,5,5,3017,0,0,0,NA,0,476,AVENIDA PICO,CAMINO VERA CRUZ,245,E,N,B,-,N,NA,NA,NA,NA,NA,NA,NA,NA,NA,N,4,0,1,1,A,-,08,22107,NA,N,E,I,A,B,H,-,E,D,0,NA,NA,NA,NA,Y,NA,A,01,0,0,1,0,0,0,0,0,0,-,-,NA,NA,ORANGE,SAN CLEMENTE,-117.60830569,33.45185416
7161041,2016,2016-01-25,3015,2016-01-07,1409,0919,22E,4,5,6,3015,0,0,0,NA,0,712,SOUTH LEMON ST,W KELLY AV,150,N,N,A,-,N,NA,NA,NA,NA,NA,NA,NA,NA,NA,N,4,0,2,2,A,-,09,21804,A,N,D,C,A,A,H,-,A,D,0,NA,NA,NA,NA,Y,NA,A,01,0,0,2,0,0,0,0,0,0,-,-,NA,NA,ORANGE,ORANGE,-117.85530444,33.78388118
7162693,2015,2016-02-02,3008,2015-05-22,1313,NA,NA,5,5,6,3008,0,0,0,NA,0,NA,PLACENTIA AV,PRIMROSE AV,0,NA,Y,B,-,N,NA,NA,NA,NA,NA,NA,NA,NA,NA,Y,4,0,1,2,A,-,09,21801,A,N,D,C,A,A,H,-,A,A,0,NA,NA,NA,NA,Y,NA,A,01,0,0,1,0,0,0,0,0,0,-,-,NA,NA,ORANGE,FULLERTON,-117.8779101,33.87781006
7163984,2015,2017-01-28,3014,2015-12-06,1713,1146,RD24,7,5,5,3014,0,0,0,NA,0,0A2,RT 1,SUPERIOR AV,0,NA,Y,A,-,Y,ORA,12,1,-,-,20.37,I,5,S,Y,4,0,1,2,A,-,09,21453,C,N,D,C,A,A,D,-,C,A,0,NA,NA,NA,NA,Y,NA,A,01,0,0,1,0,0,0,0,0,0,-,-,33.6231,-117.9391,ORANGE,NEWPORT BEACH,-117.93927371,33.62286298
7164537,2015,2016-01-27,3000,2015-12-09,1945,2672,891J5,3,5,5,3050,0,0,0,NA,0,465,EL TORO RD,JERONIMO RD,28,W,N,A,-,N,NA,NA,NA,NA,NA,NA,NA,NA,NA,Y,4,0,2,4,A,-,01,23152,A,N,C,C,A,A,H,-,C,A,0,NA,NA,NA,NA,Y,Y,A,07,0,0,2,0,0,0,0,0,0,-,-,NA,NA,ORANGE,LAKE FOREST,-117.69074617,33.62849684
7164871,2015,2016-01-23,3015,2015-12-10,1947,1507,54W,4,5,6,3015,0,0,0,NA,0,NA,N PROSPECT ST,E MAPLE AV,0,NA,Y,C,-,N,NA,NA,NA,NA,NA,NA,NA,NA,NA,N,2,0,1,2,A,-,10,21950,A,N,G,B,B,B,H,-,C,D,0,Y,NA,NA,NA,Y,NA,D,22,1,0,0,0,1,0,0,0,0,-,-,NA,NA,ORANGE,ORANGE,-117.81838004,33.79008011
7165571,2016,2016-01-26,3015,2016-01-02,1336,1098,54W,6,5,6,3015,0,0,0,NA,0,731,E SPRING ST,N ESPLANADE ST,23,W,N,A,-,N,NA,NA,NA,NA,NA,NA,NA,NA,NA,Y,4,0,1,1,A,-,08,22107,NA,N,A,I,A,A,H,-,A,D,0,NA,NA,NA,NA,Y,NA,A,07,0,0,1,0,0,0,0,0,0,-,-,NA,NA,ORANGE,ORANGE,-117.81013551,33.7914