CASE_ID,ACCIDENT_YEAR,PROC_DATE,JURIS,COLLISION_DATE,COLLISION_TIME,OFFICER_ID,REPORTING_DISTRICT,DAY_OF_WEEK,CHP_SHIFT,POPULATION,CNTY_CITY_LOC,SPECIAL_COND,BEAT_TYPE,CHP_BEAT_TYPE,CITY_DIVISION_LAPD,CHP_BEAT_CLASS,BEAT_NUMBER,PRIMARY_RD,SECONDARY_RD,DISTANCE,DIRECTION,INTERSECTION,WEATHER_1,WEATHER_2,STATE_HWY_IND,CALTRANS_COUNTY,CALTRANS_DISTRICT,STATE_ROUTE,ROUTE_SUFFIX,POSTMILE_PREFIX,POSTMILE,LOCATION_TYPE,RAMP_INTERSECTION,SIDE_OF_HWY,TOW_AWAY,COLLISION_SEVERITY,NUMBER_KILLED,NUMBER_INJURED,PARTY_COUNT,PRIMARY_COLL_FACTOR,PCF_CODE_OF_VIOL,PCF_VIOL_CATEGORY,PCF_VIOLATION,PCF_VIOL_SUBSECTION,HIT_AND_RUN,TYPE_OF_COLLISION,MVIW,PED_ACTION,ROAD_SURFACE,ROAD_COND_1,ROAD_COND_2,LIGHTING,CONTROL_DEVICE,CHP_ROAD_TYPE,PEDESTRIAN_ACCIDENT,BICYCLE_ACCIDENT,MOTORCYCLE_ACCIDENT,TRUCK_ACCIDENT,NOT_PRIVATE_PROPERTY,ALCOHOL_INVOLVED,STWD_VEHTYPE_AT_FAULT,CHP_VEHTYPE_AT_FAULT,COUNT_SEVERE_INJ,COUNT_VISIBLE_INJ,COUNT_COMPLAINT_PAIN,COUNT_PED_KILLED,COUNT_PED_INJURED,COUNT_BICYCLIST_KILLED,COUNT_BICYCLIST_INJURED,COUNT_MC_KILLED,COUNT_MC_INJURED,PRIMARY_RAMP,SECONDARY_RAMP,LATITUDE,LONGITUDE,COUNTY,CITY,POINT_X,POINT_Y
81336283,2020,2020-11-02,3024,2020-09-28,0742,184,P-20,1,5,5,3024,0,0,0,NA,0,EAST,MAGNOLIA STREET,JENNRICH AVENUE,60,N,N,A,-,N,NA,NA,NA,NA,NA,NA,NA,NA,NA,Y,4,0,1,2,A,-,09,21804,A,N,C,C,A,A,H,-,A,D,0,NA,NA,NA,NA,Y,NA,A,01,0,0,1,0,0,0,0,0,0,-,-,33.754329681396484,-117.97503662109376,ORANGE,WESTMINSTER,-117.9723663330078,33.75541305541992
8133777,2016,2017-02-24,3010,2016-06-20,1535,1085,243,1,5,6,3010,0,0,0,NA,0,006,RT 39,CENTER,319,N,N,A,-,Y,ORA,12,39,-,-,5.78,H,-,N,Y,4,0,1,5,A,-,04,21703,NA,N,C,C,A,A,H,-,A,D,0,NA,NA,NA,NA,Y,NA,A,01,0,0,1,0,0,0,0,0,0,-,-,NA,NA,ORANGE,HUNTINGTON BEACH,-117.9892452,33.73224617
8133986,2016,2016-10-04,3001,2016-09-21,1728,2256,NA,3,5,7,3001,0,0,0,NA,0,0D2,NORTH STATE COLLEGE BL,E UNDERHILL AV,426,N,N,A,-,N,NA,NA,NA,NA,NA,NA,NA,NA,NA,Y,3,0,1,1,A,-,01,23152,A,N,E,I,A,A,H,-,A,D,0,NA,NA,NA,NA,Y,Y,A,01,0,1,0,0,0,0,0,0,0,-,-,NA,NA,ORANGE,ANAHEIM,-117.88929536,33.84333785
81340943,2020,2020-11-06,3014,2020-10-29,1713,1462,RD34,4,5,5,3014,0,0,0,NA,0,A3,JAMBOREE RD,FAIRCHILD RD,462,N,N,A,-,N,NA,NA,NA,NA,NA,NA,NA,NA,NA,Y,4,0,1,2,A,-,07,21658,A,N,B,C,A,A,H,-,A,D,0,NA,NA,NA,NA,Y,NA,-,-,0,0,1,0,0,0,0,0,0,-,-,33.6614990234375,-117.85880279541016,ORANGE,NEWPORT BEACH,-117.85896301269533,33.66145706176758
81343181,2020,2020-11-10,3014,2020-10-24,1459,1421,RD13,6,5,5,3014,0,0,0,NA,0,A1,BALBOA BLVD W,8TH ST,117,W,N,A,-,N,NA,NA,NA,NA,NA,NA,NA,NA,NA,Y,3,0,1,4,A,-,03,22350,NA,N,B,E,A,A,H,-,A,D,0,NA,NA,Y,NA,Y,NA,A,01,0,1,0,0,0,0,0,0,0,-,-,33.604801177978516,-117.91089630126952,ORANGE,NEWPORT BEACH,-117.91094970703124,33.604736328125
81343182,2020,2020-11-10,3014,2020-11-04,1814,1498,RD68,3,5,5,3014,0,0,0,NA,0,A4,OCEAN RIDGE DR,NEWPORT COAST DR,22,W,N,A,-,N,NA,NA,NA,NA,NA,NA,NA,NA,NA,N,3,0,1,2,A,-,09,21801,A,N,A,C,A,A,H,-,C,A,0,NA,NA,NA,NA,Y,NA,A,01,0,1,0,0,0,0,0,0,0,-,-,33.59579849243164,-117.83519744873048,ORANGE,NEWPORT BEACH,-117.83529663085938,33.595680236816406
81346013,2020,2020-11-16,3014,2020-11-07,0756,1421,RD68,6,5,5,3014,0,0,0,NA,0,A4,NEWPORT COAST DR,OCEAN RIDGE DR.,2650,S,N,C,-,N,NA,NA,NA,NA,NA,NA,NA,NA,NA,Y,4,0,1,1,A,-,03,22350,NA,N,E,I,A,B,H,-,A,D,0,NA,NA,NA,NA,Y,NA,A,01,0,0,1,0,0,0,0,0,0,-,-,33.58829879760742,-117.83480072021484,ORANGE,NEWPORT BEACH,-117.83495330810548,33.58842086791992
81347186,2020,2020-11-17,3014,2020-10-25,0918,1508,RD12,7,5,5,3014,0,0,0,NA,0,NA,WEST BALBOA BL,14TH ST,30,E,N,A,-,N,NA,NA,NA,NA,NA,NA,NA,NA,NA,N,4,0,1,2,A,-,03,22350,NA,N,C,C,A,A,H,-,A,A,0,NA,NA,NA,NA,Y,NA,A,01,0,0,1,0,0,0,0,0,0,-,-,33.6068000793457,-117.9188995361328,ORANGE,NEWPORT BEACH,-117.91900634765624,33.606781005859375
8134790,2016,2016-10-05,3001,2016-09-17,1220,A0987,NA,6,5,7,3001,0,0,0,NA,0,NA,NORTH EAST ST,E EASTWOOD DR,0,NA,Y,A,-,N,NA,NA,NA,NA,NA,NA,NA,NA,NA,Y,4,0,4,2,A,-,03,22350,NA,N,C,C,A,A,H,-,A,D,0,NA,NA,NA,NA,Y,NA,A,08,0,0,4,0,0,0,0,0,0,-,-,NA,NA,ORANGE,ANAHEIM,-117.90468007,33.8442801
81349920,2020,2020-11-20,3001,2020-10-30,1743,A1047,NA,5,5,7,3001,0,0,0,NA,0,D-2,BALL ROAD,WEBSTER AVENUE,0,NA,Y,A,-,N,NA,NA,NA,NA,NA,NA,NA,NA,NA,N,4,0,2,2,A,-,09,21801,A,N,D,C,A,A,H,-,A,D,0,NA,NA,NA,NA,Y,NA,A,01,0,0,2,0,0,0,0,0,0,-,-,33.81719970703125,-117.97103118896484,ORANGE,ANAHEIM,-117.97089385986328,33.81766128540039
81349974,2020,2020-11-20,3001,2020-11-11,2129,A2599,NA,3,5,7,3001,0,0,0,NA,0,D-2,LINCOLN AVE S. FRONTAGE RD,CLIFFROSE STREET,12,NA,N,A,-,N,NA,NA,NA,NA,NA,NA,NA,NA,NA,Y,3,0,2,1,A,-,08,22107,NA,N,E,I,A,A,H,-,C,A,0,NA,NA,NA,NA,Y,NA,A,01,0,1,1,0,0,0,0,0,0,-,-,33.84029006958008,-117.89234161376952,ORANGE,ANAHEIM,-117.89219,33.84004
81349995,2020,2020-11-20,3001,2020-11-15,0202,A1047,NA,7,5,7,3001,0,0,0,NA,0,D-3,CASA VISTA STREET,KATELLA AVENUE,7,S,N,A,-,N,NA,NA,NA,NA,NA,NA,NA,NA,NA,N,2,0,1,2,A,-,10,21950,A,F,G,B,B,A,H,-,C,A,0,Y,NA,NA,NA,Y,Y,A,01,1,0,0,0,1,0,0,0,0,-,-,33.8032112121582,-117.92698669433594,ORANGE,ANAHEIM,-117.92697143554688,33.80322265625
81351957,2020,2020-11-24,3001,2020-11-13,1740,A2367,D-2,5,5,7,3001,0,0,0,NA,0,D-2,LINCOLN AVENUE,ANAHEIM BOULEVARD,0,NA,Y,A,-,N,NA,NA,NA,NA,NA,NA,NA,NA,NA,Y,4,0,2,2,A,-,09,21801,A,N,D,C,A,A,H,-,C,A,0,NA,NA,NA,NA,Y,NA,A,01,0,0,2,0,0,0,0,0,0,-,-,33.83646011352539,-117.91425323486328,ORANGE,ANAHEIM,-117.91432189941406,33.836669921875
81353172,2020,2020-11-25,3010,2020-11-11,0727,1208,261,3,5,6,3010,0,0,0,NA,0,007,GOLDENWEST ST,LYDIA DR,50,S,N,A,-,N,NA,NA,NA,NA,NA,NA,NA,NA,NA,Y,4,0,1,3,A,-,04,21703,NA,N,C,C,A,A,H,-,A,A,0,NA,NA,NA,NA,Y,NA,A,01,0,0,1,0,0,0,0,0,0,-,-,33.71883010864258,-118.00669860839844,ORANGE,HUNTINGTON BEACH,-118.00662994384766,33.71868133544922
81353198,2020,2020-11-25,3010,2020-11-19,1226,1208,155,4,5,6,3010,0,0,0,NA,0,008,BOLSA CHICA ST,EDINGER AVE,342,S,N,A,-,N,NA,NA,NA,NA,NA,NA,NA,NA,NA,Y,3,0,1,2,A,-,09,21804,A,N,D,C,A,A,H,-,A,D,0,NA,NA,NA,NA,Y,NA,A,01,0,1,0,0,0,0,0,0,0,-,-,33.72983169555664,-118.04158782958984,ORANGE,HUNTINGTON BEACH,-118.04167938232422,33.72892379760742
81357967,2020,2021-11-09,3007,2020-11-27,2317,280,15,5,5,5,3007,0,0,0,NA,0,001,EDINGER AVE,LAS FLORES ST,250,E,N,A,-,N,NA,NA,NA,NA,NA,NA,NA,NA,NA,N,2,0,4,2,A,-,01,23153,A,N,C,E,A,A,H,-,C,D,0,NA,NA,NA,NA,Y,Y,A,01,1,0,3,0,0,0,0,0,0,-,-,NA,NA,ORANGE,FOUNTAIN VALLEY,-117.9489974975586,33.73063278198242
81362344,2020,2020-12-09,3015,2020-12-05,0535,1372,16E,6,5,6,3015,0,0,0,NA,0,145,COLLINS AVE,LINCOLN ST (W),77,W,N,A,-,N,NA,NA,NA,NA,NA,NA,NA,NA,NA,Y,3,0,1,2,A,-,01,23152,F,N,C,E,A,A,H,-,C,D,0,NA,NA,NA,NA,Y,NA,A,01,0,1,0,0,0,0,0,0,0,-,-,33.80223083496094,-117.83837890625,ORANGE,ORANGE,-117.83871459960938,33.80232238769531
81362493,2020,2020-12-10,3001,2020-12-03,1946,A2332,D-2,4,5,7,3001,0,0,0,NA,0,D-2,RAYMOND AVENUE,SR 91 E/B ONRAMP,0,NA,Y,A,-,N,NA,NA,NA,NA,NA,NA,NA,NA,NA,N,4,0,1,2,A,-,12,21453,A,M,A,C,A,A,H,-,C,A,0,NA,NA,NA,NA,Y,NA,A,01,0,0,1,0,0,0,0,0,0,-,-,NA,NA,ORANGE,ANAHEIM,-117.906708,33.853212
81362497,2020,2020-12-10,3001,2020-12-05,1345,A2332,D-1,6,5,7,3001,0,0,0,NA,0,D-1,EUCLID STREET,TEDMAR AVENUE,38,N,N,A,-,N,NA,NA,NA,NA,NA,NA,NA,NA,NA,N,3,0,3,2,A,-,03,22350,NA,N,C,C,A,A,H,-,A,D,0,NA,NA,Y,NA,Y,NA,C,02,0,1,2,0,0,0,0,0,2,-,-,33.82575988769531,-117.9414520263672,ORANGE,ANAHEIM,-117.94148254394533,33.82669448852539
8136271,2016,2016-10-06,3019,2016-09-05,1203,3150,NE,1,5,7,3019,0,0,0,NA,0,002,1ST ST,LYON ST,0,NA,Y,A,-,N,NA,NA,NA,NA,NA,NA,NA,NA,NA,Y,3,0,1,2,D,-,00,NA,NA,N,A,C,A,A,H,-,A,A,0,NA,NA,NA,NA,Y,NA,-,-,0,1,0,0,0,0,0,0,0,-,-,33.74545,-117.84522,ORANGE,SANTA ANA,-117.84499003,33.74560005
81362959,2020,2020-12-10,3007,2020-11-19,1954,326,45,4,5,5,3007,0,0,0,NA,0,001,BROOKHURST ST,SLATER AVE,222,S,N,A,-,N,NA,NA,NA,NA,NA,NA,NA,NA,NA,Y,4,0,1,2,A,-,04,21703,NA,N,C,C,A,A,H,-,C,A,0,NA,NA,NA,NA,Y,NA,A,01,0,0,1,0,0,0,0,0,0,-,-,NA,NA,ORANGE,FOUNTAIN VALLEY,-117.95449066162108,33.70840072631836
81364743,2020,2020-12-14,3024,2020-08-31,0451,184,P-12,1,5,5,3024,0,0,0,NA,0,WEST,BEACH BOULEVARD (SR39),23RD STREET,162,S,N,A,-,Y,NA,NA,NA,NA,NA,NA,NA,NA,NA,Y,1,1,0,2,A,-,11,21954,A,N,G,B,D,A,H,-,C,D,0,Y,NA,NA,NA,Y,NA,N,60,0,0,0,1,0,0,0,0,0,-,-,NA,NA,ORANGE,WESTMINSTER,-117.99002838134766,33.76427459716797
81364816,2020,2020-12-14,3024,2020-10-27,1117,498,P-37,2,5,5,3024,0,0,0,NA,0,EAST,EDINGER AVENUE,NEWLAND STREET,0,NA,Y,A,-,N,NA,NA,NA,NA,NA,NA,NA,NA,NA,N,4,0,1,2,A,-,10,21950,A,N,G,B,B,A,H,-,A,A,0,Y,NA,NA,NA,Y,NA,A,07,0,0,1,0,1,0,0,0,0,-,-,33.72943878173828,-117.9839096069336,ORANGE,WESTMINSTER,-117.98072814941406,33.73025131225586
81364841,2020,2020-12-14,3024,2020-11-04,0840,435,P-03,3,5,5,3024,0,0,0,NA,0,WEST,KLAMATH DRIVE,KIOWA ROAD,0,NA,Y,A,-,N,NA,NA,NA,NA,NA,NA,NA,NA,NA,Y,4,0,2,4,A,-,09,21802,A,N,D,C,A,A,H,-,A,A,0,NA,NA,NA,NA,Y,NA,A,01,0,0,2,0,0,0,0,0,0,-,-,33.76905822753906,-118.02278900146484,ORANGE,WESTMINSTER,-118.02040100097656,33.7692985534668
81366995,2020,2020-12-15,3001,2020-11-27,1549,A2332,D-3,5,5,7,3001,0,0,0,NA,0,D-3,W CASA GRANDE AVE (NORTH ALLEY),S CASA VISTA ST,48,E,N,A,-,N,NA,NA,NA,NA,NA,NA,NA,NA,NA,N,4,0,1,2,D,-,00,NA,NA,N,G,B,E,A,H,-,A,D,0,Y,NA,NA,NA,Y,NA,-,-,0,0,1,0,1,0,0,0,0,-,-,NA,NA,ORANGE,ANAHEIM,-117.92679595947266,33.80195236206055
81367020,2020,2020-12-15,3001,2020-12-11,1402,A2312,D-1,5,5,7,3001,0,0,0,NA,0,D-1,BROOKHURST STREET,BROOKMORE AVENUE,95,N,N,A,-,N,NA,NA,NA,NA,NA,NA,NA,NA,NA,Y,4,0,4,3,A,-,03,22350,NA,N,C,C,A,A,H,-,A,A,0,NA,NA,NA,NA,Y,NA,A,01,0,0,4,0,0,0,0,0,0,-,-,33.820159912109375,-117.95890045166016,ORANGE,ANAHEIM,-117.9589385986328,33.82052230834961
81368910,2020,2020-12-17,3001,2020-12-15,1351,A1825,NA,2,5,7,3001,0,0,0,NA,0,D-1,BALL ROAD,EUCLID STREET,0,NA,Y,A,-,N,NA,NA,NA,NA,NA,NA,NA,NA,NA,Y,3,0,2,2,A,-,12,21453,A,N,D,C,A,A,H,-,A,A,0,NA,NA,NA,NA,Y,NA,A,01,0,1,1,0,0,0,0,0,0,-,-,33.817100524902344,-117.94156646728516,ORANGE,ANAHEIM,-117.9415283203125,33.81800842285156
81370704,2020,2020-12-18,3001,2020-12-15,1738,A1278,D-2,2,5,7,3001,0,0,0,NA,0,NA,ANAHEIM BOULEVARD,SOUTH STREET,0,NA,Y,A,-,N,NA,NA,NA,NA,NA,NA,NA,NA,NA,Y,4,0,1,3,A,-,12,21453,A,N,D,C,A,A,H,-,C,A,0,NA,NA,NA,NA,Y,NA,A,07,0,0,1,0,0,0,0,0,0,-,-,33.82653045654297,-117.91118621826172,ORANGE,ANAHEIM,-117.91098785400392,33.82672882080078
81372687,2020,2020-12-22,3001,2020-12-17,1645,A1740,D-3,4,5,7,3001,0,0,0,NA,0,D-3,EUCLID STREET,BROADWAY,290,S,N,A,-,N,NA,NA,NA,NA,NA,NA,NA,NA,NA,Y,4,0,1,2,A,-,03,22350,NA,N,B,C,A,A,H,-,B,D,0,NA,NA,Y,NA,Y,NA,C,02,0,0,1,0,0,0,0,0,1,-,-,33.82801818847656,-117.94142150878906,ORANGE,ANAHEIM,-117.94149017333984,33.82808303833008
81374431,2020,2020-12-24,3001,2020-12-21,0729,A1252,NA,1,5,7,3001,0,0,0,NA,0,D-3,BALL ROAD,ANAHEIM BOULEVARD,10,E,N,A,-,N,NA,NA,NA,NA,NA,NA,NA,NA,NA,N,2,0,1,2,A,-,11,21950,B,N,G,B,B,A,H,-,A,A,0,Y,NA,NA,NA,Y,NA,N,60,1,0,0,0,1,0,0,0,0,-,-,33.81834030151367,-117.9079818725586,ORANGE,ANAHEIM,-117.90805816650392,33.81806945800781
81374494,2020,2020-12-24,3024,2020-11-19,1423,329,P-18,4,5,5,3024,0,0,0,NA,0,WEST,BEACH BOULEVARD (SR 39),11TH STREET,165,N,N,A,-,Y,NA,NA,NA,NA,NA,NA,NA,NA,NA,N,4,0,1,3,A,-,03,22350,NA,N,C,C,A,A,H,-,A,D,0,NA,NA,NA,NA,Y,NA,D,22,0,0,1,0,0,0,0,0,0,-,-,NA,NA,ORANGE,WESTMINSTER,-117.98971557617188,33.7542724609375
8137453,2016,2016-10-11,3001,2016-10-01,1746,2291,3,6,5,7,3001,0,0,0,NA,0,032,HARBOR BL,BALL RD,270,S,N,A,-,N,NA,NA,NA,NA,NA,NA,NA,NA,NA,N,4,0,1,2,A,-,09,21804,A,N,B,C,A,A,H,-,B,A,0,NA,NA,NA,NA,Y,NA,A,01,0,0,1,0,0,0,0,0,0,-,-,NA,NA,ORANGE,ANAHEIM,-117.91550949,33.81728982
81375139,2020,2020-12-25,3001,2020-12-23,2034,A1278,NA,3,5,7,3001,0,0,0,NA,0,D-3,BROADWAY,MANCHESTER AVENUE,39,E,N,B,G,N,NA,NA,NA,NA,NA,NA,NA,NA,NA,Y,3,0,1,2,A,-,01,23152,A,N,C,C,A,A,H,-,C,A,0,NA,NA,NA,NA,Y,Y,D,22,0,1,0,0,0,0,0,0,0,-,-,33.8294792175293,-117.93023681640624,ORANGE,ANAHEIM,-117.9299545288086,33.82946014404297
81375428,2020,2020-12-28,3024,2020-11-24,1619,162,P-24,2,5,5,3024,0,0,0,NA,0,WEST,BOLSA AVENUE,HOOVER STREET,0,NA,Y,A,-,N,NA,NA,NA,NA,NA,NA,NA,NA,NA,N,4,0,2,2,A,-,17,21451,A,N,D,C,A,A,H,-,A,A,0,NA,NA,NA,NA,Y,NA,A,01,0,0,2,0,0,0,0,0,0,-,-,33.7447395324707,-117.9982681274414,ORANGE,WESTMINSTER,-117.99830627441406,33.74462127685547
81376158,2020,2020-12-28,3014,2020-12-13,0852,1462,RD36,7,5,5,3014,0,0,0,NA,0,A3,JAMBOREE RD,BRISTOL ST (S),0,NA,Y,A,-,N,NA,NA,NA,NA,NA,NA,NA,NA,NA,N,3,0,2,2,A,-,12,21453,A,N,D,C,A,A,H,-,A,A,0,NA,NA,NA,NA,Y,NA,A,07,0,2,0,0,0,0,0,0,0,-,-,33.65480041503906,-117.86519622802734,ORANGE,NEWPORT BEACH,-117.86540985107422,33.65494918823242
81376500,2020,2020-12-29,3010,2020-12-22,0910,4094,148,2,5,6,3010,0,0,0,NA,0,009,EDINGER AVE,PLYMOUTH LN,314,W,N,A,-,N,NA,NA,NA,NA,NA,NA,NA,NA,NA,Y,4,0,1,3,A,-,09,21804,A,N,D,C,A,A,H,-,A,D,0,NA,NA,NA,NA,Y,NA,A,01,0,0,1,0,0,0,0,0,0,-,-,33.729251861572266,-118.02127838134766,ORANGE,HUNTINGTON BEACH,-118.02256774902344,33.72998809814453
81378419,2020,2020-12-31,3024,2020-11-16,1700,224,P-12,1,5,5,3024,0,0,0,NA,0,WEST,WESTMINSTER BOULEVARD,JASPERSON WAY,93,E,N,A,-,N,NA,NA,NA,NA,NA,NA,NA,NA,NA,N,4,0,1,2,A,-,10,21950,A,F,G,B,D,A,H,-,B,D,0,Y,NA,NA,NA,Y,NA,D,22,0,0,1,0,1,0,0,0,0,-,-,33.75857925415039,-117.99713897705078,ORANGE,WESTMINSTER,-117.99424743652344,33.75921630859375
81382974,2020,2021-01-07,3024,2020-12-03,0752,329,P-08,4,5,5,3024,0,0,0,NA,0,WEST,SPRINGDALE STREET,ROUTE 405 S/B OFFRAMP (S),0,NA,Y,A,G,N,NA,NA,NA,NA,NA,NA,NA,NA,NA,N,4,0,1,2,D,-,00,NA,NA,N,B,C,A,A,D,-,A,A,0,NA,NA,NA,NA,Y,NA,-,-,0,0,1,0,0,0,0,0,0,-,-,33.75978088378906,-118.0246810913086,ORANGE,WESTMINSTER,-118.024681,33.759781
81384525,2020,2021-01-11,3001,2020-12-28,1438,A2110,D-3,1,5,7,3001,0,0,0,NA,0,D-3,SANTA ANA STREET,MANCHESTER AVENUE,0,NA,Y,C,-,N,NA,NA,NA,NA,NA,NA,NA,NA,NA,Y,4,0,2,2,A,-,12,21453,A,N,A,C,A,B,H,-,A,A,0,NA,NA,NA,NA,Y,NA,A,01,0,0,2,0,0,0,0,0,0,-,-,33.82752990722656,-117.92816925048828,ORANGE,ANAHEIM,-117.92803192138672,33.827510833740234
81385599,2021,2021-01-12,3001,2021-01-10,1216,A2382,NA,7,5,7,3001,0,0,0,NA,0,D-2,EUCLID STREET,WESTMONT DRIVE,88,N,N,A,-,N,NA,NA,NA,NA,NA,NA,NA,NA,NA,N,4,0,1,2,A,-,03,22350,NA,N,C,C,A,A,H,-,A,D,0,NA,NA,NA,NA,Y,NA,A,01,0,0,1,0,0,0,0,0,0,-,-,33.836769104003906,-117.94132232666016,ORANGE,ANAHEIM,-117.94158935546876,33.83784103393555
81391050,2021,2021-01-20,3001,2021-01-16,2040,A1047,NA,6,5,7,3001,0,0,0,NA,0,D-2,SOUTH STREET,ANAHEIM BOULEVARD,15,W,N,A,-,N,NA,NA,NA,NA,NA,NA,NA,NA,NA,Y,4,0,1,1,A,-,08,22107,NA,N,E,I,A,A,H,-,C,A,0,NA,NA,NA,NA,Y,NA,A,01,0,0,1,0,0,0,0,0,0,-,-,33.82653045654297,-117.91118621826172,ORANGE,ANAHEIM,-117.91098785400392,33.82672882080078
81391053,2021,2021-01-20,3001,2021-01-19,0927,A1555,D-3,2,5,7,3001,0,0,0,NA,0,D-3,KATELLA AVENUE,WEST STREET,0,NA,Y,B,-,N,NA,NA,NA,NA,NA,NA,NA,NA,NA,Y,3,0,1,2,A,-,12,21453,A,N,D,C,A,A,H,-,A,A,0,NA,NA,NA,NA,Y,NA,A,07,0,1,0,0,0,0,0,0,0,-,-,33.803199768066406,-117.92401885986328,ORANGE,ANAHEIM,-117.92407989501952,33.80340576171875
81392727,2021,2021-01-22,3007,2021-01-19,0844,1156,37,2,5,5,3007,0,0,0,NA,0,002,EUCLID,WARNER,129,N,N,A,-,N,NA,NA,NA,NA,NA,NA,NA,NA,NA,N,4,0,1,2,A,-,08,22107,NA,M,B,C,A,A,H,-,A,D,0,NA,NA,NA,NA,Y,NA,A,01,0,0,1,0,0,0,0,0,0,-,-,NA,NA,ORANGE,FOUNTAIN VALLEY,-117.93721771240234,33.71681213378906
81398321,2020,2021-01-29,3024,2020-12-18,2044,426,P-08,5,5,5,3024,0,0,0,NA,0,WEST,SPRINGDALE STREET,WESTMINSTER BOULEVARD,210,N,N,A,-,N,NA,NA,NA,NA,NA,NA,NA,NA,NA,N,4,0,1,2,A,-,12,21453,A,N,D,G,A,A,H,-,C,A,0,NA,Y,NA,NA,Y,NA,A,07,0,0,1,0,0,0,1,0,0,-,-,33.75897979736328,-118.0246810913086,ORANGE,WESTMINSTER,-118.0246353149414,33.7596549987793
8140427,2016,2016-10-07,3020,2016-09-16,1544,362,NA,5,5,4,3020,0,0,0,NA,0,001,1 POWER SPUR,ST CLOUD,0,NA,Y,A,-,N,NA,NA,NA,NA,NA,NA,NA,NA,NA,N,4,0,1,2,A,-,10,21950,A,N,D,B,B,A,H,-,A,A,0,Y,NA,NA,NA,Y,NA,A,07,0,0,1,0,1,0,0,0,0,-,-,NA,NA,ORANGE,SEAL BEACH,NA,NA
81405634,2021,2021-02-10,3001,2021-01-15,0954,A1466,D-4,5,5,7,3001,0,0,0,NA,0,D-4,SERRANO AVENUE,BLACKWILLOW CIRCLE,285,S,N,A,-,N,NA,NA,NA,NA,NA,NA,NA,NA,NA,N,3,0,1,2,A,-,10,21950,A,N,G,B,C,A,H,-,A,A,0,Y,NA,NA,NA,Y,NA,A,01,0,1,0,0,1,0,0,0,0,-,-,33.85834884643555,-117.73722076416016,ORANGE,ANAHEIM,-117.73668670654295,33.857852935791016
8140564,2016,2016-10-07,3000,2016-09-10,1217,9881,951J4,6,5,5,3040,0,0,0,NA,0,741,STREET OF THE GOLDEN LANTERN,HIDDEN HILLS RD,0,NA,Y,A,-,N,NA,NA,NA,NA,NA,NA,NA,NA,NA,Y,4,0,1,2,A,-,12,21453,A,N,D,C,A,A,H,-,A,A,0,NA,NA,NA,NA,Y,NA,A,08,0,0,1,0,0,0,0,0,0,-,-,NA,NA,ORANGE,LAGUNA NIGUEL,-117.6851,33.52958
81406055,2021,2021-02-10,3007,2021-02-04,1913,324,52,4,5,5,3007,0,0,0,NA,0,001,TALBERT,NEWLAND,160,E,N,A,-,N,NA,NA,NA,NA,NA,NA,NA,NA,NA,Y,4,0,2,2,A,-,01,23153,A,N,C,C,A,A,H,-,C,A,0,NA,NA,NA,NA,Y,Y,A,01,0,0,2,0,0,0,0,0,0,-,-,NA,NA,ORANGE,FOUNTAIN VALLEY,-117.97986602783205,33.70119857788086
8140842,2016,2016-10-11,3001,2016-09-28,1708,2187,NA,3,5,7,3001,0,0,0,NA,0,0D3,SOUTH ANAHEIM BL,EAST BALL RD,45,S,N,A,-,N,NA,NA,NA,NA,NA,NA,NA,NA,NA,N,4,0,1,2,A,-,03,22350,A,N,C,C,A,A,H,-,A,A,0,NA,NA,NA,NA,Y,NA,D,22,0,0,1,0,0,0,0,0,0,-,-,NA,NA,ORANGE,ANAHEIM,-117.90801539,33.81795239
81413178,2021,2021-02-23,3010,2021-02-21,1545,1243,422,7,5,6,3010,0,0,0,NA,0,005,BEACH BL - SR39,YORKTOWN AVE,6,N,N,A,-,Y,NA,NA,NA,NA,NA,NA,NA,NA,NA,N,3,0,4,2,A,-,04,21703,NA,N,C,C,A,A,H,-,A,A,0,NA,NA,Y,NA,Y,NA,C,02,0,2,2,0,0,0,0,0,4,-,-,33.67927932739258,-117.98873138427734,ORANGE,HUNTINGTON BEACH,-117.98856353759766,33.6794548034668
8141387,2016,2017-02-28,3002,2016-09-13,1740,1545,425Z,2,5,4,3002,0,0,0,NA,0,014,IMPERIAL HWY,BERRY ST,0,NA,Y,A,-,Y,ORA,12,90,-,-,4.011,I,5,W,Y,4,0,1,2,A,-,12,21453,A,N,D,C,A,A,A,-,A,A,0,NA,NA,NA,NA,Y,NA,A,01,0,0,1,0,0,0,0,0,0,-,-,NA,NA,ORANGE,BREA,-117.90692255,33.91743562
8141568,2016,2016-10-11,3008,2016-08-09,1444,1158,NA,2,5,6,3008,0,0,0,NA,0,001,ORANGETHORPE AV,CITRUS,0,NA,Y,A,-,N,NA,NA,NA,NA,NA,NA,NA,NA,NA,Y,3,0,2,2,A,-,09,21802,A,N,D,C,A,A,H,-,A,A,0,NA,NA,NA,NA,Y,NA,A,01,0,2,0,0,0,0,0,0,0,-,-,NA,NA,ORANGE,FULLERTON,-117.94442012,33.85933007