CASE_ID,ACCIDENT_YEAR,PROC_DATE,JURIS,COLLISION_DATE,COLLISION_TIME,OFFICER_ID,REPORTING_DISTRICT,DAY_OF_WEEK,CHP_SHIFT,POPULATION,CNTY_CITY_LOC,SPECIAL_COND,BEAT_TYPE,CHP_BEAT_TYPE,CITY_DIVISION_LAPD,CHP_BEAT_CLASS,BEAT_NUMBER,PRIMARY_RD,SECONDARY_RD,DISTANCE,DIRECTION,INTERSECTION,WEATHER_1,WEATHER_2,STATE_HWY_IND,CALTRANS_COUNTY,CALTRANS_DISTRICT,STATE_ROUTE,ROUTE_SUFFIX,POSTMILE_PREFIX,POSTMILE,LOCATION_TYPE,RAMP_INTERSECTION,SIDE_OF_HWY,TOW_AWAY,COLLISION_SEVERITY,NUMBER_KILLED,NUMBER_INJURED,PARTY_COUNT,PRIMARY_COLL_FACTOR,PCF_CODE_OF_VIOL,PCF_VIOL_CATEGORY,PCF_VIOLATION,PCF_VIOL_SUBSECTION,HIT_AND_RUN,TYPE_OF_COLLISION,MVIW,PED_ACTION,ROAD_SURFACE,ROAD_COND_1,ROAD_COND_2,LIGHTING,CONTROL_DEVICE,CHP_ROAD_TYPE,PEDESTRIAN_ACCIDENT,BICYCLE_ACCIDENT,MOTORCYCLE_ACCIDENT,TRUCK_ACCIDENT,NOT_PRIVATE_PROPERTY,ALCOHOL_INVOLVED,STWD_VEHTYPE_AT_FAULT,CHP_VEHTYPE_AT_FAULT,COUNT_SEVERE_INJ,COUNT_VISIBLE_INJ,COUNT_COMPLAINT_PAIN,COUNT_PED_KILLED,COUNT_PED_INJURED,COUNT_BICYCLIST_KILLED,COUNT_BICYCLIST_INJURED,COUNT_MC_KILLED,COUNT_MC_INJURED,PRIMARY_RAMP,SECONDARY_RAMP,LATITUDE,LONGITUDE,COUNTY,CITY,POINT_X,POINT_Y
8148165,2016,2017-02-18,3002,2016-10-06,1224,1632,16364,4,5,4,3002,0,0,0,NA,0,014,IMPERIAL HWY,BERRY ST,0,NA,Y,A,-,Y,ORA,12,90,-,-,4.001,I,5,W,Y,4,0,1,3,A,-,03,22350,NA,N,C,C,A,A,H,-,A,A,0,NA,NA,NA,NA,Y,NA,A,07,0,0,1,0,0,0,0,0,0,-,-,NA,NA,ORANGE,BREA,-117.90709574,33.91743549
81482576,2021,2021-05-27,3019,2021-05-03,1506,3729,WE,1,5,7,3019,0,0,0,NA,0,001,MCFADDEN AVENUE,DENNIS STREET,70,S,N,A,-,N,NA,NA,NA,NA,NA,NA,NA,NA,NA,N,4,0,1,2,A,-,11,21954,A,N,G,B,E,A,H,-,A,D,0,Y,NA,NA,NA,Y,NA,N,60,0,0,1,0,1,0,0,0,0,-,-,33.738189697265625,-117.92192840576172,ORANGE,SANTA ANA,-117.92172241210938,33.738250732421875
81484560,2021,2021-05-28,3019,2021-04-20,0147,3734,SC,2,5,7,3019,0,0,0,NA,0,004,FLOWER STREET,ANAHURST PLACE,0,NA,Y,A,-,N,NA,NA,NA,NA,NA,NA,NA,NA,NA,Y,3,0,1,2,A,-,12,21453,A,N,B,C,A,A,H,-,C,A,0,NA,NA,NA,NA,Y,NA,-,-,0,1,0,0,0,0,0,0,0,-,-,33.71797180175781,-117.87689971923828,ORANGE,SANTA ANA,-117.87659454345705,33.717933654785156
81485399,2021,2021-05-31,3019,2021-05-16,1944,3637,SE,7,5,7,3019,0,0,0,NA,0,003,ROSS STREET,CUBBON STREET,0,NA,Y,B,-,N,NA,NA,NA,NA,NA,NA,NA,NA,NA,Y,3,0,2,2,A,-,12,22450,A,N,D,C,A,A,H,-,C,D,0,NA,NA,NA,NA,Y,NA,A,01,0,1,1,0,0,0,0,0,0,-,-,33.73577117919922,-117.87226104736328,ORANGE,SANTA ANA,-117.8723373413086,33.73577880859375
81485922,2021,2021-06-01,3019,2021-04-04,1732,3609,NE,7,5,7,3019,0,0,0,NA,0,002,GRAND AVENUE,SANTA CLARA AVENUE,2,S,N,A,-,N,NA,NA,NA,NA,NA,NA,NA,NA,NA,N,4,0,1,2,A,-,10,21950,A,N,G,B,B,A,H,-,A,A,0,Y,NA,NA,NA,Y,NA,A,01,0,0,1,0,1,0,0,0,0,-,-,33.766170501708984,-117.85121917724608,ORANGE,SANTA ANA,-117.85150146484376,33.76718521118164
81489170,2021,2021-06-04,3001,2021-05-23,0227,A2545,NA,7,5,7,3001,0,0,0,NA,0,D-1,BEACH BOULEVARD,STONYBROOK DRIVE,30,N,N,A,-,Y,NA,NA,NA,NA,NA,NA,NA,NA,NA,N,2,0,1,2,A,-,12,21453,A,F,G,B,B,A,H,-,C,A,0,Y,NA,NA,NA,Y,Y,A,07,1,0,0,0,1,0,0,0,0,-,-,33.82130813598633,-117.99346160888672,ORANGE,ANAHEIM,-117.9932098388672,33.8215217590332
8148999,2016,2016-10-20,3015,2016-09-06,1722,1386,43,2,5,6,3015,0,0,0,NA,0,711M,TUSTIN ST N,CHAPMAN AV E,384,N,N,A,-,N,NA,NA,NA,NA,NA,NA,NA,NA,NA,N,4,0,1,2,A,-,08,22107,NA,N,G,G,A,A,H,-,A,D,0,NA,Y,NA,NA,Y,NA,L,04,0,0,1,0,0,0,1,0,0,-,-,NA,NA,ORANGE,ORANGE,-117.83573,33.78888259
81490031,2021,2021-06-07,3001,2021-05-21,0048,A2596,D-2,5,5,7,3001,0,0,0,NA,0,D-2,HARBOR BOULEVARD,LA PALMA AVENUE,0,NA,Y,A,-,N,NA,NA,NA,NA,NA,NA,NA,NA,NA,Y,4,0,1,2,D,-,00,NA,NA,N,D,C,A,A,H,-,C,A,0,NA,NA,NA,NA,Y,NA,-,-,0,0,1,0,0,0,0,0,0,-,-,33.84722900390625,-117.9237823486328,ORANGE,ANAHEIM,-117.9238510131836,33.84720993041992
8149173,2016,2016-10-24,3019,2016-10-06,1056,3198,SE,4,5,7,3019,0,0,0,NA,0,003,MCFADDEN AV,WILLIAMS ST,0,NA,Y,A,-,N,NA,NA,NA,NA,NA,NA,NA,NA,NA,Y,4,0,1,3,A,-,03,22350,NA,N,C,C,A,A,H,-,A,D,0,NA,NA,NA,NA,Y,NA,A,07,0,0,1,0,0,0,0,0,0,-,-,33.73361,-117.83912,ORANGE,SANTA ANA,-117.83946005,33.73378009
81492598,2021,2021-06-09,3024,2021-02-02,0005,167,P-35,2,5,5,3024,0,0,0,NA,0,EAST,BOLSA AVENUE,BROOKHURST STREET,0,NA,Y,A,-,N,NA,NA,NA,NA,NA,NA,NA,NA,NA,N,3,0,1,2,A,-,10,21950,A,F,H,G,A,A,H,-,C,A,0,NA,Y,NA,NA,Y,NA,A,01,0,1,0,0,0,0,1,0,0,-,-,33.74494934082031,-117.95471954345705,ORANGE,WESTMINSTER,-117.95488739013672,33.7448616027832
81493541,2021,2021-06-10,3001,2021-05-31,2044,A1278,NA,1,5,7,3001,0,0,0,NA,0,D-1,CRESCENT AVENUE,BROOKHURST STREET,121,E,N,A,-,N,NA,NA,NA,NA,NA,NA,NA,NA,NA,N,3,0,1,2,A,-,09,21804,A,N,D,G,A,A,H,-,C,D,0,NA,Y,NA,NA,Y,NA,L,04,0,1,0,0,0,0,1,0,0,-,-,33.83955001831055,-117.95919036865234,ORANGE,ANAHEIM,-117.95865631103516,33.83980941772461
81494596,2021,2021-06-11,3001,2021-05-20,2201,A1047,NA,4,5,7,3001,0,0,0,NA,0,D-2,LA PALMA AVENUE,STATE COLLEGE BOULEVARD,247,E,N,A,-,N,NA,NA,NA,NA,NA,NA,NA,NA,NA,Y,3,0,1,1,A,-,03,22350,NA,N,F,A,A,A,H,-,C,D,0,NA,NA,Y,NA,Y,NA,C,02,0,1,0,0,0,0,0,0,1,-,-,33.847259521484375,-117.88919830322266,ORANGE,ANAHEIM,-117.88848876953124,33.84726333618164
8149499,2016,2016-10-25,3019,2016-10-04,2040,1910,SOUTH,2,5,7,3019,0,0,0,NA,0,207,LYON,MCFADDEN,9,N,N,-,-,N,NA,NA,NA,NA,NA,NA,NA,NA,NA,N,3,0,1,2,A,-,10,21950,A,M,G,B,B,A,H,-,C,A,0,Y,NA,NA,NA,Y,NA,A,01,0,1,0,0,1,0,0,0,0,-,-,NA,NA,ORANGE,SANTA ANA,-117.84498929,33.73379467
81495422,2021,2021-06-14,3022,2021-06-03,1710,1393,NA,4,5,5,3022,0,0,0,NA,0,NA,MC FADDEN AV,PASADENA AV,0,NA,Y,A,-,N,NA,NA,NA,NA,NA,NA,NA,NA,NA,N,3,0,2,2,A,-,01,23153,F,N,D,C,A,A,H,-,A,A,0,NA,NA,NA,NA,Y,NA,A,01,0,1,1,0,0,0,0,0,0,-,-,33.733768463134766,-117.83175659179688,ORANGE,TUSTIN,-117.8318099975586,33.73385238647461
81495595,2021,2021-06-14,3022,2021-06-01,1052,1326,NA,2,5,5,3022,0,0,0,NA,0,NA,MYFORD RD,HERITAGE WY,90,N,N,A,-,N,NA,NA,NA,NA,NA,NA,NA,NA,NA,Y,4,0,1,2,C,-,18,NA,NA,N,C,C,A,A,H,-,A,A,0,NA,NA,NA,NA,Y,NA,-,-,0,0,1,0,0,0,0,0,0,-,-,NA,NA,ORANGE,TUSTIN,-117.79238128662108,33.73081588745117
8149852,2016,2016-10-21,3019,2016-09-17,0922,3327,WE,6,5,7,3019,0,0,0,NA,0,001,HARBOR BL,WESTMINSTER AV,440,S,N,A,-,N,NA,NA,NA,NA,NA,NA,NA,NA,NA,N,4,0,1,1,A,-,08,22107,NA,N,F,A,A,A,H,-,A,D,0,NA,NA,Y,NA,Y,NA,C,02,0,0,1,0,0,0,0,0,1,-,-,33.75967,-117.92011,ORANGE,SANTA ANA,-117.92034,33.75973
81498941,2021,2021-06-17,3001,2021-06-04,1600,A2503,D-3,5,5,7,3001,0,0,0,NA,0,D-3,DISNEYLAND DRIVE,KATELLA AVENUE,220,N,N,A,-,N,NA,NA,NA,NA,NA,NA,NA,NA,NA,N,3,0,1,2,A,-,07,21658,A,N,B,C,A,A,H,-,A,D,0,NA,NA,Y,NA,Y,NA,A,07,0,1,0,0,0,0,0,0,1,-,-,33.803199768066406,-117.92401885986328,ORANGE,ANAHEIM,-117.92407989501952,33.804012298583984
8150086,2016,2016-10-21,3019,2016-09-24,2033,3234,SL,6,5,7,3019,0,0,0,NA,0,003,EDINGER,BRISTOL,30,W,N,A,-,N,NA,NA,NA,NA,NA,NA,NA,NA,NA,N,4,0,1,2,A,-,03,22350,NA,N,C,C,A,A,H,-,A,A,0,NA,NA,NA,NA,Y,NA,A,01,0,0,1,0,0,0,0,0,0,-,-,NA,NA,ORANGE,SANTA ANA,-117.88522843,33.72717
81502264,2021,2021-06-22,3001,2021-06-20,1550,A1231,NA,7,5,7,3001,0,0,0,NA,0,D-1,ALADDIN STREET,CATALINA AVENUE,10,N,N,A,-,N,NA,NA,NA,NA,NA,NA,NA,NA,NA,Y,3,0,1,3,A,-,03,22350,NA,N,D,E,A,A,H,-,A,D,0,NA,NA,NA,NA,Y,NA,A,01,0,1,0,0,0,0,0,0,0,-,-,33.836669921875,-117.95465850830078,ORANGE,ANAHEIM,-117.95465850830078,33.83627700805664
81502324,2021,2021-06-22,3019,2021-06-04,1243,3295,NE,5,5,7,3019,0,0,0,NA,0,002,BRISTOL STREET,17TH STREET,0,NA,Y,A,-,N,NA,NA,NA,NA,NA,NA,NA,NA,NA,N,3,0,1,2,A,-,09,21453,C,N,D,C,A,A,H,-,A,A,0,NA,NA,NA,Y,Y,NA,A,01,0,1,0,0,0,0,0,0,0,-,-,33.75944900512695,-117.88487243652344,ORANGE,SANTA ANA,-117.88507843017578,33.760135650634766
81503414,2021,2021-06-23,3001,2021-06-17,1801,A1825,NA,4,5,7,3001,0,0,0,NA,0,D-4,LAKEVIEW AVENUE,RIVERDALE AVENUE,0,NA,Y,A,-,N,NA,NA,NA,NA,NA,NA,NA,NA,NA,Y,3,0,2,2,A,-,12,21453,A,N,D,C,A,A,H,-,A,A,0,NA,NA,NA,NA,Y,NA,A,07,0,1,1,0,0,0,0,0,0,-,-,33.852779388427734,-117.81582641601563,ORANGE,ANAHEIM,-117.81585693359376,33.85279846191406
81503456,2021,2021-06-23,3019,2021-05-20,1845,3531,SE,4,5,7,3019,0,0,0,NA,0,003,MCFADDEN AVENUE,STANDARD AVENUE,500,W,N,A,-,N,NA,NA,NA,NA,NA,NA,NA,NA,NA,Y,4,0,1,3,A,-,01,23152,A,N,C,E,A,A,H,-,A,D,0,NA,NA,NA,NA,Y,Y,A,01,0,0,1,0,0,0,0,0,0,-,-,33.73332977294922,-117.85636901855467,ORANGE,SANTA ANA,-117.85804748535156,33.73359298706055
81506214,2021,2021-06-25,3001,2021-06-21,0412,A2461,D-1,1,5,7,3001,0,0,0,NA,0,D-1,MAGNOLIA AVENUE,BAYLOR CIRCLE,77,S,N,A,-,N,NA,NA,NA,NA,NA,NA,NA,NA,NA,N,3,0,1,3,A,-,03,22350,NA,N,C,E,A,A,H,-,C,A,0,NA,NA,NA,NA,Y,NA,A,01,0,1,0,0,0,0,0,0,0,-,-,NA,NA,ORANGE,ANAHEIM,-117.9760513305664,33.83795928955078
81506792,2021,2021-06-25,3014,2021-06-20,1220,1462,RD17,7,5,5,3014,0,0,0,NA,0,A2,SR-1 (W. COAST HWY.),ORANGE ST.,1330,W,N,A,-,Y,NA,NA,1,NA,NA,NA,NA,NA,NA,N,3,0,2,2,A,-,03,22350,NA,N,H,G,A,A,H,-,A,D,0,NA,Y,NA,NA,Y,NA,-,-,0,2,0,0,0,0,1,0,0,-,-,33.62989044189453,-117.95564270019533,ORANGE,NEWPORT BEACH,-117.95559692382813,33.62997817993164
81507074,2021,2021-06-28,3010,2021-06-21,1911,1243,273,1,5,6,3010,0,0,0,NA,0,006,BEACH BL - SR39,WARNER AVE,15,N,N,A,-,Y,NA,NA,NA,NA,NA,NA,NA,NA,NA,N,3,0,1,2,A,-,09,21453,B,N,D,C,A,A,H,-,A,A,0,NA,NA,Y,NA,Y,NA,A,01,0,1,0,0,0,0,0,0,1,-,-,33.71451187133789,-117.9892807006836,ORANGE,HUNTINGTON BEACH,-117.9889907836914,33.71559143066406
81507147,2021,2021-06-28,3024,2021-05-25,1811,149,P-13,2,5,5,3024,0,0,0,NA,0,EAST,NEWLAND STREET,GARO LANE,63,S,N,A,-,N,NA,NA,NA,NA,NA,NA,NA,NA,NA,Y,3,0,1,2,A,-,08,22107,NA,N,B,C,A,A,H,-,A,D,0,NA,NA,NA,NA,Y,NA,A,01,0,1,0,0,0,0,0,0,0,-,-,33.7607307434082,-117.9810791015625,ORANGE,WESTMINSTER,-117.98106384277344,33.76090621948242
81508395,2021,2021-06-29,3001,2021-06-11,1314,A1555,D-2,5,5,7,3001,0,0,0,NA,0,D-2,EAST STREET,SYCAMORE STREET,209,N,N,A,-,N,NA,NA,NA,NA,NA,NA,NA,NA,NA,Y,3,0,2,2,A,-,01,23152,A,N,C,C,A,A,H,-,A,D,0,NA,NA,NA,NA,Y,Y,A,01,0,1,1,0,0,0,0,0,0,-,-,33.841121673583984,-117.90377044677734,ORANGE,ANAHEIM,-117.90428161621094,33.842987060546875
81509242,2021,2021-06-29,3014,2021-06-19,1844,1503,RD15,6,5,5,3014,0,0,0,NA,0,A1,MC FADDEN PL,COURT ST,124,S,N,A,-,N,NA,NA,NA,NA,NA,NA,NA,NA,NA,N,4,0,1,2,A,-,03,22350,NA,N,H,B,F,A,H,-,A,D,0,Y,Y,NA,NA,Y,Y,L,04,0,0,1,0,1,0,0,0,0,-,-,33.60799026489258,-117.92859649658205,ORANGE,NEWPORT BEACH,-117.92865753173828,33.608238220214844
81512648,2021,2021-07-05,3022,2021-06-19,1535,1370,NA,6,5,5,3022,0,0,0,NA,0,NA,MAIN ST,NEWPORT AV (E),746,E,N,A,-,N,NA,NA,NA,NA,NA,NA,NA,NA,NA,N,4,0,1,2,A,-,09,21802,A,N,D,C,A,A,H,-,A,A,0,NA,NA,NA,NA,Y,NA,A,01,0,0,1,0,0,0,0,0,0,-,-,33.74203109741211,-117.81803894042967,ORANGE,TUSTIN,-117.81574249267578,33.74214172363281
81512791,2021,2021-07-05,3024,2021-05-31,2000,167,P-20,1,5,5,3024,0,0,0,NA,0,EAST,HAZARD AVENUE,NOLA STREET,0,NA,Y,A,-,N,NA,NA,NA,NA,NA,NA,NA,NA,NA,N,4,0,2,2,A,-,09,21802,A,N,D,C,A,A,H,-,B,D,0,NA,NA,NA,NA,Y,NA,A,01,0,0,2,0,0,0,0,0,0,-,-,33.75212097167969,-117.97524261474608,ORANGE,WESTMINSTER,-117.97544860839844,33.75212478637695
81514367,2021,2021-07-07,3014,2021-07-02,1628,1520,RD15,5,5,5,3014,0,0,0,NA,0,A1,21ST ST,BALBOA BLVD W.,8,N,N,A,B,N,NA,NA,NA,NA,NA,NA,NA,NA,NA,N,3,0,1,2,A,-,12,21453,A,M,D,G,A,A,H,-,A,A,0,NA,Y,NA,NA,Y,Y,L,04,0,1,0,0,0,0,1,0,0,-,-,33.60900115966797,-117.92769622802734,ORANGE,NEWPORT BEACH,-117.92870330810548,33.608219146728516
81516283,2021,2021-07-09,3001,2021-07-03,1404,A2367,D-3,6,5,7,3001,0,0,0,NA,0,D-3,STATE COLLEGE BOULEVARD,CLIFPARK WAY,0,NA,Y,A,-,N,NA,NA,NA,NA,NA,NA,NA,NA,NA,Y,4,0,2,2,A,-,09,21801,A,N,D,C,A,A,H,-,A,D,0,NA,NA,NA,NA,Y,NA,A,01,0,0,2,0,0,0,0,0,0,-,-,33.81880187988281,-117.88939666748048,ORANGE,ANAHEIM,-117.8893585205078,33.820289611816406
81516376,2021,2021-07-09,3010,2021-07-05,1404,1243,263,1,5,6,3010,0,0,0,NA,0,006,WARNER AVE,BEACH BL - SR39,58,E,N,A,-,Y,NA,NA,NA,NA,NA,NA,NA,NA,NA,N,4,0,3,2,A,-,03,22350,NA,N,C,C,A,A,H,-,A,A,0,NA,NA,NA,NA,Y,NA,A,01,0,0,3,0,0,0,0,0,0,-,-,33.71451187133789,-117.9892807006836,ORANGE,HUNTINGTON BEACH,-117.98880004882813,33.71554946899414
81516381,2021,2021-07-09,3010,2021-07-06,2102,4094,NA,2,5,6,3010,0,0,0,NA,0,NA,NEWLAND ST,ADAMS AVE,200,N,N,A,-,N,NA,NA,NA,NA,NA,NA,NA,NA,NA,N,4,0,1,1,A,-,08,22107,NA,N,F,A,A,A,H,-,C,D,0,NA,Y,NA,NA,Y,NA,L,04,0,0,1,0,0,0,1,0,0,-,-,33.670921325683594,-117.98088836669922,ORANGE,HUNTINGTON BEACH,-117.97992706298828,33.6727180480957
81516391,2021,2021-07-09,3019,2021-06-12,2046,3603,NE,6,5,7,3019,0,0,0,NA,0,002,17TH STREET,WILLIAMS STREET,590,E,N,A,-,N,NA,NA,NA,NA,NA,NA,NA,NA,NA,N,3,0,1,3,A,-,09,21801,A,N,D,C,A,A,H,-,C,A,0,NA,NA,NA,NA,Y,NA,A,07,0,1,0,0,0,0,0,0,0,-,-,33.75975036621094,-117.83905029296876,ORANGE,SANTA ANA,-117.83708190917967,33.759822845458984
8151751,2016,2016-10-26,3022,2016-10-04,1015,1284,NA,2,5,5,3022,0,0,0,NA,0,NA,FRANKLIN AV,MICHELLE DR,604,S,N,A,-,N,NA,NA,NA,NA,NA,NA,NA,NA,NA,Y,4,0,1,2,A,-,08,22102,NA,N,D,C,A,A,H,-,A,D,0,NA,NA,NA,NA,Y,NA,A,01,0,0,1,0,0,0,0,0,0,-,-,33.72231,-117.80289,ORANGE,TUSTIN,-117.80412182,33.72083264
81519611,2021,2021-07-14,3019,2021-07-01,1452,3751,SC,4,5,7,3019,0,0,0,NA,0,004,1ST STREET,BRISTOL STREET,449,W,N,A,-,N,NA,NA,NA,NA,NA,NA,NA,NA,NA,N,4,0,1,5,A,-,09,21801,A,N,D,C,A,A,H,-,A,A,0,NA,NA,NA,NA,Y,NA,D,22,0,0,1,0,0,0,0,0,0,-,-,33.7452507019043,-117.88514709472656,ORANGE,SANTA ANA,-117.88664245605467,33.74546432495117
81521589,2021,2021-07-16,3001,2021-07-10,2055,A1047,NA,6,5,7,3001,0,0,0,NA,0,D-3,CERRITOS AVENUE,ALLEC STREET,528,W,N,A,-,N,NA,NA,NA,NA,NA,NA,NA,NA,NA,Y,3,0,1,1,A,-,01,23152,A,N,E,I,A,A,H,-,C,A,0,NA,NA,NA,NA,Y,Y,A,01,0,1,0,0,0,0,0,0,0,-,-,33.81074905395508,-117.90007781982422,ORANGE,ANAHEIM,-117.90179443359376,33.81060028076172
81523996,2021,2021-07-20,3001,2021-07-19,0707,A1007,D-2,1,5,7,3001,0,0,0,NA,0,D-2,OLIVE STREET,BROADWAY,0,NA,Y,A,-,N,NA,NA,NA,NA,NA,NA,NA,NA,NA,Y,4,0,1,2,A,-,12,21453,A,N,A,C,A,A,H,-,A,A,0,NA,NA,NA,NA,Y,NA,-,-,0,0,1,0,0,0,0,0,0,-,-,33.833919525146484,-117.90947723388672,ORANGE,ANAHEIM,-117.9094467163086,33.834205627441406
81525888,2021,2021-07-21,3014,2021-07-16,1754,1520,RD53,5,5,5,3014,0,0,0,NA,0,A4,SAN MIGUEL DR,SAN JOAQUIN HILLS RD,203,N,N,A,-,N,NA,NA,NA,NA,NA,NA,NA,NA,NA,Y,4,0,1,1,A,-,08,22107,NA,N,E,I,A,A,H,-,A,D,0,NA,NA,NA,NA,Y,NA,A,01,0,0,1,0,0,0,0,0,0,-,-,33.612091064453125,-117.864501953125,ORANGE,NEWPORT BEACH,-117.86481475830078,33.6121711730957
8152597,2016,2016-10-28,3015,2016-09-11,1605,1091,77N,7,5,6,3015,0,0,0,NA,0,735,EAST LINCOLN AV,NORTH TUSTIN ST,528,W,N,A,-,N,NA,NA,NA,NA,NA,NA,NA,NA,NA,Y,3,0,1,2,A,-,09,21804,B,N,D,C,A,A,H,-,A,D,0,NA,NA,Y,NA,Y,NA,O,05,0,1,0,0,0,0,0,0,1,-,-,NA,NA,ORANGE,ORANGE,-117.83798407,33.83495
81527994,2021,2021-07-26,3019,2021-07-07,1005,3749,NE,3,5,7,3019,0,0,0,NA,0,002,MEMORY LANE,LAWSON WAY,39,E,N,A,-,N,NA,NA,NA,NA,NA,NA,NA,NA,NA,Y,3,0,1,1,C,-,18,NA,NA,N,E,J,A,A,H,-,A,A,0,NA,NA,NA,NA,Y,NA,-,-,0,1,0,0,0,0,0,0,0,-,-,33.77341079711914,-117.8628387451172,ORANGE,SANTA ANA,-117.86302185058594,33.773170471191406
81528091,2021,2021-07-26,3008,2021-05-14,1639,1571,Zone,5,5,6,3008,0,0,0,NA,0,NA,COMMONWEALTH AVE,SAN CARLOS DR,370,W,N,A,-,N,NA,NA,NA,NA,NA,NA,NA,NA,NA,Y,4,0,2,2,A,-,21,22106,NA,N,D,C,A,A,H,-,A,A,0,NA,NA,NA,NA,Y,NA,A,01,0,0,2,0,0,0,0,0,0,-,-,NA,NA,ORANGE,FULLERTON,-117.88653564453124,33.87090301513672
81529261,2021,2021-07-27,3001,2021-07-24,2005,A2635,NA,6,5,7,3001,0,0,0,NA,0,D-2,WESTMONT DRIVE,DWYER DRIVE (E),81,E,N,A,-,N,NA,NA,NA,NA,NA,NA,NA,NA,NA,Y,4,0,1,2,A,-,05,21650,NA,N,A,E,A,A,H,-,B,D,0,NA,NA,NA,NA,Y,NA,A,07,0,0,1,0,0,0,0,0,0,-,-,33.838050842285156,-117.92994689941406,ORANGE,ANAHEIM,-117.93181610107422,33.837867736816406
81529328,2021,2021-07-27,3008,2021-06-11,0212,1351,Zone,5,5,6,3008,0,0,0,NA,0,NA,ORANGETHORPE AVE,WOODS AVE,30,W,N,A,-,N,NA,NA,NA,NA,NA,NA,NA,NA,NA,N,3,0,1,2,A,-,11,21954,A,N,G,B,D,A,H,-,C,A,0,Y,NA,NA,NA,Y,NA,N,60,0,1,0,0,1,0,0,0,0,-,-,NA,NA,ORANGE,FULLERTON,-117.93708801269533,33.85918045043945
8152958,2016,2016-10-31,3008,2016-08-31,1843,1177,NA,3,5,6,3008,0,0,0,NA,0,0Z1,EUCLID ST,BASTANCHURY RD,96,N,N,A,-,N,NA,NA,NA,NA,NA,NA,NA,NA,NA,N,4,0,1,2,A,-,03,22350,NA,N,C,C,A,A,H,-,A,A,0,NA,NA,NA,NA,Y,NA,A,01,0,0,1,0,0,0,0,0,0,-,-,NA,NA,ORANGE,FULLERTON,-117.94267737,33.88926291
81530277,2021,2021-07-28,3008,2021-05-21,1800,1387,Zone,5,5,6,3008,0,0,0,NA,0,NA,GILBERT ST,ORANGETHORPE AVE,0,NA,Y,A,-,N,NA,NA,NA,NA,NA,NA,NA,NA,NA,Y,3,0,2,2,A,-,12,21453,A,N,D,C,A,A,H,-,A,A,0,NA,NA,NA,NA,Y,NA,A,01,0,1,1,0,0,0,0,0,0,-,-,NA,NA,ORANGE,FULLERTON,-117.96802520751952,33.85934829711914
81534016,2021,2021-08-02,3001,2021-07-29,0514,A1404,NA,4,5,7,3001,0,0,0,NA,0,NA,STATE COLLEGE BOULEVARD,BROADWAY,0,S,N,A,-,N,NA,NA,NA,NA,NA,NA,NA,NA,NA,Y,1,1,0,2,A,-,11,21456,C,N,G,B,D,A,D,-,C,A,0,Y,NA,NA,NA,Y,NA,N,60,0,0,0,1,0,0,0,0,0,-,-,33.83876037597656,-117.88937377929688,ORANGE,ANAHEIM,-117.88932800292967,33.838714599609375
81534103,2021,2021-08-02,3024,2021-06-26,1244,504,P-35,6,5,5,3024,0,0,0,NA,0,EAST,BROOKHURST STREET,CUNNINGHAM AVENUE,107,N,N,A,-,N,NA,NA,NA,NA,NA,NA,NA,NA,NA,N,4,0,1,2,A,-,04,21703,NA,N,C,C,A,A,H,-,A,D,0,NA,NA,NA,NA,Y,NA,A,01,0,0,1,0,0,0,0,0,0,-,-,33.73772048950195,-117.95781707763672,ORANGE,WESTMINSTER,-117.9547882080078,33.739173889160156
81534345,2021,2021-08-02,3008,2021-06-11,1649,1573,Zone,5,5,6,3008,0,0,0,NA,0,NA,RAYMOND AVE,ASH AVE (S),0,NA,Y,A,-,N,NA,NA,NA,NA,NA,NA,NA,NA,NA,Y,3,0,2,2,A,-,09,21802,A,N,D,C,A,A,H,-,A,D,0,NA,NA,NA,NA,Y,NA,A,01,0,2,0,0,0,0,0,0,0,-,-,NA,NA,ORANGE,FULLERTON,-117.90689849853516,33.86558532714844
81536240,2021,2021-08-04,3022,2021-07-25,0747,1370,NA,7,5,5,3022,0,0,0,NA,0,NA,BRYAN AV,TUSTIN RANCH RD,0,NA,Y,B,-,N,NA,NA,NA,NA,NA,NA,NA,NA,NA,N,3,0,1,2,A,-,12,21453,A,N,D,G,A,A,H,-,A,A,0,NA,Y,NA,NA,Y,NA,L,04,0,1,0,0,0,0,1,0,0,-,-,33.73065948486328,-117.79849243164063,ORANGE,TUSTIN,-117.79855346679688,33.731170654296875
8153684,2016,2016-12-29,3001,2016-10-13,1621,1410,NA,4,5,7,3001,0,0,0,NA,0,0D3,S STATE COLLEGE,HOWELL AV,10,S,N,A,-,N,NA,NA,NA,NA,NA,NA,NA,NA,NA,N,4,0,1,2,A,-,12,21453,A,N,B,C,A,A,H,-,A,A,0,NA,NA,NA,NA,Y,NA,-,-,0,0,1,0,0,0,0,0,0,-,-,NA,NA,ORANGE,ANAHEIM,-117.88922956,33.80694259