CASE_ID,ACCIDENT_YEAR,PROC_DATE,JURIS,COLLISION_DATE,COLLISION_TIME,OFFICER_ID,REPORTING_DISTRICT,DAY_OF_WEEK,CHP_SHIFT,POPULATION,CNTY_CITY_LOC,SPECIAL_COND,BEAT_TYPE,CHP_BEAT_TYPE,CITY_DIVISION_LAPD,CHP_BEAT_CLASS,BEAT_NUMBER,PRIMARY_RD,SECONDARY_RD,DISTANCE,DIRECTION,INTERSECTION,WEATHER_1,WEATHER_2,STATE_HWY_IND,CALTRANS_COUNTY,CALTRANS_DISTRICT,STATE_ROUTE,ROUTE_SUFFIX,POSTMILE_PREFIX,POSTMILE,LOCATION_TYPE,RAMP_INTERSECTION,SIDE_OF_HWY,TOW_AWAY,COLLISION_SEVERITY,NUMBER_KILLED,NUMBER_INJURED,PARTY_COUNT,PRIMARY_COLL_FACTOR,PCF_CODE_OF_VIOL,PCF_VIOL_CATEGORY,PCF_VIOLATION,PCF_VIOL_SUBSECTION,HIT_AND_RUN,TYPE_OF_COLLISION,MVIW,PED_ACTION,ROAD_SURFACE,ROAD_COND_1,ROAD_COND_2,LIGHTING,CONTROL_DEVICE,CHP_ROAD_TYPE,PEDESTRIAN_ACCIDENT,BICYCLE_ACCIDENT,MOTORCYCLE_ACCIDENT,TRUCK_ACCIDENT,NOT_PRIVATE_PROPERTY,ALCOHOL_INVOLVED,STWD_VEHTYPE_AT_FAULT,CHP_VEHTYPE_AT_FAULT,COUNT_SEVERE_INJ,COUNT_VISIBLE_INJ,COUNT_COMPLAINT_PAIN,COUNT_PED_KILLED,COUNT_PED_INJURED,COUNT_BICYCLIST_KILLED,COUNT_BICYCLIST_INJURED,COUNT_MC_KILLED,COUNT_MC_INJURED,PRIMARY_RAMP,SECONDARY_RAMP,LATITUDE,LONGITUDE,COUNTY,CITY,POINT_X,POINT_Y
82126193,2023,2023-07-26,3019,2023-07-14,1237,3439,SE,5,5,7,3019,0,0,0,NA,0,003,HICKORY STREET,WALNUT STREET,0,NA,Y,A,-,N,NA,NA,NA,NA,NA,NA,NA,NA,NA,N,4,0,2,2,A,-,09,21802,A,N,D,C,A,A,H,-,A,A,0,NA,NA,NA,NA,Y,NA,A,01,0,0,2,0,0,0,0,0,0,-,-,33.744258880615234,-117.86071014404295,ORANGE,SANTA ANA,-117.86094665527344,33.74444580078125
82136633,2023,2023-08-07,3015,2023-08-01,2058,1019,76,2,5,6,3015,0,0,0,NA,0,331,WALNUT AVE,PROSPECT ST,0,NA,Y,-,-,N,NA,NA,NA,NA,NA,NA,NA,NA,NA,N,3,0,1,2,A,-,03,22350,NA,N,B,C,A,A,H,-,C,A,0,NA,NA,Y,NA,Y,NA,C,02,0,1,0,0,0,0,0,0,1,-,-,33.79500961303711,-117.8181381225586,ORANGE,ORANGE,-117.81818389892578,33.795127868652344
82136645,2023,2023-08-07,3001,2023-08-03,547,A1007,D-2,4,5,7,3001,0,0,0,NA,0,D-2,STATE COLLEGE BOULEVARD,REDWOOD AVENUE,273,S,N,A,-,N,NA,NA,NA,NA,NA,NA,NA,NA,NA,N,4,0,2,2,A,-,09,21801,A,N,D,C,A,A,H,-,B,D,0,NA,NA,Y,NA,Y,NA,A,01,0,0,2,0,0,0,0,0,1,-,-,33.84328079223633,-117.88883209228516,ORANGE,ANAHEIM,-117.88928985595705,33.84408187866211
82139311,2023,2023-09-15,3008,2023-05-25,805,1450,ZONE,4,5,6,3008,0,0,0,NA,0,NA,ASSOCIATED RD,MILTON AVE,287,S,N,A,-,N,NA,NA,NA,NA,NA,NA,NA,NA,NA,N,4,0,1,2,A,-,03,22350,NA,M,C,C,A,A,H,-,A,D,0,NA,NA,NA,NA,Y,NA,A,01,0,0,1,0,0,0,0,0,0,-,-,NA,NA,ORANGE,FULLERTON,-117.88560485839844,33.890472412109375
82140177,2023,2023-08-10,3026,2023-07-27,1820,6352,NA,4,5,6,3026,0,0,0,NA,0,NA,RIDGELINE DRIVE,CONCORDIA E,0,NA,Y,A,-,N,NA,NA,NA,NA,NA,NA,NA,NA,NA,Y,3,0,2,2,A,-,09,21802,A,N,D,C,A,A,H,-,A,A,0,NA,NA,NA,NA,Y,NA,A,01,0,1,1,0,0,0,0,0,0,-,-,NA,NA,ORANGE,IRVINE,-117.80647277832033,33.656959533691406
82141395,2023,2023-08-11,3019,2023-06-10,1517,3778,WE,6,5,7,3019,0,0,0,NA,0,001,WESTMINSTER AVENUE,SEABOARD CIRCLE,112,E,N,A,-,N,NA,NA,NA,NA,NA,NA,NA,NA,NA,N,4,0,1,2,A,-,07,21658,A,N,B,C,A,A,H,-,A,D,0,NA,NA,NA,NA,Y,NA,A,01,0,0,1,0,0,0,0,0,0,-,-,33.759681701660156,-117.92247009277344,ORANGE,SANTA ANA,-117.92223358154295,33.75983810424805
82143611,2023,2023-08-17,3001,2023-08-11,2144,A2467,D-2,5,5,7,3001,0,0,0,NA,0,D-2,STATE COLLEGE BOULEVARD,SOUTH STREET (N),0,NA,Y,A,-,N,NA,NA,NA,NA,NA,NA,NA,NA,NA,Y,2,0,2,1,A,-,01,23153,F,F,E,I,A,A,H,-,C,A,0,NA,NA,NA,NA,Y,NA,A,01,1,1,0,0,0,0,0,0,0,-,-,33.831138610839844,-117.88910675048828,ORANGE,ANAHEIM,-117.88934326171876,33.83173751831055
82144753,2023,2023-08-16,3015,2023-08-14,957,1495,RD61,1,5,6,3015,0,0,0,NA,0,712M,MAIN ST,PROVIDENCE AVE,20,S,N,A,-,N,NA,NA,NA,NA,NA,NA,NA,NA,NA,N,4,0,4,2,A,-,09,21801,A,N,D,C,A,A,H,-,A,D,0,NA,NA,NA,NA,Y,NA,A,07,0,0,4,0,0,0,0,0,0,-,-,33.78099822998047,-117.867431640625,ORANGE,ORANGE,-117.86736297607422,33.78135681152344
82144777,2023,2023-08-16,3001,2023-08-05,2044,A1962,D-3,6,5,7,3001,0,0,0,NA,0,034,CERRITOS AVENUE,SUNKIST STREET,0,NA,Y,A,-,N,NA,NA,NA,NA,NA,NA,NA,NA,NA,Y,4,0,3,2,A,-,09,21801,A,N,D,C,A,A,H,-,C,A,0,NA,NA,NA,NA,Y,NA,A,07,0,0,3,0,0,0,0,0,0,-,-,33.8109016418457,-117.88294219970705,ORANGE,ANAHEIM,-117.88288879394533,33.81099319458008
82145282,2023,2023-09-11,3007,2023-08-13,1558,283,16,7,5,5,3007,0,0,0,NA,0,002,EDINGER,LOS GATOS,0,NA,Y,A,-,N,NA,NA,NA,NA,NA,NA,NA,NA,NA,Y,3,0,1,2,A,-,09,21804,A,N,D,C,A,A,H,-,A,A,0,NA,NA,Y,NA,Y,NA,A,01,0,1,0,0,0,0,0,0,1,-,-,NA,NA,ORANGE,FOUNTAIN VALLEY,-117.94172668457033,33.7308464050293
82145620,2023,2023-08-16,3007,2023-08-12,1610,302,44,6,5,5,3007,0,0,0,NA,0,001,SLATER,BUSHARD,0,NA,Y,A,-,N,NA,NA,NA,NA,NA,NA,NA,NA,NA,N,3,0,1,2,A,-,08,22107,NA,N,G,G,A,A,H,-,A,A,0,NA,Y,NA,NA,Y,NA,A,01,0,1,0,0,0,0,1,0,0,-,-,NA,NA,ORANGE,FOUNTAIN VALLEY,-117.96305084228516,33.7087516784668
82149292,2023,2023-08-22,3001,2023-08-11,237,A2467,D-1,5,5,7,3001,0,0,0,NA,0,D-1,MAGNOLIA AVENUE,LA PALMA AVENUE,285,S,N,B,-,N,NA,NA,NA,NA,NA,NA,NA,NA,NA,Y,3,0,3,1,A,-,01,23153,A,F,E,I,A,A,H,-,C,D,0,NA,NA,NA,NA,Y,Y,A,01,0,1,2,0,0,0,0,0,0,-,-,33.84685134887695,-117.97612762451172,ORANGE,ANAHEIM,-117.97614288330078,33.8460693359375
82150617,2023,2023-08-23,3010,2023-08-18,2254,2248,454,5,5,6,3010,0,0,0,NA,0,002,GREENFIELD LN,ALAMEDA DR (E),52,S,N,A,-,N,NA,NA,NA,NA,NA,NA,NA,NA,NA,Y,3,0,1,2,A,-,07,21658,A,N,C,E,A,A,H,-,C,D,0,NA,NA,NA,NA,Y,NA,A,01,0,1,0,0,0,0,0,0,0,-,-,33.66223907470703,-117.97299957275392,ORANGE,HUNTINGTON BEACH,-117.9747314453125,33.66316604614258
82151938,2023,2023-08-24,3019,2023-08-23,655,3881,WE,3,5,7,3019,0,0,0,NA,0,001,BRISTOL STREET,3RD STREET,12,N,N,A,-,N,NA,NA,NA,NA,NA,NA,NA,NA,NA,N,4,0,1,2,A,-,09,21802,A,N,G,B,B,A,H,-,A,A,0,Y,NA,NA,NA,Y,NA,A,07,0,0,1,0,1,0,0,0,0,-,-,33.746490478515625,-117.8852767944336,ORANGE,SANTA ANA,-117.88519287109376,33.74710464477539
82153877,2023,2023-08-25,3001,2023-08-17,1536,A2303,NA,4,5,7,3001,0,0,0,NA,0,NA,SANTA ANA CANYON ROAD,LAKEVIEW AVENUE,0,NA,Y,A,-,N,NA,NA,NA,NA,NA,NA,NA,NA,NA,Y,3,0,1,2,A,-,09,21453,C,N,D,C,A,A,H,-,A,A,0,NA,NA,NA,NA,Y,NA,A,01,0,1,0,0,0,0,0,0,0,-,-,NA,NA,ORANGE,ANAHEIM,-117.8134765625,33.84973907470703
82155093,2023,2023-08-28,3008,2023-06-16,1134,1624,ZONE,5,5,6,3008,0,0,0,NA,0,NA,HARBOR BLVD,VALENCIA MESA DR,15,S,N,B,-,N,NA,NA,NA,NA,NA,NA,NA,NA,NA,Y,3,0,1,2,A,-,12,21453,A,N,D,C,A,A,H,-,A,A,0,NA,NA,NA,NA,Y,NA,A,07,0,1,0,0,0,0,0,0,0,-,-,NA,NA,ORANGE,FULLERTON,-117.9285125732422,33.893367767333984
82157215,2023,2023-08-29,3014,2023-08-14,1919,1605,RD13,1,5,5,3014,0,0,0,NA,0,A1,W. BALBOA BLVD,8TH ST,6,E,N,A,-,N,NA,NA,NA,NA,NA,NA,NA,NA,NA,Y,2,0,1,2,A,-,09,21804,NA,F,H,G,A,A,H,-,A,D,0,NA,Y,NA,NA,Y,Y,L,04,1,0,0,0,0,0,1,0,0,-,-,33.604591369628906,-117.91049194335938,ORANGE,NEWPORT BEACH,-117.91056060791016,33.604637145996094
82157988,2023,2023-08-30,3019,2023-08-21,2125,3631,SC,1,5,7,3019,0,0,0,NA,0,004,MCFADDEN AVENUE,BRISTOL STREET,0,NA,Y,A,-,N,NA,NA,NA,NA,NA,NA,NA,NA,NA,Y,4,0,1,2,A,-,09,21801,A,N,A,C,A,A,H,-,C,D,0,NA,NA,NA,NA,Y,NA,A,01,0,0,1,0,0,0,0,0,0,-,-,33.734580993652344,-117.88507843017578,ORANGE,SANTA ANA,-117.88520050048828,33.73445510864258
82161381,2023,2023-09-04,3010,2023-08-29,1236,1208,157,2,5,6,3010,0,0,0,NA,0,008,SPRINGDALE ST,EDINGER AVE,354,S,N,A,-,N,NA,NA,NA,NA,NA,NA,NA,NA,NA,Y,4,0,2,2,A,-,09,21804,A,N,A,C,A,A,H,-,A,D,0,NA,NA,NA,NA,Y,NA,A,01,0,0,2,0,0,0,0,0,0,-,-,33.729270935058594,-118.02394104003906,ORANGE,HUNTINGTON BEACH,-118.0241928100586,33.729000091552734
82161574,2023,2023-09-05,3008,2023-07-05,2117,1627,ZONE,3,5,6,3008,0,0,0,NA,0,NA,HARBOR BLVD,CHAPMAN AVE,0,NA,Y,A,-,N,NA,NA,NA,NA,NA,NA,NA,NA,NA,Y,3,0,2,2,A,-,09,21801,A,N,A,C,A,A,H,-,C,A,0,NA,NA,NA,NA,Y,NA,A,01,0,1,1,0,0,0,0,0,0,-,-,NA,NA,ORANGE,FULLERTON,-117.9243392944336,33.873931884765625
82164084,2023,2023-09-07,3010,2023-08-31,1508,0147,349,4,5,6,3010,0,0,0,NA,0,004,PACIFIC COAST HWY - SR1,16TH ST (S),24,S,N,A,-,Y,ORA,NA,1,NA,NA,25.464,H,NA,R,Y,2,0,3,2,A,-,08,22107,NA,N,C,E,A,A,H,-,A,D,0,NA,NA,NA,NA,Y,NA,A,07,1,1,1,0,0,0,0,0,0,-,-,33.664188385009766,-118.01174926757813,ORANGE,HUNTINGTON BEACH,-118.0116958618164,33.664241790771484
82164089,2023,2023-09-07,3010,2023-09-01,1742,1261,139,5,5,6,3010,0,0,0,NA,0,009,BOLSA AVE,VICTORIA LN,0,NA,Y,B,-,N,NA,NA,NA,NA,NA,NA,NA,NA,NA,N,3,0,2,2,D,-,00,NA,NA,N,D,C,A,A,H,-,A,B,0,NA,NA,NA,NA,Y,NA,-,-,0,1,1,0,0,0,0,0,0,-,-,33.744380950927734,-118.01138305664063,ORANGE,HUNTINGTON BEACH,-118.0114517211914,33.744483947753906
82165185,2023,2023-09-08,3016,2023-08-18,2241,1306,18,5,5,5,3016,0,0,0,NA,0,002,CHAPMAN AVENUE,KRAEMER BOULEVARD,31,W,N,A,-,N,NA,NA,NA,NA,NA,NA,NA,NA,NA,N,3,0,1,2,A,-,03,22350,NA,N,C,C,A,A,H,-,C,A,0,NA,NA,NA,NA,Y,NA,A,01,0,1,0,0,0,0,0,0,0,-,-,33.870880126953125,-117.8622817993164,ORANGE,PLACENTIA,-117.86295318603516,33.87101364135742
82166146,2023,2023-09-11,3015,2023-08-04,1952,1731,RD54,5,5,6,3015,0,0,0,NA,0,003,CHAPMAN AVE,HEWES ST,0,NA,Y,A,-,N,NA,NA,NA,NA,NA,NA,NA,NA,NA,Y,3,0,2,2,A,-,09,21804,A,N,D,C,A,A,H,-,C,A,0,NA,NA,NA,NA,Y,NA,A,01,0,1,1,0,0,0,0,0,0,-,-,33.78779983520508,-117.8057098388672,ORANGE,ORANGE,-117.8057098388672,33.78773880004883
82166573,2023,2023-09-15,3022,2023-08-04,855,1404,NA,5,5,5,3022,0,0,0,NA,0,NA,RED HILL AV,WARNER AV,0,NA,Y,A,-,N,NA,NA,NA,NA,NA,NA,NA,NA,NA,N,4,0,1,2,A,-,08,22107,NA,N,C,C,A,A,H,-,A,D,0,NA,NA,NA,NA,Y,NA,A,01,0,0,1,0,0,0,0,0,0,-,-,33.71123123168945,-117.83805847167967,ORANGE,TUSTIN,-117.83773040771484,33.71120834350586
82167631,2023,2023-09-12,3015,2023-09-06,1835,1336,RD24,3,5,6,3015,0,0,0,NA,0,722M,CHAPMAN AVE,YORBA ST,0,NA,Y,A,-,N,NA,NA,NA,NA,NA,NA,NA,NA,NA,Y,3,0,2,2,A,-,12,21453,A,N,A,C,A,A,H,-,B,A,0,NA,NA,NA,NA,Y,NA,A,01,0,2,0,0,0,0,0,0,0,-,-,33.786888122558594,-117.82708740234376,ORANGE,ORANGE,-117.82707977294922,33.78782653808594
82167751,2023,2023-09-12,3008,2023-06-13,1222,1664,ZONE,2,5,6,3008,0,0,0,NA,0,NA,BROOKHURST RD,PAGE AVE,445,N,N,A,-,N,NA,NA,NA,NA,NA,NA,NA,NA,NA,Y,3,0,1,2,A,-,03,22350,NA,N,C,C,A,A,H,-,A,D,0,NA,NA,NA,NA,Y,NA,A,07,0,1,0,0,0,0,0,0,0,-,-,NA,NA,ORANGE,FULLERTON,-117.95928192138672,33.857398986816406
82171738,2023,2023-09-18,3024,2023-07-21,2209,509,P-27,5,5,5,3024,0,0,0,NA,0,EAST,MAGNOLIA STREET,BOLSA AVENUE,26,N,N,A,-,N,NA,NA,NA,NA,NA,NA,NA,NA,NA,N,4,0,1,2,A,-,08,22107,NA,F,B,C,A,A,H,-,C,A,0,NA,NA,NA,NA,Y,NA,A,01,0,0,1,0,0,0,0,0,0,-,-,33.74483108520508,-117.97222137451172,ORANGE,WESTMINSTER,-117.97225952148438,33.74489974975586
82174161,2023,2023-09-21,3001,2023-08-27,1243,A2540,D-4,7,5,7,3001,0,0,0,NA,0,D-4,LA PALMA AVENUE,CHANTILLY STREET,0,NA,Y,A,-,N,NA,NA,NA,NA,NA,NA,NA,NA,NA,Y,4,0,2,2,A,-,12,21453,A,N,D,C,A,A,H,-,A,A,0,NA,NA,NA,NA,Y,NA,A,01,0,0,2,0,0,0,0,0,0,-,-,33.84709930419922,-117.87458038330078,ORANGE,ANAHEIM,-117.87462615966795,33.8472900390625
82175509,2023,2023-09-21,3001,2023-09-08,1712,A2332,D-4,5,5,7,3001,0,0,0,NA,0,D-4,LA PALMA AVENUE,WOODGLEN DRIVE,47,E,N,A,-,N,NA,NA,NA,NA,NA,NA,NA,NA,NA,Y,3,0,3,3,A,-,03,22350,NA,N,C,C,A,A,H,-,A,D,0,NA,NA,NA,NA,Y,NA,D,22,0,1,2,0,0,0,0,0,0,-,-,NA,NA,ORANGE,ANAHEIM,-117.75820159912108,33.873252868652344
82175523,2023,2023-09-22,3001,2023-09-12,1556,A2886,NA,2,5,7,3001,0,0,0,NA,0,D-1,KATELLA AVENUE,WILLIAM MILLER DRIVE,68,W,N,A,-,N,NA,NA,NA,NA,NA,NA,NA,NA,NA,Y,4,0,1,3,A,-,03,22350,NA,M,C,C,A,A,H,-,A,D,0,NA,NA,NA,NA,Y,NA,A,01,0,0,1,0,0,0,0,0,0,-,-,33.802490234375,-117.95761108398438,ORANGE,ANAHEIM,-117.95742034912108,33.80322265625
82175706,2023,2023-09-22,3024,2023-08-04,1442,544,P-23,5,5,5,3024,0,0,0,NA,0,WEST,HOOVER STREET,BOLSA AVENUE,875,N,N,A,-,N,NA,NA,NA,NA,NA,NA,NA,NA,NA,Y,4,0,2,2,A,-,03,22350,NA,N,D,C,A,A,H,-,A,D,0,NA,NA,NA,NA,Y,NA,A,01,0,0,2,0,0,0,0,0,0,-,-,33.74407958984375,-118.00119018554688,ORANGE,WESTMINSTER,-117.9983367919922,33.74702072143555
82176705,2023,2023-09-22,3010,2023-09-20,1506,3042,168,3,5,6,3010,0,0,0,NA,0,007,EDWARDS ST,HEIL AVE,35,S,N,A,-,N,NA,NA,NA,NA,NA,NA,NA,NA,NA,N,4,0,1,2,A,-,05,21650,1,N,D,G,A,A,H,-,A,A,0,NA,Y,NA,NA,Y,NA,M,91,0,0,1,0,0,0,1,0,0,-,-,33.72195053100586,-118.01528930664063,ORANGE,HUNTINGTON BEACH,-118.01548767089844,33.7226448059082
82180619,2023,2023-09-27,3015,2023-09-21,1817,1545,RD31,4,5,6,3015,0,0,0,NA,0,721M,GARDEN GROVE BLVD,THE CITY DR,330,W,N,A,-,Y,NA,NA,NA,NA,NA,NA,NA,NA,NA,N,4,0,1,2,A,-,08,22107,NA,M,B,C,A,A,H,-,A,D,0,NA,NA,NA,NA,Y,NA,A,07,0,0,1,0,0,0,0,0,0,-,-,33.774330139160156,-117.89066314697266,ORANGE,ORANGE,-117.890869140625,33.774444580078125
82182082,2023,2023-09-28,3001,2023-09-17,2016,A1962,NA,7,5,7,3001,0,0,0,NA,0,NA,HARBOR BOULEVARD,BALL ROAD,0,NA,Y,B,-,N,NA,NA,NA,NA,NA,NA,NA,NA,NA,Y,4,0,1,2,A,-,09,21800,D,N,D,C,A,A,H,-,E,B,0,NA,NA,NA,NA,Y,NA,A,01,0,0,1,0,0,0,0,0,0,-,-,33.817840576171875,-117.91510009765624,ORANGE,ANAHEIM,-117.91549682617188,33.818031311035156
82188462,2023,2023-10-03,3001,2023-09-26,835,A1068,NA,2,5,7,3001,0,0,0,NA,0,NA,GOLF GLEN DRIVE,NOHL RANCH ROAD,176,W,N,A,-,N,NA,NA,NA,NA,NA,NA,NA,NA,NA,N,3,0,1,2,D,-,00,NA,NA,N,G,B,E,A,H,-,A,D,0,Y,NA,NA,NA,Y,NA,-,-,0,1,0,0,1,0,0,0,0,-,-,NA,NA,ORANGE,ANAHEIM,-117.76383972167967,33.8372917175293
82188465,2023,2023-10-03,3001,2023-09-20,1744,A1278,NA,3,5,7,3001,0,0,0,NA,0,D-2,SOUTH STREET,DAKOTA STREET,0,NA,Y,A,-,N,NA,NA,NA,NA,NA,NA,NA,NA,NA,Y,4,0,1,2,A,-,09,21802,A,N,D,C,A,A,H,-,A,A,0,NA,NA,NA,NA,Y,NA,A,07,0,0,1,0,0,0,0,0,0,-,-,NA,NA,ORANGE,ANAHEIM,-117.90473175048828,33.828182220458984
82188473,2023,2023-10-03,3001,2023-09-25,1848,A2292,NA,1,5,7,3001,0,0,0,NA,0,NA,LA REINA STREET,CRESCENT AVENUE,60,N,N,A,-,N,NA,NA,NA,NA,NA,NA,NA,NA,NA,N,3,0,1,2,A,-,16,24002,A,N,G,B,E,A,H,-,C,D,0,Y,NA,NA,NA,Y,NA,A,01,0,1,0,0,1,0,0,0,0,-,-,33.83919906616211,-117.97969818115234,ORANGE,ANAHEIM,-117.97999572753906,33.83967590332031
82189546,2023,2023-10-03,3014,2023-09-19,2053,1532,RD34,2,5,5,3014,0,0,0,NA,0,A3,DOVE ST,CAMPUS DR,0,NA,Y,A,-,N,NA,NA,NA,NA,NA,NA,NA,NA,NA,Y,3,0,2,3,A,-,12,21453,A,N,D,C,A,A,H,-,C,A,0,NA,NA,NA,NA,Y,NA,A,07,0,2,0,0,0,0,0,0,0,-,-,33.66748809814453,-117.86978912353516,ORANGE,NEWPORT BEACH,-117.86997222900392,33.66758728027344
82191497,2023,2023-10-05,3001,2023-10-03,1405,A1068,D-4,2,5,7,3001,0,0,0,NA,0,D-4,SERRANO AVENUE,OAK CANYON DRIVE,0,NA,Y,A,-,N,NA,NA,NA,NA,NA,NA,NA,NA,NA,Y,4,0,2,2,A,-,09,21801,A,N,D,C,A,A,H,-,A,A,0,NA,NA,NA,NA,Y,NA,I,11,0,0,2,0,0,0,0,0,0,-,-,NA,NA,ORANGE,ANAHEIM,-117.73516082763672,33.85512924194336
82194019,2023,2023-10-09,3008,2023-08-07,1411,1407,ZONE,1,5,6,3008,0,0,0,NA,0,NA,HARBOR BLVD,LAS PALMAS DR,40,N,N,A,-,N,NA,NA,NA,NA,NA,NA,NA,NA,NA,N,4,0,1,2,A,-,03,22350,NA,N,C,C,A,A,H,-,A,A,0,NA,NA,NA,NA,Y,NA,A,01,0,0,1,0,0,0,0,0,0,-,-,NA,NA,ORANGE,FULLERTON,-117.9314422607422,33.91214370727539
82194872,2023,2023-10-11,3001,2023-09-15,838,A1404,D-2,5,5,7,3001,0,0,0,NA,0,D-2,CARLETON AVENUE,PEARL STREET,159,S,N,B,-,N,NA,NA,NA,NA,NA,NA,NA,NA,NA,Y,3,0,1,2,A,-,21,22106,NA,N,D,C,A,A,H,-,A,D,0,NA,NA,NA,NA,Y,NA,D,22,0,1,0,0,0,0,0,0,0,-,-,33.83454132080078,-117.92910003662108,ORANGE,ANAHEIM,-117.92904663085938,33.83406448364258
82195793,2023,2023-10-11,3026,2023-10-01,1507,11923,NA,7,5,6,3026,0,0,0,NA,0,004,IRVINE CENTER DR,CULVER DR,20,W,N,B,-,N,NA,NA,NA,NA,NA,NA,NA,NA,NA,Y,3,0,2,2,A,-,08,22107,NA,N,G,B,D,A,H,-,A,A,0,Y,NA,NA,NA,Y,NA,A,01,0,1,1,0,1,0,0,0,0,-,-,33.693580627441406,-117.79888153076172,ORANGE,IRVINE,-117.79908752441406,33.693607330322266
82195884,2023,2023-10-11,3019,2023-09-18,1759,3631,SC,1,5,7,3019,0,0,0,NA,0,004,HARBOR BOULEVARD,SEGERSTROM AVENUE,575,N,N,A,-,N,NA,NA,NA,NA,NA,NA,NA,NA,NA,N,4,0,1,3,A,-,04,21703,NA,N,C,C,A,A,H,-,A,A,0,NA,NA,NA,NA,Y,NA,A,01,0,0,1,0,0,0,0,0,0,-,-,33.70886993408203,-117.92003631591795,ORANGE,SANTA ANA,-117.91976928710938,33.710227966308594
82195895,2023,2023-10-11,3019,2023-09-30,537,3777,SE,6,5,7,3019,0,0,0,NA,0,002,GRAND AVENUE,WILSHIRE AVENUE,200,N,N,A,-,N,NA,NA,NA,NA,NA,NA,NA,NA,NA,N,4,0,1,2,A,-,11,21954,A,N,G,B,D,A,H,-,D,D,0,Y,NA,NA,NA,Y,Y,N,60,0,0,1,0,1,0,0,0,0,-,-,33.72898864746094,-117.85025024414063,ORANGE,SANTA ANA,-117.85044860839844,33.72959899902344
82197920,2023,2023-10-16,3001,2023-09-27,2342,A1996,D-3,3,5,7,3001,0,0,0,NA,0,NA,DISNEY WAY,CLEMENTINE STREET,0,NA,Y,A,-,N,NA,NA,NA,NA,NA,NA,NA,NA,NA,N,4,0,1,2,D,-,00,NA,NA,M,G,B,B,A,H,-,C,A,0,Y,NA,NA,NA,Y,NA,-,-,0,0,1,0,1,0,0,0,0,-,-,33.807220458984375,-117.9101333618164,ORANGE,ANAHEIM,-117.91007232666016,33.806968688964844
82198009,2023,2023-10-13,3010,2023-10-07,1805,1118,318,6,5,6,3010,0,0,0,NA,0,005,EDWARDS ST,ELLIS AVE,40,S,N,A,-,N,NA,NA,NA,NA,NA,NA,NA,NA,NA,N,3,0,1,2,A,-,04,21703,NA,N,C,G,A,A,H,-,A,A,0,NA,Y,NA,NA,Y,NA,M,91,0,1,0,0,0,0,1,0,0,-,-,33.693580627441406,-118.0152587890625,ORANGE,HUNTINGTON BEACH,-118.01496887207033,33.693511962890625
82199148,2023,2023-10-16,3019,2023-09-29,1546,3893,SE,5,5,7,3019,0,0,0,NA,0,003,WALNUT STREET,STANDARD AVENUE,0,NA,Y,A,-,N,NA,NA,NA,NA,NA,NA,NA,NA,NA,Y,4,0,1,3,A,-,09,21802,A,N,D,C,A,A,H,-,A,D,0,NA,NA,NA,NA,Y,NA,A,07,0,0,1,0,0,0,0,0,0,-,-,33.74460983276367,-117.85723876953124,ORANGE,SANTA ANA,-117.8569793701172,33.744510650634766
82199171,2023,2023-10-16,3019,2023-10-10,846,3891,NE,2,5,7,3019,0,0,0,NA,0,002,BROADWAY,SANTA CLARA AVENUE,0,NA,Y,A,-,N,NA,NA,NA,NA,NA,NA,NA,NA,NA,Y,3,0,2,2,A,-,12,21453,A,N,D,C,A,A,H,-,A,A,0,NA,NA,NA,NA,Y,NA,A,01,0,1,1,0,0,0,0,0,0,-,-,33.76607894897461,-117.86924743652344,ORANGE,SANTA ANA,-117.86952972412108,33.766849517822266
82201671,2023,2023-10-18,3015,2023-09-27,1925,1694,RD45,3,5,6,3015,0,0,0,NA,0,121,KATELLA AVE,GLASSELL ST,100,W,N,A,-,N,NA,NA,NA,NA,NA,NA,NA,NA,NA,N,4,0,1,2,A,-,09,21804,A,N,D,C,A,A,H,-,B,A,0,NA,NA,NA,NA,Y,NA,D,22,0,0,1,0,0,0,0,0,0,-,-,33.809078216552734,-117.85301971435548,ORANGE,ORANGE,-117.85334777832033,33.80908966064453
82204356,2023,2023-10-20,3016,2023-09-20,1714,1299,1,3,5,5,3016,0,0,0,NA,0,001,KRAEMER BOULEVARD,GOLDEN AVENUE,17,S,Y,-,-,N,NA,NA,NA,NA,NA,NA,NA,NA,NA,N,3,0,1,2,A,-,10,21950,A,N,G,B,B,A,H,-,A,A,0,Y,NA,NA,NA,Y,NA,A,01,0,1,0,0,1,0,0,0,0,-,-,33.9033088684082,-117.86267852783205,ORANGE,PLACENTIA,-117.86382293701172,33.90371322631836