CASE_ID,ACCIDENT_YEAR,PROC_DATE,JURIS,COLLISION_DATE,COLLISION_TIME,OFFICER_ID,REPORTING_DISTRICT,DAY_OF_WEEK,CHP_SHIFT,POPULATION,CNTY_CITY_LOC,SPECIAL_COND,BEAT_TYPE,CHP_BEAT_TYPE,CITY_DIVISION_LAPD,CHP_BEAT_CLASS,BEAT_NUMBER,PRIMARY_RD,SECONDARY_RD,DISTANCE,DIRECTION,INTERSECTION,WEATHER_1,WEATHER_2,STATE_HWY_IND,CALTRANS_COUNTY,CALTRANS_DISTRICT,STATE_ROUTE,ROUTE_SUFFIX,POSTMILE_PREFIX,POSTMILE,LOCATION_TYPE,RAMP_INTERSECTION,SIDE_OF_HWY,TOW_AWAY,COLLISION_SEVERITY,NUMBER_KILLED,NUMBER_INJURED,PARTY_COUNT,PRIMARY_COLL_FACTOR,PCF_CODE_OF_VIOL,PCF_VIOL_CATEGORY,PCF_VIOLATION,PCF_VIOL_SUBSECTION,HIT_AND_RUN,TYPE_OF_COLLISION,MVIW,PED_ACTION,ROAD_SURFACE,ROAD_COND_1,ROAD_COND_2,LIGHTING,CONTROL_DEVICE,CHP_ROAD_TYPE,PEDESTRIAN_ACCIDENT,BICYCLE_ACCIDENT,MOTORCYCLE_ACCIDENT,TRUCK_ACCIDENT,NOT_PRIVATE_PROPERTY,ALCOHOL_INVOLVED,STWD_VEHTYPE_AT_FAULT,CHP_VEHTYPE_AT_FAULT,COUNT_SEVERE_INJ,COUNT_VISIBLE_INJ,COUNT_COMPLAINT_PAIN,COUNT_PED_KILLED,COUNT_PED_INJURED,COUNT_BICYCLIST_KILLED,COUNT_BICYCLIST_INJURED,COUNT_MC_KILLED,COUNT_MC_INJURED,PRIMARY_RAMP,SECONDARY_RAMP,LATITUDE,LONGITUDE,COUNTY,CITY,POINT_X,POINT_Y
8358846,2017,2017-05-05,3008,2017-01-02,1249,869,NA,1,5,6,3008,0,0,0,NA,0,NA,GILBERT ST,OLIVE AV,8,S,N,B,-,N,NA,NA,NA,NA,NA,NA,NA,NA,NA,N,4,0,2,2,A,-,03,22350,NA,N,C,C,A,A,H,-,A,D,0,NA,NA,NA,NA,Y,NA,A,01,0,0,2,0,0,0,0,0,0,-,-,NA,NA,ORANGE,FULLERTON,-117.96804962,33.86233807
8358850,2017,2017-05-05,3008,2017-01-03,1457,1117,NA,2,5,6,3008,0,0,0,NA,0,0Z3,COMMONWEALTH AV,COLLEGE PL,0,NA,Y,B,-,N,NA,NA,NA,NA,NA,NA,NA,NA,NA,Y,4,0,2,2,A,-,09,21802,A,N,D,C,A,A,H,-,A,D,0,NA,NA,NA,NA,Y,NA,A,01,0,0,2,0,0,0,0,0,0,-,-,NA,NA,ORANGE,FULLERTON,-117.8843001,33.87570008
8362558,2017,2017-05-10,3013,2017-04-01,0834,199,NA,6,5,3,3013,0,0,0,NA,0,NA,KATELLA AV,SIBONEY ST,0,NA,Y,A,-,N,NA,NA,NA,NA,NA,NA,NA,NA,NA,N,2,0,1,2,A,-,12,21453,A,N,D,C,A,A,H,-,A,A,0,NA,NA,NA,NA,Y,NA,A,01,1,0,0,0,0,0,0,0,0,-,-,NA,NA,ORANGE,LOS ALAMITOS,-118.04365002,33.8029301
8362570,2017,2017-05-11,3014,2017-04-27,1157,1046,RD36,4,5,5,3014,0,0,0,NA,0,0A3,JAMBOREE RD,CAMELBACK ST,5,N,N,A,-,N,NA,NA,NA,NA,NA,NA,NA,NA,NA,Y,4,0,3,3,A,-,03,22350,NA,N,C,C,A,A,C,-,A,D,0,NA,NA,NA,NA,Y,NA,A,01,0,0,3,0,0,0,0,0,0,-,-,33.6431,-117.8678,ORANGE,NEWPORT BEACH,-117.867936,33.643136
8363045,2017,2017-06-08,3010,2017-04-23,1812,1226,264,7,5,6,3010,0,0,0,NA,0,006,ARNETT DR,NEWLAND,160,E,N,A,-,N,NA,NA,NA,NA,NA,NA,NA,NA,NA,N,4,0,1,1,A,-,01,23152,A,M,E,I,A,A,H,-,A,-,0,NA,NA,NA,NA,Y,Y,A,01,0,0,1,0,0,0,0,0,0,-,-,NA,NA,ORANGE,HUNTINGTON BEACH,-117.98006518,33.71813984
8363350,2017,2017-05-15,3000,2017-03-16,1328,9696,922B7,4,5,5,3040,0,0,0,NA,0,751,CAMINO CAPISTRANO,CROWN VALLEY PKWY,2621,N,N,A,-,N,NA,NA,NA,NA,NA,NA,NA,NA,NA,Y,4,0,1,1,A,-,03,22350,NA,N,F,A,A,A,H,-,A,D,0,NA,NA,Y,NA,Y,NA,C,02,0,0,1,0,0,0,0,0,1,-,-,NA,NA,ORANGE,LAGUNA NIGUEL,-117.6739568,33.56605316
8363420,2017,2017-05-16,3015,2017-04-09,1316,1098,17E,7,5,6,3015,0,0,0,NA,0,731,E TAFT AV,NORTH TUSTIN ST,318,W,N,A,-,N,NA,NA,NA,NA,NA,NA,NA,NA,NA,N,4,0,1,2,A,-,07,21658,A,N,B,C,A,A,H,-,A,D,0,NA,NA,NA,NA,Y,NA,D,22,0,0,1,0,0,0,0,0,0,-,-,NA,NA,ORANGE,ORANGE,-117.83592,33.81746
8364172,2017,2017-05-24,3019,2017-04-09,1027,3439,WE,7,5,7,3019,0,0,0,NA,0,001,FAIRVIEW AV,CIVIC CENTER DR,160,N,N,A,-,N,NA,NA,NA,NA,NA,NA,NA,NA,NA,Y,3,0,1,2,A,-,08,22107,NA,N,B,C,A,A,H,-,A,D,0,NA,NA,NA,NA,Y,NA,A,07,0,1,0,0,0,0,0,0,0,-,-,NA,NA,ORANGE,SANTA ANA,-117.90297452,33.75187323
8364474,2017,2017-06-14,3016,2017-04-14,1256,1241,26,5,5,5,3016,0,0,0,NA,0,002,ORANGETHORPE AV,MELROSE ST,0,NA,Y,A,-,N,NA,NA,NA,NA,NA,NA,NA,NA,NA,Y,3,0,2,2,A,-,12,21453,A,N,D,C,A,A,H,-,A,A,0,NA,NA,NA,NA,Y,NA,-,-,0,1,1,0,0,0,0,0,0,-,-,NA,NA,ORANGE,PLACENTIA,-117.87483007,33.86191011
8365375,2017,2017-05-15,3011,2017-04-22,1643,31430,36,6,5,4,3011,0,0,0,NA,0,002,GLENNEYRE ST,MERMAID ST,100,S,N,A,-,N,NA,NA,NA,NA,NA,NA,NA,NA,NA,N,3,0,1,4,A,-,02,21654,A,N,G,B,E,A,H,-,A,D,0,Y,NA,NA,NA,Y,Y,N,60,0,1,0,0,1,0,0,0,0,-,-,NA,NA,ORANGE,LAGUNA BEACH,-117.78226603,33.54224007
8365407,2017,2017-05-16,3003,2017-05-01,1120,665,23,1,5,5,3003,0,0,0,NA,0,008,LA PALMA AV,CAMELLIA DR,13,E,N,A,-,N,NA,NA,NA,NA,NA,NA,NA,NA,NA,Y,4,0,2,2,A,-,08,22107,NA,N,B,C,A,A,H,-,A,D,0,NA,NA,NA,NA,Y,NA,A,01,0,0,2,0,0,0,0,0,0,-,-,33.8466,-117.9918,ORANGE,BUENA PARK,-117.99176728,33.8469
8367681,2017,2017-05-23,3024,2017-04-08,1819,363,P16,6,5,5,3024,0,0,0,NA,0,WEST,GOLDENWEST ST,WESTMINSTER BL,225,S,N,A,-,N,NA,NA,NA,NA,NA,NA,NA,NA,NA,Y,3,0,2,2,A,-,03,22350,NA,N,D,D,A,A,H,-,A,D,0,NA,NA,NA,NA,Y,NA,A,01,0,2,0,0,0,0,0,0,0,-,-,NA,NA,ORANGE,WESTMINSTER,-118.00716178,33.75852313
8367685,2017,2017-05-23,3024,2017-04-16,1018,155,P40,7,5,5,3024,0,0,0,NA,0,EAST,BROOKHURST ST,MARGO LN,127,N,N,A,-,N,NA,NA,NA,NA,NA,NA,NA,NA,NA,N,3,0,1,2,A,-,09,21804,NA,N,D,G,A,A,H,-,A,D,0,NA,Y,NA,NA,Y,NA,A,01,0,1,0,0,0,0,1,0,0,-,-,NA,NA,ORANGE,WESTMINSTER,-117.95481,33.73474809
8368093,2017,2017-05-18,3019,2017-04-21,1815,3490,WE,5,5,7,3019,0,0,0,NA,0,001,BRISTOL ST,SANTA ANA BL,0,NA,Y,A,-,N,NA,NA,NA,NA,NA,NA,NA,NA,NA,Y,3,0,3,3,A,-,12,21453,A,N,D,C,A,A,H,-,A,A,0,NA,NA,NA,NA,Y,NA,A,01,0,3,0,0,0,0,0,0,0,-,-,33.74774,-117.8851,ORANGE,SANTA ANA,-117.88517012,33.74794004
8368103,2017,2017-06-01,3022,2017-05-04,1528,1154,SOUTH,4,5,5,3022,0,0,0,NA,0,NA,MC FADDEN,PASADENA AV,135,W,N,A,-,N,NA,NA,NA,NA,NA,NA,NA,NA,NA,Y,4,0,1,3,A,-,03,22350,NA,N,C,C,A,A,H,-,A,D,0,NA,NA,NA,NA,Y,NA,A,07,0,0,1,0,0,0,0,0,0,-,-,33.73377,-117.83176,ORANGE,TUSTIN,-117.83225281,33.73384106
8368137,2017,2017-05-18,3019,2017-04-14,0605,2647,NA,5,5,7,3019,0,0,0,NA,0,NA,EDINGER AV,FLOWER ST,14,W,N,A,-,N,NA,NA,NA,NA,NA,NA,NA,NA,NA,N,4,0,1,2,A,-,11,21456,A,N,G,B,B,A,H,-,B,A,0,Y,NA,NA,NA,Y,NA,N,60,0,0,1,0,1,0,0,0,0,-,-,33.72726,-117.87669,ORANGE,SANTA ANA,-117.87661592,33.72721092
8368211,2017,2017-05-22,3009,2017-04-30,1717,3826,NA,7,5,6,3009,0,0,0,NA,0,021,EUCLID ST,GARDEN GROVE BL,0,NA,Y,A,-,N,NA,NA,NA,NA,NA,NA,NA,NA,NA,Y,3,0,1,3,A,-,12,21453,A,N,D,C,A,A,H,-,A,A,0,NA,NA,Y,NA,Y,NA,D,22,0,1,0,0,0,0,0,0,1,-,-,NA,NA,ORANGE,GARDEN GROVE,-117.93801004,33.77429005
8368647,2017,2017-05-26,3026,2017-04-19,1048,7094,NA,3,5,6,3026,0,0,0,NA,0,00U,MICHELSON DR,RIPARIAN VIEW,861,W,N,A,-,N,NA,NA,NA,NA,NA,NA,NA,NA,NA,Y,3,0,1,1,A,-,03,22350,NA,N,E,I,A,A,D,-,A,D,0,NA,NA,NA,NA,Y,NA,A,01,0,1,0,0,0,0,0,0,0,-,-,NA,NA,ORANGE,IRVINE,-117.83992875,33.67046205
8369963,2017,2017-05-31,3007,2017-05-18,1740,247,66,4,5,5,3007,0,0,0,NA,0,003,TALBERT,HYUNDAI WY,0,NA,Y,A,-,N,NA,NA,NA,NA,NA,NA,NA,NA,NA,Y,3,0,2,2,A,-,12,21453,A,N,D,C,A,A,H,-,A,A,0,NA,NA,NA,NA,Y,NA,A,01,0,2,0,0,0,0,0,0,0,-,-,NA,NA,ORANGE,FOUNTAIN VALLEY,-117.94332011,33.70189003
8369997,2017,2017-06-01,3022,2017-05-09,1802,1193,SOUTH,2,5,5,3022,0,0,0,NA,0,NA,RED HILL AV,SYCAMORE AV,0,NA,Y,A,-,N,NA,NA,NA,NA,NA,NA,NA,NA,NA,Y,4,0,3,2,A,-,12,21453,A,N,D,C,A,A,H,-,A,A,0,NA,NA,NA,NA,Y,NA,A,01,0,0,3,0,0,0,0,0,0,-,-,33.72521,-117.8238,ORANGE,TUSTIN,-117.82382013,33.72519004
8370114,2017,2017-05-17,3010,2017-04-27,1251,1208,155,4,5,6,3010,0,0,0,NA,0,008,EDINGER,BOLSA CHICA,181,W,N,A,-,N,NA,NA,NA,NA,NA,NA,NA,NA,NA,Y,4,0,1,2,A,-,09,21804,A,N,D,C,A,A,H,-,A,D,0,NA,NA,NA,NA,Y,NA,A,07,0,0,1,0,0,0,0,0,0,-,-,NA,NA,ORANGE,HUNTINGTON BEACH,-118.04228387,33.729850569999996
8370596,2017,2017-05-19,3001,2017-03-30,2005,415,NA,4,5,7,3001,0,0,0,NA,0,0D1,BALL RD,MAGNOLIA AV,18,W,N,A,-,N,NA,NA,NA,NA,NA,NA,NA,NA,NA,N,4,0,1,2,A,-,08,22101,D,M,B,C,A,A,H,-,C,A,0,NA,NA,NA,NA,Y,NA,A,01,0,0,1,0,0,0,0,0,0,-,-,NA,NA,ORANGE,ANAHEIM,-117.97590912,33.81759942
8372525,2017,2018-05-04,3026,2017-05-03,1729,7094,NA,3,5,6,3026,0,0,0,NA,0,00P,CULVER DR,RT 5,832,N,N,A,-,N,NA,NA,NA,NA,NA,NA,NA,NA,NA,Y,4,0,2,2,A,-,03,22350,NA,N,C,C,A,A,H,-,A,A,0,NA,NA,NA,NA,Y,NA,D,22,0,0,2,0,0,0,0,0,0,-,-,NA,NA,ORANGE,IRVINE,-117.82267,33.66957
8372530,2017,2018-06-11,3010,2017-03-27,1041,1185,349,1,5,6,3010,0,0,0,NA,0,004,RT 1,8TH ST,0,NA,Y,A,-,Y,ORA,12,1,-,-,24.961,I,6,N,N,4,0,1,2,-,-,-,NA,NA,N,G,B,B,A,H,-,A,D,0,Y,NA,NA,NA,Y,NA,-,-,0,0,1,0,1,0,0,0,0,-,-,NA,NA,ORANGE,HUNTINGTON BEACH,-118.00510721,33.65942913
8373829,2017,2017-06-13,3008,2017-02-08,1510,1296,NA,3,5,6,3008,0,0,0,NA,0,0Z1,GILBERT ST,MALVERN AV,0,NA,Y,B,-,N,NA,NA,NA,NA,NA,NA,NA,NA,NA,Y,4,0,1,2,A,-,12,21453,A,N,D,C,A,A,H,-,A,A,0,NA,NA,NA,NA,Y,NA,A,01,0,0,1,0,0,0,0,0,0,-,-,NA,NA,ORANGE,FULLERTON,-117.96731009,33.87792005
8374036,2017,2017-05-30,3001,2017-03-29,0731,1555,NA,3,5,7,3001,0,0,0,NA,0,0D4,SOUTH ANAHEIM HILLS RD,SOUTH VIA MONTANERA,814,S,N,A,-,N,NA,NA,NA,NA,NA,NA,NA,NA,NA,Y,3,0,1,1,A,-,08,22107,NA,N,E,I,A,A,H,-,A,D,0,NA,NA,NA,NA,Y,NA,A,07,0,1,0,0,0,0,0,0,0,-,-,NA,NA,ORANGE,ANAHEIM,-117.77863427,33.84913649
8374434,2017,2017-06-06,3008,2017-02-06,0858,1333,NA,1,5,6,3008,0,0,0,NA,0,0Z2,HARBOR BL,E VALLEY VIEW DR,26,N,N,C,-,N,NA,NA,NA,NA,NA,NA,NA,NA,NA,N,4,0,1,2,A,-,03,22350,NA,N,C,C,A,B,H,-,A,A,0,NA,NA,NA,NA,Y,NA,A,01,0,0,1,0,0,0,0,0,0,-,-,NA,NA,ORANGE,FULLERTON,-117.92450989,33.88128078
8374450,2017,2017-06-20,3008,2017-02-07,1757,1468,Z1,2,5,6,3008,0,0,0,NA,0,NA,BROOKHURST RD,VALENCIA DR,0,S,N,B,-,N,NA,NA,NA,NA,NA,NA,NA,NA,NA,Y,4,0,4,3,A,-,08,22107,NA,N,B,C,A,B,H,-,C,A,0,NA,NA,NA,NA,Y,NA,A,01,0,0,4,0,0,0,0,0,0,-,-,NA,NA,ORANGE,FULLERTON,-117.9594001,33.86652005
8375626,2017,2017-06-09,3003,2017-05-24,2218,1079,NA,3,5,5,3003,0,0,0,NA,0,NA,VALLEY VIEW AV,ORANGETHORPE AV,600,S,N,A,-,N,NA,NA,NA,NA,NA,NA,NA,NA,NA,Y,4,0,1,2,D,-,00,NA,NA,N,D,C,A,A,H,-,C,A,0,NA,NA,NA,NA,Y,NA,-,-,0,0,1,0,0,0,0,0,0,-,-,NA,NA,ORANGE,BUENA PARK,-118.02874091,33.85723497
8375646,2017,2017-06-13,3003,2017-05-30,2304,750,NA,2,5,5,3003,0,0,0,NA,0,NA,CRESCENT AV,GRAND AV,121,W,N,A,-,N,NA,NA,NA,NA,NA,NA,NA,NA,NA,Y,4,0,2,2,A,-,09,21804,A,N,D,C,A,A,H,-,C,D,0,NA,NA,NA,NA,Y,NA,A,01,0,0,2,0,0,0,0,0,0,-,-,33.8393,-117.9986,ORANGE,BUENA PARK,-117.99836739,33.83936007
8375647,2017,2017-06-15,3024,2017-05-26,0822,329,P-35,5,5,5,3024,0,0,0,NA,0,EAST,BROOKHURST ST,BISHOP PL,300,S,N,A,-,N,NA,NA,NA,NA,NA,NA,NA,NA,NA,N,4,0,1,2,A,-,03,22350,NA,N,C,C,A,A,H,-,A,D,0,NA,NA,NA,NA,Y,NA,A,01,0,0,1,0,0,0,0,0,0,-,-,38.77413,-117.95474,ORANGE,WESTMINSTER,-117.95489858,33.74051755
8375932,2017,2017-06-13,3024,2017-05-04,1835,409,P21,4,5,5,3024,0,0,0,NA,0,EAST,MAGNOLIA ST,WESTMINSTER BL,290,S,N,A,-,N,NA,NA,NA,NA,NA,NA,NA,NA,NA,Y,4,0,2,3,A,-,03,22350,NA,N,C,C,A,A,H,-,A,A,0,NA,NA,NA,NA,Y,NA,A,01,0,0,2,0,0,0,0,0,0,-,-,33.75939,-117.97209,ORANGE,WESTMINSTER,-117.97241,33.758614969999996
8376317,2017,2017-06-20,3008,2017-02-08,1033,1117,NA,3,5,6,3008,0,0,0,NA,0,0Z3,NUTWOOD AV,RT 57,0,NA,Y,A,-,Y,ORA,12,57,-,-,17.75,R,4,N,N,4,0,1,2,A,-,12,21453,A,N,D,C,A,A,H,-,A,A,0,NA,NA,NA,NA,Y,NA,A,01,0,0,1,0,0,0,0,0,0,-,-,NA,NA,ORANGE,FULLERTON,-117.88027211,33.88042486
8376567,2017,2018-04-02,3010,2017-05-18,1710,1059,171,4,5,6,3010,0,0,0,NA,0,008,RT 1,PARK AV,87,N,N,A,-,Y,ORA,12,1,-,-,3.356,I,5,N,Y,3,0,1,2,A,-,03,22350,NA,N,C,C,A,A,H,-,A,D,0,NA,NA,NA,NA,Y,NA,A,01,0,1,0,0,0,0,0,0,0,-,-,NA,NA,ORANGE,HUNTINGTON BEACH,-117.71696723,33.4762744
8376673,2017,2018-04-02,3024,2017-05-29,1913,431,19,1,5,5,3024,0,0,0,NA,0,EAST,RT 39,WESTMINSTER BL,0,NA,Y,A,-,Y,ORA,12,39,-,-,7.634,I,5,N,N,4,0,1,2,A,-,05,21650,1,N,H,G,A,A,H,-,A,A,0,NA,Y,NA,NA,Y,NA,L,04,0,0,1,0,0,0,1,0,0,-,-,33.75925,-117.98932,ORANGE,WESTMINSTER,-117.98955855,33.7592183
8376716,2017,2018-03-24,3024,2017-06-15,0734,162,P16,4,5,5,3024,0,0,0,NA,0,EAST,RT 39,13TH ST,0,NA,Y,A,-,Y,ORA,12,39,-,-,7.371,I,5,N,N,3,0,2,2,D,-,00,NA,NA,N,D,C,A,-,H,-,A,A,0,NA,NA,NA,NA,Y,NA,-,-,0,1,1,0,0,0,0,0,0,-,-,NA,NA,ORANGE,WESTMINSTER,-117.98951687,33.75538335
8376743,2017,2018-04-23,3020,2017-05-10,2308,365,NA,3,5,4,3020,0,0,0,NA,0,SOUTH,SEAL BEACH BL,RT 1,5,N,N,A,-,Y,ORA,12,1,-,-,32.73,H,-,N,Y,2,0,1,2,A,-,00,23153,E,N,H,G,A,A,H,-,C,A,0,NA,Y,NA,NA,Y,NA,-,NA,1,0,0,0,0,0,1,0,0,-,-,NA,NA,ORANGE,SEAL BEACH,-118.09560116,33.74095551
8377012,2017,2017-06-01,3004,2017-03-17,0255,P620,03,5,5,6,3004,0,0,0,NA,0,001,NEWPORT BL,INDUSTRIAL WY,0,NA,Y,A,-,N,NA,NA,55,NA,NA,NA,NA,NA,NA,Y,4,0,1,1,A,-,01,23152,A,N,A,I,A,A,H,-,C,A,0,NA,NA,NA,NA,Y,Y,A,08,0,0,1,0,0,0,0,0,0,-,-,33.63109,-117.92528,ORANGE,COSTA MESA,-117.92512374,33.63090986
8377823,2017,2017-06-15,3024,2017-05-27,1431,153,P33,6,5,5,3024,0,0,0,NA,0,EAST,MAGNOLIA ST,BOLSA AV,357,S,N,A,-,N,NA,NA,NA,NA,NA,NA,NA,NA,NA,Y,3,0,2,2,A,-,09,21804,A,N,A,C,A,A,H,-,A,D,0,NA,NA,NA,NA,Y,NA,A,01,0,1,1,0,0,0,0,0,0,-,-,NA,NA,ORANGE,WESTMINSTER,-117.97226,33.7438512
8377834,2017,2017-06-15,3019,2017-05-01,0838,3150,NE,1,5,7,3019,0,0,0,NA,0,001,MAIN ST,SANTA CLARA AV,0,NA,Y,A,-,N,NA,NA,NA,NA,NA,NA,NA,NA,NA,Y,4,0,1,2,A,-,12,21453,A,N,D,C,A,A,H,-,A,A,0,NA,NA,NA,NA,Y,NA,D,22,0,0,1,0,0,0,0,0,0,-,-,33.76663,-117.86743,ORANGE,SANTA ANA,-117.86750002,33.76684005
8378368,2017,2017-06-30,3001,2017-05-16,1351,2365,NA,2,5,7,3001,0,0,0,NA,0,0D4,EAST RIVERDALE AV,NORTH LAKEVIEW AV,253,W,N,A,-,N,NA,NA,NA,NA,NA,NA,NA,NA,NA,Y,4,0,1,2,A,-,09,21804,A,N,-,C,A,A,H,-,A,D,0,NA,NA,NA,Y,Y,NA,A,01,0,0,1,0,0,0,0,0,0,-,-,NA,NA,ORANGE,ANAHEIM,-117.81660604,33.85249451
8379032,2017,2017-06-12,3015,2017-05-07,1400,1081,11,7,5,6,3015,0,0,0,NA,0,NA,N MANCHESTER AV,WEST CHAPMAN AV,47,N,N,A,-,N,NA,NA,NA,NA,NA,NA,NA,NA,NA,N,4,0,1,2,A,-,03,22350,NA,N,C,C,A,A,H,-,A,A,0,NA,NA,NA,NA,Y,NA,A,01,0,0,1,0,0,0,0,0,0,-,-,NA,NA,ORANGE,ORANGE,-117.89312747,33.78915883
8379171,2017,2017-07-17,3000,2017-05-19,0313,8863,951E1,5,5,4,3049,0,0,0,NA,0,18483,ALISO CREEK RD,WOOD CANYON DR,54,N,N,A,-,N,NA,NA,NA,NA,NA,NA,NA,NA,NA,Y,3,0,1,1,A,-,01,23152,NA,N,E,I,A,A,H,-,C,A,0,NA,NA,NA,NA,Y,Y,A,01,0,1,0,0,0,0,0,0,0,-,-,NA,NA,ORANGE,ALISO VIEJO,-117.72115853,33.55600471
8379471,2017,2017-06-29,3003,2017-06-12,1022,1124,73,1,5,5,3003,0,0,0,NA,0,004,KNOTT AV,THELMA AV,125,N,N,B,-,N,NA,NA,NA,NA,NA,NA,NA,NA,NA,Y,4,0,1,3,A,-,08,22107,NA,N,B,C,A,A,H,-,A,D,0,NA,NA,NA,NA,Y,NA,A,01,0,0,1,0,0,0,0,0,0,-,-,33.8513,-118.011,ORANGE,BUENA PARK,-118.01126,33.85113273
8380682,2017,2017-06-02,3026,2017-05-09,1737,518,CROSS,2,5,6,3026,0,0,0,NA,0,006,IRVINE CENTER DR,SAND CANYON AV,31,W,N,B,-,N,NA,NA,NA,NA,NA,NA,NA,NA,NA,Y,4,0,1,2,A,-,03,22350,NA,N,C,C,A,A,H,-,A,A,0,NA,NA,NA,NA,Y,NA,A,07,0,0,1,0,0,0,0,0,0,-,-,33.67022,-117.7652,ORANGE,IRVINE,-117.7657485,33.67036397
8380882,2017,2017-06-06,3010,2017-05-20,1232,1208,156,6,5,6,3010,0,0,0,NA,0,008,EDINGER,LILES LN,0,NA,Y,A,-,N,NA,NA,NA,NA,NA,NA,NA,NA,NA,Y,4,0,1,2,A,-,09,21801,A,N,D,C,A,A,H,-,A,D,0,NA,NA,NA,NA,Y,NA,A,07,0,0,1,0,0,0,0,0,0,-,-,NA,NA,ORANGE,HUNTINGTON BEACH,-118.03497008,33.7299001
8380886,2017,2017-06-06,3010,2017-05-19,1817,1226,136,5,5,6,3010,0,0,0,NA,0,009,BOLSA,BOLSA CHICA,1000,E,N,A,-,N,NA,NA,NA,NA,NA,NA,NA,NA,NA,Y,2,0,1,3,A,-,03,22350,NA,N,C,C,A,A,H,-,A,A,0,NA,NA,NA,NA,Y,NA,A,07,1,0,0,0,0,0,0,0,0,-,-,NA,NA,ORANGE,HUNTINGTON BEACH,-118.03840823,33.74446149
8382938,2017,2017-06-08,3003,2017-05-11,1034,1056,NA,4,5,5,3003,0,0,0,NA,0,NA,STANTON AV,CRESCENT AV,0,NA,Y,A,-,N,NA,NA,NA,NA,NA,NA,NA,NA,NA,N,3,0,2,2,A,-,12,21453,A,N,D,C,A,A,H,-,A,A,0,NA,NA,NA,NA,Y,NA,A,01,0,1,1,0,0,0,0,0,0,-,-,33.5022,-117.5936,ORANGE,BUENA PARK,-117.99365001,33.83940003
8384106,2017,2017-07-17,3000,2017-05-27,1620,1920,921J1,6,5,5,3028,0,0,0,NA,0,755,ALICIA PKWY,CHARLINDA DR,34,E,N,A,-,N,NA,NA,NA,NA,NA,NA,NA,NA,NA,Y,4,0,1,2,A,-,03,22350,NA,N,C,C,A,A,H,-,A,A,0,NA,NA,NA,NA,Y,NA,A,01,0,0,1,0,0,0,0,0,0,-,-,NA,NA,ORANGE,MISSION VIEJO,-117.68915037,33.60794273
8386220,2017,2017-07-11,3000,2017-06-27,0555,9090,892G2,2,5,4,3048,0,0,0,NA,0,168,SANTA MARGARITA PKWY,MELINDA RD,0,NA,Y,A,-,N,NA,NA,NA,NA,NA,NA,NA,NA,NA,Y,4,0,2,3,A,-,12,21453,A,N,D,C,A,A,H,-,A,A,0,NA,NA,NA,NA,Y,NA,A,01,0,0,2,0,0,0,0,0,0,-,-,NA,NA,ORANGE,RANCHO SANTA MARGARITA,-117.62514005,33.64545002
8386685,2017,2018-05-04,3000,2017-05-29,1200,5377,951F7,1,5,5,3040,0,0,0,NA,0,903,CROWN VALLEY PKWY,LAGUNA WOODS DR,0,NA,Y,A,-,N,NA,NA,NA,NA,NA,NA,NA,NA,NA,Y,2,0,4,2,A,-,09,21801,A,N,A,C,A,A,H,-,A,A,0,NA,NA,NA,NA,Y,NA,A,01,1,0,3,0,0,0,0,0,0,-,-,NA,NA,ORANGE,LAGUNA NIGUEL,-117.71983002,33.50821004
8386949,2017,2018-03-30,3010,2017-06-11,1312,205,252,7,5,6,3010,0,0,0,NA,0,007,BEACH,MACDONALD,0,NA,Y,A,-,Y,ORA,12,39,-,-,5.301,I,5,N,Y,3,0,2,2,A,-,12,21453,A,N,D,C,A,A,H,-,A,A,0,NA,NA,NA,NA,Y,NA,A,07,0,1,1,0,0,0,0,0,0,-,-,NA,NA,ORANGE,HUNTINGTON BEACH,-117.98913244,33.72534438
8387109,2017,2018-04-23,3001,2017-05-10,1637,471,NA,3,5,7,3001,0,0,0,NA,0,0D4,NORTH TUSTIN AV,RT 91,141,N,N,B,-,Y,ORA,12,91,-,-,8.379,R,4,E,Y,4,0,1,3,A,-,03,22350,NA,N,C,C,A,A,H,-,A,D,0,NA,NA,NA,NA,Y,NA,A,01,0,0,1,0,0,0,0,0,0,-,EO,NA,NA,ORANGE,ANAHEIM,-117.83834923,33.85116088
8387350,2017,2018-04-23,3010,2017-06-12,1405,0167,422,1,5,6,3010,0,0,0,NA,0,005,RT 39,WILLIAMS,150,N,N,A,-,Y,ORA,12,39,-,-,2.29,H,-,S,N,4,0,1,2,A,-,03,22350,NA,N,C,C,A,A,H,-,A,A,0,NA,NA,NA,NA,Y,NA,A,07,0,0,1,0,0,0,0,0,0,-,-,NA,NA,ORANGE,HUNTINGTON BEACH,-117.98881476,33.68160984
8388378,2017,2017-06-14,3024,2017-04-27,0950,140,P20,4,5,5,3024,0,0,0,NA,0,EAST,BUSHARD ST,ROBIN AV,50,N,N,A,-,N,NA,NA,NA,NA,NA,NA,NA,NA,NA,Y,4,0,1,3,A,-,03,22350,NA,N,C,C,A,A,H,-,A,D,0,NA,NA,NA,NA,Y,NA,A,01,0,0,1,0,0,0,0,0,0,-,-,NA,NA,ORANGE,WESTMINSTER,-117.96344199,33.73858708
8388648,2017,2017-06-26,3019,2017-05-08,0259,3445,NE,1,5,7,3019,0,0,0,NA,0,205,1ST,BUSH,0,NA,Y,A,-,N,NA,NA,NA,NA,NA,NA,NA,NA,NA,N,4,0,1,2,A,-,03,22350,NA,N,-,C,A,A,H,-,C,A,0,NA,NA,NA,NA,Y,NA,D,22,0,0,1,0,0,0,0,0,0,-,-,NA,NA,ORANGE,SANTA ANA,-117.86655001,33.74554001
8389139,2017,2017-06-26,3001,2017-04-19,1719,0945,NA,3,5,7,3001,0,0,0,NA,0,0D1,SOUTH KNOTT AV,WEST BALL RD,138,S,N,A,-,N,NA,NA,NA,NA,NA,NA,NA,NA,NA,Y,3,0,4,4,A,-,03,22350,NA,N,C,C,A,A,H,-,A,A,0,NA,NA,NA,NA,Y,NA,A,01,0,1,3,0,0,0,0,0,0,-,-,NA,NA,ORANGE,ANAHEIM,-118.01079336,33.81687167
8389612,2017,2017-06-19,3019,2017-05-26,1923,3397,NE,5,5,7,3019,0,0,0,NA,0,002,BROADWAY,4TH ST,0,NA,Y,A,-,N,NA,NA,NA,NA,NA,NA,NA,NA,NA,N,4,0,1,2,A,-,09,21801,A,N,A,C,A,A,H,-,A,A,0,NA,NA,NA,NA,Y,NA,A,01,0,0,1,0,0,0,0,0,0,-,-,33.7479,-117.86945,ORANGE,SANTA ANA,-117.86973002,33.74798003