CASE_ID,ACCIDENT_YEAR,PROC_DATE,JURIS,COLLISION_DATE,COLLISION_TIME,OFFICER_ID,REPORTING_DISTRICT,DAY_OF_WEEK,CHP_SHIFT,POPULATION,CNTY_CITY_LOC,SPECIAL_COND,BEAT_TYPE,CHP_BEAT_TYPE,CITY_DIVISION_LAPD,CHP_BEAT_CLASS,BEAT_NUMBER,PRIMARY_RD,SECONDARY_RD,DISTANCE,DIRECTION,INTERSECTION,WEATHER_1,WEATHER_2,STATE_HWY_IND,CALTRANS_COUNTY,CALTRANS_DISTRICT,STATE_ROUTE,ROUTE_SUFFIX,POSTMILE_PREFIX,POSTMILE,LOCATION_TYPE,RAMP_INTERSECTION,SIDE_OF_HWY,TOW_AWAY,COLLISION_SEVERITY,NUMBER_KILLED,NUMBER_INJURED,PARTY_COUNT,PRIMARY_COLL_FACTOR,PCF_CODE_OF_VIOL,PCF_VIOL_CATEGORY,PCF_VIOLATION,PCF_VIOL_SUBSECTION,HIT_AND_RUN,TYPE_OF_COLLISION,MVIW,PED_ACTION,ROAD_SURFACE,ROAD_COND_1,ROAD_COND_2,LIGHTING,CONTROL_DEVICE,CHP_ROAD_TYPE,PEDESTRIAN_ACCIDENT,BICYCLE_ACCIDENT,MOTORCYCLE_ACCIDENT,TRUCK_ACCIDENT,NOT_PRIVATE_PROPERTY,ALCOHOL_INVOLVED,STWD_VEHTYPE_AT_FAULT,CHP_VEHTYPE_AT_FAULT,COUNT_SEVERE_INJ,COUNT_VISIBLE_INJ,COUNT_COMPLAINT_PAIN,COUNT_PED_KILLED,COUNT_PED_INJURED,COUNT_BICYCLIST_KILLED,COUNT_BICYCLIST_INJURED,COUNT_MC_KILLED,COUNT_MC_INJURED,PRIMARY_RAMP,SECONDARY_RAMP,LATITUDE,LONGITUDE,COUNTY,CITY,POINT_X,POINT_Y
8477210,2017,2017-11-13,3022,2017-09-21,1338,1193,NORTH,4,5,5,3022,0,0,0,NA,0,NA,EL CAMINO REAL,AUTO CENTER DR,0,NA,Y,A,-,N,NA,NA,NA,NA,NA,NA,NA,NA,NA,Y,4,0,1,2,A,-,00,21453,NA,N,D,C,A,A,H,-,A,A,0,NA,NA,NA,NA,Y,NA,-,-,0,0,1,0,0,0,0,0,0,-,-,33.72738,-117.79736,ORANGE,TUSTIN,-117.79723001,33.72740011
84776554,2025,2025-07-25,3008,2025-06-11,259,1569,NA,3,5,6,3008,0,0,0,NA,0,NA,GILBERT ST,ROBERTA AVE,410,S,N,A,-,N,NA,NA,NA,NA,NA,NA,NA,NA,NA,N,2,0,1,2,A,-,08,22107,NA,N,C,G,A,A,H,-,C,D,0,NA,Y,NA,NA,Y,NA,L,04,1,0,0,0,0,0,1,0,0,-,-,33.85601043701172,-117.9680404663086,ORANGE,FULLERTON,-117.96796417236328,33.85500717163086
84780256,2025,2025-07-31,3001,2025-06-23,432,A2494,NA,1,5,7,3001,0,0,0,NA,0,016,BALL ROAD,EMPIRE STREET,434,W,N,A,-,N,NA,NA,NA,NA,NA,NA,NA,NA,NA,Y,3,0,1,3,A,-,01,23152,A,M,B,E,A,A,H,-,C,D,0,NA,NA,NA,NA,Y,Y,A,01,0,1,0,0,0,0,0,0,0,-,-,NA,NA,ORANGE,ANAHEIM,-117.95594787597656,33.81781005859375
84780438,2025,2025-07-29,3010,2025-07-25,1221,2151,NA,5,5,6,3010,0,0,0,NA,0,009,GOLDENWEST ST,OXFORD DR,285,N,N,A,-,N,NA,NA,NA,NA,NA,NA,NA,NA,NA,N,3,0,1,2,A,-,09,21801,A,N,D,C,A,A,H,-,A,D,0,NA,NA,NA,NA,Y,NA,A,01,0,1,0,0,0,0,0,0,0,-,-,NA,NA,ORANGE,HUNTINGTON BEACH,-118.00697326660156,33.74318313598633
84783587,2025,2025-07-31,3001,2025-06-14,930,A2657,NA,6,5,7,3001,0,0,0,NA,0,042,ORANGETHORPE AVENUE,CONCERTO DRIVE,14,E,N,A,-,N,NA,NA,NA,NA,NA,NA,NA,NA,NA,Y,4,0,4,2,A,-,09,21804,A,N,D,C,A,A,H,-,A,D,0,NA,NA,NA,NA,Y,NA,A,01,0,0,4,0,0,0,0,0,0,-,-,33.861019134521484,-117.79779052734376,ORANGE,ANAHEIM,-117.79849243164063,33.863712310791016
84785410,2025,2025-08-01,3019,2025-07-04,1802,3823,NA,5,5,7,3019,0,0,0,NA,0,004,BAKER STREET,1ST STREET,35,S,N,A,-,N,NA,NA,NA,NA,NA,NA,NA,NA,NA,N,3,0,1,2,A,-,05,21650,1,N,A,G,A,A,H,-,A,A,0,NA,Y,NA,NA,Y,NA,L,04,0,1,0,0,0,0,1,0,0,-,-,33.7448616027832,-117.88291931152344,ORANGE,SANTA ANA,-117.8827896118164,33.745323181152344
8478665,2017,2017-11-15,3000,2017-09-20,2232,1916,891F7,3,5,4,3045,0,0,0,NA,0,746,EL TORO RD,AVENIDA DE LA CARLOTA,0,NA,Y,A,-,N,NA,NA,NA,NA,NA,NA,NA,NA,NA,Y,3,0,1,2,A,-,08,22101,D,N,A,C,A,A,H,-,C,A,0,NA,NA,NA,NA,Y,NA,A,01,0,1,0,0,0,0,0,0,0,-,-,NA,NA,ORANGE,LAGUNA HILLS,-117.7087201,33.61399004
84789279,2025,2025-08-05,3019,2025-07-14,553,3996,NA,1,5,7,3019,0,0,0,NA,0,001,HARBOR BOULEVARD,CENTURY BOULEVARD,46,S,N,A,-,N,NA,NA,NA,NA,NA,NA,NA,NA,NA,N,4,0,1,2,A,-,03,22350,NA,N,C,C,A,A,H,-,A,D,0,NA,NA,NA,NA,Y,NA,D,22,0,0,1,0,0,0,0,0,0,-,-,33.758419036865234,-117.9201202392578,ORANGE,SANTA ANA,-117.92032623291016,33.75847244262695
84789396,2025,2025-08-05,3019,2025-07-22,712,3884,NA,2,5,7,3019,0,0,0,NA,0,002,MAIN STREET,SANTA CLARA AVENUE,0,NA,Y,A,-,N,NA,NA,NA,NA,NA,NA,NA,NA,NA,N,4,0,3,2,A,-,12,21453,A,N,D,C,A,A,H,-,A,A,0,NA,NA,NA,NA,Y,NA,A,01,0,0,3,0,0,0,0,0,0,-,-,33.76662826538086,-117.867431640625,ORANGE,SANTA ANA,-117.86750030517578,33.76683807373047
84789448,2025,2025-08-05,3008,2025-06-23,1020,1407,NA,1,5,6,3008,0,0,0,NA,0,NA,COMMONWEALTH AVE,MONTAGUE AVE,72,E,N,A,-,N,NA,NA,NA,NA,NA,NA,NA,NA,NA,Y,4,0,2,2,A,-,08,22107,NA,N,C,E,A,A,H,-,A,D,0,NA,NA,NA,NA,Y,NA,A,07,0,0,2,0,0,0,0,0,0,-,-,33.86949157714844,-117.90415954589844,ORANGE,FULLERTON,-117.90413665771484,33.87051010131836
84792666,2025,2025-08-07,3010,2025-07-04,2316,6040,NA,5,5,6,3010,0,0,0,NA,0,007,EDWARDS ST,WARNER AVE,0,NA,N,-,-,N,NA,NA,NA,NA,NA,NA,NA,NA,NA,N,3,0,1,1,A,-,08,22107,NA,N,B,J,A,A,H,-,C,D,0,NA,Y,NA,NA,Y,Y,M,91,0,1,0,0,0,0,1,0,0,-,-,33.714698791503906,-118.01532745361328,ORANGE,HUNTINGTON BEACH,-118.01527404785156,33.71543884277344
84792816,2025,2025-08-07,3019,2025-08-04,1803,3653,NA,1,5,7,3019,0,0,0,NA,0,003,MAIN STREET,MACARTHUR BOULEVARD,200,S,N,A,-,N,NA,NA,NA,NA,NA,NA,NA,NA,NA,Y,3,0,3,3,A,-,01,23152,A,M,C,C,A,A,H,-,A,A,0,NA,NA,NA,NA,Y,Y,A,01,0,1,2,0,0,0,0,0,0,-,-,33.69974899291992,-117.86811065673828,ORANGE,SANTA ANA,-117.86801147460938,33.70026779174805
84794344,2025,2025-08-08,3001,2025-06-02,2309,A2798,NA,1,5,7,3001,0,0,0,NA,0,D-3,KATELLA AVENUE,CLEMENTINE STREET,415,E,N,A,-,N,NA,NA,NA,NA,NA,NA,NA,NA,NA,N,4,0,1,2,A,-,03,22350,NA,N,C,C,A,B,H,-,C,A,0,NA,NA,NA,NA,Y,NA,A,01,0,0,1,0,0,0,0,0,0,-,-,33.80303955078125,-117.91004180908205,ORANGE,ANAHEIM,-117.90870666503906,33.80324935913086
84794468,2025,2025-08-08,3019,2025-05-13,119,3728,NA,2,5,7,3019,0,0,0,NA,0,001,WESTMINSTER AVENUE,HARBOR BOULEVARD,26,E,N,A,-,N,NA,NA,NA,NA,NA,NA,NA,NA,NA,N,4,0,1,2,A,-,08,22107,NA,M,B,G,A,A,H,-,C,A,0,NA,Y,NA,NA,Y,NA,A,01,0,0,1,0,0,0,1,0,0,-,-,33.75967025756836,-117.92011260986328,ORANGE,SANTA ANA,-117.92025756835938,33.75973129272461
84795650,2025,2025-08-08,3014,2025-07-26,2115,1463,NA,6,5,5,3014,0,0,0,NA,0,A3,BIRCH ST,BRISTOL ST N,0,NA,Y,A,-,N,NA,NA,NA,NA,NA,NA,NA,NA,NA,Y,3,0,1,2,D,-,00,NA,NA,N,D,C,A,A,H,-,C,A,0,NA,NA,NA,NA,Y,NA,-,-,0,1,0,0,0,0,0,0,0,-,-,NA,NA,ORANGE,NEWPORT BEACH,-117.8728256225586,33.6616096496582
84796156,2025,2025-08-18,3001,2025-06-24,1612,A2943,NA,2,5,7,3001,0,0,0,NA,0,D-1,KNOTT AVENUE,ORANGE AVENUE,177,S,N,A,-,N,NA,NA,NA,NA,NA,NA,NA,NA,NA,N,4,0,1,2,A,-,21,22106,NA,N,C,C,A,A,H,-,A,A,0,NA,NA,NA,NA,Y,NA,E,22,0,0,1,0,0,0,0,0,0,-,-,33.824710845947266,-118.01087951660156,ORANGE,ANAHEIM,-118.01087188720705,33.8240966796875
84796172,2025,2025-08-11,3001,2025-07-03,929,A2382,NA,4,5,7,3001,0,0,0,NA,0,D-3,BALL ROAD,LEMON STREET,257,E,N,A,-,N,NA,NA,NA,NA,NA,NA,NA,NA,NA,Y,4,0,1,2,A,-,07,21658,A,N,B,C,A,A,H,-,A,D,0,NA,NA,NA,Y,Y,NA,G,25,0,0,1,0,0,0,0,0,0,-,-,33.81681823730469,-117.91036224365234,ORANGE,ANAHEIM,-117.90941619873048,33.81801986694336
8479793,2017,2017-11-02,3026,2017-10-18,1601,8929,PORTO,3,5,6,3026,0,0,0,NA,0,007,MARKET PL,ANACAPA,0,NA,Y,A,-,N,NA,NA,NA,NA,NA,NA,NA,NA,NA,Y,4,0,1,2,A,-,09,21801,A,N,D,C,A,A,H,-,A,D,0,NA,NA,NA,NA,Y,NA,A,01,0,0,1,0,0,0,0,0,0,-,-,33.72715,-117.78429,ORANGE,IRVINE,-117.78432,33.7269901
84798167,2025,2025-08-12,3001,2025-07-09,1055,A2214,NA,3,5,7,3001,0,0,0,NA,0,D-4,TUSTIN AVENUE,ORANGETHORPE AVENUE,1382,S,N,A,-,N,NA,NA,NA,NA,NA,NA,NA,NA,NA,Y,3,0,3,2,A,-,09,21804,A,N,D,C,A,A,H,-,A,D,0,NA,NA,NA,NA,Y,NA,A,01,0,1,2,0,0,0,0,0,0,-,-,NA,NA,ORANGE,ANAHEIM,-117.84239196777344,33.866554260253906
84800035,2025,2025-08-12,3014,2025-07-11,1424,1516,NA,5,5,5,3014,0,0,0,NA,0,A2,IRVINE AVE,BAYCREST RD,0,NA,Y,B,-,N,NA,NA,NA,NA,NA,NA,NA,NA,NA,N,4,0,2,2,A,-,03,22350,NA,N,H,J,A,A,H,-,A,D,0,NA,NA,NA,NA,Y,NA,M,91,0,0,2,0,0,0,0,0,0,-,-,33.63750076293945,-117.8992919921875,ORANGE,NEWPORT BEACH,-117.89949035644533,33.63768768310547
84802116,2025,2025-08-14,3010,2025-08-10,1611,6142,NA,7,5,6,3010,0,0,0,NA,0,006,BEACH BL - SR39 BLVD,WARNER AVE,300,N,N,A,-,Y,NA,NA,NA,NA,NA,NA,NA,NA,NA,N,3,0,2,2,A,-,04,21703,NA,N,C,C,A,A,H,-,A,D,0,NA,NA,Y,NA,Y,NA,C,02,0,2,0,0,0,0,0,0,2,-,-,NA,NA,ORANGE,HUNTINGTON BEACH,-117.98900604248048,33.716373443603516
84802119,2025,2025-08-14,3010,2025-08-11,1417,6141,NA,1,5,6,3010,0,0,0,NA,0,005,GARFIELD AVE,FLORIDA ST,0,NA,Y,A,-,N,NA,NA,NA,NA,NA,NA,NA,NA,NA,Y,3,0,2,2,A,-,09,21801,A,N,D,C,A,A,H,-,A,A,0,NA,NA,NA,NA,Y,NA,A,01,0,2,0,0,0,0,0,0,0,-,-,33.68553924560547,-117.99166107177734,ORANGE,HUNTINGTON BEACH,-117.99097442626952,33.68669509887695
8480228,2017,2017-11-02,3007,2017-10-24,0842,275,34,2,5,5,3007,0,0,0,NA,0,001,BROOKHURST,PETUNIA,40,S,N,A,-,N,NA,NA,NA,NA,NA,NA,NA,NA,NA,N,4,0,1,3,A,-,03,22350,NA,N,C,C,A,A,H,-,A,A,0,NA,NA,NA,NA,Y,NA,A,07,0,0,1,0,0,0,0,0,0,-,-,NA,NA,ORANGE,FOUNTAIN VALLEY,-117.95462502,33.72014041
84803792,2025,2025-08-15,3019,2025-08-08,1128,3201,NA,5,5,7,3019,0,0,0,NA,0,004,RAITT STREET,RICHLAND AVENUE,0,NA,Y,A,-,N,NA,NA,NA,NA,NA,NA,NA,NA,NA,Y,4,0,2,2,A,-,03,22350,NA,N,D,C,A,A,H,-,A,D,0,NA,NA,NA,NA,Y,NA,A,01,0,0,2,0,0,0,0,0,0,-,-,33.73828887939453,-117.8939208984375,ORANGE,SANTA ANA,-117.8938217163086,33.73827362060547
8480447,2017,2017-11-21,3003,2017-10-23,1906,507,NA,1,5,5,3003,0,0,0,NA,0,NA,ARTESIA BL,VALLEY VIEW AV,1000,E,N,A,-,N,NA,NA,NA,NA,NA,NA,NA,NA,NA,N,3,0,1,2,A,-,09,21801,A,N,D,G,A,A,H,-,C,D,0,NA,Y,NA,Y,Y,NA,G,27,0,1,0,0,0,0,1,0,0,-,-,33.8732,-118.024,ORANGE,BUENA PARK,-118.03182805,33.87335
84806006,2025,2025-08-18,3026,2025-07-16,1930,758,NA,3,5,6,3026,0,0,0,NA,0,002,VON KARMAN AVE,MICHELSON DR,35,N,N,A,-,N,NA,NA,NA,NA,NA,NA,NA,NA,NA,N,3,0,1,2,A,-,10,21950,A,M,G,B,B,A,H,-,A,A,0,Y,NA,NA,NA,Y,NA,A,01,0,1,0,0,1,0,0,0,0,-,-,33.676239013671875,-117.85343933105467,ORANGE,IRVINE,-117.85342407226563,33.676334381103516
8480606,2017,2017-11-13,3007,2017-10-13,1631,1134,WJC,5,5,5,3007,0,0,0,NA,0,002,HARBOR,HEIL,0,NA,Y,A,-,N,NA,NA,NA,NA,NA,NA,NA,NA,NA,N,4,0,1,2,A,-,09,21804,A,N,D,G,A,A,H,-,A,A,0,NA,Y,NA,NA,Y,NA,A,01,0,0,1,0,0,0,1,0,0,-,-,NA,NA,ORANGE,FOUNTAIN VALLEY,-117.91982008,33.72377008
84808046,2025,2025-08-19,3019,2025-07-27,2220,3737,NA,7,5,7,3019,0,0,0,NA,0,004,BAMDAL STREET,SAINT ANDREW PLACE,200,S,N,A,-,N,NA,NA,NA,NA,NA,NA,NA,NA,NA,N,3,0,1,2,A,-,03,22350,NA,M,G,B,E,A,H,-,C,D,0,Y,NA,NA,NA,Y,NA,D,22,0,1,0,0,1,0,0,0,0,-,-,33.72303009033203,-117.90411376953124,ORANGE,SANTA ANA,-117.90372467041016,33.722808837890625
84808170,2025,2025-08-19,3008,2025-07-09,1224,1495,NA,3,5,6,3008,0,0,0,NA,0,NA,HIGHLAND AVE,KNEPP AVE,0,NA,Y,A,-,N,NA,NA,NA,NA,NA,NA,NA,NA,NA,N,3,0,2,2,A,-,09,21802,A,N,D,D,A,A,D,-,A,A,0,NA,NA,NA,NA,Y,NA,A,01,0,1,1,0,0,0,0,0,0,-,-,33.86259841918945,-117.92868041992188,ORANGE,FULLERTON,-117.92870330810548,33.862571716308594
84809936,2025,2025-08-20,3019,2025-08-14,735,4011,NA,4,5,7,3019,0,0,0,NA,0,001,BRISTOL STREET,BRISTOL MARKET PLACE,136,N,N,A,-,N,NA,NA,NA,NA,NA,NA,NA,NA,NA,N,4,0,1,2,A,-,07,21658,A,N,B,C,A,A,H,-,A,A,0,NA,NA,NA,NA,Y,NA,A,01,0,0,1,0,0,0,0,0,0,-,-,33.76137924194336,-117.88478088378906,ORANGE,SANTA ANA,-117.88502502441406,33.76234436035156
84811640,2025,2025-08-21,3019,2025-07-09,340,3964,NA,3,5,7,3019,0,0,0,NA,0,003,EDINGER AVENUE,VAN NESS AVENUE,10,N,N,A,-,N,NA,NA,NA,NA,NA,NA,NA,NA,NA,N,4,0,1,2,A,-,09,21804,A,N,D,C,A,A,H,-,C,D,0,NA,NA,NA,Y,Y,NA,-,-,0,0,1,0,0,0,0,0,0,-,-,33.72652816772461,-117.87399291992188,ORANGE,SANTA ANA,-117.87355041503906,33.727210998535156
84811808,2025,2025-08-21,3010,2025-08-14,1008,6141,NA,4,5,6,3010,0,0,0,NA,0,006,BEACH BL - SR39 BLVD,RONALD DR,0,NA,Y,A,-,Y,ORA,NA,39,NA,NA,3.79,H,NA,R,Y,4,0,1,2,A,-,09,21801,A,N,D,C,A,A,H,-,A,D,0,NA,NA,NA,NA,Y,NA,A,01,0,0,1,0,0,0,0,0,0,-,-,33.70362091064453,-117.98911285400392,ORANGE,HUNTINGTON BEACH,-117.98908996582033,33.70362091064453
8481335,2017,2017-11-15,3000,2017-09-09,1659,5163,951H1,6,5,5,3040,0,0,0,NA,0,743,MOULTON PKWY,ALISO CREEK RD,0,NA,Y,A,-,N,NA,NA,NA,NA,NA,NA,NA,NA,NA,Y,3,0,3,2,A,-,01,23152,A,N,D,C,A,A,H,-,A,A,0,NA,NA,NA,NA,Y,Y,A,01,0,1,2,0,0,0,0,0,0,-,-,NA,NA,ORANGE,LAGUNA NIGUEL,-117.70009003,33.55689002
84813494,2025,2025-08-22,3019,2025-08-18,1117,2676,NA,1,5,7,3019,0,0,0,NA,0,003,WAKEHAM AVENUE,STANDARD AVENUE,6,E,N,A,-,N,NA,NA,NA,NA,NA,NA,NA,NA,NA,N,4,0,2,2,A,-,09,21802,A,N,C,C,A,A,H,-,A,D,0,NA,NA,NA,NA,Y,NA,A,08,0,0,2,0,0,0,0,0,0,-,-,33.737030029296875,-117.85637664794922,ORANGE,SANTA ANA,-117.85645294189452,33.737300872802734
84814694,2025,2025-08-25,3001,2025-08-18,1800,A2373,NA,1,5,7,3001,0,0,0,NA,0,NA,LA PALMA AVENUE,FAIRMONT BOULEVARD,12,W,N,A,-,N,NA,NA,NA,NA,NA,NA,NA,NA,NA,Y,4,0,1,2,A,-,01,23152,A,N,C,C,A,A,H,-,B,A,0,NA,NA,NA,NA,Y,Y,A,01,0,0,1,0,0,0,0,0,0,-,-,33.86425018310547,-117.77561950683594,ORANGE,ANAHEIM,-117.77570343017578,33.86395263671875
8481556,2017,2017-11-17,3014,2017-10-13,1656,1346,RD53,5,5,5,3014,0,0,0,NA,0,0A4,SAN JOAQUIN HILLS RD,CROWN DR N,345,W,N,A,-,N,NA,NA,NA,NA,NA,NA,NA,NA,NA,Y,3,0,1,1,A,-,03,22350,NA,N,F,A,A,A,H,-,A,D,0,NA,NA,Y,NA,Y,NA,C,02,0,1,0,0,0,0,0,0,1,-,-,33.61083,-117.86467,ORANGE,NEWPORT BEACH,-117.86468641,33.61047621
8481628,2017,2017-12-05,3007,2017-10-02,2159,1126,54,1,5,5,3007,0,0,0,NA,0,003,TALBERT AV,BUSHARD ST,0,NA,Y,A,-,N,NA,NA,NA,NA,NA,NA,NA,NA,NA,Y,4,0,1,2,A,-,12,21453,A,N,D,C,A,A,H,-,C,A,0,NA,NA,NA,NA,Y,NA,A,08,0,0,1,0,0,0,0,0,0,-,-,NA,NA,ORANGE,FOUNTAIN VALLEY,-117.96293004,33.70163007
84817232,2025,2025-08-26,3026,2025-08-12,1113,11846,NA,2,5,6,3026,0,0,0,NA,0,007,IRVINE BLVD,YALE AVE,0,NA,Y,A,-,N,NA,NA,NA,NA,NA,NA,NA,NA,NA,N,3,0,1,2,D,-,00,NA,NA,N,D,G,A,A,H,-,A,A,0,NA,Y,NA,NA,Y,NA,-,-,0,1,0,0,0,0,1,0,0,-,-,33.71430969238281,-117.76110076904295,ORANGE,IRVINE,-117.76107025146484,33.714378356933594
84818162,2025,2025-08-26,3014,2025-07-04,1108,1666,NA,5,5,5,3014,0,0,0,NA,0,A1,SEASHORE DR,41TH ST,0,NA,Y,A,-,N,NA,NA,NA,NA,NA,NA,NA,NA,NA,N,2,0,2,2,A,-,03,22350,NA,N,A,G,A,A,H,-,A,D,0,NA,NA,NA,NA,Y,NA,M,91,2,0,0,0,0,0,0,0,0,-,-,33.61867141723633,-117.93765258789063,ORANGE,NEWPORT BEACH,-117.93766784667967,33.618690490722656
8481917,2017,2018-06-13,3003,2017-10-03,1232,1056,NA,2,5,5,3003,0,0,0,NA,0,NA,LA PALMA AV,BEACH BL,130,W,N,A,-,N,NA,NA,NA,NA,NA,NA,NA,NA,NA,N,4,0,1,2,A,-,05,21650,NA,N,D,G,A,A,H,-,A,D,0,NA,Y,NA,NA,Y,NA,L,04,0,0,1,0,0,0,1,0,0,-,-,33.5048,-117.5946,ORANGE,BUENA PARK,-117.99847714,33.84664564
84820744,2025,2025-08-27,3014,2025-08-21,758,1436,NA,4,5,5,3014,0,0,0,NA,0,A2,IRVINE AVE,15TH ST,225,S,N,A,-,N,NA,NA,NA,NA,NA,NA,NA,NA,NA,N,2,0,1,2,A,-,03,22350,NA,N,H,E,A,A,H,-,A,D,0,NA,NA,NA,NA,Y,NA,M,91,1,0,0,0,0,0,0,0,0,-,-,33.62229919433594,-117.91478729248048,ORANGE,NEWPORT BEACH,-117.91474151611328,33.622371673583984
84821134,2025,2025-08-28,3019,2025-08-17,2322,3677,NA,7,5,7,3019,0,0,0,NA,0,003,GRAND AVENUE,MCFADDEN AVENUE,12,N,N,A,-,N,NA,NA,NA,NA,NA,NA,NA,NA,NA,N,4,0,1,2,A,-,03,22350,NA,N,C,C,A,A,H,-,D,D,0,NA,NA,NA,NA,Y,NA,A,01,0,0,1,0,0,0,0,0,0,-,-,33.73263931274414,-117.85076904296876,ORANGE,SANTA ANA,-117.8503875732422,33.733734130859375
8482129,2017,2017-11-21,3010,2017-10-08,2107,205,444,7,5,6,3010,0,0,0,NA,0,003,ADAMS,NEWLAND,0,NA,Y,A,-,N,NA,NA,NA,NA,NA,NA,NA,NA,NA,Y,3,0,1,2,A,-,12,21453,A,N,D,C,A,A,H,-,C,A,0,NA,NA,NA,NA,Y,NA,A,07,0,1,0,0,0,0,0,0,0,-,-,NA,NA,ORANGE,HUNTINGTON BEACH,-117.97992009,33.67228009
84822816,2025,2025-08-29,3010,2025-08-24,1213,2151,NA,7,5,6,3010,0,0,0,NA,0,007,BEACH BL - SR39 BLVD,STARK DR,46,S,N,A,-,Y,ORA,NA,39,NA,NA,5.452,H,NA,R,Y,4,0,1,3,A,-,03,22350,NA,F,C,C,A,A,H,-,A,A,0,NA,NA,NA,NA,Y,NA,A,01,0,0,1,0,0,0,0,0,0,-,-,33.72747039794922,-117.98927307128906,ORANGE,HUNTINGTON BEACH,-117.98917388916016,33.72747039794922
84822819,2025,2025-08-29,3010,2025-08-25,1428,2083,NA,1,5,6,3010,0,0,0,NA,0,002,ATLANTA AVE,NEWLAND ST,0,NA,Y,A,-,N,NA,NA,NA,NA,NA,NA,NA,NA,NA,N,3,0,1,2,A,-,08,22107,NA,N,B,G,A,A,H,-,A,A,0,NA,Y,NA,NA,Y,NA,L,04,0,1,0,0,0,0,1,0,0,-,-,33.65766143798828,-117.97972869873048,ORANGE,HUNTINGTON BEACH,-117.979736328125,33.657676696777344
84824595,2025,2025-09-01,3010,2025-08-25,1309,2090,NA,1,5,6,3010,0,0,0,NA,0,003,MAGNOLIA ST,GARFIELD AVE,0,NA,Y,A,-,N,NA,NA,NA,NA,NA,NA,NA,NA,NA,N,3,0,1,2,A,-,09,21801,A,N,D,C,A,A,H,-,A,A,0,NA,NA,NA,NA,Y,NA,A,01,0,1,0,0,0,0,0,0,0,-,-,33.6870002746582,-117.97115325927734,ORANGE,HUNTINGTON BEACH,-117.97145080566406,33.68680953979492
84824653,2025,2025-09-01,3008,2025-07-17,906,1387,NA,4,5,6,3008,0,0,0,NA,0,NA,IMPERIAL HWY,BONITA PL,0,NA,Y,A,-,N,NA,NA,NA,NA,NA,NA,NA,NA,NA,Y,3,0,4,2,A,-,12,21453,A,N,D,C,A,A,H,-,A,A,0,NA,NA,NA,NA,Y,NA,A,07,0,1,3,0,0,0,0,0,0,-,-,NA,NA,ORANGE,FULLERTON,-117.92740631103516,33.917327880859375
84825456,2025,2025-09-02,3001,2025-07-27,2353,A2947,NA,7,5,7,3001,0,0,0,NA,0,D-3,LINCOLN AVENUE,5 FREEWAY OFF RAMP,0,NA,Y,A,-,N,NA,NA,NA,NA,NA,NA,NA,NA,NA,N,4,0,1,2,A,-,12,21453,A,N,B,C,A,A,H,-,C,A,0,NA,NA,NA,NA,Y,NA,D,22,0,0,1,0,0,0,0,0,0,-,-,NA,NA,ORANGE,ANAHEIM,-117.93245697021484,33.832359313964844
84825462,2025,2025-09-02,3001,2025-06-29,1909,A3010,NA,7,5,7,3001,0,0,0,NA,0,D-2,EUCLID STREET,CRESCENT AVENUE,5,S,N,A,-,N,NA,NA,NA,NA,NA,NA,NA,NA,NA,N,4,0,1,2,A,-,03,22350,NA,N,C,C,A,A,H,-,A,A,0,NA,NA,NA,NA,Y,NA,D,22,0,0,1,0,0,0,0,0,0,-,-,NA,NA,ORANGE,ANAHEIM,-117.94159698486328,33.839786529541016
84827421,2025,2025-09-04,3001,2025-08-15,2012,A2694,NA,5,5,7,3001,0,0,0,NA,0,D-3,ORANGEWOOD AVENUE,SPINNAKER STREET,68,W,N,A,-,N,NA,NA,NA,NA,NA,NA,NA,NA,NA,N,1,1,1,3,A,-,11,21950,B,N,G,B,D,A,H,-,C,D,0,Y,NA,NA,NA,Y,NA,N,60,0,1,0,1,1,0,0,0,0,-,-,33.79627990722656,-117.89962768554688,ORANGE,ANAHEIM,-117.89954376220705,33.7961311340332
84830950,2025,2025-09-05,3001,2025-08-07,1514,A2303,NA,4,5,7,3001,0,0,0,NA,0,D-4,TUSTIN AVENUE,LA PALMA AVENUE,382,S,N,A,-,N,NA,NA,NA,NA,NA,NA,NA,NA,NA,Y,4,0,2,2,A,-,09,21804,A,N,D,C,A,A,H,-,A,A,0,NA,NA,NA,NA,Y,NA,A,07,0,0,2,0,0,0,0,0,0,-,-,33.85538101196289,-117.83740997314452,ORANGE,ANAHEIM,-117.83750152587892,33.85438537597656
84832612,2025,2025-09-08,3010,2025-08-28,2326,2237,NA,4,5,6,3010,0,0,0,NA,0,009,BOLSA CHICA ST,BOLSA AVE,0,NA,Y,A,-,N,NA,NA,NA,NA,NA,NA,NA,NA,NA,Y,3,0,2,2,A,-,01,23152,A,N,A,C,A,A,H,-,C,A,0,NA,NA,NA,NA,Y,Y,A,01,0,2,0,0,0,0,0,0,0,-,-,33.74435043334961,-118.04151153564452,ORANGE,HUNTINGTON BEACH,-118.04169464111328,33.74433135986328