CASE_ID,ACCIDENT_YEAR,PROC_DATE,JURIS,COLLISION_DATE,COLLISION_TIME,OFFICER_ID,REPORTING_DISTRICT,DAY_OF_WEEK,CHP_SHIFT,POPULATION,CNTY_CITY_LOC,SPECIAL_COND,BEAT_TYPE,CHP_BEAT_TYPE,CITY_DIVISION_LAPD,CHP_BEAT_CLASS,BEAT_NUMBER,PRIMARY_RD,SECONDARY_RD,DISTANCE,DIRECTION,INTERSECTION,WEATHER_1,WEATHER_2,STATE_HWY_IND,CALTRANS_COUNTY,CALTRANS_DISTRICT,STATE_ROUTE,ROUTE_SUFFIX,POSTMILE_PREFIX,POSTMILE,LOCATION_TYPE,RAMP_INTERSECTION,SIDE_OF_HWY,TOW_AWAY,COLLISION_SEVERITY,NUMBER_KILLED,NUMBER_INJURED,PARTY_COUNT,PRIMARY_COLL_FACTOR,PCF_CODE_OF_VIOL,PCF_VIOL_CATEGORY,PCF_VIOLATION,PCF_VIOL_SUBSECTION,HIT_AND_RUN,TYPE_OF_COLLISION,MVIW,PED_ACTION,ROAD_SURFACE,ROAD_COND_1,ROAD_COND_2,LIGHTING,CONTROL_DEVICE,CHP_ROAD_TYPE,PEDESTRIAN_ACCIDENT,BICYCLE_ACCIDENT,MOTORCYCLE_ACCIDENT,TRUCK_ACCIDENT,NOT_PRIVATE_PROPERTY,ALCOHOL_INVOLVED,STWD_VEHTYPE_AT_FAULT,CHP_VEHTYPE_AT_FAULT,COUNT_SEVERE_INJ,COUNT_VISIBLE_INJ,COUNT_COMPLAINT_PAIN,COUNT_PED_KILLED,COUNT_PED_INJURED,COUNT_BICYCLIST_KILLED,COUNT_BICYCLIST_INJURED,COUNT_MC_KILLED,COUNT_MC_INJURED,PRIMARY_RAMP,SECONDARY_RAMP,LATITUDE,LONGITUDE,COUNTY,CITY,POINT_X,POINT_Y
8518028,2017,2017-12-27,3001,2017-11-14,1838,840/A242,NA,2,5,7,3001,0,0,0,NA,0,0D2,WEST LA PALMA AV,NORTH HARBOR BL,115,W,N,A,-,N,NA,NA,NA,NA,NA,NA,NA,NA,NA,N,2,0,1,2,A,-,11,21954,A,N,G,B,D,A,H,-,C,A,0,Y,NA,NA,NA,Y,NA,N,60,1,0,0,0,1,0,0,0,0,-,-,NA,NA,ORANGE,ANAHEIM,-117.92422778,33.84720349
8518261,2017,2017-12-18,3024,2017-12-03,1143,435,P35,7,5,5,3024,0,0,0,NA,0,EAST,BUSHARD ST,MCFADDEN AV,0,NA,Y,A,-,N,NA,NA,NA,NA,NA,NA,NA,NA,NA,Y,4,0,1,2,A,-,09,21453,B,N,B,C,A,A,H,-,A,A,0,NA,NA,NA,NA,Y,NA,A,01,0,0,1,0,0,0,0,0,0,-,-,33.73776,-117.96346,ORANGE,WESTMINSTER,-117.96343006,33.73763002
8519111,2017,2018-01-03,3019,2017-11-19,1830,3448,NA,7,5,7,3019,0,0,0,NA,0,NA,1ST ST,ELK LN,0,NA,Y,A,-,N,NA,NA,NA,NA,NA,NA,NA,NA,NA,Y,3,0,2,2,A,-,12,21453,A,N,D,C,A,A,H,-,C,A,0,NA,NA,NA,NA,Y,NA,A,01,0,1,1,0,0,0,0,0,0,-,-,33.74545,-117.844,ORANGE,SANTA ANA,-117.84379011,33.74546003
8519219,2017,2018-01-02,3019,2017-11-28,1732,2776,SE,2,5,7,3019,0,0,0,NA,0,003,EDINGER AV,CYPRESS AV,0,NA,Y,A,-,N,NA,NA,NA,NA,NA,NA,NA,NA,NA,N,4,0,1,2,A,-,09,21802,A,N,D,C,A,A,H,-,C,D,0,NA,NA,NA,NA,Y,NA,A,01,0,0,1,0,0,0,0,0,0,-,-,33.72705,-117.86663,ORANGE,SANTA ANA,-117.86655002,33.72726004
8519464,2017,2018-01-05,3019,2017-12-07,1630,2630,NE,4,5,7,3019,0,0,0,NA,0,002,CIVIC CENTER DR,MAIN ST,0,NA,Y,A,-,N,NA,NA,NA,NA,NA,NA,NA,NA,NA,N,3,0,2,2,A,-,09,21800,A,N,D,C,A,A,H,-,A,A,0,NA,NA,NA,NA,Y,NA,A,01,0,1,1,0,0,0,0,0,0,-,-,33.75084,-117.86777,ORANGE,SANTA ANA,-117.86761006,33.75063006
8519526,2017,2018-01-04,3006,2017-11-04,1717,329,4,6,5,3,3006,0,0,0,NA,0,001,VALLEY VIEW,ORANGETHORPE,0,NA,Y,A,-,N,NA,NA,NA,NA,NA,NA,NA,NA,NA,Y,3,0,5,4,A,-,12,21453,A,N,D,C,A,A,H,-,A,A,0,NA,NA,NA,NA,Y,NA,I,11,0,1,4,0,0,0,0,0,0,-,-,NA,NA,ORANGE,LA PALMA,-118.02876003,33.85888001
8519668,2017,2018-01-09,3002,2017-11-22,0458,1663,226Z,3,5,4,3002,0,0,0,NA,0,011,CENTRAL AV,TAMARACK AV,20,W,N,A,-,N,NA,NA,NA,NA,NA,NA,NA,NA,NA,N,2,0,1,2,D,-,00,NA,NA,F,G,B,B,A,H,-,C,A,0,Y,NA,NA,NA,Y,NA,-,-,1,0,0,0,1,0,0,0,0,-,-,NA,NA,ORANGE,BREA,-117.89924575,33.93205829
8519816,2017,2018-01-04,3026,2017-12-02,1552,8929,UNIVE,6,5,6,3026,0,0,0,NA,0,003,HARVARD AV,MICHELSON DR,17,N,N,A,B,N,NA,NA,NA,NA,NA,NA,NA,NA,NA,N,3,0,1,2,A,-,11,21456,B,N,H,G,A,A,H,-,A,A,0,NA,Y,NA,NA,Y,NA,L,04,0,1,0,0,0,0,1,0,0,-,-,33.67059,-117.83351,ORANGE,IRVINE,-117.83330284,33.67061474
8519927,2017,2018-01-04,3026,2017-12-11,1718,518,UNIVE,1,5,6,3026,0,0,0,NA,0,002,VON KARMAN AV,MORSE AV,884,S,N,A,-,N,NA,NA,NA,NA,NA,NA,NA,NA,NA,Y,3,0,2,3,A,-,03,22350,NA,N,C,C,A,A,H,-,C,A,0,NA,NA,NA,NA,Y,NA,A,01,0,1,1,0,0,0,0,0,0,-,-,33.6825,-117.84953,ORANGE,IRVINE,-117.85083533,33.6802952
8520556,2017,2017-12-28,3014,2017-11-19,1502,1253,RD39,7,5,5,3014,0,0,0,NA,0,0A3,SAN JOAQUIN HILLS RD,JAMBOREE RD,230,E,N,A,-,N,NA,NA,NA,NA,NA,NA,NA,NA,NA,Y,3,0,1,2,A,-,08,22100,A,N,B,C,A,A,H,-,A,D,0,NA,NA,Y,NA,Y,NA,C,02,0,1,0,0,0,0,0,0,1,-,-,33.6248,-117.8783,ORANGE,NEWPORT BEACH,-117.87882183,33.62483999
8520871,2017,2018-01-04,3015,2017-12-01,0748,1574,016,5,5,6,3015,0,0,0,NA,0,231,EAST KATELLA AV,N HARDING ST,163,E,N,A,-,N,NA,NA,NA,NA,NA,NA,NA,NA,NA,N,4,0,1,1,A,-,03,22350,NA,N,H,A,A,A,H,-,A,D,0,NA,NA,NA,NA,Y,NA,D,22,0,0,1,0,0,0,0,0,0,-,-,NA,NA,ORANGE,ORANGE,-117.82276524,33.81043981
8521240,2017,2018-01-08,3007,2017-10-25,1753,267,54,3,5,5,3007,0,0,0,NA,0,003,TALBERT,BUSHARD,0,NA,Y,A,-,N,NA,NA,NA,NA,NA,NA,NA,NA,NA,N,4,0,1,2,A,-,09,21801,A,N,D,C,A,A,H,-,A,A,0,NA,NA,NA,NA,Y,NA,A,01,0,0,1,0,0,0,0,0,0,-,-,NA,NA,ORANGE,FOUNTAIN VALLEY,-117.96293004,33.70163007
8522356,2017,2018-07-09,3004,2017-12-01,0718,P542,05,5,5,6,3004,0,0,0,NA,0,001,NEWPORT BL,CABRILLO,103,S,N,A,-,Y,ORA,12,55,-,-,1.59,H,-,N,Y,3,0,1,2,A,-,07,21658,A,N,B,C,A,A,H,-,A,A,0,NA,NA,NA,NA,Y,NA,D,22,0,1,0,0,0,0,0,0,0,-,-,33.6392,-117.9204,ORANGE,COSTA MESA,-117.92119121,33.63853657
8523034,2017,2018-01-11,3004,2017-12-01,0815,P657,32,5,5,6,3004,0,0,0,NA,0,005,BRISTOL ST,SUNFLOWER AV,0,NA,Y,A,-,N,NA,NA,NA,NA,NA,NA,NA,NA,NA,Y,3,0,1,2,A,-,09,21453,C,N,A,C,A,A,H,-,A,A,0,NA,NA,NA,NA,Y,NA,A,01,0,1,0,0,0,0,0,0,0,-,-,33.69416,-117.88556,ORANGE,COSTA MESA,-117.88555002,33.69429002
8525397,2017,2018-01-17,3019,2017-12-09,1743,3467,NE,6,5,7,3019,0,0,0,NA,0,002,ROSS,CIVIC CENTER,60,S,N,A,-,N,NA,NA,NA,NA,NA,NA,NA,NA,NA,Y,2,0,2,4,A,-,01,23152,A,N,D,B,F,A,H,-,C,D,0,Y,NA,NA,NA,Y,Y,A,07,1,0,1,0,2,0,0,0,0,-,-,NA,NA,ORANGE,SANTA ANA,-117.87249,33.75138551
8525476,2017,2018-01-16,3003,2017-10-23,1111,752,NA,1,5,5,3003,0,0,0,NA,0,NA,ARTESIA BL,INDUSTRY CIR,563,E,N,A,-,N,NA,NA,NA,NA,NA,NA,NA,NA,NA,Y,2,0,1,2,A,-,05,21651,A,N,B,C,A,A,H,-,A,D,0,NA,NA,NA,Y,Y,NA,D,22,1,0,0,0,0,0,0,0,0,-,-,33.8733,-118.0232,ORANGE,BUENA PARK,-118.023434,33.873365
8525480,2017,2018-01-16,3003,2017-12-14,1743,752,3003,4,5,5,3003,0,0,0,NA,0,005,LINCOLN AV,LAUREL GATE,0,NA,Y,A,-,N,NA,NA,NA,NA,NA,NA,NA,NA,NA,N,4,0,1,2,A,-,10,21950,A,N,G,B,B,A,H,-,C,A,0,Y,NA,NA,NA,Y,NA,A,01,0,0,1,0,1,0,0,0,0,-,-,33.8319,-118.6164,ORANGE,BUENA PARK,-118.01657012,33.83192008
8525919,2017,2018-01-04,3026,2017-12-13,1428,8929,CROSS,3,5,6,3026,0,0,0,NA,0,006,SAND CANYON AV,BARRANCA PKWY,7,S,N,A,-,N,NA,NA,NA,NA,NA,NA,NA,NA,NA,N,3,0,1,2,B,-,22,NA,NA,N,H,G,A,A,H,-,A,A,0,NA,Y,NA,NA,Y,NA,L,04,0,1,0,0,0,0,1,0,0,-,-,33.66465,-117.77092,ORANGE,IRVINE,-117.77120449,33.66454512
8527255,2017,2018-01-16,3001,2017-12-01,1655,1622,1817,5,5,7,3001,0,0,0,NA,0,013,SOUTH DALE AV,WEST BALL RD,78,N,N,A,-,N,NA,NA,NA,NA,NA,NA,NA,NA,NA,N,4,0,1,2,A,-,03,22350,NA,N,C,C,A,A,H,-,A,A,0,NA,NA,NA,NA,Y,NA,D,22,0,0,1,0,0,0,0,0,0,-,-,NA,NA,ORANGE,ANAHEIM,-117.98455384,33.81773383
8529454,2017,2018-01-12,3004,2017-12-29,2123,P651,32,5,5,6,3004,0,0,0,NA,0,015,SUNFLOWER AV,PARK CENTER,159,W,N,A,-,N,NA,NA,NA,NA,NA,NA,NA,NA,NA,Y,3,0,1,1,A,-,01,23152,A,N,A,I,A,A,H,-,C,D,0,NA,NA,NA,NA,Y,Y,A,01,0,1,0,0,0,0,0,0,0,-,-,33.6941,-117.8833,ORANGE,COSTA MESA,-117.88390133,33.69412
8529458,2017,2018-01-12,3004,2017-12-31,1623,P640,01,7,5,6,3004,0,0,0,NA,0,007,WEST 19TH ST,PARKCREST DR,257,W,N,A,-,N,NA,NA,NA,NA,NA,NA,NA,NA,NA,N,4,0,1,2,A,-,08,22107,NA,N,D,C,A,A,H,-,A,D,0,NA,NA,NA,NA,Y,NA,A,01,0,0,1,0,0,0,0,0,0,-,-,33.643299999999996,-117.9428,ORANGE,COSTA MESA,-117.94279086,33.64329622
8530054,2017,2018-01-23,3000,2017-12-09,1248,8214,992J5,6,5,5,3017,0,0,0,NA,0,173,AVENIDA MONTEREY,SOUTH OLA VISTA,77,E,N,A,-,N,NA,NA,NA,NA,NA,NA,NA,NA,NA,Y,2,0,2,3,A,-,01,23152,A,N,F,A,A,A,H,-,A,D,0,NA,NA,NA,NA,Y,Y,D,22,2,0,0,0,0,0,0,0,0,-,-,NA,NA,ORANGE,SAN CLEMENTE,-117.61458014,33.42198593
8530070,2017,2018-01-22,3002,2017-12-11,2125,5013,741A5,1,5,5,3025,0,0,0,NA,0,004,HIDDEN HILLS RD,MISSION HILLS LN,528,S,N,A,-,N,NA,NA,NA,NA,NA,NA,NA,NA,NA,Y,3,0,1,1,A,-,01,23152,A,N,E,I,A,A,H,-,C,D,0,NA,NA,NA,NA,Y,Y,D,22,0,1,0,0,0,0,0,0,0,-,-,NA,NA,ORANGE,YORBA LINDA,-117.74573469,33.88415629
8530081,2017,2018-01-19,3022,2017-12-26,1645,1278,SOUTH,2,5,5,3022,0,0,0,NA,0,003,WALNUT AV,TUSTIN RANCH RD,27,W,N,A,-,N,NA,NA,NA,NA,NA,NA,NA,NA,NA,Y,4,0,1,1,A,-,08,22107,NA,N,E,I,A,A,H,-,A,A,0,NA,NA,NA,NA,Y,NA,A,01,0,0,1,0,0,0,0,0,0,-,-,33.7188,-117.80949,ORANGE,TUSTIN,-117.80973922,33.71879153
8530550,2018,2018-01-20,3013,2018-01-09,0754,194,L04,2,5,3,3013,0,0,0,NA,0,004,CERRITOS AV,LOS ALAMITOS BL,175,W,N,C,-,N,NA,NA,NA,NA,NA,NA,NA,NA,NA,N,4,0,1,2,A,-,03,22350,NA,N,C,C,A,B,H,-,A,D,0,NA,NA,NA,NA,Y,NA,A,08,0,0,1,0,0,0,0,0,0,-,-,NA,NA,ORANGE,LOS ALAMITOS,-118.07243347167967,33.81037902832031
8530617,2017,2018-02-05,3000,2017-12-19,1125,9684,921G1,2,5,4,3045,0,0,0,NA,0,745,PASEO DE VALENCIA,LOS ALISOS BL,332,S,N,A,-,N,NA,NA,NA,NA,NA,NA,NA,NA,NA,Y,3,0,1,2,A,-,03,22350,NA,N,C,C,A,A,H,-,A,A,0,NA,NA,NA,NA,Y,NA,A,01,0,1,0,0,0,0,0,0,0,-,-,NA,NA,ORANGE,LAGUNA HILLS,-117.70319748,33.60391883
8531319,2017,2018-07-09,3010,2017-12-30,1041,1208,252,6,5,6,3010,0,0,0,NA,0,007,RT 39,ALHAMBRA,0,NA,Y,A,-,Y,ORA,12,39,-,-,5.161,I,5,S,N,3,0,1,2,A,-,07,21658,A,N,B,C,A,A,H,-,A,A,0,NA,NA,Y,NA,Y,NA,C,02,0,1,0,0,0,0,0,0,1,-,-,NA,NA,ORANGE,HUNTINGTON BEACH,-117.98933592,33.723335
8531583,2017,2018-01-22,3009,2017-12-31,1732,3965,143,7,5,6,3009,0,0,0,NA,0,2-2,BUARO ST,CHAPMAN AV,0,NA,Y,A,-,N,NA,NA,NA,NA,NA,NA,NA,NA,NA,N,3,0,1,2,A,-,05,21650,1,N,D,C,A,A,H,-,C,A,0,NA,Y,NA,NA,Y,NA,L,04,0,1,0,0,0,0,1,0,0,-,-,33.78882,-117.91923,ORANGE,GARDEN GROVE,-117.91926013,33.78889009
8532141,2018,2018-02-01,3024,2018-01-04,1633,329,P37,4,5,5,3024,0,0,0,NA,0,EAST,NEWLAND ST,CARNEGIE AV,0,NA,Y,A,-,N,NA,NA,NA,NA,NA,NA,NA,NA,NA,Y,4,0,3,3,A,-,12,21453,A,N,D,C,A,A,H,-,A,A,0,NA,NA,NA,NA,Y,NA,A,01,0,0,3,0,0,0,0,0,0,-,-,NA,NA,ORANGE,WESTMINSTER,-117.98087310791016,33.73305892944336
8532148,2018,2018-01-29,3003,2018-01-03,0615,1200,NA,3,5,5,3003,0,0,0,NA,0,001,ARTESIA BL,BEACH BL,16,E,N,A,-,N,NA,NA,NA,NA,NA,NA,NA,NA,NA,N,3,0,1,2,A,-,09,21453,B,N,-,G,A,A,H,-,C,A,0,NA,Y,NA,NA,Y,NA,D,22,0,1,0,0,0,0,1,0,0,-,-,33.8734016418457,-117.99810028076172,ORANGE,BUENA PARK,-117.9982681274414,33.87350082397461
8532293,2018,2018-02-01,3010,2018-01-09,1020,1059,156,2,5,6,3010,0,0,0,NA,0,008,BOLSA CHICA ST,HEIL AV,0,NA,Y,B,-,N,NA,NA,NA,NA,NA,NA,NA,NA,NA,Y,3,0,1,3,A,-,03,22350,NA,N,D,C,A,B,H,-,A,A,0,NA,NA,NA,NA,Y,NA,A,01,0,1,0,0,0,0,0,0,0,-,-,NA,NA,ORANGE,HUNTINGTON BEACH,-118.04158020019533,33.72257995605469
8532406,2018,2018-01-30,3015,2018-01-05,2042,1506,31,5,5,6,3015,0,0,0,NA,0,112,PARK BALBOA AV,BALBOA AV,611,E,N,A,-,N,NA,NA,NA,NA,NA,NA,NA,NA,NA,N,3,0,2,4,A,-,09,21804,A,N,D,E,A,A,H,-,A,D,0,NA,Y,Y,NA,Y,NA,L,04,0,2,0,0,0,0,1,0,1,-,-,NA,NA,ORANGE,ORANGE,NA,NA
8532421,2018,2018-01-29,3010,2018-01-16,1255,1109,461,2,5,6,3010,0,0,0,NA,0,004,STATE BEACH SERVICE RD,TWIN DOLPHIN,328,S,N,A,-,N,NA,NA,NA,NA,NA,NA,NA,NA,NA,N,4,0,1,1,B,-,22,NA,NA,N,E,I,A,A,H,-,A,D,0,NA,Y,NA,NA,Y,NA,L,04,0,0,1,0,0,0,1,0,0,-,-,NA,NA,ORANGE,HUNTINGTON BEACH,NA,NA
8532425,2018,2018-01-29,3010,2018-01-12,0857,1176,421,5,5,6,3010,0,0,0,NA,0,005,MAIN,FOUNTAIN GLEN,17,S,N,E,-,N,NA,NA,NA,NA,NA,NA,NA,NA,NA,N,3,0,1,2,A,-,05,21650,1,N,D,G,A,A,H,-,A,D,0,NA,Y,NA,NA,Y,NA,L,04,0,1,0,0,0,0,1,0,0,-,-,NA,NA,ORANGE,HUNTINGTON BEACH,-118.00139617919922,33.68175506591797
8532541,2017,2018-01-26,3014,2017-12-12,1539,1146,RD25,2,5,5,3014,0,0,0,NA,0,0A2,DOVER DR,WESTCLIFF DR,22,N,N,A,-,N,NA,NA,NA,NA,NA,NA,NA,NA,NA,N,4,0,1,2,A,-,03,22350,NA,N,C,C,A,A,H,-,A,A,0,NA,NA,NA,NA,Y,NA,A,01,0,0,1,0,0,0,0,0,0,-,-,33.6253,-117.904,ORANGE,NEWPORT BEACH,-117.90418118,33.62523438
8532833,2017,2018-06-08,3010,2017-12-26,1139,2180,162,2,5,6,3010,0,0,0,NA,0,008,WARNER,RT 1,476,E,N,A,-,N,NA,NA,NA,NA,NA,NA,NA,NA,NA,Y,4,0,6,2,A,-,03,22350,NA,N,C,C,A,A,H,-,A,A,0,NA,NA,NA,NA,Y,NA,A,07,0,0,6,0,0,0,0,0,0,-,-,NA,NA,ORANGE,HUNTINGTON BEACH,-118.061342,33.711651
8534020,2018,2018-01-25,3010,2018-01-08,1913,1261,NA,1,5,6,3010,0,0,0,NA,0,NA,EDWARDS,INLET,0,NA,Y,B,-,N,NA,NA,NA,NA,NA,NA,NA,NA,NA,Y,3,0,2,2,A,-,12,22450,A,N,D,C,A,B,H,-,C,A,0,NA,NA,NA,NA,Y,NA,A,01,0,1,1,0,0,0,0,0,0,-,-,NA,NA,ORANGE,HUNTINGTON BEACH,-118.01502990722656,33.69916915893555
8535974,2017,2018-03-07,3001,2017-11-19,1948,2125,D1,7,5,7,3001,0,0,0,NA,0,012,WEST BALL RD,SOUTH WESTERN AV,0,NA,Y,A,-,N,NA,NA,NA,NA,NA,NA,NA,NA,NA,Y,3,0,2,3,A,-,09,21801,A,N,A,C,A,A,H,-,C,A,0,NA,NA,NA,NA,Y,NA,A,01,0,1,1,0,0,0,0,0,0,-,-,NA,NA,ORANGE,ANAHEIM,-118.00206006,33.81734004
8536218,2017,2018-01-16,3003,2017-10-25,1919,750,NA,3,5,5,3003,0,0,0,NA,0,NA,WESTERN AV,LA PALMA AV,60,N,N,A,-,N,NA,NA,NA,NA,NA,NA,NA,NA,NA,N,4,0,2,3,A,-,03,22350,NA,M,C,C,A,A,H,-,C,A,0,NA,NA,NA,NA,Y,NA,A,01,0,0,2,0,0,0,0,0,0,-,-,NA,NA,ORANGE,BUENA PARK,-118.00238,33.84679451
8536262,2017,2018-07-09,3015,2017-12-28,1641,1538,66,4,5,6,3015,0,0,0,NA,0,131,EAST CHAPMAN AV,RT 55,0,NA,Y,A,-,Y,ORA,12,55,-,-,13.898,R,4,N,Y,3,0,1,2,A,-,09,21453,C,N,D,C,A,A,H,-,B,A,0,NA,NA,NA,NA,Y,NA,D,22,0,1,0,0,0,0,0,0,0,-,NO,NA,NA,ORANGE,ORANGE,-117.83085518,33.79048456
8536933,2017,2018-01-30,3026,2017-12-04,1733,313,NA,1,5,6,3026,0,0,0,NA,0,NA,JAMBOREE,FAIRCHILD,400,N,N,A,-,N,NA,NA,NA,NA,NA,NA,NA,NA,NA,N,4,0,2,3,A,-,03,22350,NA,N,C,C,A,A,H,-,C,D,0,NA,NA,NA,NA,Y,NA,A,01,0,0,2,0,0,0,0,0,0,-,-,NA,NA,ORANGE,IRVINE,-117.85909469,33.66132531
8537198,2018,2018-01-30,3010,2018-01-14,1143,1109,253,7,5,6,3010,0,0,0,NA,0,007,BRUSH,IRBY,17,W,N,A,-,N,NA,NA,NA,NA,NA,NA,NA,NA,NA,Y,4,0,1,2,A,-,08,22107,NA,N,A,C,A,A,H,-,A,A,0,NA,NA,NA,NA,Y,NA,A,07,0,0,1,0,0,0,0,0,0,-,-,NA,NA,ORANGE,HUNTINGTON BEACH,-117.9816665649414,33.72154998779297
8537676,2017,2018-01-23,3001,2017-12-10,0623,A1555,NA,7,5,7,3001,0,0,0,NA,0,001,SOUTH BROOKHURST ST,WEST BROADWAY,604,S,N,A,-,N,NA,NA,NA,NA,NA,NA,NA,NA,NA,Y,4,0,2,2,A,-,09,21801,A,N,D,C,A,A,H,-,B,D,0,NA,NA,NA,NA,Y,NA,A,07,0,0,2,0,0,0,0,0,0,-,-,NA,NA,ORANGE,ANAHEIM,-117.95894622,33.82723403
8537696,2017,2018-01-27,3000,2017-11-22,0930,1010,892H6,3,5,4,3048,0,0,0,NA,0,766,ANTONIO PKWY,VIA LADERA,239,N,N,A,-,N,NA,NA,NA,NA,NA,NA,NA,NA,NA,N,4,0,1,2,A,-,03,22350,NA,N,C,C,A,A,H,-,A,D,0,NA,NA,NA,NA,Y,NA,A,01,0,0,1,0,0,0,0,0,0,-,-,NA,NA,ORANGE,RANCHO SANTA MARGARITA,-117.61477777,33.61665615
8540003,2017,2018-01-30,3001,2017-11-27,0535,A1555,NA,1,5,7,3001,0,0,0,NA,0,0D4,EAST LA PALMA AV,N BLUE GUM ST,471,E,N,B,C,N,NA,NA,NA,NA,NA,NA,NA,NA,NA,Y,4,0,1,1,C,-,18,NA,NA,N,E,I,A,B,B,-,C,D,0,NA,NA,NA,NA,Y,NA,-,-,0,0,1,0,0,0,0,0,0,-,-,NA,NA,ORANGE,ANAHEIM,-117.86737751,33.84858695
8541142,2018,2018-03-13,3014,2018-01-18,1203,1346,RD16,4,5,5,3014,0,0,0,NA,0,0A1,BALBOA BL,RIVER AV,0,NA,Y,A,-,N,NA,NA,NA,NA,NA,NA,NA,NA,NA,Y,4,0,1,2,A,-,08,22107,NA,M,B,C,A,A,H,-,A,D,0,NA,NA,NA,NA,Y,NA,D,22,0,0,1,0,0,0,0,0,0,-,-,33.62165832519531,-117.93868255615234,ORANGE,NEWPORT BEACH,-117.93904876708984,33.6219596862793
8541163,2018,2018-02-01,3024,2018-01-04,1726,161,P35,4,5,5,3024,0,0,0,NA,0,EAST,BROOKHURST ST,BISHOP PL,320,S,N,A,-,N,NA,NA,NA,NA,NA,NA,NA,NA,NA,Y,3,0,2,2,A,-,09,21804,A,N,D,C,A,A,H,-,C,D,0,NA,NA,NA,NA,Y,NA,A,07,0,1,1,0,0,0,0,0,0,-,-,33.741329193115234,-117.95474243164063,ORANGE,WESTMINSTER,-117.95489501953124,33.74046325683594
8543519,2017,2018-06-11,3022,2017-09-26,0536,1154,NORTH,2,5,5,3022,0,0,0,NA,0,NA,RED HILL AV,RT 5,0,NA,Y,A,-,Y,ORA,12,5,-,R,29.228,R,4,N,Y,4,0,1,2,A,-,00,21453,NA,N,D,C,A,A,H,-,C,A,0,NA,NA,NA,NA,Y,NA,-,-,0,0,1,0,0,0,0,0,0,-,-,33.73377,-117.815,ORANGE,TUSTIN,-117.81692895,33.73482225
8546105,2017,2018-06-08,3003,2017-12-15,0200,1197,3003,5,5,5,3003,0,0,0,NA,0,004,BEACH BL,AZALEA DR,450,N,N,A,-,N,NA,NA,39,NA,NA,NA,NA,NA,NA,Y,4,0,2,2,D,-,00,NA,NA,N,H,C,A,A,H,-,C,A,0,NA,NA,NA,NA,Y,Y,-,-,0,0,2,0,0,0,0,0,0,-,-,33.85509,-117.99807,ORANGE,BUENA PARK,-117.99810873,33.85509014
8546109,2017,2018-07-10,3012,2017-12-26,1325,501,NA,2,5,5,3012,0,0,0,NA,0,0SW,BEACH BL,WESTRIDGE PL SOUTH,0,S,N,A,-,Y,ORA,12,39,-,-,18.86,H,-,N,Y,4,0,1,2,A,-,03,22350,NA,N,-,C,A,A,H,-,A,A,0,NA,NA,NA,NA,Y,Y,-,NA,0,0,1,0,0,0,0,0,0,-,-,NA,NA,ORANGE,LA HABRA,-117.97154239,33.91349087
8546383,2018,2018-02-08,3001,2018-01-22,1505,1397,D2,1,5,7,3001,0,0,0,NA,0,NA,E LINCOLN AV,N OLANA WY,0,NA,Y,A,-,N,NA,NA,NA,NA,NA,NA,NA,NA,NA,Y,4,0,3,2,A,-,09,21801,A,N,D,C,A,A,H,-,A,D,0,NA,NA,NA,NA,Y,NA,A,07,0,0,3,0,0,0,0,0,0,-,-,NA,NA,ORANGE,ANAHEIM,-117.88719177246094,33.83964157104492
8546399,2018,2018-02-08,3001,2018-01-15,1417,406,NA,1,5,7,3001,0,0,0,NA,0,0D2,NORTH EAST ST,E LINCOLN AV,0,NA,Y,A,-,N,NA,NA,NA,NA,NA,NA,NA,NA,NA,N,4,0,1,2,A,-,09,21801,A,N,D,C,A,A,H,-,A,A,0,NA,NA,NA,NA,Y,NA,A,01,0,0,1,0,0,0,0,0,0,-,-,NA,NA,ORANGE,ANAHEIM,-117.90270233154295,33.83808898925781
8546813,2018,2018-08-06,3010,2018-01-28,1510,1207,431,7,5,6,3010,0,0,0,NA,0,004,MAIN ST,RT 1,114,E,N,A,-,Y,ORA,12,1,-,-,24.721,I,6,N,N,4,0,1,2,A,-,17,22517,NA,N,F,C,A,A,H,-,A,D,0,NA,NA,Y,NA,Y,NA,A,01,0,0,1,0,0,0,0,0,1,-,-,NA,NA,ORANGE,HUNTINGTON BEACH,-118.00189971923828,33.657142639160156
8546855,2018,2018-02-07,3019,2018-01-05,1610,2776,NE,5,5,7,3019,0,0,0,NA,0,002,SANTIAGO AV,SANTA ANA BL,363,S,N,B,-,N,NA,NA,NA,NA,NA,NA,NA,NA,NA,Y,4,0,1,2,A,-,09,21801,A,N,D,C,A,A,H,-,A,D,0,NA,NA,NA,NA,Y,NA,A,01,0,0,1,0,0,0,0,0,0,-,-,33.75244140625,-117.85803985595705,ORANGE,SANTA ANA,-117.8573989868164,33.75140380859375
8547865,2018,2018-02-08,3003,2018-01-27,1344,847,NA,6,5,5,3003,0,0,0,NA,0,NA,HOLDER ST,SAN HELICE CIR,0,NA,Y,A,-,N,NA,NA,NA,NA,NA,NA,NA,NA,NA,Y,4,0,2,2,A,-,01,23152,A,N,A,C,A,A,H,-,A,D,0,NA,NA,NA,NA,Y,Y,D,22,0,0,2,0,0,0,0,0,0,-,-,33.84389877319336,-118.01670074462892,ORANGE,BUENA PARK,-118.01663208007813,33.843910217285156
8547960,2017,2018-02-09,3019,2017-12-28,0637,2460,WE,4,5,7,3019,0,0,0,NA,0,004,1ST ST,SHANNON ST,240,W,N,A,-,N,NA,NA,NA,NA,NA,NA,NA,NA,NA,Y,4,0,1,2,A,-,03,22350,NA,M,C,C,A,A,H,-,A,D,0,NA,NA,Y,NA,Y,NA,A,01,0,0,1,0,0,0,0,0,1,-,-,33.74508,-117.9247,ORANGE,SANTA ANA,-117.92534724,33.74512
8548230,2018,2018-02-08,3001,2018-01-25,0544,1410,D3,4,5,7,3001,0,0,0,NA,0,NA,SOUTH HARBOR BL,WATER ST,150,S,N,B,-,N,NA,NA,NA,NA,NA,NA,NA,NA,NA,Y,3,0,1,2,A,-,07,21658,A,N,B,C,A,A,H,-,B,D,0,NA,NA,NA,NA,Y,NA,A,01,0,1,0,0,0,0,0,0,0,-,-,NA,NA,ORANGE,ANAHEIM,-117.91732788085938,33.82718276977539