CASE_ID,ACCIDENT_YEAR,PROC_DATE,JURIS,COLLISION_DATE,COLLISION_TIME,OFFICER_ID,REPORTING_DISTRICT,DAY_OF_WEEK,CHP_SHIFT,POPULATION,CNTY_CITY_LOC,SPECIAL_COND,BEAT_TYPE,CHP_BEAT_TYPE,CITY_DIVISION_LAPD,CHP_BEAT_CLASS,BEAT_NUMBER,PRIMARY_RD,SECONDARY_RD,DISTANCE,DIRECTION,INTERSECTION,WEATHER_1,WEATHER_2,STATE_HWY_IND,CALTRANS_COUNTY,CALTRANS_DISTRICT,STATE_ROUTE,ROUTE_SUFFIX,POSTMILE_PREFIX,POSTMILE,LOCATION_TYPE,RAMP_INTERSECTION,SIDE_OF_HWY,TOW_AWAY,COLLISION_SEVERITY,NUMBER_KILLED,NUMBER_INJURED,PARTY_COUNT,PRIMARY_COLL_FACTOR,PCF_CODE_OF_VIOL,PCF_VIOL_CATEGORY,PCF_VIOLATION,PCF_VIOL_SUBSECTION,HIT_AND_RUN,TYPE_OF_COLLISION,MVIW,PED_ACTION,ROAD_SURFACE,ROAD_COND_1,ROAD_COND_2,LIGHTING,CONTROL_DEVICE,CHP_ROAD_TYPE,PEDESTRIAN_ACCIDENT,BICYCLE_ACCIDENT,MOTORCYCLE_ACCIDENT,TRUCK_ACCIDENT,NOT_PRIVATE_PROPERTY,ALCOHOL_INVOLVED,STWD_VEHTYPE_AT_FAULT,CHP_VEHTYPE_AT_FAULT,COUNT_SEVERE_INJ,COUNT_VISIBLE_INJ,COUNT_COMPLAINT_PAIN,COUNT_PED_KILLED,COUNT_PED_INJURED,COUNT_BICYCLIST_KILLED,COUNT_BICYCLIST_INJURED,COUNT_MC_KILLED,COUNT_MC_INJURED,PRIMARY_RAMP,SECONDARY_RAMP,LATITUDE,LONGITUDE,COUNTY,CITY,POINT_X,POINT_Y
8582547,2018,2018-03-26,3019,2018-02-16,1841,3437,WE,5,5,7,3019,0,0,0,NA,0,001,FAIRVIEW ST,EDINGER AV,0,NA,Y,A,-,N,NA,NA,NA,NA,NA,NA,NA,NA,NA,Y,4,0,2,2,A,-,09,21801,A,F,D,C,A,A,H,-,C,A,0,NA,NA,NA,NA,Y,NA,A,01,0,0,2,0,0,0,0,0,0,-,-,33.72732162475586,-117.90615844726563,ORANGE,SANTA ANA,-117.90617370605467,33.72731018066406
8582551,2018,2018-03-26,3019,2018-02-15,1800,2875,SC,4,5,7,3019,0,0,0,NA,0,004,BEAR ST,MACARTHUR BL,0,NA,Y,A,-,N,NA,NA,NA,NA,NA,NA,NA,NA,NA,N,4,0,1,2,D,-,00,NA,NA,N,C,C,A,A,H,-,B,A,0,NA,NA,NA,NA,Y,NA,-,-,0,0,1,0,0,0,0,0,0,-,-,33.700111389160156,-117.89218139648438,ORANGE,SANTA ANA,-117.89227294921876,33.700111389160156
8582552,2018,2018-03-23,3009,2018-03-10,1145,4330,004,6,5,6,3009,0,0,0,NA,0,011,BLACKMER ST,LAMPSON AV,0,NA,Y,C,-,N,NA,NA,NA,NA,NA,NA,NA,NA,NA,Y,4,0,1,2,A,-,09,21801,A,N,A,C,A,B,H,-,A,A,0,NA,NA,NA,NA,Y,NA,A,01,0,0,1,0,0,0,0,0,0,-,-,NA,NA,ORANGE,GARDEN GROVE,-118.03547668457033,33.782630920410156
8584293,2018,2018-03-29,3009,2018-03-15,2001,4645,095,4,5,6,3009,0,0,0,NA,0,012,GARDEN GROVE BL,VILLAGE RD,104,N,N,A,-,N,NA,NA,NA,NA,NA,NA,NA,NA,NA,N,4,0,1,2,A,-,08,22107,NA,N,G,B,E,A,H,-,A,D,0,Y,NA,NA,NA,Y,NA,A,01,0,0,1,0,1,0,0,0,0,-,-,NA,NA,ORANGE,GARDEN GROVE,-117.96450042724608,33.773990631103516
8584862,2018,2018-04-06,3009,2018-03-21,1331,3927,032,3,5,6,3009,0,0,0,NA,0,1 1,CHAPMAN AV,KNOTT ST,178,W,N,B,-,N,NA,NA,NA,NA,NA,NA,NA,NA,NA,Y,3,0,1,1,A,-,01,23152,A,N,E,J,A,A,H,-,A,A,0,NA,NA,NA,NA,Y,Y,D,22,0,1,0,0,0,0,0,0,0,-,-,33.788299560546875,-118.01113128662108,ORANGE,GARDEN GROVE,-118.01171112060548,33.788330078125
8584998,2018,2018-07-31,3002,2018-02-26,2350,1570,NA,1,5,4,3002,0,0,0,NA,0,013,IMPERIAL HWY,RT 57,0,NA,Y,B,C,Y,ORA,12,90,-,R,5.49,H,-,W,Y,2,0,1,1,A,-,08,22107,NA,N,B,I,A,B,G,H,C,D,0,NA,NA,NA,NA,Y,NA,A,01,1,0,0,0,0,0,0,0,0,-,-,NA,NA,ORANGE,BREA,-117.88294982910156,33.91080093383789
8585545,2017,2018-04-10,3008,2017-10-12,1546,1297,NA,4,5,6,3008,0,0,0,NA,0,0Z1,GILBERT RD,ARTESIA BL,0,NA,Y,A,-,N,NA,NA,NA,NA,NA,NA,NA,NA,NA,N,4,0,1,3,A,-,09,21801,NA,M,-,C,A,A,H,-,A,A,0,NA,NA,NA,NA,Y,Y,-,99,0,0,1,0,0,0,0,0,0,-,-,NA,NA,ORANGE,FULLERTON,-117.96818,33.87209001
8585792,2018,2018-04-16,3012,2018-03-15,0820,424,41,4,5,5,3012,0,0,0,NA,0,0SE,EUCLID,LA HABRA,0,NA,Y,A,-,N,NA,NA,NA,NA,NA,NA,NA,NA,NA,Y,4,0,1,2,A,-,09,21453,B,N,D,C,A,A,H,-,A,A,0,NA,NA,NA,NA,Y,NA,A,01,0,0,1,0,0,0,0,0,0,-,-,NA,NA,ORANGE,LA HABRA,-117.94612884521484,33.931861877441406
8585930,2018,2018-04-13,3019,2018-02-05,0540,3487,SC,1,5,7,3019,0,0,0,NA,0,004,BRISTOL ST,BRISTOL MARKET PL,0,NA,Y,A,-,N,NA,NA,NA,NA,NA,NA,NA,NA,NA,Y,4,0,1,3,A,-,03,22350,NA,F,C,C,A,A,H,-,A,A,0,NA,NA,NA,NA,Y,NA,A,08,0,0,1,0,0,0,0,0,0,-,-,33.761959075927734,-117.8850326538086,ORANGE,SANTA ANA,-117.88504,33.76197
8587241,2018,2018-04-10,3019,2018-03-26,1146,2859,WE,1,5,7,3019,0,0,0,NA,0,001,BRISTOL ST,MEMORY LN,200,S,N,A,-,N,NA,NA,NA,NA,NA,NA,NA,NA,NA,N,4,0,1,3,A,-,03,22350,NA,M,C,C,A,A,H,-,A,A,0,NA,NA,NA,NA,Y,NA,A,08,0,0,1,0,0,0,0,0,0,-,-,NA,NA,ORANGE,SANTA ANA,-117.88485717773438,33.7725830078125
8589112,2018,2018-04-10,3022,2018-03-01,1734,1193,SOUTH,4,5,5,3022,0,0,0,NA,0,NA,TUSTIN RANCH RD,BARRANCA PKWY,75,N,N,A,-,N,NA,NA,NA,NA,NA,NA,NA,NA,NA,Y,4,0,1,3,A,-,07,21658,A,N,B,C,A,A,H,-,C,A,0,NA,NA,NA,NA,Y,NA,A,01,0,0,1,0,0,0,0,0,0,-,-,33.698631286621094,-117.83350372314452,ORANGE,TUSTIN,-117.83309936523438,33.698909759521484
8590509,2018,2018-04-11,3009,2018-03-22,2350,4498,117,4,5,6,3009,0,0,0,NA,0,2-3,EUCLID,FORBES,0,NA,Y,C,-,N,NA,NA,NA,NA,NA,NA,NA,NA,NA,Y,4,0,1,2,A,-,09,21804,A,N,B,C,A,B,H,-,A,A,0,NA,NA,NA,NA,Y,NA,A,08,0,0,1,0,0,0,0,0,0,-,-,NA,NA,ORANGE,GARDEN GROVE,-117.93760681152344,33.756690979003906
8591037,2018,2018-04-13,3010,2018-03-02,2040,1019,272,5,5,6,3010,0,0,0,NA,0,006,WARNER,OAK,143,E,N,B,-,N,NA,NA,NA,NA,NA,NA,NA,NA,NA,Y,4,0,1,1,C,-,18,NA,NA,N,E,-,A,B,H,-,C,A,0,NA,NA,NA,NA,Y,NA,-,-,0,0,1,0,0,0,0,0,0,-,-,NA,NA,ORANGE,HUNTINGTON BEACH,-117.99307250976563,33.71567153930664
8591402,2017,2018-04-10,3008,2017-07-24,1108,1158,NA,1,5,6,3008,0,0,0,NA,0,001,MALVERN AV,TARGET WY,0,NA,Y,A,-,N,NA,NA,NA,NA,NA,NA,NA,NA,NA,Y,4,0,3,2,A,-,12,21453,A,N,D,C,A,A,H,-,A,A,0,NA,NA,NA,NA,Y,NA,A,01,0,0,3,0,0,0,0,0,0,-,-,NA,NA,ORANGE,FULLERTON,-117.961187,33.87702
8591585,2018,2018-04-20,3001,2018-03-15,1645,2187,D2,4,5,7,3001,0,0,0,NA,0,NA,NORTH EAST ST,E KENWOOD AV,2,NA,N,A,-,N,NA,NA,NA,NA,NA,NA,NA,NA,NA,Y,4,0,1,2,A,-,09,21801,A,N,D,C,A,A,H,-,A,D,0,NA,NA,NA,Y,Y,NA,F,26,0,0,1,0,0,0,0,0,0,-,-,NA,NA,ORANGE,ANAHEIM,-117.90670776367188,33.851810455322266
8591906,2018,2018-04-16,3010,2018-03-27,1659,1208,176,2,5,6,3010,0,0,0,NA,0,008,LESLIE LN,DUNBAR,56,N,N,A,-,N,NA,NA,NA,NA,NA,NA,NA,NA,NA,Y,4,0,1,2,A,-,08,22107,NA,N,C,E,A,A,H,-,A,D,0,NA,NA,NA,NA,Y,NA,A,01,0,0,1,0,0,0,0,0,0,-,-,NA,NA,ORANGE,HUNTINGTON BEACH,-118.03818511962892,33.71430206298828
8591910,2017,2018-04-16,3010,2017-03-25,1648,1066,179,6,5,6,3010,0,0,0,NA,0,007,WARNER,EDWARDS,360,W,N,A,-,N,NA,NA,NA,NA,NA,NA,NA,NA,NA,Y,4,0,2,3,A,-,03,22350,NA,N,C,C,A,A,H,-,A,D,0,NA,NA,NA,NA,Y,NA,A,07,0,0,2,0,0,0,0,0,0,-,-,NA,NA,ORANGE,HUNTINGTON BEACH,-118.01645112,33.71556168
8592007,2018,2018-04-13,3003,2018-02-12,2349,1124,NA,1,5,5,3003,0,0,0,NA,0,004,WESTERN AV,ORANGETHORPE AV,0,NA,Y,C,-,N,NA,NA,NA,NA,NA,NA,NA,NA,NA,Y,4,0,2,2,A,-,12,21453,A,N,D,C,A,B,H,-,C,A,0,NA,NA,NA,NA,Y,NA,A,01,0,0,2,0,0,0,0,0,0,-,-,NA,NA,ORANGE,BUENA PARK,-118.00247955322266,33.85895919799805
8592082,2018,2018-05-01,3001,2018-03-14,0241,A1638,1424,3,5,7,3001,0,0,0,NA,0,023,WEST LA PALMA AV,NORTH ANAHEIM BL,0,NA,Y,B,C,N,NA,NA,NA,NA,NA,NA,NA,NA,NA,Y,3,0,2,1,A,-,03,22350,NA,M,E,I,A,B,H,-,C,A,0,NA,NA,NA,NA,Y,NA,A,01,0,1,1,0,0,0,0,0,0,-,-,NA,NA,ORANGE,ANAHEIM,-117.91983032226563,33.84733963012695
8592448,2018,2018-04-19,3004,2018-04-02,1819,P491,02,1,5,6,3004,0,0,0,NA,0,015,W 18TH ST,ANAHEIM AV,0,NA,Y,B,-,N,NA,NA,NA,NA,NA,NA,NA,NA,NA,Y,4,0,1,2,A,-,12,22450,A,N,D,C,A,A,H,-,A,A,0,NA,NA,NA,NA,Y,NA,A,01,0,0,1,0,0,0,0,0,0,-,-,33.63983154296875,-117.92327880859376,ORANGE,COSTA MESA,-117.92330932617188,33.639801025390625
8593189,2018,2018-04-12,3010,2018-03-26,0915,1109,232,1,5,6,3010,0,0,0,NA,0,009,MCFADDEN,HUNTINGTON VILLAGE LN,0,NA,Y,A,-,N,NA,NA,NA,NA,NA,NA,NA,NA,NA,N,4,0,1,2,A,-,10,21950,A,N,G,B,B,A,H,-,A,D,0,Y,NA,NA,NA,Y,NA,A,01,0,0,1,0,1,0,0,0,0,-,-,NA,NA,ORANGE,HUNTINGTON BEACH,-117.99793243408205,33.737430572509766
8594669,2018,2018-04-24,3001,2018-03-11,0126,2202,NA,7,5,7,3001,0,0,0,NA,0,0L3,EAST ORANGEWOOD AV,S DUPONT DR,3,W,N,B,C,N,NA,NA,NA,NA,NA,NA,NA,NA,NA,Y,3,0,3,2,A,-,09,21804,A,N,D,C,A,B,H,-,C,D,0,NA,NA,NA,NA,Y,NA,A,01,0,2,1,0,0,0,0,0,0,-,-,NA,NA,ORANGE,ANAHEIM,-117.8857421875,33.7961311340332
8595946,2018,2018-04-13,3001,2018-03-08,1745,415,NA,4,5,7,3001,0,0,0,NA,0,0D3,WEST BALL RD,SOUTH LEMON ST,215,E,N,A,-,N,NA,NA,NA,NA,NA,NA,NA,NA,NA,N,4,0,1,2,A,-,03,22350,NA,M,C,C,A,A,H,-,B,A,0,NA,NA,NA,NA,Y,NA,A,01,0,0,1,0,0,0,0,0,0,-,-,NA,NA,ORANGE,ANAHEIM,-117.90955352783205,33.81814956665039
8595982,2018,2018-04-13,3001,2018-03-05,1418,1740,NA,1,5,7,3001,0,0,0,NA,0,0D3,S ANAHEIM WY,S CLAUDINA WY,271,N,N,A,-,N,NA,NA,NA,NA,NA,NA,NA,NA,NA,N,4,0,1,1,A,-,03,22350,NA,N,E,I,A,A,H,-,A,D,0,NA,NA,Y,NA,Y,NA,C,02,0,0,1,0,0,0,0,0,1,-,-,NA,NA,ORANGE,ANAHEIM,-117.90216064453124,33.804447174072266
8596202,2018,2018-04-17,3015,2018-03-08,1140,1372,12,4,5,6,3015,0,0,0,NA,0,732,S LAWSON WY,W TOWN AND COUNTRY RD,350,S,N,A,-,N,NA,NA,NA,NA,NA,NA,NA,NA,NA,Y,3,0,1,2,A,-,08,22100,A,N,D,C,A,A,H,-,A,D,0,NA,NA,NA,NA,Y,NA,A,07,0,1,0,0,0,0,0,0,0,-,-,NA,NA,ORANGE,ORANGE,-117.8632354736328,33.775699615478516
8597515,2018,2018-04-24,3004,2018-03-19,1702,P459,15,1,5,6,3004,0,0,0,NA,0,004,HARBOR BL,PRINCETON DR,221,S,N,B,-,N,NA,NA,NA,NA,NA,NA,NA,NA,NA,Y,3,0,3,3,A,-,03,22350,NA,N,C,C,A,A,H,-,A,D,0,NA,NA,NA,NA,Y,NA,A,01,0,1,2,0,0,0,0,0,0,-,-,33.39580154418945,-117.55079650878906,ORANGE,COSTA MESA,-117.91928100585938,33.66616439819336
8597602,2018,2018-04-23,3024,2018-04-04,1547,435,P02,3,5,5,3024,0,0,0,NA,0,WEST,MELANIE LN,GARDEN GROVE BL,857,S,N,A,-,N,NA,NA,NA,NA,NA,NA,NA,NA,NA,Y,2,0,4,3,A,-,03,22350,NA,N,A,C,A,A,H,-,A,D,0,NA,NA,NA,NA,Y,NA,A,01,1,0,3,0,0,0,0,0,0,-,-,33.77373123168945,-118.02675628662108,ORANGE,WESTMINSTER,-118.02649688720705,33.7716064453125
8597609,2018,2018-04-24,3014,2018-04-08,1129,1395,RD39,7,5,5,3014,0,0,0,NA,0,0A3,JAMBOREE RD,BACK BAY DR,180,S,N,A,-,N,NA,NA,NA,NA,NA,NA,NA,NA,NA,Y,4,0,2,3,A,-,03,22350,NA,N,C,C,A,A,H,-,A,D,0,NA,NA,NA,NA,Y,NA,A,01,0,0,2,0,0,0,0,0,0,-,-,33.614898681640625,-117.88919830322266,ORANGE,NEWPORT BEACH,-117.88926696777344,33.61483383178711
8599297,2018,2018-04-25,3019,2018-03-24,0554,3537,SC,6,5,7,3019,0,0,0,NA,0,004,MCFADDEN AV,BRISTOL ST,0,NA,Y,A,-,N,NA,NA,NA,NA,NA,NA,NA,NA,NA,N,3,0,1,2,A,-,09,21801,A,N,D,C,A,A,H,-,C,A,0,NA,NA,NA,NA,Y,NA,A,01,0,1,0,0,0,0,0,0,0,-,-,33.734580993652344,-117.88507843017578,ORANGE,SANTA ANA,-117.88520050048828,33.734458923339844
8599419,2018,2018-04-30,3012,2018-03-18,0638,633,21,7,5,5,3012,0,0,0,NA,0,002,LA HABRA BL,FONDA ST,554,E,N,A,-,N,NA,NA,NA,NA,NA,NA,NA,NA,NA,N,4,0,1,5,A,-,08,22107,NA,N,B,E,A,A,H,-,E,D,0,NA,NA,NA,NA,Y,NA,A,01,0,0,1,0,0,0,0,0,0,-,-,NA,NA,ORANGE,LA HABRA,-117.92729949951172,33.93186950683594
8601457,2018,2018-07-27,3000,2018-04-22,0814,9680,971E3,7,5,4,3029,0,0,0,NA,0,736,PACIFIC COAST HWY,CROWN VALLEY PKWY,330,S,N,A,-,N,NA,NA,NA,NA,NA,NA,NA,NA,NA,N,4,0,1,2,A,-,08,22107,NA,N,H,G,A,A,H,-,A,D,0,NA,Y,NA,NA,Y,NA,A,07,0,0,1,0,0,0,1,0,0,-,-,NA,NA,ORANGE,DANA POINT,-117.72642517089844,33.486202239990234
8601790,2018,2018-08-23,3010,2018-04-14,1526,1019,NA,6,5,6,3010,0,0,0,NA,0,NA,RT 1,21ST ST,75,S,N,A,-,Y,ORA,12,1,-,-,25.76,H,-,S,Y,4,0,2,3,A,-,03,22350,NA,N,C,C,A,A,H,-,A,D,0,NA,NA,NA,NA,Y,NA,A,01,0,0,2,0,0,0,0,0,0,-,-,NA,NA,ORANGE,HUNTINGTON BEACH,-118.0156478881836,33.66695022583008
8601842,2018,2018-05-16,3019,2018-04-23,1605,3488,SE,1,5,7,3019,0,0,0,NA,0,002,WARNER AV,WRIGHT ST,0,NA,Y,A,-,N,NA,NA,NA,NA,NA,NA,NA,NA,NA,Y,4,0,2,2,A,-,12,21453,A,N,D,C,A,A,H,-,A,A,0,NA,NA,NA,NA,Y,NA,A,01,0,0,2,0,0,0,0,0,0,-,-,33.7158203125,-117.84703063964844,ORANGE,SANTA ANA,-117.84703063964844,33.71588897705078
8601899,2018,2018-05-21,3019,2018-04-27,1125,3549,WE,5,5,7,3019,0,0,0,NA,0,001,HARBOR BL,5TH ST,61,N,N,A,-,N,NA,NA,NA,NA,NA,NA,NA,NA,NA,Y,4,0,1,3,A,-,07,21658,A,N,B,C,A,A,H,-,A,D,0,NA,NA,NA,Y,Y,NA,A,07,0,0,1,0,0,0,0,0,0,-,-,33.74876022338867,-117.92019653320313,ORANGE,SANTA ANA,-117.92021942138672,33.749027252197266
8601982,2018,2018-05-14,3019,2018-04-25,0900,3545,SE,3,5,7,3019,0,0,0,NA,0,003,SAINT ANDREW PL,MAIN ST,0,NA,Y,A,-,N,NA,NA,NA,NA,NA,NA,NA,NA,NA,N,3,0,1,2,A,-,09,21801,A,F,D,C,A,A,H,-,A,A,0,NA,NA,Y,NA,Y,NA,A,01,0,1,0,0,0,0,0,0,1,-,-,33.722328186035156,-117.86807250976563,ORANGE,SANTA ANA,-117.86785125732422,33.722408294677734
8603334,2018,2018-05-04,3004,2018-04-26,1847,P640,13,4,5,6,3004,0,0,0,NA,0,015,ORANGE AV,SANTA ISABEL AV,12,S,N,A,-,N,NA,NA,NA,NA,NA,NA,NA,NA,NA,Y,4,0,1,2,A,-,03,22350,NA,F,C,C,A,A,H,-,A,A,0,NA,NA,NA,NA,Y,NA,A,07,0,0,1,0,0,0,0,0,0,-,-,33.65489959716797,-117.89939880371094,ORANGE,COSTA MESA,-117.89928436279295,33.654903411865234
8605733,2018,2018-05-09,3019,2018-04-25,1317,3549,SC,3,5,7,3019,0,0,0,NA,0,004,BRISTOL ST,ST ANNE AV,41,S,N,A,-,N,NA,NA,NA,NA,NA,NA,NA,NA,NA,N,4,0,1,2,A,-,03,22350,NA,N,C,C,A,A,H,-,A,D,0,NA,NA,NA,NA,Y,NA,A,01,0,0,1,0,0,0,0,0,0,-,-,33.719970703125,-117.88551330566406,ORANGE,SANTA ANA,-117.88526916503906,33.719757080078125
8606286,2018,2018-05-15,3019,2018-04-13,1157,3196,NE,5,5,7,3019,0,0,0,NA,0,002,BUFFALO AV,BROADWAY,120,E,N,A,G,N,NA,NA,NA,NA,NA,NA,NA,NA,NA,N,4,0,1,2,A,-,09,21804,A,M,D,C,A,A,H,-,A,D,0,NA,NA,NA,NA,Y,NA,A,07,0,0,1,0,0,0,0,0,0,-,-,33.765411376953125,-117.86953735351563,ORANGE,SANTA ANA,-117.86914825439452,33.76560592651367
8607058,2018,2018-05-16,3007,2018-04-12,1348,1140,57,4,5,5,3007,0,0,0,NA,0,002,TALBERT,EUCLID,0,NA,Y,A,-,N,NA,NA,NA,NA,NA,NA,NA,NA,NA,N,3,0,4,3,A,-,12,21453,A,N,D,C,A,A,H,-,A,A,0,NA,NA,NA,NA,Y,NA,A,01,0,1,3,0,0,0,0,0,0,-,-,NA,NA,ORANGE,FOUNTAIN VALLEY,-117.93702697753906,33.70193099975586
8607123,2018,2018-05-17,3009,2018-04-26,1729,3927,104,4,5,6,3009,0,0,0,NA,0,012,STANFORD AV,GROVEVIEW ST,181,E,N,A,-,N,NA,NA,NA,NA,NA,NA,NA,NA,NA,Y,3,0,1,2,A,-,09,21804,A,N,D,C,A,A,C,-,A,D,0,NA,NA,NA,NA,Y,NA,A,01,0,1,0,0,0,0,0,0,0,-,-,33.77674102783203,-117.95462799072266,ORANGE,GARDEN GROVE,-117.95518493652344,33.777687072753906
8607166,2018,2018-05-18,3007,2018-04-08,1948,303,72,7,5,5,3007,0,0,0,NA,0,003,ELLIS,NEWLAND,0,NA,Y,A,-,N,NA,NA,NA,NA,NA,NA,NA,NA,NA,Y,4,0,1,3,A,-,03,22350,NA,N,C,C,A,A,H,-,C,A,0,NA,NA,NA,NA,Y,NA,A,01,0,0,1,0,0,0,0,0,0,-,-,NA,NA,ORANGE,FOUNTAIN VALLEY,-117.98021697998048,33.6939697265625
8607185,2018,2018-05-18,3012,2018-04-30,2036,621,33,1,5,5,3012,0,0,0,NA,0,003,IDAHO ST,HILLANDALE AV,0,NA,Y,B,-,N,NA,NA,NA,NA,NA,NA,NA,NA,NA,Y,4,0,3,2,A,-,09,21804,A,N,A,C,A,B,H,-,C,D,0,NA,NA,NA,NA,Y,NA,A,01,0,0,3,0,0,0,0,0,0,-,-,NA,NA,ORANGE,LA HABRA,-117.95919036865234,33.92927169799805
8607688,2018,2018-05-17,3001,2018-05-02,1634,1032,NA,3,5,7,3001,0,0,0,NA,0,0D2,WEST SANTA ANA ST,SOUTH WEST ST,0,NA,Y,B,-,N,NA,NA,NA,NA,NA,NA,NA,NA,NA,Y,4,0,1,2,A,-,12,22450,A,N,D,C,A,A,H,-,A,A,0,NA,NA,NA,NA,Y,NA,A,01,0,0,1,0,0,0,0,0,0,-,-,NA,NA,ORANGE,ANAHEIM,-117.92561340332033,33.82809066772461
8609387,2018,2018-05-03,3007,2018-04-08,1400,275,47,7,5,5,3007,0,0,0,NA,0,002,WARNER,MOUNT HOPE,0,NA,Y,A,-,N,NA,NA,NA,NA,NA,NA,NA,NA,NA,N,4,0,1,2,D,-,00,NA,NA,N,D,G,A,A,H,-,A,A,0,NA,Y,NA,NA,Y,NA,-,-,0,0,1,0,0,0,1,0,0,-,-,NA,NA,ORANGE,FOUNTAIN VALLEY,-117.93279266357422,33.716609954833984
8609840,2018,2018-05-24,3009,2018-04-17,1052,3965,052,2,5,6,3009,0,0,0,NA,0,1 1,CHAPMAN AV,SANTA ROSALIA ST,147,W,N,A,-,N,NA,NA,NA,NA,NA,NA,NA,NA,NA,Y,3,0,2,2,A,-,03,22350,NA,N,C,C,A,A,H,-,A,A,0,NA,NA,NA,NA,Y,NA,I,11,0,1,1,0,0,0,0,0,0,-,-,33.788330078125,-117.99830627441406,ORANGE,GARDEN GROVE,-117.99879455566406,33.78833770751953
8610139,2018,2018-05-07,3000,2018-03-24,1208,8973,891H4,6,5,5,3050,0,0,0,NA,0,161,JERONIMO RD,RIDGE ROUTE DR,0,NA,Y,A,-,N,NA,NA,NA,NA,NA,NA,NA,NA,NA,N,4,0,1,2,A,-,09,21453,B,N,D,G,A,A,H,-,A,A,0,NA,Y,NA,NA,Y,NA,A,07,0,0,1,0,0,0,1,0,0,-,-,NA,NA,ORANGE,LAKE FOREST,-117.69716644287108,33.63328170776367
8610220,2018,2018-05-07,3000,2018-04-13,2205,6717,NA,5,5,5,3050,0,0,0,NA,0,18760,EL TORO RD,RATON DR,892,E,N,A,-,N,NA,NA,NA,NA,NA,NA,NA,NA,NA,Y,3,0,1,1,A,-,01,23152,A,N,E,I,A,A,H,-,C,D,0,NA,NA,Y,NA,Y,Y,C,02,0,1,0,0,0,0,0,0,1,-,-,33.373348236083984,-117.41390991210938,ORANGE,LAKE FOREST,-117.6980438232422,33.6224365234375
8610227,2018,2018-05-07,3010,2018-04-22,2104,1208,169,7,5,6,3010,0,0,0,NA,0,007,GOLDENWEST,NORMA,37,N,N,A,-,N,NA,NA,NA,NA,NA,NA,NA,NA,NA,N,4,0,1,2,A,-,03,22350,NA,M,C,C,A,A,H,-,C,A,0,NA,NA,NA,NA,Y,NA,-,99,0,0,1,0,0,0,0,0,0,-,-,NA,NA,ORANGE,HUNTINGTON BEACH,-118.00662994384766,33.71928024291992
8610251,2018,2018-05-07,3024,2018-04-17,0956,170,P-29,2,5,5,3024,0,0,0,NA,0,WEST,MAGNOLIA ST,BOLSA AV,0,NA,Y,A,-,N,NA,NA,NA,NA,NA,NA,NA,NA,NA,Y,4,0,3,3,D,-,00,NA,NA,N,D,C,A,A,H,-,A,A,0,NA,NA,NA,NA,Y,NA,-,-,0,0,3,0,0,0,0,0,0,-,-,33.74483108520508,-117.97222137451172,ORANGE,WESTMINSTER,-117.97225952148438,33.74483108520508
8610490,2018,2018-05-16,3010,2018-04-21,0541,2084,423,6,5,6,3010,0,0,0,NA,0,003,NEWLAND,GARFIELD,0,NA,Y,A,-,N,NA,NA,NA,NA,NA,NA,NA,NA,NA,Y,4,0,3,2,A,-,12,21453,A,N,D,C,A,A,H,-,C,A,0,NA,NA,NA,NA,Y,NA,D,22,0,0,3,0,0,0,0,0,0,-,-,NA,NA,ORANGE,HUNTINGTON BEACH,-117.98011016845705,33.686729431152344
8612050,2017,2018-05-01,3000,2017-09-21,1830,9292,922J5,4,5,5,3017,0,0,0,NA,0,4A73,SOUTH OLA VISTA,TRAFALGAR LN,140,N,N,B,-,N,NA,NA,NA,NA,NA,NA,NA,NA,NA,Y,4,0,2,2,A,-,01,23152,A,F,B,C,A,A,H,-,A,D,0,NA,NA,NA,NA,Y,Y,D,22,0,0,2,0,0,0,0,0,0,-,-,NA,NA,ORANGE,SAN CLEMENTE,-117.61403591,33.42074605
8612160,2018,2018-04-25,3019,2018-04-09,1623,3449,NE,1,5,7,3019,0,0,0,NA,0,002,SPURGEON ST,WASHINGTON AV,0,NA,Y,A,-,N,NA,NA,NA,NA,NA,NA,NA,NA,NA,N,4,0,1,2,A,-,12,22450,NA,N,D,C,A,A,H,-,A,A,0,NA,NA,NA,NA,Y,NA,A,01,0,0,1,0,0,0,0,0,0,-,-,33.755821228027344,-117.86554718017578,ORANGE,SANTA ANA,-117.86547088623048,33.75558090209961
8612210,2018,2018-04-27,3000,2018-03-21,2100,9680,971G5,3,5,4,3029,0,0,0,NA,0,737,SELVA RD,BLUE LANTERN,0,NA,Y,A,-,N,NA,NA,NA,NA,NA,NA,NA,NA,NA,Y,4,0,1,2,A,-,09,21800,A,N,D,C,A,A,H,-,D,A,0,NA,NA,NA,NA,Y,NA,A,01,0,0,1,0,0,0,0,0,0,-,-,NA,NA,ORANGE,DANA POINT,-117.70538,33.47279
8612269,2018,2018-04-27,3005,2018-04-13,0759,8202,C36,5,5,4,3005,0,0,0,NA,0,003,CERRITOS ST,KNOTT AV,156,W,N,A,-,N,NA,NA,NA,NA,NA,NA,NA,NA,NA,Y,3,0,7,5,A,-,03,22350,NA,N,C,C,A,A,H,-,A,A,0,NA,NA,NA,NA,Y,NA,A,07,0,1,6,0,0,0,0,0,0,-,-,NA,NA,ORANGE,CYPRESS,-118.01122283935548,33.80998611450195