CASE_ID,ACCIDENT_YEAR,PROC_DATE,JURIS,COLLISION_DATE,COLLISION_TIME,OFFICER_ID,REPORTING_DISTRICT,DAY_OF_WEEK,CHP_SHIFT,POPULATION,CNTY_CITY_LOC,SPECIAL_COND,BEAT_TYPE,CHP_BEAT_TYPE,CITY_DIVISION_LAPD,CHP_BEAT_CLASS,BEAT_NUMBER,PRIMARY_RD,SECONDARY_RD,DISTANCE,DIRECTION,INTERSECTION,WEATHER_1,WEATHER_2,STATE_HWY_IND,CALTRANS_COUNTY,CALTRANS_DISTRICT,STATE_ROUTE,ROUTE_SUFFIX,POSTMILE_PREFIX,POSTMILE,LOCATION_TYPE,RAMP_INTERSECTION,SIDE_OF_HWY,TOW_AWAY,COLLISION_SEVERITY,NUMBER_KILLED,NUMBER_INJURED,PARTY_COUNT,PRIMARY_COLL_FACTOR,PCF_CODE_OF_VIOL,PCF_VIOL_CATEGORY,PCF_VIOLATION,PCF_VIOL_SUBSECTION,HIT_AND_RUN,TYPE_OF_COLLISION,MVIW,PED_ACTION,ROAD_SURFACE,ROAD_COND_1,ROAD_COND_2,LIGHTING,CONTROL_DEVICE,CHP_ROAD_TYPE,PEDESTRIAN_ACCIDENT,BICYCLE_ACCIDENT,MOTORCYCLE_ACCIDENT,TRUCK_ACCIDENT,NOT_PRIVATE_PROPERTY,ALCOHOL_INVOLVED,STWD_VEHTYPE_AT_FAULT,CHP_VEHTYPE_AT_FAULT,COUNT_SEVERE_INJ,COUNT_VISIBLE_INJ,COUNT_COMPLAINT_PAIN,COUNT_PED_KILLED,COUNT_PED_INJURED,COUNT_BICYCLIST_KILLED,COUNT_BICYCLIST_INJURED,COUNT_MC_KILLED,COUNT_MC_INJURED,PRIMARY_RAMP,SECONDARY_RAMP,LATITUDE,LONGITUDE,COUNTY,CITY,POINT_X,POINT_Y
8889893,2019,2019-07-03,3008,2019-05-05,0948,1147,ZONE1,7,5,6,3008,0,0,0,NA,0,NA,ORANGETHORPE AV,PACIFIC DR,78,E,N,A,-,N,NA,NA,NA,NA,NA,NA,NA,NA,NA,Y,2,0,2,1,A,-,01,23153,G,F,E,I,A,A,H,-,A,D,0,NA,NA,NA,NA,Y,NA,A,01,1,0,1,0,0,0,0,0,0,-,-,NA,NA,ORANGE,FULLERTON,-117.95651245117188,33.85902404785156
8890010,2019,2019-07-17,3022,2019-06-20,0007,1284,NORTH,4,5,5,3022,0,0,0,NA,0,NA,PARKCENTER LN,EL CAMINO REAL,0,NA,Y,A,-,N,NA,NA,NA,NA,NA,NA,NA,NA,NA,Y,3,0,1,1,A,-,03,22350,NA,N,E,I,A,A,H,-,C,D,0,NA,NA,NA,NA,Y,Y,A,07,0,1,0,0,0,0,0,0,0,-,-,33.729408264160156,-117.80422973632813,ORANGE,TUSTIN,-117.80416870117188,33.72935104370117
8890012,2019,2019-07-16,3002,2019-06-09,1436,1447,NA,7,5,4,3002,0,0,0,NA,0,012,VALENCIA AV,ELM ST,0,NA,Y,A,-,N,NA,NA,NA,NA,NA,NA,NA,NA,NA,Y,3,0,2,2,A,-,09,21801,A,N,D,C,A,A,H,-,A,A,0,NA,NA,NA,NA,Y,Y,A,08,0,1,1,0,0,0,0,0,0,-,-,33.90525817871094,-117.8552703857422,ORANGE,BREA,-117.85505676269533,33.90604019165039
8890186,2019,2019-11-27,3000,2019-06-22,1038,10011,797JZ,6,5,4,3021,0,0,0,NA,0,021,BEACH BL,CHESTER AV,13,S,N,A,-,Y,ORA,12,39,-,-,10.72,H,-,S,Y,4,0,2,3,A,-,03,22350,NA,F,C,C,A,A,H,-,A,A,0,NA,NA,NA,NA,Y,NA,A,01,0,0,2,0,0,0,0,0,0,-,-,NA,NA,ORANGE,STANTON,-117.99326324462892,33.803531646728516
8890212,2018,2019-07-09,3008,2018-12-22,2324,1476,NA,6,5,6,3008,0,0,0,NA,0,022,HARBOR BL,ORANGEFAIR AV,0,NA,Y,A,-,N,NA,NA,NA,NA,NA,NA,NA,NA,NA,N,3,0,1,2,A,-,12,21453,A,N,G,G,A,A,H,-,C,A,0,NA,Y,NA,NA,Y,NA,L,04,0,1,0,0,0,0,1,0,0,-,-,NA,NA,ORANGE,FULLERTON,-117.9243621826172,33.8563117980957
8890707,2019,2019-12-05,3012,2019-02-03,0726,247,11,7,5,5,3012,0,0,0,NA,0,0NW,WHITTIER,MACY,6,E,N,B,-,Y,ORA,12,72,-,-,11.59,H,-,S,N,4,0,1,2,A,-,08,22100,A,N,B,C,A,B,H,-,A,D,0,NA,NA,NA,NA,Y,NA,A,07,0,0,1,0,0,0,0,0,0,-,-,NA,NA,ORANGE,LA HABRA,-117.97086334228516,33.93987274169922
8890780,2019,2019-07-15,3002,2019-06-15,0008,1632,NA,6,5,4,3002,0,0,0,NA,0,014,JUNIPER ST,WALNUT AV,20,E,N,A,-,N,NA,NA,NA,NA,NA,NA,NA,NA,NA,NA,3,0,1,2,A,-,11,21954,A,F,G,B,D,A,H,-,C,D,0,Y,NA,NA,NA,Y,NA,N,60,0,1,0,0,1,0,0,0,0,-,-,33.907230377197266,-117.90682983398438,ORANGE,BREA,-117.90656280517578,33.907325744628906
8890822,2019,2019-12-05,3010,2019-06-21,1626,4094,348,5,5,6,3010,0,0,0,NA,0,004,RT 1,22ND ST,36,S,N,A,-,Y,ORA,12,1,-,-,25.82,H,-,S,Y,4,0,1,2,A,-,04,21703,NA,N,C,C,A,A,H,-,A,D,0,NA,NA,Y,NA,Y,NA,C,02,0,0,1,0,0,0,0,0,0,-,-,NA,NA,ORANGE,HUNTINGTON BEACH,-118.01644897460938,33.66752243041992
8890841,2019,2019-09-26,3012,2019-06-06,1544,623,37,4,5,5,3012,0,0,0,NA,0,003,IMPERIAL HWY,BRASS LANTERN DR,244,W,N,A,-,N,NA,NA,NA,NA,NA,NA,NA,NA,NA,Y,3,0,3,4,A,-,03,22350,NA,N,C,C,A,A,H,-,A,A,0,NA,NA,NA,NA,Y,NA,A,01,0,1,2,0,0,0,0,0,0,-,-,NA,NA,ORANGE,LA HABRA,-117.972412109375,33.91728973388672
8891360,2019,2019-07-17,3008,2019-05-19,0246,1585,ZONE,7,5,6,3008,0,0,0,NA,0,002,HARBOR BL,HOUSTON AV,27,N,N,C,-,N,NA,NA,NA,NA,NA,NA,NA,NA,NA,Y,3,0,1,2,A,-,01,23152,A,N,C,C,A,B,H,-,C,A,0,NA,NA,NA,NA,Y,Y,A,01,0,1,0,0,0,0,0,0,0,-,-,NA,NA,ORANGE,FULLERTON,-117.92434692382813,33.85549545288086
8891573,2019,2019-08-07,3008,2019-03-19,1345,1320,NA,2,5,6,3008,0,0,0,NA,0,002,CHAPMAN AV,FORD AV,49,E,N,A,-,N,NA,NA,NA,NA,NA,NA,NA,NA,NA,Y,4,0,2,3,A,-,03,22350,NA,N,C,C,A,A,H,-,A,D,0,NA,NA,NA,NA,Y,NA,A,07,0,0,2,0,0,0,0,0,0,-,-,NA,NA,ORANGE,FULLERTON,-117.93075561523438,33.87382888793945
8891767,2019,2020-02-04,3012,2019-10-03,1658,288,26,4,5,5,3012,0,0,0,NA,0,002,WHITTIER BL,CYPRESS ST,0,NA,Y,A,-,Y,ORA,12,39,-,-,22.219,I,5,N,N,4,0,1,3,A,-,03,22350,NA,N,C,C,A,A,H,-,A,A,0,NA,NA,NA,NA,Y,NA,D,22,0,0,1,0,0,0,0,0,0,-,-,NA,NA,ORANGE,LA HABRA,-117.9419174194336,33.93904113769531
8892509,2019,2019-11-04,3014,2019-06-28,2025,1521,RD44,5,5,5,3014,0,0,0,NA,0,0A4,RT 1,JASMINE AV,40,W,N,A,-,N,NA,NA,NA,NA,NA,NA,NA,NA,NA,Y,4,0,1,2,A,-,01,23152,G,N,C,E,A,A,H,-,A,A,0,NA,NA,NA,NA,Y,NA,D,22,0,0,1,0,0,0,0,0,0,-,-,33.59830093383789,-117.8718032836914,ORANGE,NEWPORT BEACH,-117.8723373413086,33.59766387939453
8892796,2019,2019-07-24,3014,2019-06-20,1435,1374,RD36,4,5,5,3014,0,0,0,NA,0,0A3,FORD RD,SEA ISLAND DR,0,NA,Y,A,-,N,NA,NA,NA,NA,NA,NA,NA,NA,NA,N,3,0,1,2,A,-,09,21804,A,N,H,G,A,A,H,-,A,D,0,NA,Y,NA,NA,Y,NA,A,01,0,1,0,0,0,0,1,0,0,-,-,33.63019943237305,-117.87319946289063,ORANGE,NEWPORT BEACH,-117.87322998046876,33.6303596496582
8893288,2019,2019-10-30,3001,2019-07-08,1313,A1158,NA,1,5,7,3001,0,0,0,NA,0,0D2,HARBOR BL,RT 91,40,S,N,A,-,Y,ORA,12,91,-,-,3.502,R,4,W,N,4,0,1,2,A,-,03,22350,NA,N,C,C,A,A,H,-,A,A,0,NA,NA,NA,NA,Y,NA,D,22,0,0,1,0,0,0,0,0,0,-,WF,NA,NA,ORANGE,ANAHEIM,-117.92005920410156,33.85432434082031
8893471,2019,2019-08-14,3001,2019-07-10,2140,415,D2,3,5,7,3001,0,0,0,NA,0,021,N HARBOR,CARL KARCHER WY,66,S,N,A,-,N,NA,NA,NA,NA,NA,NA,NA,NA,NA,NA,4,0,1,2,A,-,01,23152,F,N,C,C,A,A,H,-,C,A,0,NA,NA,NA,NA,Y,NA,A,01,0,0,1,0,0,0,0,0,0,-,-,NA,NA,ORANGE,ANAHEIM,-117.92420196533205,33.850608825683594
8893739,2019,2019-07-26,3004,2019-06-17,1512,P542,02,1,5,6,3004,0,0,0,NA,0,007,WEST 19TH ST,MEYER PL,172,E,N,B,-,N,NA,NA,NA,NA,NA,NA,NA,NA,NA,Y,4,0,1,2,A,-,09,21804,A,N,D,C,A,A,H,-,A,D,0,NA,NA,NA,NA,Y,NA,A,01,0,0,1,0,0,0,0,0,0,-,-,33.64339828491211,-117.92440032958984,ORANGE,COSTA MESA,-117.92420959472656,33.64344024658203
8895609,2019,2019-07-26,3001,2019-06-17,2155,1231,NA,1,5,7,3001,0,0,0,NA,0,0D1,WEST CRESCENT AV,N LA REINA ST,450,E,N,A,-,N,NA,NA,NA,NA,NA,NA,NA,NA,NA,Y,3,0,1,4,A,-,01,23152,A,N,C,E,A,A,H,-,C,D,0,NA,NA,NA,NA,Y,Y,D,22,0,1,0,0,0,0,0,0,0,-,-,NA,NA,ORANGE,ANAHEIM,-117.97850799560548,33.83951950073242
8896650,2019,2019-11-27,3001,2019-07-07,1304,A1555,NA,7,5,7,3001,0,0,0,NA,0,0D1,ORANGE AV,BEACH BL,0,NA,Y,A,-,Y,ORA,12,39,-,-,12.181,I,5,S,Y,3,0,2,2,A,-,03,22350,NA,N,D,C,A,A,H,-,A,A,0,NA,NA,NA,NA,Y,NA,A,01,0,1,1,0,0,0,0,0,0,-,-,NA,NA,ORANGE,ANAHEIM,-117.99342346191406,33.82476806640625
8897203,2019,2019-07-17,3009,2019-06-22,2048,4654,004,6,5,6,3009,0,0,0,NA,0,1-1,VALLEY VIEW ST,TIFFANY AV,0,NA,Y,A,-,N,NA,NA,NA,NA,NA,NA,NA,NA,NA,Y,3,0,1,2,A,-,12,21453,A,N,D,C,A,A,H,-,C,A,0,NA,NA,NA,NA,Y,NA,A,01,0,1,0,0,0,0,0,0,0,-,-,NA,NA,ORANGE,GARDEN GROVE,-118.03501892089844,33.77695846557617
8897513,2019,2019-09-11,3010,2019-07-03,1450,4094,292,3,5,6,3010,0,0,0,NA,0,005,TALBERT,BEACH BL,242,E,N,A,-,N,NA,NA,NA,NA,NA,NA,NA,NA,NA,N,3,0,1,2,A,-,11,21954,A,N,G,B,E,A,H,-,A,D,0,Y,NA,NA,NA,Y,NA,N,60,0,1,0,0,1,0,0,0,0,-,-,NA,NA,ORANGE,HUNTINGTON BEACH,-117.98846435546876,33.70115280151367
8897517,2019,2019-08-15,3010,2019-07-06,2054,4094,164,6,5,6,3010,0,0,0,NA,0,008,ALGONQUIN,WARNER,12,W,N,A,-,N,NA,NA,NA,NA,NA,NA,NA,NA,NA,N,3,0,1,2,A,-,10,21950,A,N,G,B,B,A,H,-,A,A,0,Y,NA,NA,NA,Y,NA,A,01,0,1,0,0,1,0,0,0,0,-,-,NA,NA,ORANGE,HUNTINGTON BEACH,-118.04953002929688,33.7148323059082
8898723,2019,2019-07-22,3015,2019-06-30,0055,1563,23E,7,5,6,3015,0,0,0,NA,0,132,TUSTIN,CHAPMAN,0,NA,Y,A,-,N,NA,NA,NA,NA,NA,NA,NA,NA,NA,N,3,0,1,2,A,-,09,21804,A,N,D,G,A,A,H,-,C,A,0,NA,Y,NA,NA,Y,NA,L,04,0,1,0,0,0,0,1,0,0,-,-,NA,NA,ORANGE,ORANGE,-117.8357391357422,33.7878303527832
8899593,2019,2019-07-26,3008,2019-05-22,1757,1484,NA,3,5,6,3008,0,0,0,NA,0,002,N EUCLID ST,LA SENDA DR,0,NA,Y,A,-,N,NA,NA,NA,NA,NA,NA,NA,NA,NA,N,4,0,1,2,A,-,09,21804,A,N,D,C,A,A,H,-,A,D,0,NA,NA,NA,NA,Y,NA,A,01,0,0,1,0,0,0,0,0,0,-,-,NA,NA,ORANGE,FULLERTON,-117.94349670410156,33.905479431152344
8899629,2019,2019-08-01,3003,2019-07-09,1723,1093,NA,2,5,5,3003,0,0,0,NA,0,NA,VALLEY VIEW AV,LOS RANCHOS DR,175,N,N,A,-,N,NA,NA,NA,NA,NA,NA,NA,NA,NA,N,4,0,1,2,A,-,08,22107,NA,N,D,C,A,A,H,-,A,D,0,NA,NA,Y,NA,Y,NA,A,07,0,0,1,0,0,0,0,0,1,-,-,33.50104904174805,-118.01419830322266,ORANGE,BUENA PARK,-118.02861785888672,33.836299896240234
8899856,2019,2019-07-29,3008,2019-03-13,0848,1570,NA,3,5,6,3008,0,0,0,NA,0,001,SOUTH HIGHLAND AV,W SOUTHGATE AV,0,NA,Y,A,-,N,NA,NA,NA,NA,NA,NA,NA,NA,NA,N,4,0,1,2,A,-,09,21802,A,N,D,D,A,A,H,-,A,A,0,NA,NA,NA,NA,Y,NA,A,01,0,0,1,0,0,0,0,0,0,-,-,NA,NA,ORANGE,FULLERTON,-117.92870330810548,33.861820220947266
8899879,2019,2019-12-26,3008,2019-03-14,0955,1480,NA,4,5,6,3008,0,0,0,NA,0,0Z3,COMMONWEALTH AV,RAYMOND AV,0,NA,Y,A,-,N,NA,NA,NA,NA,NA,NA,NA,NA,NA,Y,4,0,1,2,A,-,09,21801,A,N,D,C,A,A,H,-,A,A,0,NA,NA,NA,NA,Y,NA,A,01,0,0,1,0,0,0,0,0,0,-,-,NA,NA,ORANGE,FULLERTON,-117.90696716308594,33.87049865722656
8899891,2019,2019-07-26,3008,2019-03-17,2500,1506,NA,7,5,6,3008,0,0,0,NA,0,002,ORANGEFAIR AV,HARBOR BL,0,NA,Y,A,-,N,NA,NA,NA,NA,NA,NA,NA,NA,NA,N,4,0,1,2,A,-,10,21950,A,F,A,B,B,A,H,-,C,A,0,Y,NA,NA,NA,Y,NA,-,99,0,0,1,0,1,0,0,0,0,-,-,NA,NA,ORANGE,FULLERTON,-117.9243621826172,33.8563117980957
8899911,2019,2019-07-29,3008,2019-03-06,1303,1448,NA,3,5,6,3008,0,0,0,NA,0,003,NUTWOOD AV,COMMONWEALTH AV,10,E,N,C,-,N,NA,NA,NA,NA,NA,NA,NA,NA,NA,Y,4,0,2,3,A,-,07,21658,A,N,B,C,A,B,H,-,A,A,0,NA,NA,NA,NA,Y,NA,A,07,0,0,2,0,0,0,0,0,0,-,-,NA,NA,ORANGE,FULLERTON,-117.88430786132813,33.87820053100586
8900145,2019,2019-07-31,3004,2019-07-09,2215,P680,23,2,5,6,3004,0,0,0,NA,0,002,SUNFLOWER AV,AVENUE OF THE ARTS,0,NA,Y,A,-,N,NA,NA,NA,NA,NA,NA,NA,NA,NA,Y,3,0,1,2,A,-,09,21801,A,N,D,C,A,A,H,-,C,A,0,NA,NA,NA,NA,Y,Y,A,01,0,1,0,0,0,0,0,0,0,-,-,33.694000244140625,-117.88099670410156,ORANGE,COSTA MESA,-117.88105010986328,33.69424057006836
8900970,2019,2019-07-31,3007,2019-07-04,1139,250,64,4,5,5,3007,0,0,0,NA,0,003,BROOKHURST,ADOBE RIVER,12,S,N,A,-,N,NA,NA,NA,NA,NA,NA,NA,NA,NA,N,2,0,2,2,A,-,09,21804,A,N,D,C,A,A,H,-,A,D,0,NA,NA,Y,NA,Y,NA,A,01,2,0,0,0,0,0,0,0,2,-,-,NA,NA,ORANGE,FOUNTAIN VALLEY,-117.95433807373048,33.69856643676758
8901162,2019,2019-08-01,3014,2019-06-13,0902,1435,RD25,4,5,5,3014,0,0,0,NA,0,0A2,CLAY ST,FULLERTON AV,15,W,N,B,-,N,NA,NA,NA,NA,NA,NA,NA,NA,NA,N,3,0,1,2,A,-,08,22107,NA,M,B,G,A,A,H,-,A,D,0,NA,Y,NA,NA,Y,NA,D,22,0,1,0,0,0,0,1,0,0,-,-,33.62200164794922,-117.91649627685548,ORANGE,NEWPORT BEACH,-117.91655731201172,33.622047424316406
8901517,2019,2019-08-19,3009,2019-06-27,1953,4616,074,4,5,6,3009,0,0,0,NA,0,1 1,MAGNOLIA ST,LAMPSON AV,0,NA,Y,A,-,N,NA,NA,NA,NA,NA,NA,NA,NA,NA,Y,4,0,1,2,A,-,12,21453,A,N,A,C,A,A,H,-,B,A,0,NA,NA,NA,NA,Y,NA,-,-,0,0,1,0,0,0,0,0,0,-,-,33.78120040893555,-117.97545623779295,ORANGE,GARDEN GROVE,-117.9754638671875,33.78120040893555
8901577,2019,2019-07-31,3015,2019-06-27,1830,1332,24,4,5,6,3015,0,0,0,NA,0,333,E BURLEY DR,S MALENA ST,0,NA,Y,A,-,N,NA,NA,NA,NA,NA,NA,NA,NA,NA,Y,3,0,1,1,A,-,03,22350,NA,N,A,I,A,A,H,-,A,D,0,NA,NA,NA,NA,Y,NA,D,22,0,1,0,0,0,0,0,0,0,-,-,NA,NA,ORANGE,ORANGE,-117.82338714599608,33.785911560058594
8901727,2019,2019-12-17,3014,2019-07-15,1533,1418,RD64,1,5,5,3014,0,0,0,NA,0,0A4,RT 1,NEWPORT COAST DR,36,E,N,A,-,N,NA,NA,1,NA,NA,NA,NA,NA,NA,Y,4,0,1,3,A,-,03,22350,NA,N,C,C,A,A,H,-,A,A,0,NA,NA,NA,NA,Y,NA,A,01,0,0,1,0,0,0,0,0,0,-,-,33.58290100097656,-117.84870147705078,ORANGE,NEWPORT BEACH,-117.8486785888672,33.58293151855469
8902264,2019,2020-09-18,3000,2019-07-08,1215,5036,921J1,1,5,5,3028,0,0,0,NA,0,750,ALICIA PKWY,RT 5,0,NA,Y,A,B,Y,ORA,12,5,-,-,17.297,R,4,N,Y,4,0,1,3,A,-,12,21453,A,N,D,C,A,A,H,-,A,A,0,NA,NA,NA,NA,Y,NA,D,22,0,0,1,0,0,0,0,0,0,-,NF,NA,NA,ORANGE,MISSION VIEJO,-117.68798828125,33.603065490722656
8902864,2019,2019-07-29,3022,2019-07-07,1544,1273,SOUTH,7,5,5,3022,0,0,0,NA,0,NA,PASADENA AV,ALTADENA DR,386,N,N,A,-,N,NA,NA,NA,NA,NA,NA,NA,NA,NA,N,4,0,1,2,A,-,08,22107,NA,N,D,C,A,A,H,-,A,D,0,NA,NA,NA,NA,Y,NA,A,01,0,0,1,0,0,0,0,0,0,-,-,33.73112106323242,-117.8318099975586,ORANGE,TUSTIN,-117.83177947998048,33.73219680786133
8903380,2019,2019-08-05,3003,2019-07-18,1509,1093,NA,4,5,5,3003,0,0,0,NA,0,NA,AUTO CENTER DR,STANTON AV,400,NA,N,A,-,N,NA,NA,NA,NA,NA,NA,NA,NA,NA,N,4,0,1,2,A,-,08,22107,NA,N,B,C,A,A,H,-,A,D,0,NA,NA,NA,NA,Y,NA,A,01,0,0,1,0,0,0,0,0,0,-,-,33.51520919799805,-117.59320068359376,ORANGE,BUENA PARK,-117.99381256103516,33.86526107788086
8903639,2019,2019-08-05,3015,2019-07-15,1706,1098,77S,1,5,6,3015,0,0,0,NA,0,731M,TUSTIN ST,HEIM AV,220,S,N,A,-,N,NA,NA,NA,NA,NA,NA,NA,NA,NA,N,4,0,1,2,A,-,09,21804,A,M,B,C,A,A,H,-,A,D,0,NA,NA,NA,NA,Y,NA,A,01,0,0,1,0,0,0,0,0,0,-,-,33.82941818237305,-117.83537292480467,ORANGE,ORANGE,-117.836181640625,33.82959747314453
8903879,2019,2019-08-01,3015,2019-06-27,1333,1372,RD21,4,5,6,3015,0,0,0,NA,0,732M,LEWIS ST,CHAPMAN AV,80,S,N,A,-,N,NA,NA,NA,NA,NA,NA,NA,NA,NA,Y,4,0,2,3,A,-,03,22350,NA,N,C,C,A,A,H,-,A,A,0,NA,NA,NA,NA,Y,NA,A,01,0,0,2,0,0,0,0,0,0,-,-,33.78892135620117,-117.89749908447266,ORANGE,ORANGE,-117.8975067138672,33.788978576660156
8905093,2019,2019-10-01,3013,2019-08-02,1020,216,L06,5,5,3,3013,0,0,0,NA,0,005,LEXINGTON DR,HOWARD AV,0,NA,Y,A,-,N,NA,NA,NA,NA,NA,NA,NA,NA,NA,Y,3,0,4,2,A,-,09,21801,A,N,D,C,A,A,H,-,A,D,0,NA,NA,NA,NA,Y,NA,A,01,0,1,3,0,0,0,0,0,0,-,-,NA,NA,ORANGE,LOS ALAMITOS,-118.05448150634766,33.800621032714844
8906566,2019,2019-11-18,3015,2019-07-19,0953,1372,77N,5,5,6,3015,0,0,0,NA,0,732M,LINCOLN AV,CANAL ST,172,E,N,A,-,N,NA,NA,NA,NA,NA,NA,NA,NA,NA,N,3,0,1,1,A,-,08,22107,NA,N,E,I,A,A,H,-,A,D,0,NA,NA,NA,NA,Y,NA,D,22,0,1,0,0,0,0,0,0,0,-,-,33.83523178100586,-117.83950805664063,ORANGE,ORANGE,-117.83914947509766,33.83504867553711
8906647,2019,2019-08-05,3015,2019-07-12,0843,1574,55E,5,5,6,3015,0,0,0,NA,0,221,NORTH TUSTIN ST,VAN OWEN AV,42,S,N,A,-,N,NA,NA,NA,NA,NA,NA,NA,NA,NA,N,3,0,1,2,A,-,03,22350,NA,N,C,C,A,A,H,-,A,A,0,NA,NA,NA,NA,Y,NA,A,07,0,1,0,0,0,0,0,0,0,-,-,NA,NA,ORANGE,ORANGE,-117.83577728271484,33.8109245300293
8908223,2019,2020-02-24,3010,2019-07-12,1841,1015,413,5,5,6,3010,0,0,0,NA,0,005,RT 39,ELLIS AV,36,N,N,A,-,Y,ORA,12,39,-,-,3.13,H,-,S,N,4,0,1,2,A,-,03,22350,NA,N,C,G,A,A,H,-,A,D,0,NA,Y,NA,NA,Y,Y,L,04,0,0,1,0,0,0,1,0,0,-,-,NA,NA,ORANGE,HUNTINGTON BEACH,-117.98895263671876,33.69389724731445
8909796,2019,2019-08-13,3000,2019-07-13,1713,1920,892E3,6,5,5,3028,0,0,0,NA,0,753,MARGUERITE PKWY,ALARCON,0,NA,Y,A,-,N,NA,NA,NA,NA,NA,NA,NA,NA,NA,Y,3,0,2,2,A,-,09,21801,A,N,D,C,A,A,H,-,A,D,0,NA,NA,NA,NA,Y,Y,D,22,0,1,1,0,0,0,0,0,0,-,-,NA,NA,ORANGE,MISSION VIEJO,-117.64688110351563,33.63798141479492
8909857,2019,2019-08-08,3009,2019-07-22,0921,1940,075,1,5,6,3009,0,0,0,NA,0,1 3,MAGNOLIA ST,GARDEN GROVE BL,55,S,N,A,-,N,NA,NA,NA,NA,NA,NA,NA,NA,NA,Y,3,0,1,2,A,-,03,22350,NA,N,C,C,A,A,H,-,A,A,0,NA,NA,NA,NA,Y,NA,A,07,0,1,0,0,0,0,0,0,0,-,-,NA,NA,ORANGE,GARDEN GROVE,-117.97528839111328,33.773841857910156
8909865,2019,2019-08-08,3009,2019-07-22,0649,4552,157,1,5,6,3009,0,0,0,NA,0,2 3,WESTMINSTER AV,BUENA,2,E,N,A,-,N,NA,NA,NA,NA,NA,NA,NA,NA,NA,N,4,0,1,2,A,-,05,21650,1,N,D,G,A,A,H,-,A,A,0,NA,Y,NA,NA,Y,NA,L,04,0,0,1,0,0,0,1,0,0,-,-,33.75978088378906,-117.90776824951172,ORANGE,GARDEN GROVE,-117.9077606201172,33.75992965698242
8909907,2019,2019-08-09,3026,2019-06-27,0707,561,CROSS,4,5,6,3026,0,0,0,NA,0,00C,IRVINE CENTER DR,ALTON PKWY,37,S,N,B,-,N,NA,NA,NA,NA,NA,NA,NA,NA,NA,Y,4,0,1,2,A,-,03,22350,NA,N,C,C,A,A,H,-,A,A,0,NA,NA,NA,NA,Y,NA,A,01,0,0,1,0,0,0,0,0,0,-,-,NA,NA,ORANGE,IRVINE,-117.74903106689452,33.65528869628906
8910078,2019,2019-08-08,3009,2019-07-13,1406,4552,136,6,5,6,3009,0,0,0,NA,0,2 3,WESTMINSTER AV,NEWHOPE ST,244,E,N,A,-,N,NA,NA,NA,NA,NA,NA,NA,NA,NA,N,3,0,1,2,A,-,05,21650,1,N,D,G,A,A,H,-,A,A,0,NA,Y,NA,NA,Y,NA,L,04,0,1,0,0,0,0,1,0,0,-,-,33.75979995727539,-117.92890167236328,ORANGE,GARDEN GROVE,-117.92810821533205,33.75966262817383
8910519,2019,2020-09-18,3001,2019-07-26,2238,415,D3,5,5,7,3001,0,0,0,NA,0,NA,EAST BALL RD,RT 57,22,E,N,A,-,Y,ORA,12,57,-,-,13.584,R,4,S,Y,4,0,3,3,A,-,04,21703,NA,N,C,C,A,A,H,-,C,A,0,NA,NA,NA,NA,Y,NA,A,01,0,0,3,0,0,0,0,0,0,-,SF,NA,NA,ORANGE,ANAHEIM,-117.87628173828124,33.820526123046875
8911087,2019,2020-05-29,3000,2019-06-29,1848,5705,797J2,6,5,4,3021,0,0,0,NA,0,1760,BEACH BL,KATELLA AV,902,S,N,A,-,Y,ORA,12,39,-,-,10.49,H,-,S,N,1,1,0,2,A,-,11,21954,A,N,G,B,D,A,H,-,A,D,0,Y,NA,NA,NA,Y,Y,N,60,0,0,0,1,0,0,0,0,0,-,-,33.799468994140625,-117.99329376220705,ORANGE,STANTON,-117.99322509765624,33.80018997192383
8911135,2020,2020-06-09,3008,2020-02-21,1753,1573,ZONE3,5,5,6,3008,0,0,0,NA,0,NA,BRADFORD AV,YORBA LINDA BL,165,S,N,B,-,N,NA,NA,NA,NA,NA,NA,NA,NA,NA,N,1,1,0,2,A,-,11,21954,A,N,G,B,D,A,H,-,B,A,0,Y,NA,NA,NA,Y,NA,N,60,0,0,0,1,0,0,0,0,0,-,-,NA,NA,ORANGE,FULLERTON,-117.86597442626952,33.887542724609375
8911253,2019,2021-06-02,3009,2019-12-27,1800,3486,145,5,5,6,3009,0,0,0,NA,0,2-3,HARBOR BL,TRASK AV,0,NA,Y,A,-,N,NA,NA,NA,NA,NA,NA,NA,NA,NA,N,1,1,0,2,A,-,08,22107,NA,N,D,G,A,A,H,-,C,A,0,NA,Y,NA,Y,Y,Y,L,04,0,0,0,0,0,1,0,0,0,-,-,NA,NA,ORANGE,GARDEN GROVE,-117.92044830322266,33.7671012878418
8911588,2020,2020-09-23,3019,2020-05-30,1322,3815,WE,6,5,7,3019,0,0,0,NA,0,001,FAIRVIEW ST,17TH ST,55,S,N,A,-,N,NA,NA,NA,NA,NA,NA,NA,NA,NA,Y,1,1,0,2,A,-,09,21801,A,N,A,C,A,A,H,-,A,A,0,NA,NA,Y,NA,Y,NA,A,01,0,0,0,0,0,0,0,1,0,-,-,33.75988006591797,-117.90255737304688,ORANGE,SANTA ANA,-117.90286254882813,33.759700775146484