CASE_ID,ACCIDENT_YEAR,PROC_DATE,JURIS,COLLISION_DATE,COLLISION_TIME,OFFICER_ID,REPORTING_DISTRICT,DAY_OF_WEEK,CHP_SHIFT,POPULATION,CNTY_CITY_LOC,SPECIAL_COND,BEAT_TYPE,CHP_BEAT_TYPE,CITY_DIVISION_LAPD,CHP_BEAT_CLASS,BEAT_NUMBER,PRIMARY_RD,SECONDARY_RD,DISTANCE,DIRECTION,INTERSECTION,WEATHER_1,WEATHER_2,STATE_HWY_IND,CALTRANS_COUNTY,CALTRANS_DISTRICT,STATE_ROUTE,ROUTE_SUFFIX,POSTMILE_PREFIX,POSTMILE,LOCATION_TYPE,RAMP_INTERSECTION,SIDE_OF_HWY,TOW_AWAY,COLLISION_SEVERITY,NUMBER_KILLED,NUMBER_INJURED,PARTY_COUNT,PRIMARY_COLL_FACTOR,PCF_CODE_OF_VIOL,PCF_VIOL_CATEGORY,PCF_VIOLATION,PCF_VIOL_SUBSECTION,HIT_AND_RUN,TYPE_OF_COLLISION,MVIW,PED_ACTION,ROAD_SURFACE,ROAD_COND_1,ROAD_COND_2,LIGHTING,CONTROL_DEVICE,CHP_ROAD_TYPE,PEDESTRIAN_ACCIDENT,BICYCLE_ACCIDENT,MOTORCYCLE_ACCIDENT,TRUCK_ACCIDENT,NOT_PRIVATE_PROPERTY,ALCOHOL_INVOLVED,STWD_VEHTYPE_AT_FAULT,CHP_VEHTYPE_AT_FAULT,COUNT_SEVERE_INJ,COUNT_VISIBLE_INJ,COUNT_COMPLAINT_PAIN,COUNT_PED_KILLED,COUNT_PED_INJURED,COUNT_BICYCLIST_KILLED,COUNT_BICYCLIST_INJURED,COUNT_MC_KILLED,COUNT_MC_INJURED,PRIMARY_RAMP,SECONDARY_RAMP,LATITUDE,LONGITUDE,COUNTY,CITY,POINT_X,POINT_Y
90438836,2017,2017-04-20,9690,2017-04-17,1238,012386,NA,1,1,9,3000,0,3,5,NA,2,004,O'NEILL ROAD,DORRANCE,140,N,N,A,-,N,NA,NA,NA,NA,NA,NA,NA,NA,NA,Y,4,0,1,2,A,-,04,21703,NA,N,C,C,A,A,H,-,A,A,0,NA,NA,NA,NA,Y,NA,A,01,0,0,1,0,0,0,0,0,0,-,-,33.55564,-117.64527,ORANGE,UNINCORPORATED,-117.645128,33.555405
90439230,2017,2017-04-21,9670,2017-04-08,1635,021467,NA,6,2,9,3000,0,3,5,NA,2,004,GILBERT ST N/B (11000 BLOCK),KATELLA AVE,0,NA,Y,A,-,N,NA,NA,NA,NA,NA,NA,NA,NA,NA,Y,4,0,3,3,A,-,01,23152,A,F,D,C,A,A,H,-,A,A,0,NA,NA,NA,NA,Y,Y,A,07,0,0,3,0,0,0,0,0,0,-,-,33.80317,-117.96755,ORANGE,UNINCORPORATED,-117.96756012,33.80308009
90439350,2017,2017-04-21,9675,2017-04-16,1800,020582,NA,7,2,7,3001,0,1,3,NA,2,095,SR-91 E/B,WEIR CYN RD,1000,E,N,A,-,Y,NA,NA,91,NA,NA,NA,NA,NA,E,Y,4,0,1,3,A,-,03,22350,NA,N,C,C,A,A,H,-,A,D,0,NA,NA,NA,NA,Y,NA,A,01,0,0,1,0,0,0,0,0,0,-,-,33.87083,-117.74019,ORANGE,ANAHEIM,-117.74018979,33.87081599
90440373,2017,2017-04-24,9690,2017-04-16,1520,018646,NA,7,2,9,3000,0,1,3,NA,2,073,SR-73 NB TO SR-133 NB,SR 133 (LAGUNA CANYON ROAD),10,S,N,A,-,Y,NA,NA,73,NA,NA,NA,R,NA,N,N,4,0,3,2,A,-,21,22106,NA,N,C,C,A,A,H,-,A,A,0,NA,NA,NA,NA,Y,NA,A,01,0,0,3,0,0,0,0,0,0,-,-,33.59391,-117.75982,ORANGE,UNINCORPORATED,-117.75982,33.59391
90440855,2017,2017-04-24,9675,2017-04-22,1725,021447,NA,6,2,6,3015,0,1,3,NA,2,222,SR-22 WESTBOUND,GLASSELL STREET,1000,E,N,A,-,Y,NA,NA,22,NA,NA,NA,NA,NA,W,N,4,0,1,3,A,-,03,22350,NA,N,C,C,A,A,H,-,A,D,0,NA,NA,NA,NA,Y,NA,A,01,0,0,1,0,0,0,0,0,0,-,-,33.77616,-117.84521,ORANGE,ORANGE,-117.84516607,33.77599641
90440860,2017,2017-04-24,9670,2017-04-20,1701,017022,NA,4,2,4,3020,0,1,1,NA,2,045,I-405 S/B (SAN DIEGO FREEWAY),SEAL BEACH BOULEVARD,1610,S,N,A,-,Y,NA,NA,405,NA,NA,NA,NA,NA,S,N,4,0,1,3,A,-,03,22350,NA,N,C,C,A,A,H,-,A,D,0,NA,NA,NA,NA,Y,NA,A,07,0,0,1,0,0,0,0,0,0,-,-,33.77426,-118.06951,ORANGE,SEAL BEACH,-118.06951024,33.7742354
90441838,2017,2017-04-25,9690,2017-04-19,0740,014919,NA,3,1,5,3017,0,1,1,NA,2,059,I-5 NB FROM AVENIDA PICO,AVENIDA PICO,415,N,N,B,-,Y,NA,NA,5,NA,NA,NA,R,NA,N,Y,4,0,1,3,A,-,03,22350,NA,N,C,C,A,A,D,-,A,A,0,NA,NA,NA,NA,Y,NA,A,01,0,0,1,0,0,0,0,0,0,-,-,33.4397,-117.62325,ORANGE,SAN CLEMENTE,-117.62325,33.4397
90442705,2017,2017-04-26,9670,2017-04-23,1325,021467,NA,7,1,6,3009,0,1,3,NA,2,024,SR-22 E/B (GARDEN GROVE FWY),GARDEN GROVE BLVD,120,E,N,A,-,Y,NA,NA,22,NA,NA,NA,NA,NA,E,Y,4,0,3,3,A,-,03,22350,NA,N,C,C,A,A,H,-,A,D,0,NA,NA,NA,NA,Y,NA,A,07,0,0,3,0,0,0,0,0,0,-,-,33.77478,-117.90382,ORANGE,GARDEN GROVE,-117.9038856,33.77490682
90446639,2017,2017-05-01,9690,2017-04-27,0008,019089,NA,4,3,9,3000,0,2,4,NA,2,037,LIVE OAK CANYON ROAD,MONASTERY ROAD,498,S,N,A,-,N,NA,NA,NA,NA,NA,NA,NA,NA,NA,Y,4,0,2,1,A,-,08,22107,NA,N,F,A,A,A,H,-,D,D,0,NA,NA,NA,NA,Y,NA,A,07,0,0,2,0,0,0,0,0,0,-,-,33.66933,-117.60199,ORANGE,UNINCORPORATED,NA,NA
90446927,2017,2017-05-02,9670,2017-04-29,2100,021212,NA,6,2,6,3009,0,1,3,NA,2,024,SR-22 E/B,LEWIS ST O/C,375,W,N,A,-,Y,NA,NA,22,NA,NA,NA,NA,NA,E,Y,4,0,2,4,A,-,03,22350,NA,N,C,C,A,A,H,-,D,D,0,NA,NA,NA,NA,Y,NA,A,01,0,0,2,0,0,0,0,0,0,-,-,33.77824,-117.89686,ORANGE,GARDEN GROVE,-117.89687745,33.7782976
90449084,2017,2017-05-04,9675,2017-05-02,0728,017773,NA,2,1,6,3004,0,1,3,NA,2,553,SR-55 S/B,SR-73,2112,N,N,A,-,Y,NA,NA,55,NA,NA,NA,NA,NA,S,Y,3,0,1,2,A,-,03,22350,NA,N,F,A,A,A,H,-,A,D,0,NA,NA,Y,NA,Y,NA,C,02,0,1,0,0,0,0,0,0,1,-,-,33.67826,-117.88118,ORANGE,COSTA MESA,-117.88103205,33.67812217
90450693,2017,2017-05-08,9675,2017-04-28,0824,016923,NA,5,1,6,3015,0,1,3,NA,2,551,SR-55 S/B (COSTA MESA FWY),LA VETA AVE,200,N,N,A,-,Y,NA,NA,55,NA,NA,NA,NA,NA,S,N,4,0,1,2,A,-,03,22350,NA,N,C,C,A,A,H,-,A,D,0,NA,NA,NA,NA,Y,NA,A,01,0,0,1,0,0,0,0,0,0,-,-,33.78182,-117.83111,ORANGE,ORANGE,-117.83124629,33.7818201
90450792,2017,2017-05-08,9690,2017-04-27,0735,016128,NA,4,1,9,3000,0,1,3,NA,1,074,SR-74 (ORTEGA HWY),M.P.M. 74 ORA 13.50,300,E,N,A,-,Y,NA,NA,74,NA,NA,NA,NA,NA,NA,Y,3,0,1,1,C,-,18,NA,NA,N,E,J,A,A,B,-,A,D,0,NA,NA,NA,NA,Y,NA,-,-,0,1,0,0,0,0,0,0,0,-,-,33.5921,-117.49716,ORANGE,UNINCORPORATED,-117.49712703,33.59207115
90450818,2017,2017-05-08,9690,2017-04-30,2115,020472,NA,7,2,4,3018,0,1,1,NA,2,057,I-5 S/B (SDF) TO JUNIPERO SERRA ROAD,JUNIPERO SERRA RD,15,N,N,A,-,Y,NA,NA,5,NA,NA,NA,R,NA,S,N,4,0,1,2,A,-,03,22350,NA,N,C,C,A,A,H,-,C,D,0,NA,NA,NA,NA,Y,NA,A,07,0,0,1,0,0,0,0,0,0,-,-,33.52035,-117.66675,ORANGE,SAN JUAN CAPISTRANO,-117.66675,33.52035
90450854,2017,2017-05-08,9690,2017-05-06,2135,020637,NA,6,2,4,3045,0,1,3,NA,1,013,SR 133 (LAGUNA CANYON ROAD),SR 73 N/B (SAN JOAQUIN HILLS TRANS COR),540,N,N,C,-,Y,NA,NA,NA,NA,NA,NA,NA,NA,NA,Y,3,0,1,2,A,-,01,23152,A,N,E,I,A,B,H,-,C,D,0,NA,NA,NA,NA,Y,Y,A,01,0,1,0,0,0,0,0,0,0,-,-,33.5951,-117.76052,ORANGE,LAGUNA HILLS,NA,NA
90450965,2017,2017-05-08,9670,2017-05-03,0802,013970,NA,3,1,4,3020,0,1,1,NA,2,044,I-405 N/B,SEAL BEACH BLVD,5280,S,N,A,-,Y,NA,NA,405,NA,NA,NA,NA,NA,N,Y,3,0,3,4,A,-,03,22350,NA,N,C,C,A,A,H,-,A,D,0,NA,NA,NA,NA,Y,NA,A,07,0,1,2,0,0,0,0,0,0,-,-,33.77448,-118.05573,ORANGE,SEAL BEACH,-118.0557299,33.77445196
90457527,2017,2017-05-17,9690,2017-05-09,1920,018526,NA,2,2,9,3000,0,3,5,NA,2,004,O'NEILL DRIVE,ROANOKE DRIVE,0,NA,Y,B,-,N,NA,NA,NA,NA,NA,NA,NA,NA,NA,Y,3,0,3,2,A,-,09,21802,A,N,D,C,A,A,H,-,B,A,0,NA,NA,NA,NA,Y,NA,A,01,0,2,1,0,0,0,0,0,0,-,-,33.56063,-117.64405,ORANGE,UNINCORPORATED,-117.64423001,33.56033
90457850,2017,2017-05-17,9690,2017-05-15,0948,014552,NA,1,1,9,3000,0,2,4,NA,2,035,OSO PKWY,MEANDERING TRAIL,24,E,N,B,-,N,NA,NA,NA,NA,NA,NA,NA,NA,NA,Y,3,0,1,1,A,-,08,22107,NA,N,E,I,A,A,H,-,A,A,0,NA,NA,NA,NA,Y,NA,A,01,0,1,0,0,0,0,0,0,0,-,-,33.35122,-117.37246,ORANGE,UNINCORPORATED,-117.62356182,33.58682272
90458814,2017,2017-05-18,9675,2017-05-09,1610,018539,NA,2,2,6,3008,0,1,3,NA,2,571,SR-57 S/B,NUTWOOD AVE,400,S,N,B,-,Y,NA,NA,57,NA,NA,NA,NA,NA,S,Y,4,0,1,2,A,-,03,22350,NA,N,C,C,A,A,H,-,A,D,0,NA,NA,NA,NA,Y,NA,A,01,0,0,1,0,0,0,0,0,0,-,-,33.87689,-117.88044,ORANGE,FULLERTON,-117.8804999,33.87688888
90460269,2017,2017-05-22,9675,2017-02-18,0300,021297,NA,6,3,7,3019,0,1,3,NA,2,552,SR-55 NORTHBOUND,WARNER AVE,1944,N,N,B,-,Y,NA,NA,55,NA,NA,NA,NA,NA,N,Y,2,0,1,2,A,-,11,21956,NA,N,G,B,E,B,H,-,D,D,0,Y,NA,NA,NA,Y,NA,N,60,1,0,0,0,1,0,0,0,0,-,-,33.719,-117.84083,ORANGE,SANTA ANA,-117.84114947,33.71931261
90460355,2017,2017-05-22,9675,2017-05-12,1600,021557,NA,5,2,9,3000,0,2,4,NA,2,022,FAIRHAVEN AVE W/B,ESPLANADE AVE,20,E,N,A,-,N,NA,NA,NA,NA,NA,NA,NA,NA,NA,Y,3,0,3,3,A,-,08,22107,NA,N,B,C,A,A,H,-,A,A,0,NA,NA,NA,Y,Y,NA,A,07,0,3,0,0,0,0,0,0,0,-,-,33.77351,-117.81074,ORANGE,UNINCORPORATED,-117.81086435,33.77352
90460586,2017,2017-05-22,9675,2017-05-13,1820,021557,NA,6,2,7,3001,0,1,3,NA,2,093,SR-91 WESTBOUND,IMPERIAL HIGHWAY,2640,E,N,A,-,Y,NA,NA,91,NA,NA,NA,NA,NA,W,N,4,0,3,3,A,-,03,22350,NA,N,C,C,A,A,H,-,A,D,0,NA,NA,NA,NA,Y,NA,A,07,0,0,3,0,0,0,0,0,0,-,-,33.85782,-117.78301,ORANGE,ANAHEIM,-117.78297348,33.8577453
90463382,2017,2017-05-25,9675,2017-05-17,0420,020027,NA,3,3,7,3001,0,1,3,NA,2,094,SR-91 EASTBOUND,IMPERIAL HIGHWAY,400,W,N,A,-,Y,NA,NA,91,NA,NA,NA,NA,NA,E,Y,2,0,1,1,A,-,08,22107,NA,N,E,I,A,A,H,-,C,D,0,NA,NA,NA,NA,Y,NA,A,01,1,0,0,0,0,0,0,0,0,-,-,33.8539,-117.79213,ORANGE,ANAHEIM,-117.7921382,33.85413915
90465654,2017,2017-05-26,9670,2017-05-25,1555,020134,NA,4,2,5,3024,0,1,3,NA,2,021,SR-22 W/B,GOLDENWEST ST.,500,E,N,A,-,Y,NA,NA,22,NA,NA,NA,NA,NA,W,Y,4,0,2,3,A,-,03,22350,NA,N,C,C,A,A,H,-,A,D,0,NA,NA,NA,NA,Y,NA,A,01,0,0,2,0,0,0,0,0,0,-,-,33.7734,-118.0051,ORANGE,WESTMINSTER,-118.00508356,33.7734325
90466629,2017,2017-05-30,9675,2017-05-23,1840,020668,NA,2,2,9,3000,0,1,3,NA,2,241,SR-241 N/B,LOMA RIDGE ROAD,2000,S,N,A,-,Y,NA,NA,241,NA,NA,NA,NA,NA,N,Y,3,0,1,1,A,-,01,23152,A,N,E,I,A,A,H,-,A,D,0,NA,NA,NA,NA,Y,Y,A,01,0,1,0,0,0,0,0,0,0,-,-,33.76873,-117.73607,ORANGE,UNINCORPORATED,-117.73612973,33.76863294
90466983,2017,2017-05-30,9670,2017-05-24,1354,021242,NA,3,1,7,3001,0,1,3,NA,2,094,SR-91 E/B,HARBOR BLVD,2640,W,N,A,-,Y,NA,NA,91,NA,NA,NA,NA,NA,E,N,4,0,1,2,A,-,03,22350,NA,N,C,C,A,A,H,-,A,D,0,NA,NA,NA,NA,Y,NA,A,01,0,0,1,0,0,0,0,0,0,-,-,33.85402,-117.93265,ORANGE,ANAHEIM,-117.93265032,33.85410921
90468209,2017,2017-05-31,9670,2017-04-20,0855,014497,NA,4,1,6,3009,0,1,3,NA,2,025,SR-22 W/B,EUCLID ST,528,W,N,A,-,Y,NA,NA,22,NA,NA,NA,NA,NA,W,Y,2,0,1,2,A,-,07,21658,A,F,B,C,A,A,H,-,A,D,0,NA,NA,Y,NA,Y,NA,A,07,1,0,0,0,0,0,0,0,1,-,-,33.76602,-117.93978,ORANGE,GARDEN GROVE,-117.93978208,33.76611606
90469175,2017,2017-06-01,9675,2017-05-23,1220,019404,NA,2,1,6,3026,0,1,1,NA,2,503,I-5 NORTHBOUND,JEFFREY RD,400,N,N,A,-,Y,NA,NA,5,NA,NA,NA,NA,NA,N,Y,4,0,4,3,A,-,03,22350,NA,N,C,C,A,A,H,-,A,D,0,NA,NA,NA,NA,Y,NA,A,01,0,0,4,0,0,0,0,0,0,-,-,33.69145,-117.76915,ORANGE,IRVINE,-117.76912558,33.69146586
90469994,2017,2017-06-02,9675,2017-05-20,0837,016748,NA,6,1,6,3008,0,1,3,NA,2,571,SR-57 NORTHBOUND,CHAPMAN AVE,1500,S,N,A,-,Y,NA,NA,NA,NA,NA,NA,NA,NA,NA,Y,4,0,1,2,A,-,03,22350,NA,N,C,C,A,A,H,-,A,D,0,NA,NA,NA,NA,Y,NA,A,01,0,0,1,0,0,0,0,0,0,-,-,33.52115,-117.52463,ORANGE,FULLERTON,-117.8803,33.87408
90470921,2017,2017-06-05,9675,2017-05-22,0745,019618,NA,1,1,6,3015,0,1,1,NA,2,520,I-5 S/B,SR-22 WESTBOUND,382,N,N,A,-,Y,NA,NA,5,NA,NA,NA,NA,NA,S,Y,4,0,1,3,A,-,08,22107,NA,N,B,C,A,A,H,-,A,D,0,NA,NA,Y,NA,Y,NA,A,01,0,0,1,0,0,0,0,0,1,-,-,33.78328,-117.88192,ORANGE,ORANGE,-117.88197069,33.78321995
90472530,2017,2017-06-07,9675,2017-05-30,0920,013308,NA,2,1,6,3015,0,1,3,NA,2,551,SR-55 SOUTHBOUND,SR-22 EASTBOUND,750,N,N,A,-,Y,NA,NA,55,NA,NA,NA,NA,NA,S,Y,4,0,1,3,A,-,17,21658,NA,N,C,C,A,A,H,-,A,D,0,NA,NA,NA,NA,Y,NA,A,01,0,0,1,0,0,0,0,0,0,-,-,33.79606,-117.83091,ORANGE,ORANGE,-117.83111775,33.79604176
90473333,2017,2017-06-07,9675,2017-06-01,1605,019348,NA,4,2,7,3001,0,1,3,NA,2,094,SR-91 EASTBOUND,WEIR CYN RD,700,E,N,A,-,Y,NA,NA,NA,NA,NA,NA,NA,NA,NA,Y,4,0,1,2,A,-,03,22350,NA,N,E,A,A,A,H,-,A,D,0,NA,NA,Y,NA,Y,NA,C,02,0,0,1,0,0,0,0,0,1,-,-,33.46061,-117.50263,ORANGE,ANAHEIM,-117.74235439,33.8707012
90474027,2017,2017-06-08,9670,2017-06-02,1337,014497,NA,5,1,6,3009,0,1,3,NA,2,024,SR-22 E/B (GARDEN GRVOE FREEWAY),HARBOR BLVD,334,W,N,A,-,Y,NA,NA,22,NA,NA,NA,NA,NA,E,N,4,0,1,3,A,-,03,22350,NA,N,C,C,A,A,H,-,A,D,0,NA,NA,NA,NA,Y,NA,A,01,0,0,1,0,0,0,0,0,0,-,-,33.76702,-117.92188,ORANGE,GARDEN GROVE,-117.92195057,33.76722437
90474382,2017,2017-06-09,9690,2017-06-02,2302,020747,NA,5,3,5,3017,0,1,1,NA,2,059,I-5 S/B (SAN DIEGO FRWY),EL CAMINO REAL,100,N,N,A,-,Y,NA,NA,5,NA,NA,NA,NA,NA,S,Y,4,0,6,2,A,-,03,22350,NA,N,C,C,A,A,H,-,D,D,0,NA,NA,NA,NA,Y,NA,A,01,0,0,6,0,0,0,0,0,0,-,-,33.4185,-117.60499,ORANGE,SAN CLEMENTE,-117.60499722,33.41849557
90476022,2017,2017-06-12,9675,2017-06-02,1331,021438,NA,5,1,6,3015,0,1,3,NA,2,550,SR-55 N/B,LINCOLN AVE,980,S,N,A,-,Y,NA,NA,55,NA,NA,NA,NA,NA,N,N,4,0,1,2,A,-,03,22350,NA,N,C,C,A,A,H,-,A,D,0,NA,NA,Y,NA,Y,NA,D,22,0,0,1,0,0,0,0,0,1,-,-,33.83212,-117.83483,ORANGE,ORANGE,-117.83489234,33.83209539
90476934,2017,2017-06-13,9675,2017-06-12,1620,021435,NA,1,2,4,3002,0,1,3,NA,2,570,SR-57 SOUTHBOUND,IMPERIAL HIGHWAY,2500,N,N,A,-,Y,NA,NA,57,NA,NA,NA,NA,NA,S,Y,4,0,2,3,A,-,03,22350,NA,N,C,C,A,A,H,-,A,D,0,NA,NA,NA,NA,Y,NA,A,01,0,0,2,0,0,0,0,0,0,-,-,33.91753,-117.88085,ORANGE,BREA,-117.8812149,33.91768117
90478988,2017,2017-06-15,9675,2017-06-14,1345,019348,NA,3,1,4,3002,0,1,3,NA,2,570,SR-57 SOUTHBOUND,YORBA LINDA BLVD,900,N,N,A,-,Y,NA,NA,NA,NA,NA,NA,NA,NA,NA,Y,4,0,3,3,A,-,03,22350,NA,N,C,C,A,A,H,-,A,D,0,NA,NA,NA,NA,Y,NA,A,01,0,0,3,0,0,0,0,0,0,-,-,33.46057,-117.50284,ORANGE,BREA,NA,NA
90479616,2017,2017-06-16,9675,2017-06-13,1635,020627,NA,2,2,6,3004,0,1,1,NA,2,405,I-405 N/B TO HARBOR BLVD,SR-73 NORTHBOUND,400,S,N,A,-,Y,NA,NA,405,NA,NA,NA,R,NA,N,Y,4,0,2,3,A,-,03,22350,NA,N,C,C,A,A,H,-,A,D,0,NA,NA,NA,NA,Y,NA,A,07,0,0,2,0,0,0,0,0,0,-,-,33.68775,-117.89609,ORANGE,COSTA MESA,-117.89609,33.68775
90479673,2017,2017-06-16,9675,2017-06-15,1107,016748,NA,4,1,4,3002,0,1,3,NA,2,570,SR-57 SOUTHBOUND,LAMBERT RD,2640,N,N,A,-,Y,NA,NA,NA,NA,NA,NA,NA,NA,NA,N,4,0,1,2,A,-,03,22350,NA,N,C,C,A,A,H,-,A,D,0,NA,NA,NA,NA,Y,NA,A,01,0,0,1,0,0,0,0,0,0,-,-,33.55559,-117.52458,ORANGE,BREA,-117.87935226,33.93255413
90479767,2017,2017-06-16,9670,2017-05-06,1040,016209,NA,6,1,7,3001,0,1,1,NA,2,503,I-5 S/B (SANTA ANA FREEWAY),HARBOR BLVD.,30,S,N,B,-,Y,NA,NA,5,NA,NA,NA,NA,NA,S,Y,4,0,4,3,A,-,03,22350,NA,N,B,C,A,B,H,-,A,D,0,NA,NA,NA,NA,Y,NA,D,22,0,0,4,0,0,0,0,0,0,-,-,33.81502,-117.91547,ORANGE,ANAHEIM,-117.91534445,33.81514988
90481055,2017,2017-06-19,9675,2017-06-12,1728,021438,NA,1,2,6,3026,0,1,1,NA,2,503,I-5 N/B,YALE AVE,1200,S,N,A,-,Y,NA,NA,5,NA,NA,NA,NA,NA,N,Y,4,0,1,3,A,-,03,22350,NA,N,C,C,A,A,H,-,A,D,0,NA,NA,NA,NA,Y,NA,A,01,0,0,1,0,0,0,0,0,0,-,-,33.69785,-117.77343,ORANGE,IRVINE,-117.77338459,33.69787981
90481186,2017,2017-06-19,9670,2017-06-13,1645,021585,NA,2,2,5,3003,0,1,3,NA,2,091,SR-91 W/B,VALLEY VIEW ST,1056,E,N,A,-,Y,NA,NA,91,NA,NA,NA,NA,NA,W,N,4,0,1,2,A,-,03,22350,NA,N,C,C,A,A,H,-,A,D,0,NA,NA,NA,NA,Y,NA,A,01,0,0,1,0,0,0,0,0,0,-,-,33.85602,-118.02361,ORANGE,BUENA PARK,-118.02360909,33.85608093
9048341,2019,2020-02-25,3022,2019-10-25,1001,1305,NA,5,5,5,3022,0,0,0,NA,0,NA,EL CAMINO REAL,AUTO CENTER DR,0,NA,Y,A,-,N,NA,NA,NA,NA,NA,NA,NA,NA,NA,N,3,0,1,2,A,-,09,21801,A,N,D,C,A,A,H,-,A,A,0,NA,NA,NA,NA,Y,NA,A,07,0,1,0,0,0,0,0,0,0,-,-,33.727378845214844,-117.79736328125,ORANGE,TUSTIN,-117.79723358154295,33.72740173339844
90483875,2017,2017-06-22,9675,2017-06-20,2050,020732,NA,2,2,6,3026,0,1,1,NA,2,504,I-5 NORTHBOUND,SAND CANYON AVE,1500,S,N,A,-,Y,NA,NA,NA,NA,NA,NA,NA,NA,NA,N,4,0,1,2,A,-,03,22350,NA,F,C,C,A,A,H,-,C,D,0,NA,NA,NA,NA,Y,NA,-,99,0,0,1,0,0,0,0,0,0,-,-,33.67568,-117.57652,ORANGE,IRVINE,-117.75539,33.67621
9048605,2020,2020-10-16,3002,2020-02-01,1259,1447,NA,6,5,4,3002,0,0,0,NA,0,012,IMPERIAL HWY,VALENCIA AV,202,E,N,A,-,Y,ORA,12,90,-,-,7.31,H,-,E,Y,3,0,2,2,A,-,03,22350,NA,N,C,C,A,A,H,-,A,A,0,NA,NA,NA,NA,Y,NA,A,01,0,1,1,0,0,0,0,0,0,-,-,33.909698486328125,-117.85230255126952,ORANGE,BREA,-117.85186004638672,33.90921401977539
9048687,2019,2020-02-25,3001,2019-11-18,0735,A1252,NA,1,5,7,3001,0,0,0,NA,0,0D2,WAGNER AV,SUNKIST ST,0,NA,Y,A,-,N,NA,NA,NA,NA,NA,NA,NA,NA,NA,NA,4,0,2,2,A,-,09,21801,A,N,A,C,A,A,H,-,A,A,0,NA,NA,NA,NA,Y,NA,A,01,0,0,2,0,0,0,0,0,0,-,-,33.825279235839844,-117.88028717041016,ORANGE,ANAHEIM,-117.88053894042967,33.825401306152344
9048694,2019,2020-02-25,3001,2019-11-20,1350,A1825,NA,3,5,7,3001,0,0,0,NA,0,0D1,ORANGE AV,WESTERN AV,213,E,N,C,-,N,NA,NA,NA,NA,NA,NA,NA,NA,NA,NA,3,0,1,2,A,-,11,21954,A,N,G,B,D,B,H,-,A,A,0,Y,NA,NA,NA,Y,NA,N,60,0,1,0,0,1,0,0,0,0,-,-,33.82463073730469,-118.0021514892578,ORANGE,ANAHEIM,-118.00144958496094,33.82465744018555
90487328,2017,2017-06-26,9675,2017-06-15,0755,016748,NA,4,1,6,3015,0,1,3,NA,2,572,SR-57 S/B TO SR-22 W/B,METROPOLITAN DRIVE,103,S,N,A,-,Y,NA,NA,NA,NA,NA,NA,NA,NA,NA,Y,4,0,1,2,A,-,03,22350,NA,N,C,C,A,A,H,-,A,D,0,NA,NA,NA,NA,Y,NA,A,01,0,0,1,0,0,0,0,0,0,-,-,33.46454,-117.53337,ORANGE,ORANGE,NA,NA
90487551,2017,2017-06-26,9670,2017-06-19,0930,018757,NA,1,1,5,3003,0,1,3,NA,2,092,SR-91 E/B,BEACH BLVD,1600,W,N,A,-,Y,NA,NA,91,NA,NA,NA,NA,NA,E,Y,3,0,1,3,A,-,03,22350,NA,N,C,C,A,A,H,-,A,D,0,NA,NA,NA,Y,Y,NA,A,01,0,1,0,0,0,0,0,0,0,-,-,33.85604,-118.00367,ORANGE,BUENA PARK,-118.00366934,33.85594632
9048766,2020,2020-02-25,3026,2020-01-22,0620,557,CROSS,3,5,6,3026,0,0,0,NA,0,004,WALNUT,JEFFREY,16,W,N,A,-,N,NA,NA,NA,NA,NA,NA,NA,NA,NA,NA,4,0,1,2,A,-,21,22106,NA,N,C,D,A,A,H,-,C,A,0,NA,NA,NA,NA,Y,NA,A,01,0,0,1,0,0,0,0,0,0,-,-,NA,NA,ORANGE,IRVINE,-117.76988983154295,33.68860626220703
90488064,2017,2017-06-26,9690,2017-06-17,0812,020966,NA,6,1,9,3000,0,1,3,NA,1,074,SR 74 W/B (ORTEGA HWY),GATEWAY PLACE,4382,E,N,A,-,Y,NA,NA,74,NA,NA,NA,NA,NA,W,Y,2,0,1,3,A,-,08,22107,NA,N,A,C,A,A,H,-,A,D,0,NA,NA,Y,NA,Y,NA,D,22,1,0,0,0,0,0,0,0,1,-,-,33.52181,-117.61047,ORANGE,UNINCORPORATED,-117.61047,33.52183961
90488989,2017,2017-06-27,9690,2017-06-23,1335,018840,NA,5,1,4,3018,0,1,1,NA,2,057,I-5 S/B (SAN DIEGO FRWY),CAMINO LAS RAMBLAS,800,N,N,A,-,Y,NA,NA,5,NA,NA,NA,NA,NA,S,N,3,0,2,2,A,-,03,22350,NA,N,C,C,A,A,D,-,A,D,0,NA,NA,NA,NA,Y,NA,A,01,0,1,1,0,0,0,0,0,0,-,-,33.46789,-117.67225,ORANGE,SAN JUAN CAPISTRANO,-117.67218791,33.46799304
90489292,2017,2017-06-28,9690,2017-06-26,1305,014919,NA,1,1,5,3017,0,1,1,NA,2,059,I-5 N/B (SAN DIEGO FRWY),EL CAMINO REAL,197,N,N,A,-,Y,NA,NA,5,NA,NA,NA,NA,NA,N,Y,2,0,3,3,A,-,03,22350,NA,N,C,C,A,A,D,-,A,D,0,NA,NA,NA,NA,Y,NA,D,22,1,0,2,0,0,0,0,0,0,-,-,33.41929,-117.60542,ORANGE,SAN CLEMENTE,-117.60537441,33.4193265
90490579,2017,2017-06-29,9675,2017-06-18,0934,020694,NA,7,1,6,3008,0,1,3,NA,2,571,SR-57 SOUTHBOUND,CHAPMAN AVE,1200,S,N,A,-,Y,NA,NA,57,NA,NA,NA,NA,NA,S,Y,3,0,1,3,A,-,07,21658,A,N,B,C,A,A,H,-,A,D,0,NA,NA,NA,NA,Y,NA,A,01,0,1,0,0,0,0,0,0,0,-,-,33.87227,-117.88047,ORANGE,FULLERTON,-117.88054883,33.87226062