CASE_ID,ACCIDENT_YEAR,PROC_DATE,JURIS,COLLISION_DATE,COLLISION_TIME,OFFICER_ID,REPORTING_DISTRICT,DAY_OF_WEEK,CHP_SHIFT,POPULATION,CNTY_CITY_LOC,SPECIAL_COND,BEAT_TYPE,CHP_BEAT_TYPE,CITY_DIVISION_LAPD,CHP_BEAT_CLASS,BEAT_NUMBER,PRIMARY_RD,SECONDARY_RD,DISTANCE,DIRECTION,INTERSECTION,WEATHER_1,WEATHER_2,STATE_HWY_IND,CALTRANS_COUNTY,CALTRANS_DISTRICT,STATE_ROUTE,ROUTE_SUFFIX,POSTMILE_PREFIX,POSTMILE,LOCATION_TYPE,RAMP_INTERSECTION,SIDE_OF_HWY,TOW_AWAY,COLLISION_SEVERITY,NUMBER_KILLED,NUMBER_INJURED,PARTY_COUNT,PRIMARY_COLL_FACTOR,PCF_CODE_OF_VIOL,PCF_VIOL_CATEGORY,PCF_VIOLATION,PCF_VIOL_SUBSECTION,HIT_AND_RUN,TYPE_OF_COLLISION,MVIW,PED_ACTION,ROAD_SURFACE,ROAD_COND_1,ROAD_COND_2,LIGHTING,CONTROL_DEVICE,CHP_ROAD_TYPE,PEDESTRIAN_ACCIDENT,BICYCLE_ACCIDENT,MOTORCYCLE_ACCIDENT,TRUCK_ACCIDENT,NOT_PRIVATE_PROPERTY,ALCOHOL_INVOLVED,STWD_VEHTYPE_AT_FAULT,CHP_VEHTYPE_AT_FAULT,COUNT_SEVERE_INJ,COUNT_VISIBLE_INJ,COUNT_COMPLAINT_PAIN,COUNT_PED_KILLED,COUNT_PED_INJURED,COUNT_BICYCLIST_KILLED,COUNT_BICYCLIST_INJURED,COUNT_MC_KILLED,COUNT_MC_INJURED,PRIMARY_RAMP,SECONDARY_RAMP,LATITUDE,LONGITUDE,COUNTY,CITY,POINT_X,POINT_Y
90563882,2017,2017-10-05,9675,2017-09-24,2340,021206,NA,7,3,5,3016,0,1,3,NA,2,571,SR-57 NORTHBOUND,LA JOLLA ST,820,S,N,A,-,Y,NA,NA,NA,NA,NA,NA,NA,NA,NA,N,4,0,1,2,A,-,03,22350,NA,N,C,C,A,A,D,-,C,D,0,NA,NA,NA,NA,Y,NA,A,01,0,0,1,0,0,0,0,0,0,-,-,33.51187,-117.52314,ORANGE,PLACENTIA,-117.87537721,33.85532916
90565375,2017,2017-10-09,9675,2017-09-23,0053,021297,NA,6,3,6,3026,0,1,1,NA,2,503,I-5 SOUTHBOUND,JEFFREY RD,100,N,N,A,-,Y,NA,NA,5,NA,NA,NA,NA,NA,S,Y,4,0,1,1,A,-,08,22107,NA,N,E,I,A,A,H,-,C,D,0,NA,NA,NA,NA,Y,Y,A,01,0,0,1,0,0,0,0,0,0,-,-,33.68937,-117.76824,ORANGE,IRVINE,-117.76821856,33.68938391
90566407,2017,2017-10-10,9675,2017-10-06,0221,021752,NA,5,3,6,3015,0,1,1,NA,2,520,I-5 NORTHBOUND,THE CITY DRIVE,500,S,N,A,-,Y,NA,NA,5,NA,NA,NA,NA,NA,N,Y,2,0,1,3,A,-,01,23152,A,F,B,C,A,A,H,-,A,D,0,NA,NA,Y,NA,Y,Y,A,01,1,0,0,0,0,0,0,0,1,-,-,33.78988,-117.88782,ORANGE,ORANGE,-117.88776503,33.78994153
9056683,2020,2020-03-20,3007,2020-02-29,2200,322,36,6,5,5,3007,0,0,0,NA,0,002,WARNER AV,WARD ST,0,NA,Y,A,-,N,NA,NA,NA,NA,NA,NA,NA,NA,NA,Y,4,0,5,2,A,-,09,21801,A,N,D,C,A,A,H,-,C,A,0,NA,NA,NA,NA,Y,NA,A,01,0,0,5,0,0,0,0,0,0,-,-,NA,NA,ORANGE,FOUNTAIN VALLEY,-117.9458236694336,33.716400146484375
9056858,2020,2020-06-10,3012,2020-02-20,1342,629,12,4,5,5,3012,0,0,0,NA,0,001,WHITTIER BL,HACIENDA,633,E,N,A,-,N,NA,NA,NA,NA,NA,NA,NA,NA,NA,N,4,0,2,2,A,-,09,21801,A,N,D,C,A,A,H,-,A,D,0,NA,NA,NA,NA,Y,NA,A,01,0,0,2,0,0,0,0,0,0,-,-,NA,NA,ORANGE,LA HABRA,-117.96268463134766,33.93940353393555
90571168,2017,2017-10-16,9675,2017-10-06,0920,021224,NA,5,1,7,3019,0,1,3,NA,2,551,SR-55 SOUTHBOUND,1ST ST,200,N,N,A,-,Y,NA,NA,55,NA,NA,NA,NA,NA,S,Y,3,0,1,3,A,-,03,22350,NA,N,C,C,A,A,H,-,A,D,0,NA,NA,NA,NA,Y,NA,D,22,0,1,0,0,0,0,0,0,0,-,-,33.74631,-117.833,ORANGE,SANTA ANA,-117.83299643,33.74630883
90571239,2017,2017-10-16,9675,2017-10-08,1340,021447,NA,7,1,6,3004,0,1,1,NA,2,405,I-405 NORTHBOUND,BRISTOL ST,700,N,N,A,-,Y,NA,NA,405,NA,NA,NA,NA,NA,N,Y,2,0,2,2,A,-,08,22107,NA,N,D,C,A,A,H,-,A,D,0,NA,NA,NA,NA,Y,NA,A,01,1,0,1,0,0,0,0,0,0,-,-,33.6875,-117.88938,ORANGE,COSTA MESA,-117.88937968,33.68753941
90571975,2017,2017-10-18,9675,2017-10-10,0757,016923,NA,2,1,7,3001,0,1,3,NA,2,095,SR-91 W/B (RIVERSIDE FWY),WEIR CYN RD,2000,W,N,A,-,Y,NA,NA,91,NA,NA,NA,NA,NA,W,Y,4,0,2,2,A,-,03,22350,NA,N,C,C,A,A,H,-,A,D,0,NA,NA,NA,NA,Y,NA,A,01,0,0,2,0,0,0,0,0,0,-,-,33.86226,-117.77403,ORANGE,ANAHEIM,-117.77397347,33.86214433
90572661,2017,2017-10-18,9690,2017-10-13,0835,019199,NA,5,1,4,3018,0,1,1,NA,2,057,I-5 S/B (SAN DIEGO FRWY),ORTEGA HIGHWAY,528,N,N,A,-,Y,NA,NA,5,NA,NA,NA,NA,NA,S,Y,4,0,1,2,A,-,03,22350,NA,N,C,C,A,A,H,-,A,D,0,NA,NA,NA,NA,Y,NA,A,01,0,0,1,0,0,0,0,0,0,-,-,33.50583,-117.65978,ORANGE,SAN JUAN CAPISTRANO,-117.65963087,33.50589456
90573243,2017,2017-10-18,9675,2017-10-12,1430,017993,NA,4,2,7,3001,0,1,3,NA,2,094,SR-91 WESTBOUND,IMPERIAL HIGHWAY,1200,W,N,A,-,Y,NA,NA,91,NA,NA,NA,NA,NA,W,Y,4,0,1,2,A,-,03,22350,NA,N,C,C,A,A,H,-,A,D,0,NA,NA,NA,NA,Y,NA,A,08,0,0,1,0,0,0,0,0,0,-,-,33.85461,-117.79889,ORANGE,ANAHEIM,-117.79889282,33.8544921
90574023,2017,2017-10-19,9675,2017-10-12,1610,021322,NA,4,2,6,3004,0,1,3,NA,2,553,SR-55 NORTHBOUND,BAKER ST,300,N,N,A,-,Y,NA,NA,55,NA,NA,NA,NA,NA,N,Y,3,0,2,3,A,-,03,22350,NA,N,C,C,A,A,H,-,A,D,0,NA,NA,NA,NA,Y,NA,A,01,0,1,1,0,0,0,0,0,0,-,-,33.68066,-117.87837,ORANGE,COSTA MESA,-117.87855903,33.68082512
90575766,2017,2017-10-23,9670,2017-10-16,0815,014558,NA,1,1,7,3001,0,1,1,NA,2,501,I-5 S/B,MAGNOLIA AVENUE,1200,S,N,A,-,Y,NA,NA,5,NA,NA,NA,NA,NA,S,N,4,0,1,3,A,-,03,22350,NA,N,C,C,A,A,H,-,A,D,0,NA,NA,NA,NA,Y,NA,A,01,0,0,1,0,0,0,0,0,0,-,-,33.84933,-117.96707,ORANGE,ANAHEIM,-117.96706529,33.84933957
90576102,2017,2017-10-23,9675,2017-10-08,0218,018924,NA,7,3,6,3026,0,1,1,NA,2,407,I-405 S/B,IRVINE CENTER DRIVE,1000,S,N,A,-,Y,NA,NA,NA,NA,NA,NA,NA,NA,NA,Y,2,0,2,2,A,-,01,23152,A,N,E,I,A,A,H,-,C,D,0,NA,NA,NA,NA,Y,Y,A,01,1,1,0,0,0,0,0,0,0,-,-,33.64649,-117.41706,ORANGE,IRVINE,-117.74386712,33.64694983
90576271,2017,2017-10-23,9675,2017-10-13,1429,021633,NA,5,2,6,3008,0,1,3,NA,2,070,SR-57 S/B,BASTANCHURY RD,290,S,N,A,-,Y,NA,NA,57,NA,NA,NA,NA,NA,S,Y,4,0,3,4,A,-,03,22350,NA,N,C,C,A,A,H,-,A,D,0,NA,NA,NA,NA,Y,NA,A,07,0,0,3,0,0,0,0,0,0,-,-,33.89573,-117.88094,ORANGE,FULLERTON,-117.88102145,33.89572308
90576394,2017,2017-10-23,9675,2017-10-13,1713,021633,NA,5,2,6,3008,0,1,3,NA,2,570,SR-57 N/B,ROLLING HILLS RD,500,N,N,A,-,Y,NA,NA,57,NA,NA,NA,NA,NA,N,N,4,0,1,3,A,-,07,21658,A,N,B,C,A,A,H,-,A,D,0,NA,NA,Y,NA,Y,NA,A,01,0,0,1,0,0,0,0,0,1,-,-,33.905,-117.8809,ORANGE,FULLERTON,-117.88094236,33.90499
90576477,2017,2017-10-23,9675,2017-10-18,1445,019938,NA,3,2,6,3004,0,1,1,NA,2,405,I-405 NORTHBOUND,HARBOR BLVD,1355,N,N,A,-,Y,NA,NA,405,NA,NA,NA,NA,NA,N,N,4,0,1,2,A,-,03,22350,NA,N,C,C,A,A,H,-,A,D,0,NA,NA,NA,Y,Y,NA,G,25,0,0,1,0,0,0,0,0,0,-,-,33.6912,-117.92355,ORANGE,COSTA MESA,-117.92359051,33.69109468
90581015,2017,2017-10-27,9675,2017-10-12,1150,021272,NA,4,1,4,3002,0,3,5,NA,2,001,BREA CANYON RD. S/B,TONNER CYN RD,1700,S,N,A,-,N,NA,NA,NA,NA,NA,NA,NA,NA,NA,Y,2,0,2,2,A,-,08,22107,NA,N,D,C,A,A,H,-,A,D,0,NA,NA,Y,NA,Y,NA,A,01,2,0,0,0,0,0,0,0,1,-,-,33.94086,-117.88389,ORANGE,BREA,-117.87815,33.94077
9058215,2020,2020-07-09,3026,2020-03-22,1652,612,NA,7,5,6,3026,0,0,0,NA,0,00P,MORGAN,ALTON PKWY,0,NA,Y,B,-,N,NA,NA,NA,NA,NA,NA,NA,NA,NA,N,4,0,1,2,A,-,03,22350,A,N,B,C,A,A,H,-,A,A,0,NA,NA,NA,Y,Y,NA,A,01,0,0,1,0,0,0,0,0,0,-,-,NA,NA,ORANGE,IRVINE,-117.71452331542967,33.653831481933594
9058227,2020,2020-09-30,3026,2020-03-12,1549,288,3026,4,5,6,3026,0,0,0,NA,0,00C,RT 133,PAVONA,40,S,N,B,-,Y,ORA,12,133,-,R,7.779,H,-,N,Y,4,0,1,2,A,-,03,22350,NA,N,C,C,A,B,H,-,A,A,0,NA,NA,NA,NA,Y,NA,D,22,0,0,1,0,0,0,0,0,0,-,-,NA,NA,ORANGE,IRVINE,-117.76161193847656,33.64289855957031
9058259,2020,2020-07-21,3004,2020-04-29,1855,P549,12,3,5,6,3004,0,0,0,NA,0,015,ORANGE AV,SUSANNAH PL,500,S,N,B,-,N,NA,NA,NA,NA,NA,NA,NA,NA,NA,Y,3,0,1,2,A,-,09,21804,A,N,D,C,A,A,H,-,A,D,0,NA,NA,NA,NA,Y,NA,D,22,0,1,0,0,0,0,0,0,0,-,-,33.65890121459961,-117.89540100097656,ORANGE,COSTA MESA,-117.89534759521484,33.658935546875
90582653,2017,2017-10-30,9670,2017-10-21,1000,021755,NA,6,1,6,3008,0,1,3,NA,2,093,SR-91 W/B,MAGNOLIA ST,2112,E,N,A,-,Y,NA,NA,91,NA,NA,NA,NA,NA,W,Y,2,0,4,3,A,-,08,22107,NA,N,D,C,A,A,H,-,A,D,0,NA,NA,NA,NA,Y,NA,A,01,1,0,3,0,0,0,0,0,0,-,-,33.85536,-117.96984,ORANGE,FULLERTON,-117.96983798,33.85536605
9058428,2020,2020-10-30,3010,2020-05-04,1851,2237,292,1,5,6,3010,0,0,0,NA,0,005,TALBERT,KOVACS LN,0,NA,Y,A,-,N,NA,NA,NA,NA,NA,NA,NA,NA,NA,N,3,0,1,2,A,-,05,21650,1,N,A,G,A,A,H,-,A,A,0,NA,Y,NA,NA,Y,Y,L,04,0,1,0,0,0,0,1,0,0,-,-,NA,NA,ORANGE,HUNTINGTON BEACH,-117.99439239501952,33.701148986816406
90585058,2017,2017-11-01,9670,2017-10-30,1950,021585,NA,1,2,7,3001,0,1,3,NA,2,093,SR-91 E/B,BROOKHURST ST,528,E,N,B,-,Y,NA,NA,91,NA,NA,NA,NA,NA,E,Y,4,0,1,2,A,-,03,22350,NA,N,C,C,A,A,H,-,C,D,0,NA,NA,NA,NA,Y,NA,A,07,0,0,1,0,0,0,0,0,0,-,-,33.85393,-117.95753,ORANGE,ANAHEIM,-117.95752972,33.85389806
90585381,2017,2017-11-02,9675,2017-10-22,1233,021224,NA,7,1,7,3001,0,1,3,NA,2,093,SR-91 EASTBOUND,RIVERDALE AVEMUE,360,E,N,A,-,Y,NA,NA,91,NA,NA,NA,NA,NA,E,Y,3,0,1,2,A,-,08,22107,NA,F,B,C,A,A,H,-,A,D,0,NA,NA,Y,NA,Y,NA,C,02,0,1,0,0,0,0,0,0,1,-,-,33.84732,-117.83249,ORANGE,ANAHEIM,-117.83248368,33.84732841
90586803,2017,2017-11-03,9675,2017-10-20,1545,021914,NA,5,2,6,3026,0,1,1,NA,2,406,I-405 SOUTHBOUND,JAMBOREE RD,1500,N,N,A,-,Y,NA,NA,NA,NA,NA,NA,NA,NA,NA,Y,3,0,1,2,A,-,03,22350,NA,N,C,C,A,A,H,-,A,D,0,NA,NA,NA,NA,Y,NA,A,07,0,1,0,0,0,0,0,0,0,-,-,33.4044,-117.50547,ORANGE,IRVINE,-117.84801871,33.67861055
90587516,2017,2017-11-06,9675,2017-10-30,1455,021801,NA,1,2,6,3015,0,1,1,NA,2,502,I-5 N/B,SR-22 EASTBOUND,1200,S,N,B,-,Y,NA,NA,NA,NA,NA,NA,NA,NA,NA,Y,4,0,1,2,A,-,07,21658,A,N,B,C,A,A,H,-,A,D,0,NA,NA,NA,NA,Y,NA,A,01,0,0,1,0,0,0,0,0,0,-,-,33.76881,-117.86798,ORANGE,ORANGE,-117.8759,33.77887
90587525,2017,2017-11-06,9670,2017-10-28,1510,021679,NA,6,2,6,3009,0,1,3,NA,2,024,SR-22 E/B,GARDEN GROVE BLVD U/C,1320,W,N,A,-,Y,NA,NA,22,NA,NA,NA,NA,NA,E,N,4,0,1,2,A,-,03,22350,NA,N,C,C,A,A,H,-,A,D,0,NA,NA,NA,NA,Y,NA,A,07,0,0,1,0,0,0,0,0,0,-,-,33.77241,-117.90842,ORANGE,GARDEN GROVE,-117.90848073,33.77252706
90587737,2017,2017-11-06,9670,2017-10-27,1708,021679,NA,5,2,9,3000,0,3,5,NA,2,004,GILBERT STREET,CERRITOS AVENUE,0,NA,Y,A,-,N,NA,NA,NA,NA,NA,NA,NA,NA,NA,N,4,0,1,2,A,-,09,21801,A,N,A,C,A,A,H,-,A,A,0,NA,NA,NA,NA,Y,NA,A,01,0,0,1,0,0,0,0,0,0,-,-,33.8104,-117.9676,ORANGE,UNINCORPORATED,-117.96758003,33.81040006
90587876,2017,2017-11-06,9675,2017-11-05,1245,021349,NA,7,1,6,3015,0,1,3,NA,2,222,SR-22 E/B,THE CITY DRIVE,2500,W,N,B,-,Y,NA,NA,22,NA,NA,NA,NA,NA,E,Y,3,0,1,2,A,-,03,22350,NA,N,C,C,A,A,H,-,A,D,0,NA,NA,NA,NA,Y,NA,A,01,0,1,0,0,0,0,0,0,0,-,-,33.77831,-117.89604,ORANGE,ORANGE,-117.89609706,33.77852117
9058823,2020,2020-06-03,3000,2020-02-29,0215,5013,952A1,6,5,5,3040,0,0,0,NA,0,743,CAMINO CAPISTRANO,PASEO DE COLINAS,3715,N,N,A,-,N,NA,NA,NA,NA,NA,NA,NA,NA,NA,Y,3,0,3,2,A,-,01,23152,A,F,C,E,A,A,H,-,C,D,0,NA,NA,NA,NA,Y,Y,A,01,0,2,1,0,0,0,0,0,0,-,-,NA,NA,ORANGE,LAGUNA NIGUEL,-117.67442321777344,33.55870056152344
9058859,2020,2020-06-17,3000,2020-02-01,1620,9573,862D5,6,5,5,3050,0,0,0,NA,0,760,GLENN RANCH RD,ELLIPSE,37,E,N,A,-,N,NA,NA,NA,NA,NA,NA,NA,NA,NA,N,3,0,1,1,A,-,03,22350,NA,N,F,A,A,A,H,-,A,A,0,NA,NA,Y,NA,Y,NA,C,02,0,1,0,0,0,0,0,0,1,-,-,NA,NA,ORANGE,LAKE FOREST,-117.64933776855467,33.67265319824219
90589279,2017,2017-11-07,9690,2017-11-02,1630,016493,NA,4,2,5,3050,0,1,1,NA,2,055,I-5 N/B (SAN DIEGO FRWY),EL TORO RD,175,N,N,B,-,Y,NA,NA,5,NA,NA,NA,NA,NA,N,N,4,0,1,2,A,-,03,22350,NA,N,C,C,A,A,H,-,A,D,0,NA,NA,Y,NA,Y,NA,C,02,0,0,1,0,0,0,0,0,1,-,-,33.61571,-117.70832,ORANGE,LAKE FOREST,-117.7084088,33.61561345
9059117,2020,2020-05-21,3001,2020-02-16,1714,A1278,NA,7,5,7,3001,0,0,0,NA,0,D-3,DISNEYLAND DR,KATELLA AV,1234,N,N,A,-,N,NA,NA,NA,NA,NA,NA,NA,NA,NA,Y,4,0,1,2,A,-,01,23152,A,M,C,C,A,A,H,-,A,A,0,NA,NA,NA,NA,Y,Y,A,08,0,0,1,0,0,0,0,0,0,-,-,33.803199768066406,-117.92401885986328,ORANGE,ANAHEIM,-117.92410278320313,33.806793212890625
90591389,2017,2017-11-09,9675,2017-11-03,1805,021914,NA,5,2,6,3004,0,1,1,NA,2,405,S/B I-405,FAIRVIEW RD,1320,S,N,A,-,Y,NA,NA,NA,NA,NA,NA,NA,NA,NA,Y,4,0,1,1,A,-,07,21658,A,N,E,I,A,A,H,-,C,D,0,NA,NA,NA,NA,Y,NA,A,01,0,0,1,0,0,0,0,0,0,-,-,33.41158,-117.54104,ORANGE,COSTA MESA,NA,NA
90592787,2017,2017-11-13,9675,2017-11-04,1545,021438,NA,6,2,6,3026,0,1,1,NA,2,503,I-5 N/B,CULVER DR,1800,S,N,A,-,Y,NA,NA,5,NA,NA,NA,NA,NA,N,Y,4,0,3,3,A,-,03,22350,NA,N,C,C,A,A,H,-,A,D,0,NA,NA,NA,NA,Y,NA,A,01,0,0,3,0,0,0,0,0,0,-,-,33.70641,-117.77892,ORANGE,IRVINE,-117.77896322,33.70638001
90594632,2017,2017-11-15,9690,2017-11-14,0750,015927,NA,2,1,5,3050,0,1,1,NA,2,055,I-5 N/B (SAN DIEGO FRWY),EL TORO RD,100,N,N,A,-,Y,NA,NA,5,NA,NA,NA,NA,NA,N,N,4,0,1,2,A,-,03,22350,NA,F,C,C,A,A,H,-,A,D,0,NA,NA,NA,NA,Y,NA,-,99,0,0,1,0,0,0,0,0,0,-,-,33.61516,-117.70799,ORANGE,LAKE FOREST,-117.707956,33.61519697
90597720,2017,2017-11-20,9675,2017-11-08,1840,021322,NA,3,2,6,3015,0,1,3,NA,2,222,SR-22 WESTBOUND,CAMBRIDGE ST,500,E,N,A,-,Y,NA,NA,22,NA,NA,NA,NA,NA,W,N,4,0,1,1,A,-,03,22350,NA,N,F,A,A,A,H,-,C,D,0,NA,NA,Y,NA,Y,NA,C,02,0,0,1,0,0,0,0,0,1,-,-,33.77662,-117.84256,ORANGE,ORANGE,-117.84256228,33.77663262
90597912,2017,2017-11-20,9690,2017-11-09,1112,018349,NA,4,1,5,3017,0,1,1,NA,2,059,I-5 N/B (SAN DIEGO FRWY),AVENIDA VISTA HERMOSA,1,S,N,A,-,Y,NA,NA,5,NA,NA,NA,NA,NA,N,Y,4,0,1,2,A,-,08,22107,NA,N,D,C,A,A,H,-,A,D,0,NA,NA,NA,Y,Y,NA,D,22,0,0,1,0,0,0,0,0,0,-,-,33.44531,-117.63131,ORANGE,SAN CLEMENTE,-117.63128233,33.44534882
9059855,2020,2020-03-04,3022,2020-01-22,0856,1154,SOUTH,3,5,5,3022,0,0,0,NA,0,NA,SYCAMORE AV,CANTERBURY AV,643,E,N,A,-,N,NA,NA,NA,NA,NA,NA,NA,NA,NA,NA,4,0,1,1,A,-,08,22107,NA,M,E,I,A,A,H,-,A,D,0,NA,NA,NA,NA,Y,NA,A,01,0,0,1,0,0,0,0,0,0,-,-,33.720279693603516,-117.8173599243164,ORANGE,TUSTIN,-117.81555938720705,33.719383239746094
90598589,2017,2017-11-20,9675,2017-11-14,1740,019938,NA,2,2,6,3004,0,1,1,NA,2,405,I-405 NORTHBOUND TO HARBOR BOULEVARD,HARBOR BLVD,1258,S,N,A,-,Y,NA,NA,405,NA,NA,NA,R,NA,N,Y,4,0,1,3,A,-,03,22350,NA,N,C,C,A,A,H,-,C,D,0,NA,NA,NA,NA,Y,NA,A,07,0,0,1,0,0,0,0,0,0,-,-,33.68881,-117.91509,ORANGE,COSTA MESA,-117.91509,33.68881
90599482,2017,2017-11-21,9675,2017-11-13,0805,016199,NA,1,1,7,3019,0,1,3,NA,2,552,SR-55 SOUTHBOUND,DYER RD,600,N,N,A,-,Y,NA,NA,55,NA,NA,NA,NA,NA,S,Y,4,0,1,3,A,-,03,22350,NA,N,C,C,A,A,H,-,A,D,0,NA,NA,NA,NA,Y,NA,A,07,0,0,1,0,0,0,0,0,0,-,-,33.71125,-117.84952,ORANGE,SANTA ANA,-117.84933455,33.71106486
90601143,2017,2017-11-22,9670,2017-10-13,0557,021894,NA,5,3,7,3001,0,1,1,NA,2,502,I-5 N/B FROM EUCLID ST.,EUCLID ST,22,W,N,A,-,Y,NA,NA,5,NA,NA,NA,R,NA,N,N,2,0,1,2,A,-,11,21954,A,N,G,B,D,A,H,-,C,A,0,Y,NA,NA,NA,Y,NA,N,60,1,0,0,0,1,0,0,0,0,-,-,33.83654,-117.94191,ORANGE,ANAHEIM,-117.94191,33.83654
90601373,2017,2017-11-23,9675,2017-11-15,1830,019942,NA,3,2,6,3026,0,1,1,NA,2,540,I-5 NORTHBOUND,ALTON PKWY,350,N,N,A,-,Y,NA,NA,NA,NA,NA,NA,NA,NA,NA,Y,4,0,1,3,A,-,03,22350,NA,N,C,C,A,A,H,-,C,D,0,NA,NA,NA,NA,Y,NA,A,01,0,0,1,0,0,0,0,0,0,-,-,33.76535,-117.67587,ORANGE,IRVINE,-117.74435176,33.65652074
90601917,2017,2017-11-27,9675,2017-11-18,0438,021233,NA,6,3,7,3001,0,1,3,NA,2,072,SR-57 SOUTHBOUND,KATELLA AVE,1300,N,N,A,-,Y,NA,NA,57,NA,NA,NA,NA,NA,S,Y,3,0,2,3,A,-,01,23152,A,N,C,C,A,A,D,E,C,D,0,NA,NA,NA,NA,Y,Y,D,22,0,1,1,0,0,0,0,0,0,-,-,33.80955,-117.87919,ORANGE,ANAHEIM,-117.87935936,33.80962034
90605336,2017,2017-11-29,9670,2017-11-22,1940,021861,NA,3,2,5,3007,0,1,1,NA,2,040,I-405 N/B,SLATER AVE,1056,N,N,A,-,Y,NA,NA,405,NA,NA,NA,NA,NA,N,N,4,0,1,2,A,-,03,22350,NA,N,C,C,A,A,H,-,C,D,0,NA,NA,NA,NA,Y,NA,D,22,0,0,1,0,0,0,0,0,0,-,-,33.71125,-117.9611,ORANGE,FOUNTAIN VALLEY,-117.96115701,33.71118228
90605852,2017,2017-11-30,9670,2017-11-18,1843,021679,NA,6,2,4,3020,0,1,1,NA,2,044,I-405 N/B (SAN DIEGO FREEWAY),BOLSA CHICA RD OC,2640,N,N,A,-,Y,NA,NA,405,NA,NA,NA,NA,NA,N,Y,4,0,2,3,A,-,03,22350,NA,N,C,C,A,A,H,-,C,D,0,NA,NA,NA,NA,Y,NA,A,07,0,0,2,0,0,0,0,0,0,-,-,33.77451,-118.04814,ORANGE,SEAL BEACH,-118.04814721,33.77457011
90606055,2017,2017-11-30,9670,2017-11-28,1346,021894,NA,2,1,6,3009,0,1,3,NA,2,024,SR-22 E/B,GARDEN GROVE U/C,421,W,N,A,-,Y,NA,NA,NA,NA,NA,NA,NA,NA,NA,Y,4,0,1,3,A,-,03,22350,NA,N,C,C,A,A,H,-,A,D,0,NA,NA,NA,NA,Y,NA,A,01,0,0,1,0,0,0,0,0,0,-,-,33.7736,-117.9043,ORANGE,GARDEN GROVE,-118.00726426,33.77419202
90606103,2017,2017-11-30,9670,2017-11-12,0225,016271,NA,7,3,7,3001,0,1,3,NA,2,094,SR-91 EASTBOUND,EUCLID ST.,20,W,N,A,-,Y,NA,NA,91,NA,NA,NA,NA,NA,E,Y,4,0,1,2,A,-,03,22350,NA,N,C,C,A,A,H,-,C,D,0,NA,NA,NA,NA,Y,Y,A,01,0,0,1,0,0,0,0,0,0,-,-,33.85416,-117.94188,ORANGE,ANAHEIM,-117.9418797,33.8540765
90606135,2017,2017-11-30,9690,2017-11-28,0750,014953,NA,2,1,4,3045,0,1,3,NA,2,073,SR-73 N/B (SJHTC) TO GREENFIELD DRIVE,GREENFIELD DR.,442,S,N,A,-,Y,NA,NA,73,NA,NA,NA,R,NA,N,Y,4,0,3,4,A,-,03,22350,NA,N,C,C,A,A,H,-,A,A,0,NA,NA,NA,NA,Y,NA,A,07,0,0,3,0,0,0,0,0,0,-,-,33.55819,-117.68394,ORANGE,LAGUNA HILLS,-117.68394,33.55819
90608106,2017,2017-12-01,9675,2017-11-18,1738,021690,NA,6,2,7,3019,0,1,1,NA,2,502,I-5 NORTHBOUND,SR-55 SOUTHBOUND,500,N,N,A,-,Y,NA,NA,5,NA,NA,NA,NA,NA,N,Y,4,0,1,2,A,-,03,22350,NA,N,C,C,A,A,H,-,C,D,0,NA,NA,NA,NA,Y,NA,A,01,0,0,1,0,0,0,0,0,0,-,-,33.74148,-117.8358,ORANGE,SANTA ANA,-117.83579476,33.74149453
90611940,2017,2017-12-07,9675,2017-11-24,0042,018924,NA,5,3,6,3026,0,1,1,NA,2,504,I-5 S/B,SAND CANYON AVE,900,S,N,A,-,Y,NA,NA,5,NA,NA,NA,NA,NA,S,Y,3,0,1,1,A,-,08,22107,NA,N,E,I,A,A,H,-,C,D,0,NA,NA,NA,NA,Y,NA,A,01,0,1,0,0,0,0,0,0,0,-,-,33.67545,-117.75678,ORANGE,IRVINE,-117.75672897,33.67547963
90614448,2017,2017-12-11,9670,2017-12-02,1430,021910,NA,6,2,3,3006,0,1,3,NA,2,092,SR-91 E/B,ORANGETHORPE AVE,528,E,N,A,-,Y,NA,NA,91,NA,NA,NA,NA,NA,E,Y,4,0,1,3,A,-,07,21658,A,F,C,C,A,A,H,-,A,D,0,NA,NA,NA,NA,Y,NA,D,22,0,0,1,0,0,0,0,0,0,-,-,33.8583,-118.03319,ORANGE,LA PALMA,-118.03315419,33.85838562
90614847,2017,2017-12-12,9675,2017-12-06,1330,018834,NA,3,1,6,3004,0,1,3,NA,2,553,SR-55 NORTHBOUND,BAKER ST,500,S,N,A,-,Y,NA,NA,55,NA,NA,NA,NA,NA,N,Y,4,0,1,2,A,-,03,22350,NA,N,C,C,A,A,H,-,A,D,0,NA,NA,NA,NA,Y,NA,B,07,0,0,1,0,0,0,0,0,0,-,-,33.67895,-117.87997,ORANGE,COSTA MESA,-117.88012571,33.67909506
90617890,2017,2017-12-14,9690,2017-12-07,1210,020194,NA,4,1,5,3028,0,1,1,NA,2,056,I-5 N/B (SAN DIEGO FRWY),CROWN VALLEY PKWY,200,S,N,A,-,Y,NA,NA,5,NA,NA,NA,NA,NA,N,Y,4,0,1,2,A,-,03,22350,NA,N,C,C,A,A,H,-,A,D,0,NA,NA,NA,NA,Y,NA,A,01,0,0,1,0,0,0,0,0,0,-,-,33.5563,-117.67269,ORANGE,MISSION VIEJO,-117.67280393,33.5563
90617966,2017,2017-12-14,9675,2017-12-12,1535,019407,NA,2,2,7,3001,0,1,3,NA,2,093,SR-91 EASTBOUND,TUSTIN AVE,1500,W,N,A,-,Y,NA,NA,NA,NA,NA,NA,NA,NA,NA,N,4,0,1,2,A,-,03,22350,NA,N,C,C,A,A,H,-,A,D,0,NA,NA,NA,NA,Y,NA,A,01,0,0,1,0,0,0,0,0,0,-,-,33.52263,-117.44373,ORANGE,ANAHEIM,-117.84280778,33.85101056