CASE_ID,ACCIDENT_YEAR,PROC_DATE,JURIS,COLLISION_DATE,COLLISION_TIME,OFFICER_ID,REPORTING_DISTRICT,DAY_OF_WEEK,CHP_SHIFT,POPULATION,CNTY_CITY_LOC,SPECIAL_COND,BEAT_TYPE,CHP_BEAT_TYPE,CITY_DIVISION_LAPD,CHP_BEAT_CLASS,BEAT_NUMBER,PRIMARY_RD,SECONDARY_RD,DISTANCE,DIRECTION,INTERSECTION,WEATHER_1,WEATHER_2,STATE_HWY_IND,CALTRANS_COUNTY,CALTRANS_DISTRICT,STATE_ROUTE,ROUTE_SUFFIX,POSTMILE_PREFIX,POSTMILE,LOCATION_TYPE,RAMP_INTERSECTION,SIDE_OF_HWY,TOW_AWAY,COLLISION_SEVERITY,NUMBER_KILLED,NUMBER_INJURED,PARTY_COUNT,PRIMARY_COLL_FACTOR,PCF_CODE_OF_VIOL,PCF_VIOL_CATEGORY,PCF_VIOLATION,PCF_VIOL_SUBSECTION,HIT_AND_RUN,TYPE_OF_COLLISION,MVIW,PED_ACTION,ROAD_SURFACE,ROAD_COND_1,ROAD_COND_2,LIGHTING,CONTROL_DEVICE,CHP_ROAD_TYPE,PEDESTRIAN_ACCIDENT,BICYCLE_ACCIDENT,MOTORCYCLE_ACCIDENT,TRUCK_ACCIDENT,NOT_PRIVATE_PROPERTY,ALCOHOL_INVOLVED,STWD_VEHTYPE_AT_FAULT,CHP_VEHTYPE_AT_FAULT,COUNT_SEVERE_INJ,COUNT_VISIBLE_INJ,COUNT_COMPLAINT_PAIN,COUNT_PED_KILLED,COUNT_PED_INJURED,COUNT_BICYCLIST_KILLED,COUNT_BICYCLIST_INJURED,COUNT_MC_KILLED,COUNT_MC_INJURED,PRIMARY_RAMP,SECONDARY_RAMP,LATITUDE,LONGITUDE,COUNTY,CITY,POINT_X,POINT_Y
91102594,2019,2019-10-22,9675,2019-10-11,0445,022074,NA,5,3,7,3001,0,1,3,NA,2,095,SR-91 WESTBOUND,GYPSUM CYN ROAD,1800,W,N,A,-,Y,NA,NA,91,NA,NA,NA,NA,NA,W,Y,2,0,2,2,A,-,01,23152,F,N,C,C,A,A,H,-,C,D,0,NA,NA,NA,NA,Y,NA,A,01,1,1,0,0,0,0,0,0,0,-,-,33.86676025390625,-117.71797943115234,ORANGE,ANAHEIM,-117.71798706054688,33.86668014526367
91103918,2019,2019-10-23,9675,2019-10-15,1000,019979,NA,2,1,7,3019,0,1,1,NA,2,502,I-5 SOUTHBOUND,GRAND AVE,200,N,N,A,-,Y,NA,NA,5,NA,NA,NA,NA,NA,S,N,4,0,1,2,A,-,03,22350,NA,N,C,C,A,A,H,-,A,D,0,NA,NA,NA,NA,Y,NA,A,01,0,0,1,0,0,0,0,0,0,-,-,33.7569694519043,-117.85736846923828,ORANGE,SANTA ANA,-117.85733032226563,33.75705337524414
91103995,2019,2019-10-23,9675,2019-10-15,1730,020240,NA,2,2,6,3026,0,1,1,NA,2,503,I-5 NORTHBOUND,JAMBOREE RD,51,N,N,A,-,Y,NA,NA,NA,NA,NA,NA,NA,NA,NA,N,4,0,1,2,A,-,03,22350,NA,N,C,C,A,A,H,-,A,D,0,NA,NA,NA,NA,Y,NA,A,01,0,0,1,0,0,0,0,0,0,-,-,33.71498107910156,-117.79524993896484,ORANGE,IRVINE,-117.79520416259766,33.71985626220703
9110579,2020,2020-11-10,3001,2020-05-23,1420,A2392,D 3,6,5,7,3001,0,0,0,NA,0,D 3,BALL RD,EUCLID ST,198,E,N,A,-,N,NA,NA,NA,NA,NA,NA,NA,NA,NA,N,3,0,2,2,A,-,03,22350,NA,N,C,C,A,A,H,-,A,A,0,NA,NA,NA,NA,Y,NA,A,01,0,1,1,0,0,0,0,0,0,-,-,33.81806182861328,-117.94114685058594,ORANGE,ANAHEIM,-117.94087982177734,33.8180046081543
91108000,2019,2019-10-28,9675,2019-10-21,0750,020027,NA,1,1,7,3019,0,1,1,NA,2,530,I-5 NORTHBOUND,1ST ST,750,S,N,A,-,Y,NA,NA,5,NA,NA,NA,NA,NA,N,Y,4,0,2,3,A,-,03,22350,NA,N,C,C,A,A,H,-,A,D,0,NA,NA,NA,NA,Y,NA,A,07,0,0,2,0,0,0,0,0,0,-,-,33.74393081665039,-117.8409423828125,ORANGE,SANTA ANA,-117.8409423828125,33.743927001953125
91108179,2019,2019-10-28,9690,2019-10-17,1305,014329,NA,4,1,5,3028,0,1,1,NA,2,056,I-5 S/B (SAN DIEGO FRWY),OSO PKWY,2500,S,N,A,-,Y,NA,NA,5,NA,NA,NA,NA,NA,S,Y,4,0,2,2,A,-,03,22350,NA,N,C,C,A,A,H,-,A,D,0,NA,NA,NA,NA,Y,NA,A,01,0,0,2,0,0,0,0,0,0,-,-,33.56983947753906,-117.67221069335938,ORANGE,MISSION VIEJO,-117.67206573486328,33.56983947753906
9110825,2020,2020-11-04,3026,2020-05-08,1243,6352,PORTO,5,5,6,3026,0,0,0,NA,0,00P,CULVER DR,TRABUCO RD,39,N,N,A,-,N,NA,NA,NA,NA,NA,NA,NA,NA,NA,Y,4,0,1,2,A,-,09,21453,B,N,-,C,A,A,H,-,A,A,0,NA,NA,Y,NA,Y,NA,A,01,0,0,1,0,0,0,0,0,1,-,-,NA,NA,ORANGE,IRVINE,-117.78146362304688,33.71100997924805
9110828,2020,2020-11-04,3026,2020-05-12,1850,7094,NA,2,5,6,3026,0,0,0,NA,0,00U,UNIVERSITY DR,GOLDENGLOW ST,0,NA,Y,A,-,N,NA,NA,NA,NA,NA,NA,NA,NA,NA,Y,4,0,3,3,A,-,12,21453,A,N,D,C,A,A,H,-,A,A,0,NA,NA,NA,NA,Y,NA,A,01,0,0,3,0,0,0,0,0,0,-,-,NA,NA,ORANGE,IRVINE,-117.82135772705078,33.65734100341797
91108891,2019,2019-10-29,9670,2019-10-23,1350,019138,NA,3,1,6,3009,0,1,3,NA,2,024,SR-22 EB (GARDEN GROVE FREEWAY),PEARCE ST. PEDESTRIAN OVERCROSSING,1500,W,N,A,-,Y,NA,NA,22,NA,NA,NA,NA,NA,E,Y,4,0,2,2,A,-,03,22350,NA,N,C,C,A,A,H,-,A,D,0,NA,NA,NA,NA,Y,NA,A,01,0,0,2,0,0,0,0,0,0,-,-,33.7692985534668,-117.91574096679688,ORANGE,GARDEN GROVE,-117.91576385498048,33.76936340332031
91111531,2019,2019-11-01,9675,2019-10-22,1138,021752,NA,2,1,9,3000,0,3,5,NA,2,002,PETERS CANYON ROAD,IRVINE PARK LANE,2860,E,N,A,-,N,NA,NA,NA,NA,NA,NA,NA,NA,NA,N,4,0,5,1,A,-,17,21711,NA,N,E,I,A,A,H,-,A,D,0,NA,NA,NA,NA,Y,NA,M,57,0,0,5,0,0,0,0,0,0,-,-,33.79335021972656,-117.74919891357422,ORANGE,UNINCORPORATED,-117.746065,33.793355
9111164,2020,2020-11-03,3005,2020-05-31,1556,8081,C26,7,5,4,3005,0,0,0,NA,0,003,MOODY ST,MYRA AVE,0,NA,Y,A,-,N,NA,NA,NA,NA,NA,NA,NA,NA,NA,Y,3,0,2,2,A,-,09,21801,A,N,D,C,A,A,H,-,A,A,0,NA,NA,NA,NA,Y,NA,A,01,0,2,0,0,0,0,0,0,0,-,-,NA,NA,ORANGE,CYPRESS,-118.0456085205078,33.81489181518555
91112066,2019,2019-11-04,9675,2019-10-27,0245,021874,NA,7,3,6,3004,0,1,3,NA,2,553,SR-55 SOUTHBOUND,FAIR DRIVE,100,S,N,A,-,Y,NA,NA,55,NA,NA,NA,NA,NA,S,Y,4,0,2,2,A,-,03,22350,NA,N,C,C,A,A,H,-,D,D,0,NA,NA,NA,NA,Y,Y,A,01,0,0,2,0,0,0,0,0,0,-,-,33.66313934326172,-117.89769744873048,ORANGE,COSTA MESA,-117.8976593017578,33.66310119628906
91112215,2019,2019-11-04,9670,2019-10-26,1105,021286,NA,6,1,4,3020,0,1,1,NA,2,060,I-605 N/B,I-605,1056,S,N,A,-,Y,NA,NA,NA,NA,NA,NA,NA,NA,NA,Y,3,0,1,1,A,-,08,22107,NA,N,E,I,A,A,D,E,A,D,0,NA,NA,Y,NA,Y,NA,C,02,0,1,0,0,0,0,0,0,1,-,-,33.77574920654297,-118.08760833740234,ORANGE,SEAL BEACH,NA,NA
9111499,2020,2020-11-09,3022,2020-05-17,1844,1323,NA,7,5,5,3022,0,0,0,NA,0,NA,TUSTIN RANCH RD,WARNER AV E,0,NA,Y,A,-,N,NA,NA,NA,NA,NA,NA,NA,NA,NA,Y,4,0,1,2,D,-,00,NA,NA,N,D,C,A,A,H,-,A,A,0,NA,NA,NA,NA,Y,NA,-,-,0,0,1,0,0,0,0,0,0,-,-,33.70100021362305,-117.8222885131836,ORANGE,TUSTIN,-117.82563018798828,33.70075988769531
91116643,2019,2019-11-08,9670,2019-11-04,0538,021286,NA,1,3,3,3013,0,1,1,NA,2,061,I-605 S/B,SR-22,1584,N,N,A,-,Y,NA,NA,NA,NA,NA,NA,NA,NA,NA,Y,4,0,1,2,A,-,08,22107,NA,F,B,C,A,A,H,-,D,D,0,NA,NA,NA,NA,Y,NA,-,99,0,0,1,0,0,0,0,0,0,-,-,33.78160095214844,-118.09188842773438,ORANGE,LOS ALAMITOS,NA,NA
91118372,2019,2019-11-12,9675,2019-11-03,1801,021377,NA,7,2,6,3008,0,1,3,NA,2,571,SR-57 SOUTHBOUND,CHAPMAN AVE,1500,S,N,A,-,Y,NA,NA,57,NA,NA,NA,NA,NA,S,N,4,0,1,2,A,-,03,22350,NA,N,C,C,A,A,H,-,C,D,0,NA,NA,NA,NA,Y,NA,D,22,0,0,1,0,0,0,0,0,0,-,-,33.869598388671875,-117.8798370361328,ORANGE,FULLERTON,-117.8798828125,33.86958694458008
91119225,2019,2019-11-13,9675,2019-11-04,1755,019018,NA,1,2,6,3026,0,1,3,NA,2,074,SR-73 S/B TO MACARTHUR BLVD.,MACARTHUR BLVD,2000,S,N,A,-,Y,NA,NA,73,NA,NA,NA,R,NA,S,Y,4,0,1,2,A,-,03,22350,NA,N,C,C,A,A,H,-,C,D,0,NA,NA,NA,NA,Y,NA,A,01,0,0,1,0,0,0,0,0,0,-,-,33.64476013183594,-117.8608627319336,ORANGE,IRVINE,-117.8608627319336,33.64476013183594
91119775,2019,2019-11-13,9675,2019-11-04,2000,019942,NA,1,2,6,3026,0,1,1,NA,2,503,I-5 NORTHBOUND,TUSTIN RANCH RD,1800,S,N,A,-,Y,NA,NA,5,NA,NA,NA,NA,NA,N,Y,4,0,2,2,A,-,03,22350,NA,N,C,C,A,A,H,-,C,D,0,NA,NA,NA,NA,Y,NA,A,01,0,0,2,0,0,0,0,0,0,-,-,33.71575927734375,-117.7898406982422,ORANGE,IRVINE,-117.78968048095705,33.71598815917969
91120753,2019,2019-11-14,9675,2019-11-04,1044,021272,NA,1,1,5,3016,0,1,3,NA,2,571,SR-57 SOUTHBOUND,NUTWOOD AVE,400,S,N,A,-,Y,NA,NA,57,NA,NA,NA,NA,NA,S,Y,3,0,1,3,A,-,03,22350,NA,N,C,C,A,A,H,-,A,D,0,NA,NA,NA,Y,Y,NA,G,25,0,1,0,0,0,0,0,0,0,-,-,33.87725830078125,-117.88056182861328,ORANGE,PLACENTIA,-117.88050842285156,33.877262115478516
91122739,2019,2019-11-18,9690,2019-11-18,1030,015275,NA,1,1,5,3028,0,1,1,NA,2,056,I-5 N/B (SAN DIEGO FRWY),CROWN VALLEY PARKWAY,528,N,N,A,-,Y,NA,NA,5,NA,NA,NA,NA,NA,N,Y,4,0,2,2,A,-,03,22350,NA,N,C,C,A,A,H,-,A,D,0,NA,NA,NA,NA,Y,NA,A,07,0,0,2,0,0,0,0,0,0,-,-,33.561981201171875,-117.67269897460938,ORANGE,MISSION VIEJO,-117.6726531982422,33.561973571777344
91123008,2019,2019-11-18,9675,2019-11-08,1915,020240,NA,5,2,7,3001,0,1,3,NA,2,093,SR-91 EASTBOUND,TUSTIN AVE,583,W,N,A,-,Y,NA,NA,91,NA,NA,NA,NA,NA,E,Y,4,0,1,3,A,-,03,22350,NA,N,C,C,A,A,H,-,C,D,0,NA,NA,NA,NA,Y,NA,A,01,0,0,1,0,0,0,0,0,0,-,-,33.8513298034668,-117.8400421142578,ORANGE,ANAHEIM,-117.84003448486328,33.85140609741211
91124263,2019,2019-11-20,9675,2019-11-09,1318,020923,NA,6,1,7,3001,0,1,3,NA,2,094,SR-91 W/B,IMPERIAL HIGHWAY,3000,W,N,A,-,Y,NA,NA,91,NA,NA,NA,NA,NA,W,Y,2,0,1,2,A,-,07,21658,A,F,F,A,A,A,H,-,A,D,0,NA,NA,Y,NA,Y,NA,-,99,1,0,0,0,0,0,0,0,1,-,-,33.85451126098633,-117.80062103271484,ORANGE,ANAHEIM,-117.80062103271484,33.85453414916992
91124379,2019,2019-11-20,9675,2019-11-12,0059,021691,NA,2,3,6,3026,0,1,1,NA,2,504,I-5 NORTHBOUND,BAKE PKWY,450,S,N,A,-,Y,NA,NA,5,NA,NA,NA,NA,NA,N,Y,2,0,1,1,A,-,08,22107,NA,N,E,I,A,A,H,-,C,D,0,NA,NA,NA,NA,Y,NA,A,08,1,0,0,0,0,0,0,0,0,-,-,33.6378288269043,-117.72913360595705,ORANGE,IRVINE,-117.72930908203124,33.63768768310547
91128932,2019,2019-11-25,9675,2019-11-14,1640,022073,NA,4,2,7,3019,0,1,1,NA,2,502,I-5 SOUTHBOUND,4TH ST,50,S,N,A,-,Y,NA,NA,5,NA,NA,NA,NA,NA,S,Y,4,0,1,2,A,-,03,22350,NA,F,C,C,A,A,H,-,B,D,0,NA,NA,NA,NA,Y,NA,A,01,0,0,1,0,0,0,0,0,0,-,-,33.74811935424805,-117.84356689453124,ORANGE,SANTA ANA,-117.84349822998048,33.7481575012207
91129706,2019,2019-11-26,9675,2019-11-16,1445,021809,NA,6,2,7,3019,0,1,1,NA,2,502,I-5 S/B,STATE COLLEGE BLVD,500,N,N,A,-,Y,NA,NA,NA,NA,NA,NA,NA,NA,NA,Y,4,0,2,2,A,-,07,21658,A,F,B,C,A,A,H,-,A,D,0,NA,NA,NA,NA,Y,NA,A,07,0,0,2,0,0,0,0,0,0,-,-,33.79402160644531,-117.89305877685548,ORANGE,SANTA ANA,NA,NA
91130752,2019,2019-11-27,9670,2019-11-26,1715,017022,NA,2,2,5,3007,0,1,1,NA,2,040,I-405 N/B,SANTA ANA RIVER,250,N,N,A,-,Y,NA,NA,405,NA,NA,NA,NA,NA,N,N,4,0,1,2,A,-,03,22350,NA,N,C,C,A,A,D,-,C,D,0,NA,NA,NA,NA,Y,NA,A,07,0,0,1,0,0,0,0,0,0,-,-,33.69607925415039,-117.93547058105467,ORANGE,FOUNTAIN VALLEY,-117.93551635742188,33.69596481323242
9113324,2020,2020-08-27,3001,2020-05-11,1440,A1404,NA,1,5,7,3001,0,0,0,NA,0,D-4,MIRALOMA AV,DYNAMICS ST,310,W,N,A,-,N,NA,NA,NA,NA,NA,NA,NA,NA,NA,NA,3,0,1,2,A,-,09,21804,A,N,D,C,A,A,H,-,A,D,0,NA,NA,NA,NA,Y,NA,A,01,0,1,0,0,0,0,0,0,0,-,-,33.858028411865234,-117.851318359375,ORANGE,ANAHEIM,-117.85296630859376,33.85979461669922
91134087,2019,2019-12-03,9670,2019-11-13,0740,016271,NA,3,1,4,3020,0,1,1,NA,2,044,I-405 N/B (SAN DIEGO FWY),SEAL BEACH BLVD,2200,N,N,B,-,Y,NA,NA,405,NA,NA,NA,NA,NA,N,Y,3,0,1,4,A,-,03,22350,NA,N,B,C,A,A,D,-,A,D,0,NA,NA,Y,NA,Y,NA,C,02,0,1,0,0,0,0,0,0,1,-,-,33.77452087402344,-118.08262634277344,ORANGE,SEAL BEACH,-118.08262634277344,33.7745361328125
91135601,2019,2019-12-04,9675,2019-11-26,1044,018834,NA,2,1,5,3022,0,1,3,NA,2,551,SR-55 SOUTHBOUND,17TH ST,500,S,N,A,-,Y,NA,NA,55,NA,NA,NA,NA,NA,S,Y,4,0,3,6,A,-,03,22350,NA,M,C,C,A,A,H,-,A,D,0,NA,NA,NA,NA,Y,NA,D,22,0,0,3,0,0,0,0,0,0,-,-,33.75910186767578,-117.83126068115234,ORANGE,TUSTIN,-117.83126068115234,33.759098052978516
91137585,2019,2019-12-06,9675,2019-11-27,1742,021690,NA,3,2,6,3026,0,1,1,NA,2,540,I-5 N/B,LAKE FOREST DR,1300,N,N,C,-,Y,NA,NA,5,NA,NA,NA,NA,NA,N,Y,4,0,3,4,A,-,03,22350,NA,N,B,C,A,B,H,-,C,D,0,NA,NA,NA,NA,Y,NA,A,01,0,0,3,0,0,0,0,0,0,-,-,33.63117980957031,-117.72344207763672,ORANGE,IRVINE,-117.7233428955078,33.63129806518555
91138418,2019,2019-12-10,9675,2019-11-30,1735,020240,NA,6,2,5,3022,0,1,1,NA,2,503,I-5 NORTHBOUND,RED HILL AVE,641,S,N,B,-,Y,NA,NA,5,NA,NA,NA,NA,NA,N,Y,4,0,1,2,A,-,03,22350,NA,N,C,C,A,A,H,-,D,D,0,NA,NA,NA,NA,Y,NA,A,01,0,0,1,0,0,0,0,0,0,-,-,33.73244857788086,-117.81346130371094,ORANGE,TUSTIN,-117.81350708007813,33.73237609863281
91138675,2019,2019-12-10,9670,2019-12-01,0720,018757,NA,7,1,5,3024,0,1,1,NA,2,042,I-405 N/B,WESTMINSTER BLVD,250,N,N,B,-,Y,NA,NA,405,NA,NA,NA,NA,NA,N,Y,3,0,1,1,A,-,08,22107,NA,N,E,I,A,A,D,E,A,D,0,NA,NA,NA,NA,Y,NA,D,23,0,1,0,0,0,0,0,0,0,-,-,33.759700775146484,-118.02279663085938,ORANGE,WESTMINSTER,-118.02271270751952,33.75979995727539
91139384,2019,2019-12-10,9675,2019-12-03,1710,019407,NA,2,2,7,3001,0,1,3,NA,2,094,SR-91 WESTBOUND,LAKEVIEW AVE,900,E,N,A,-,Y,NA,NA,NA,NA,NA,NA,NA,NA,NA,N,4,0,1,2,A,-,03,22350,NA,N,C,C,A,A,H,-,C,D,0,NA,NA,NA,NA,Y,NA,A,07,0,0,1,0,0,0,0,0,0,-,-,33.51213073730469,-117.4893798828125,ORANGE,ANAHEIM,-117.8123779296875,33.85272216796875
91142484,2019,2019-12-12,9675,2019-12-02,1740,020699,NA,1,2,7,3001,0,1,3,NA,2,571,SR-57 NORTHBOUND,BALL RD,40,N,N,A,-,Y,NA,NA,57,NA,NA,NA,NA,NA,N,N,4,0,1,3,A,-,03,22350,NA,F,C,C,A,A,H,-,C,D,0,NA,NA,NA,NA,Y,NA,-,99,0,0,1,0,0,0,0,0,0,-,-,33.817909240722656,-117.87625885009766,ORANGE,ANAHEIM,-117.87622833251952,33.81790542602539
91143831,2019,2019-12-16,9675,2019-12-12,2256,021914,NA,4,3,6,3026,0,1,1,NA,2,407,I-405 NORTHBOUND,LAGUNA CANYON RD,300,N,N,A,-,Y,NA,NA,405,NA,NA,NA,NA,NA,N,Y,3,0,1,3,A,-,01,23152,A,N,C,C,A,A,H,-,D,D,0,NA,NA,NA,NA,Y,Y,A,01,0,1,0,0,0,0,0,0,0,-,-,33.65353012084961,-117.7692413330078,ORANGE,IRVINE,-117.76929473876952,33.65333938598633
91144081,2019,2019-12-16,9675,2019-12-05,1708,021809,NA,4,2,7,3019,0,1,1,NA,2,503,I-5 N/B,SR-55,900,S,N,A,-,Y,NA,NA,NA,NA,NA,NA,NA,NA,NA,N,4,0,1,2,A,-,03,22350,NA,N,C,C,A,A,H,-,C,D,0,NA,NA,NA,NA,Y,NA,A,01,0,0,1,0,0,0,0,0,0,-,-,33.4438591003418,-117.49839019775392,ORANGE,SANTA ANA,-117.83374786376952,33.74079132080078
91144535,2019,2019-12-16,9690,2019-08-24,1755,020038,NA,6,2,9,3000,0,2,4,NA,2,037,LIVE OAK CANYON ROAD,MONASTERY RD,320,S,N,A,-,N,NA,NA,NA,NA,NA,NA,NA,NA,NA,Y,1,1,0,1,A,-,03,22350,NA,N,F,A,A,A,H,-,A,D,0,NA,NA,Y,NA,Y,Y,C,02,0,0,0,0,0,0,0,1,0,-,-,33.67042922973633,-117.60238647460938,ORANGE,UNINCORPORATED,-117.602275,33.669749
91144771,2019,2019-12-17,9670,2019-12-07,1917,017858,NA,6,2,5,3003,0,1,3,NA,2,092,STATE ROUTE 91 EASTBOUND,BEACH BOULEVARD,500,E,N,C,-,Y,NA,NA,91,NA,NA,NA,NA,NA,E,Y,4,0,1,2,A,-,03,22350,NA,F,C,C,A,B,H,-,C,D,0,NA,NA,NA,NA,Y,NA,A,07,0,0,1,0,0,0,0,0,0,-,-,33.85594177246094,-117.99665069580078,ORANGE,BUENA PARK,-117.99665069580078,33.85601806640625
91148844,2019,2019-12-20,9675,2019-12-12,0150,018983,NA,4,3,7,3001,0,1,3,NA,2,095,SR-91 E/B,GYPSUM CANYON ROAD,250,W,N,A,-,Y,NA,NA,NA,NA,NA,NA,NA,NA,NA,Y,3,0,3,2,A,-,08,22107,NA,N,C,C,A,A,H,-,C,D,0,NA,NA,NA,Y,Y,NA,A,01,0,1,2,0,0,0,0,0,0,-,-,33.86545944213867,-117.71160125732422,ORANGE,ANAHEIM,-117.71226501464844,33.86653518676758
91150820,2019,2019-12-23,9675,2019-12-15,1725,020240,NA,7,2,6,3004,0,1,1,NA,2,045,I-405 NORTHBOUND,HARBOR BLVD,1527,N,N,A,-,Y,NA,NA,405,NA,NA,NA,NA,NA,N,Y,4,0,1,3,A,-,01,23152,A,N,C,C,A,A,H,-,D,D,0,NA,NA,NA,NA,Y,Y,A,01,0,0,1,0,0,0,0,0,0,-,-,33.69116973876953,-117.92424774169922,ORANGE,COSTA MESA,-117.92418670654295,33.69132614135742
91152471,2019,2019-12-26,9675,2019-12-15,1920,021809,NA,7,2,7,3001,0,1,3,NA,2,094,SR-91 W/B,IMPERIAL HIGHWAY,1350,E,N,A,-,Y,NA,NA,91,NA,NA,NA,NA,NA,W,Y,4,0,1,2,A,-,01,23152,A,N,C,C,A,A,H,-,D,D,0,NA,NA,NA,NA,Y,Y,A,01,0,0,1,0,0,0,0,0,0,-,-,33.85742950439453,-117.78382110595705,ORANGE,ANAHEIM,-117.78378295898438,33.85734939575195
91152696,2019,2019-12-26,9675,2019-12-16,1710,018102,NA,1,2,6,3026,0,1,1,NA,2,406,I-405 NORTHBOUND,CULVER DRIVE,500,S,N,A,-,Y,NA,NA,405,NA,NA,NA,NA,NA,N,Y,4,0,1,3,A,-,03,22350,NA,M,C,C,A,A,H,-,C,D,0,NA,NA,NA,NA,Y,NA,A,07,0,0,1,0,0,0,0,0,0,-,-,33.666988372802734,-117.81490325927734,ORANGE,IRVINE,-117.8148956298828,33.66701126098633
9115273,2020,2020-08-12,3007,2020-05-30,1323,18,16,6,5,5,3007,0,0,0,NA,0,002,EDINGER,WARD,0,NA,Y,A,-,N,NA,NA,NA,NA,NA,NA,NA,NA,NA,Y,4,0,2,2,A,-,12,21453,A,N,D,C,A,A,H,-,A,A,0,NA,NA,NA,NA,Y,NA,A,08,0,0,2,0,0,0,0,0,0,-,-,NA,NA,ORANGE,FOUNTAIN VALLEY,-117.9459991455078,33.73072052001953
91153220,2019,2019-12-26,9690,2019-12-25,1640,014765,NA,3,2,5,3028,0,1,1,NA,2,056,I-5 SOUTH FROM OSO PKWY EAST,OSO PARKWAY,200,S,N,B,C,Y,NA,NA,NA,NA,NA,NA,NA,NA,NA,Y,4,0,1,1,A,-,03,22350,NA,N,E,I,A,B,H,-,B,D,0,NA,NA,NA,NA,Y,NA,A,01,0,0,1,0,0,0,0,0,0,-,-,33.34458923339844,-117.40202331542967,ORANGE,MISSION VIEJO,-117.67186737060548,33.58002853393555
91153337,2019,2019-12-26,9675,2019-12-17,1105,018834,NA,2,1,6,3026,0,1,3,NA,2,074,SR-73 SOUTHBOUND,MACARTHUR BLVD,1500,N,N,A,-,Y,NA,NA,73,NA,NA,NA,NA,NA,S,Y,4,0,1,2,A,-,03,22350,NA,N,C,C,A,A,H,-,A,D,0,NA,NA,NA,NA,Y,NA,A,01,0,0,1,0,0,0,0,0,0,-,-,33.646968841552734,-117.86119079589844,ORANGE,IRVINE,-117.8611297607422,33.6469841003418
9115408,2019,2020-06-30,3000,2019-10-23,2105,10422,952B6,3,5,4,3018,0,0,0,NA,0,131,ALIPAZ ST,DEL OBISPO ST,250,S,N,A,-,N,NA,NA,NA,NA,NA,NA,NA,NA,NA,Y,4,0,2,2,A,-,09,21801,A,N,D,C,A,A,H,-,C,D,0,NA,NA,Y,NA,Y,NA,A,07,0,0,2,0,0,0,0,0,1,-,-,NA,NA,ORANGE,SAN JUAN CAPISTRANO,-117.6669921875,33.49716567993164
9115569,2020,2020-09-21,3005,2020-08-03,2331,8280,C28,1,5,4,3005,0,0,0,NA,0,003,CERRITOS AV,VALLEY VIEW ST,0,NA,Y,A,-,N,NA,NA,NA,NA,NA,NA,NA,NA,NA,N,3,0,1,2,A,-,03,22350,NA,F,C,C,A,A,H,-,C,A,0,NA,NA,NA,NA,Y,NA,A,01,0,1,0,0,0,0,0,0,0,-,-,NA,NA,ORANGE,CYPRESS,-118.02825164794922,33.809871673583984
91157201,2019,2020-01-02,9675,2019-12-23,0412,021983,NA,1,3,7,3001,0,1,3,NA,2,095,SR-91 EASTBOUND,COAL CYN RD,2200,E,N,C,-,Y,NA,NA,NA,NA,NA,NA,NA,NA,NA,Y,2,0,1,1,A,-,08,22107,NA,N,E,I,A,B,H,-,C,D,0,NA,NA,NA,NA,Y,NA,A,01,1,0,0,0,0,0,0,0,0,-,-,33.8725700378418,-117.67292785644533,ORANGE,ANAHEIM,NA,NA
9115722,2020,2020-08-28,3015,2020-06-08,1920,1530,22W,1,5,6,3015,0,0,0,NA,0,113,CHAPMAN AV,JEWELL ST,76,E,N,A,-,N,NA,NA,NA,NA,NA,NA,NA,NA,NA,N,3,0,3,2,A,-,01,23152,A,N,B,C,A,A,H,-,A,D,0,NA,NA,NA,NA,Y,Y,A,01,0,3,0,0,0,0,0,0,0,-,-,NA,NA,ORANGE,ORANGE,-117.86530303955078,33.787879943847656
9115886,2020,2020-09-14,3015,2020-06-16,0823,1386,RD61,2,5,6,3015,0,0,0,NA,0,711M,MAIN ST,LA VETA AV,0,NA,Y,A,-,N,NA,NA,NA,NA,NA,NA,NA,NA,NA,N,3,0,1,2,A,-,03,22350,NA,N,G,B,B,A,H,-,A,A,0,Y,NA,NA,NA,Y,NA,A,07,0,1,0,0,1,0,0,0,0,-,-,33.78034973144531,-117.8674087524414,ORANGE,ORANGE,-117.86737823486328,33.780311584472656
91159041,2019,2020-01-03,9675,2019-12-26,0500,016299,NA,4,3,7,3001,0,1,3,NA,2,195,STATE ROUTE 91 WESTBOUND,WEIR CANYON ROAD,2640,E,N,B,C,Y,NA,NA,91,NA,NA,NA,NA,NA,W,Y,4,0,1,1,A,-,03,22350,NA,N,E,I,A,B,H,-,C,D,0,NA,NA,NA,NA,Y,NA,A,01,0,0,1,0,0,0,0,0,0,-,-,33.87055969238281,-117.73461151123048,ORANGE,ANAHEIM,-117.73455047607422,33.870750427246094