CASE_ID,ACCIDENT_YEAR,PROC_DATE,JURIS,COLLISION_DATE,COLLISION_TIME,OFFICER_ID,REPORTING_DISTRICT,DAY_OF_WEEK,CHP_SHIFT,POPULATION,CNTY_CITY_LOC,SPECIAL_COND,BEAT_TYPE,CHP_BEAT_TYPE,CITY_DIVISION_LAPD,CHP_BEAT_CLASS,BEAT_NUMBER,PRIMARY_RD,SECONDARY_RD,DISTANCE,DIRECTION,INTERSECTION,WEATHER_1,WEATHER_2,STATE_HWY_IND,CALTRANS_COUNTY,CALTRANS_DISTRICT,STATE_ROUTE,ROUTE_SUFFIX,POSTMILE_PREFIX,POSTMILE,LOCATION_TYPE,RAMP_INTERSECTION,SIDE_OF_HWY,TOW_AWAY,COLLISION_SEVERITY,NUMBER_KILLED,NUMBER_INJURED,PARTY_COUNT,PRIMARY_COLL_FACTOR,PCF_CODE_OF_VIOL,PCF_VIOL_CATEGORY,PCF_VIOLATION,PCF_VIOL_SUBSECTION,HIT_AND_RUN,TYPE_OF_COLLISION,MVIW,PED_ACTION,ROAD_SURFACE,ROAD_COND_1,ROAD_COND_2,LIGHTING,CONTROL_DEVICE,CHP_ROAD_TYPE,PEDESTRIAN_ACCIDENT,BICYCLE_ACCIDENT,MOTORCYCLE_ACCIDENT,TRUCK_ACCIDENT,NOT_PRIVATE_PROPERTY,ALCOHOL_INVOLVED,STWD_VEHTYPE_AT_FAULT,CHP_VEHTYPE_AT_FAULT,COUNT_SEVERE_INJ,COUNT_VISIBLE_INJ,COUNT_COMPLAINT_PAIN,COUNT_PED_KILLED,COUNT_PED_INJURED,COUNT_BICYCLIST_KILLED,COUNT_BICYCLIST_INJURED,COUNT_MC_KILLED,COUNT_MC_INJURED,PRIMARY_RAMP,SECONDARY_RAMP,LATITUDE,LONGITUDE,COUNTY,CITY,POINT_X,POINT_Y
91860653,2022,2022-09-09,9675,2022-08-28,1320,021397,NA,7,1,6,3026,0,1,1,NA,2,504,I-5 NORTHBOUND,BAKE PKWY,2190,S,N,A,-,Y,ORA,NA,5,NA,NA,20.444,H,NA,R,N,4,0,1,2,A,-,07,21658,A,F,B,C,A,A,H,-,A,D,0,NA,NA,NA,NA,Y,NA,-,-,0,0,1,0,0,0,0,0,0,-,-,33.63433074951172,-117.72654724121094,ORANGE,IRVINE,-117.7266082763672,33.63429641723633
9186163,2020,2020-12-05,3001,2020-09-28,1615,A2382,NA,1,5,7,3001,0,0,0,NA,0,0D3,BALL RD,WEST PL,0,NA,Y,A,-,N,NA,NA,NA,NA,NA,NA,NA,NA,NA,Y,3,0,1,2,A,-,12,21453,A,N,D,C,A,A,H,-,A,A,0,NA,NA,NA,NA,Y,NA,A,01,0,1,0,0,0,0,0,0,0,-,-,NA,NA,ORANGE,ANAHEIM,-117.92408752441406,33.81800842285156
9186175,2020,2020-12-05,3001,2020-09-21,1634,A2187,D2,1,5,7,3001,0,0,0,NA,0,0D3,VERMONT AV,LEMON ST,439,W,N,A,-,N,NA,NA,NA,NA,NA,NA,NA,NA,NA,NA,4,0,1,2,A,-,11,21954,A,N,G,B,D,A,H,-,A,D,0,Y,NA,NA,NA,Y,NA,N,60,0,0,1,0,1,0,0,0,0,-,-,33.82147979736328,-117.91181182861328,ORANGE,ANAHEIM,-117.91313934326172,33.822391510009766
91861869,2022,2022-09-12,9670,2022-08-31,0650,018278,NA,3,1,6,3008,0,1,3,NA,2,094,SR-91 E/B,RAYMOND AVE,210,E,N,A,-,Y,ORA,NA,91,NA,NA,4.288,H,NA,R,N,4,0,2,2,A,-,03,22350,NA,N,C,C,A,A,H,-,A,D,0,NA,NA,NA,NA,Y,NA,A,01,0,0,2,0,0,0,0,0,0,-,-,33.853721618652344,-117.90635681152344,ORANGE,FULLERTON,-117.90635681152344,33.85372543334961
91862701,2022,2022-09-12,9690,2022-09-06,2255,020637,NA,2,3,5,3028,0,1,1,NA,2,056,I-5 S/B TO CROWN VALLEY PKWY,CROWN VALLEY PKWY,30,N,N,A,-,Y,NA,NA,NA,NA,NA,NA,NA,NA,NA,N,4,0,1,2,A,-,03,22350,NA,M,C,C,A,A,D,-,D,A,0,NA,NA,NA,NA,Y,NA,-,99,0,0,1,0,0,0,0,0,0,-,-,33.559120178222656,-117.67365264892578,ORANGE,MISSION VIEJO,-117.67365264892578,33.559120178222656
9186320,2020,2021-02-02,3008,2020-11-08,1538,1511,ZONE,7,5,6,3008,0,0,0,NA,0,NA,LAGUNA RD,BASTANCHURY RD,115,N,N,A,-,NA,NA,NA,NA,NA,NA,NA,NA,NA,NA,Y,4,0,1,1,A,-,08,22107,NA,N,E,I,A,A,H,-,A,D,0,NA,NA,NA,NA,Y,NA,A,07,0,0,1,0,0,0,0,0,0,-,-,NA,NA,ORANGE,FULLERTON,-117.93075561523438,33.89497375488281
91864012,2022,2022-09-14,9675,2022-09-02,1615,020699,NA,5,2,9,3000,0,1,1,NA,2,405,I-405 NORTHBOUND,SR-55 SOUTHBOUND,100,S,N,A,-,Y,ORA,NA,405,NA,NA,8.755,H,NA,R,N,4,0,1,2,A,-,03,22350,NA,N,C,C,A,A,H,-,A,D,0,NA,NA,NA,NA,Y,NA,A,01,0,0,1,0,0,0,0,0,0,-,-,33.68745040893555,-117.87245178222656,ORANGE,UNINCORPORATED,-117.87245178222656,33.68748092651367
91864475,2022,2022-09-14,9670,2022-09-01,0650,018278,NA,4,1,7,3001,0,1,3,NA,2,094,SR-91 E/B,RAYMOND AVE,1426,E,N,A,-,Y,ORA,NA,91,NA,NA,4.545,H,NA,R,N,2,0,1,3,A,-,03,22350,NA,F,C,C,A,A,H,-,A,D,0,NA,NA,Y,NA,Y,Y,C,02,1,0,0,0,0,0,0,0,1,-,-,33.8537712097168,-117.9018783569336,ORANGE,ANAHEIM,-117.9018783569336,33.85377883911133
91866266,2022,2022-09-16,9675,2022-09-06,1207,022993,NA,2,1,6,3008,0,1,3,NA,2,571,SR-57 NORTHBOUND,NUTWOOD AVE,700,S,N,A,-,Y,ORA,NA,57,NA,NA,17.43,H,NA,R,N,4,0,1,2,A,-,03,22350,NA,N,C,C,A,A,H,-,A,D,0,NA,NA,NA,NA,Y,NA,A,07,0,0,1,0,0,0,0,0,0,-,-,33.875831604003906,-117.880126953125,ORANGE,FULLERTON,-117.88021850585938,33.875831604003906
91866420,2022,2022-09-16,9670,2022-09-13,1505,020175,NA,2,2,6,3010,0,1,1,NA,2,040,I-405 N/B,EUCLID ST,1584,N,N,A,-,Y,ORA,NA,405,NA,NA,12.876,H,NA,R,N,3,0,1,2,A,-,03,22350,NA,N,C,C,A,A,A,D,A,D,0,NA,NA,NA,NA,Y,NA,A,08,0,1,0,0,0,0,0,0,0,-,-,33.698448181152344,-117.94123077392578,ORANGE,HUNTINGTON BEACH,-117.94126892089844,33.69838333129883
91866542,2022,2022-09-16,9670,2022-08-31,2150,021355,NA,3,2,6,3009,0,1,3,NA,2,021,SR-22 W/B,BEACH BLVD,1056,E,N,A,-,Y,ORA,NA,22,NA,R,8.191,H,NA,L,Y,3,0,2,2,A,-,01,23152,A,F,C,2,A,A,H,-,C,D,0,NA,NA,NA,NA,Y,Y,A,07,0,2,0,0,0,0,0,0,0,-,-,33.770240783691406,-117.91381072998048,ORANGE,GARDEN GROVE,-117.91378021240234,33.77018737792969
91867666,2022,2022-09-19,9690,2022-09-15,0145,022237,NA,4,3,5,3028,0,1,1,NA,2,056,INTERSTATE 5 SOUTHBOUND,AVERY PARKWAY,200,N,N,A,-,Y,ORA,NA,5,NA,NA,13.295,H,NA,L,N,4,0,1,2,A,-,03,22350,NA,M,C,C,A,A,H,-,D,D,0,NA,NA,NA,NA,Y,NA,-,99,0,0,1,0,0,0,0,0,0,-,-,33.55221939086914,-117.67291259765624,ORANGE,MISSION VIEJO,-117.67300415039063,33.55221939086914
91868284,2022,2022-09-19,9675,2022-09-11,1520,021834,NA,7,2,7,3001,0,1,3,NA,2,095,SR-91 EASTBOUND,COAL CANYON ROAD,2000,W,N,A,-,Y,ORA,NA,91,NA,R,17.288,H,NA,R,Y,3,0,1,2,A,-,03,22350,NA,M,C,C,A,A,H,-,A,D,0,NA,NA,Y,NA,Y,Y,C,02,0,1,0,0,0,0,0,0,1,-,-,33.872711181640625,-117.697998046875,ORANGE,ANAHEIM,-117.69807434082033,33.87283706665039
91868541,2022,2022-09-20,9670,2022-09-17,0134,021755,NA,6,3,6,3009,0,1,3,NA,2,022,SR-22 EASTBOUND,MAGNOLIA ST,1584,W,N,A,-,Y,ORA,NA,22,NA,R,4.583,H,NA,R,Y,3,0,2,2,A,-,01,23152,A,N,B,C,A,A,H,-,C,D,0,NA,NA,NA,NA,Y,Y,A,01,0,2,0,0,0,0,0,0,0,-,-,33.76715087890625,-117.97638702392578,ORANGE,GARDEN GROVE,-117.97639465332033,33.76714324951172
9186865,2020,2021-02-05,3022,2020-11-03,1833,1302,NA,2,5,5,3022,0,0,0,NA,0,NA,MITCHELL AV,TUPELO LN,48,E,N,A,-,N,NA,NA,NA,NA,NA,NA,NA,NA,NA,N,2,0,1,2,A,-,10,21954,B,F,G,B,D,A,H,-,C,D,0,Y,NA,NA,NA,Y,NA,N,60,1,0,0,0,1,0,0,0,0,-,-,33.73289108276367,-117.82115936279295,ORANGE,TUSTIN,-117.82113647460938,33.732757568359375
91870056,2022,2022-09-21,9675,2022-09-15,1625,021305,NA,4,2,7,3019,0,1,3,NA,2,052,SR-55 NORTHBOUND,MACARTHUR BLVD,818,N,N,A,-,Y,ORA,NA,55,NA,R,7.147,H,NA,R,Y,3,0,1,2,A,-,07,21658,A,N,B,C,A,A,H,-,A,D,0,NA,NA,Y,NA,Y,NA,A,01,0,1,0,0,0,0,0,0,1,-,-,33.70045852661133,-117.8597412109375,ORANGE,SANTA ANA,-117.85964965820313,33.700401306152344
91872284,2022,2022-09-23,9675,2022-09-16,1604,018102,NA,5,2,9,3000,0,2,4,NA,2,034,SANTIAGO CANYON ROAD,BLUE DIAMOND HAUL ROAD,2000,N,N,A,-,N,NA,NA,NA,NA,NA,NA,NA,NA,NA,Y,3,0,1,1,A,-,08,22107,NA,N,F,A,A,A,H,-,A,D,0,NA,NA,Y,NA,Y,NA,C,02,0,1,0,0,0,0,0,0,1,-,-,33.7606086730957,-117.70501708984376,ORANGE,UNINCORPORATED,NA,NA
91875432,2022,2022-09-28,9690,2022-09-27,1450,016493,NA,2,2,5,3028,0,1,1,NA,2,056,I-5 N/B (SAN DIEGO FRWY),CROWN VALLEY PARKWAY,1500,S,N,A,-,Y,ORA,NA,5,NA,NA,13.456,H,NA,R,Y,3,0,1,3,A,-,03,22350,NA,N,C,C,A,A,D,-,A,D,0,NA,NA,NA,NA,Y,NA,A,01,0,1,0,0,0,0,0,0,0,-,-,33.554588317871094,-117.67286682128906,ORANGE,MISSION VIEJO,-117.67279052734376,33.55459213256836
91876662,2022,2022-09-29,9675,2022-09-18,1320,019979,NA,7,1,6,3026,0,1,1,NA,2,504,I-5 SOUTHBOUND,JEFFREY RD.,200,S,N,A,-,Y,NA,NA,NA,NA,NA,NA,NA,NA,NA,N,4,0,1,1,A,-,03,22350,NA,N,E,I,A,A,H,-,A,D,0,NA,NA,NA,NA,Y,NA,A,01,0,0,1,0,0,0,0,0,0,-,-,33.68701934814453,-117.76712036132813,ORANGE,IRVINE,-117.76680755615234,33.68721389770508
91877114,2022,2022-09-29,9675,2022-09-19,1628,021076,NA,1,2,5,3016,0,1,3,NA,2,571,SR-57 SOUTHBOUND,ORANGETHORPE AVE,350,N,N,A,-,Y,ORA,NA,57,NA,NA,16.481,H,NA,L,N,4,0,1,2,A,-,07,21658,A,N,B,C,A,A,H,-,A,D,0,NA,NA,NA,NA,Y,NA,A,01,0,0,1,0,0,0,0,0,0,-,-,33.86231994628906,-117.87769317626952,ORANGE,PLACENTIA,-117.87769317626952,33.86231994628906
9187870,2020,2021-02-03,3004,2020-11-10,1040,P459,25,2,5,6,3004,0,0,0,NA,0,015,SUSAN ST,SUNFLOWER AV,0,NA,Y,A,-,N,NA,NA,NA,NA,NA,NA,NA,NA,NA,Y,4,0,3,2,A,-,09,21801,A,N,A,C,A,A,H,-,A,A,0,NA,NA,NA,NA,Y,NA,A,01,0,0,3,0,0,0,0,0,0,-,-,33.69580078125,-117.9135971069336,ORANGE,COSTA MESA,-117.91368103027344,33.69562911987305
91878880,2022,2022-09-30,9675,2022-09-21,1105,017993,NA,3,1,6,3004,0,1,3,NA,2,553,SR-55 SOUTHBOUND,BAKER ST.,300,S,N,A,-,Y,ORA,NA,55,NA,R,5.267,H,NA,L,Y,4,0,1,3,A,-,03,22350,NA,N,C,C,A,A,H,-,A,D,0,NA,NA,NA,NA,Y,NA,A,08,0,0,1,0,0,0,0,0,0,-,-,33.67921829223633,-117.88021850585938,ORANGE,COSTA MESA,-117.88018035888672,33.67919158935547
9187909,2020,2021-01-14,3004,2020-10-16,1611,P634,25,5,5,6,3004,0,0,0,NA,0,004,HARBOR BL,RT 405,90,N,N,A,-,Y,ORA,12,405,-,-,11.268,R,4,N,Y,3,0,3,3,A,-,03,22350,NA,N,C,C,A,A,H,-,A,A,0,NA,NA,NA,NA,Y,NA,A,01,0,3,0,0,0,0,0,0,0,-,NF,33.69070053100586,-117.9193878173828,ORANGE,COSTA MESA,-117.91609954833984,33.688377380371094
91879188,2022,2022-09-30,9670,2022-09-29,0155,021467,NA,4,3,6,3009,0,1,3,NA,2,023,SR-22 W/B,EUCLID ST,528,W,N,A,-,Y,ORA,NA,22,NA,R,6.657,H,NA,L,Y,3,0,2,1,A,-,08,22107,NA,N,E,I,A,A,H,-,C,D,0,NA,NA,NA,NA,Y,NA,A,01,0,2,0,0,0,0,0,0,0,-,-,33.766258239746094,-117.94066619873048,ORANGE,GARDEN GROVE,-117.94066619873048,33.76610565185547
91882914,2022,2022-10-05,9675,2022-09-23,1840,021694,NA,5,2,6,3026,0,1,1,NA,2,407,I-405 NORTHBOUND,SAND CANYON AVENUE,1500,N,N,A,-,Y,ORA,NA,405,NA,NA,3.18,H,NA,R,N,4,0,1,2,A,-,03,22350,NA,N,C,C,A,A,H,-,B,D,0,NA,NA,NA,NA,Y,NA,A,01,0,0,1,0,0,0,0,0,0,-,-,33.66027069091797,-117.78224182128906,ORANGE,IRVINE,-117.78221130371094,33.66030502319336
91885293,2022,2022-10-07,9675,2022-09-28,1927,018087,NA,3,2,7,3001,0,1,3,NA,2,094,SR-91 EASTBOUND,IMPERIAL HWY,792,W,N,A,-,Y,ORA,NA,91,NA,R,11.405,H,NA,R,Y,4,0,1,2,A,-,03,22350,NA,N,C,C,A,A,H,-,C,D,0,NA,NA,NA,NA,Y,NA,A,01,0,0,1,0,0,0,0,0,0,-,-,33.85414123535156,-117.7934799194336,ORANGE,ANAHEIM,-117.7934799194336,33.8541374206543
91886237,2022,2022-10-10,9670,2022-09-30,1932,021355,NA,5,2,6,3015,0,1,1,NA,2,044,I-405 N/B,SEAL BEACH BLVD,1056,N,N,A,-,Y,ORA,NA,405,NA,NA,23.08,H,NA,R,N,4,0,1,3,A,-,03,22350,NA,N,C,C,A,A,D,E,C,D,0,NA,NA,NA,NA,Y,NA,A,01,0,0,1,0,0,0,0,0,0,-,-,33.77449035644531,-118.08235168457033,ORANGE,ORANGE,-118.08235168457033,33.7745361328125
91886767,2022,2022-10-11,9675,2022-09-29,1725,021076,NA,4,2,6,3026,0,1,3,NA,2,130,SR-133 SOUTHBOUND,ALTON PKWY,376,S,N,A,-,Y,ORA,NA,133,NA,NA,8.675,H,NA,L,N,4,0,2,2,A,-,03,22350,NA,N,C,C,A,A,H,-,A,D,0,NA,NA,NA,NA,Y,NA,A,01,0,0,2,0,0,0,0,0,0,-,-,33.65576171875,-117.75910186767578,ORANGE,IRVINE,-117.75911712646484,33.65576934814453
9188711,2020,2021-01-06,3009,2020-10-30,1911,4587,114,5,5,6,3009,0,0,0,NA,0,021,LAMPSON AV,NELSON ST,0,NA,Y,A,-,N,NA,NA,NA,NA,NA,NA,NA,NA,NA,Y,4,0,1,2,A,-,09,21800,C,N,D,C,A,A,H,-,C,A,0,NA,NA,NA,NA,Y,NA,-,-,0,0,1,0,0,0,0,0,0,-,-,NA,NA,ORANGE,GARDEN GROVE,-117.94545745849608,33.781429290771484
91890237,2022,2022-10-14,9675,2022-10-05,1715,019135,NA,3,2,7,3001,0,1,3,NA,2,093,SR-91 EASTBOUND,TUSTIN AVE,1500,W,N,A,-,Y,ORA,NA,91,NA,NA,8.089,H,NA,R,N,4,0,1,3,A,-,03,22350,NA,N,C,C,A,A,H,-,A,D,0,NA,NA,NA,NA,Y,NA,D,22,0,0,1,0,0,0,0,0,0,-,-,33.8508415222168,-117.8432388305664,ORANGE,ANAHEIM,-117.84326171875,33.85090255737305
91891745,2022,2022-10-17,9670,2022-10-15,1915,020860,NA,6,2,5,3024,0,1,1,NA,2,044,I-405 N/B,NEWLAND STREET,450,S,N,C,-,Y,ORA,NA,405,NA,NA,15.815,H,NA,R,N,4,0,1,2,A,-,03,22350,NA,N,C,C,A,B,D,E,C,D,0,NA,NA,NA,NA,Y,NA,A,01,0,0,1,0,0,0,0,0,0,-,-,33.726131439208984,-117.97962188720705,ORANGE,WESTMINSTER,-117.97963714599608,33.72611618041992
91891985,2022,2022-10-17,9670,2022-10-14,1440,021467,NA,5,2,7,3001,0,1,3,NA,2,194,SR-91 E/B,BROOKHURST ST,2112,E,N,B,-,Y,ORA,NA,91,NA,NA,1.685,H,NA,R,N,3,0,1,2,A,-,07,21658,A,N,B,C,A,A,H,-,A,D,0,NA,NA,NA,NA,Y,NA,A,01,0,1,0,0,0,0,0,0,0,-,-,33.85401153564453,-117.9515380859375,ORANGE,ANAHEIM,-117.9515380859375,33.85395050048828
91892800,2022,2022-10-18,9675,2022-10-11,0715,014614,NA,2,1,7,3001,0,1,3,NA,2,572,SR-57 SOUTHBOUND (ORANGE FREEWAY),BALL ROAD,1056,N,N,B,-,Y,ORA,NA,57,NA,NA,13.597,H,NA,L,N,3,0,1,2,A,-,03,22350,NA,N,C,C,A,A,H,-,A,D,0,NA,NA,NA,NA,Y,NA,D,22,0,1,0,0,0,0,0,0,0,-,-,33.82072830200195,-117.8763427734375,ORANGE,ANAHEIM,-117.87628173828124,33.82073211669922
91894009,2022,2022-10-19,9670,2022-10-18,0810,021459,NA,2,1,6,3009,0,1,3,NA,2,020,SR-22 E/B,HOOVER ST,200,E,N,A,-,Y,ORA,NA,22,NA,R,3.249,H,NA,R,Y,4,0,1,2,A,-,03,22350,NA,N,C,C,A,A,H,-,A,D,0,NA,NA,NA,NA,Y,NA,A,01,0,0,1,0,0,0,0,0,0,-,-,33.7713508605957,-117.9977798461914,ORANGE,GARDEN GROVE,-117.9977798461914,33.771339416503906
91897449,2022,2022-10-24,9675,2022-10-12,1740,019527,NA,3,2,7,3001,0,1,3,NA,2,093,SR-91 E/B,GLASSELL ST,1500,W,N,A,-,Y,ORA,NA,91,NA,NA,7.065,H,NA,R,N,4,0,3,3,A,-,03,22350,NA,N,C,C,A,A,H,-,A,D,0,NA,NA,NA,NA,Y,NA,A,01,0,0,3,0,0,0,0,0,0,-,-,33.846649169921875,-117.86035919189452,ORANGE,ANAHEIM,-117.8603515625,33.84662628173828
91904340,2022,2022-10-28,9675,2022-10-27,0920,019394,NA,4,1,6,3008,0,1,3,NA,2,570,SR-57 SOUTHBOUND,E BASTANCHURY RD.,500,N,N,B,-,Y,ORA,NA,57,NA,NA,18.97,H,NA,L,N,4,0,1,3,A,-,03,22350,NA,N,C,C,A,A,H,-,A,D,0,NA,NA,NA,Y,Y,NA,F,26,0,0,1,0,0,0,0,0,0,-,-,33.89813995361328,-117.88117980957033,ORANGE,FULLERTON,-117.8812255859375,33.898136138916016
9190494,2020,2020-12-21,3011,2020-11-15,1336,31456,71,7,5,4,3011,0,0,0,NA,0,001,LAGUNA CANYON RD,PHILLIPS ST,20,S,N,A,-,Y,ORA,12,133,-,-,3.05,H,-,N,Y,4,0,1,2,A,-,03,22350,NA,N,C,C,A,-,H,-,A,D,0,NA,NA,NA,NA,Y,NA,A,01,0,0,1,0,0,0,0,0,0,-,-,NA,NA,ORANGE,LAGUNA BEACH,-117.7624740600586,33.577606201171875
91905243,2022,2022-10-31,9670,2022-10-20,1110,018278,NA,4,1,7,3001,0,1,1,NA,2,502,I-5 NORTHBOUND FROM EUCLID ST,EUCLID ST,530,N,N,A,-,Y,NA,NA,NA,NA,NA,NA,NA,NA,NA,Y,3,0,1,1,A,-,08,22107,NA,N,E,I,A,A,H,-,A,D,0,NA,NA,NA,NA,Y,NA,A,01,0,1,0,0,0,0,0,0,0,-,-,33.837158203125,-117.94000244140624,ORANGE,ANAHEIM,-117.94000244140624,33.837158203125
91909193,2022,2022-11-03,9675,2022-10-28,1515,020027,NA,5,2,6,3004,0,1,3,NA,2,553,SR-55 NORTHBOUND,BAKER ST,300,S,N,A,-,Y,ORA,NA,55,NA,R,5.281,H,NA,R,Y,4,0,3,3,A,-,07,21658,A,N,B,C,A,A,H,-,A,D,0,NA,NA,NA,NA,Y,NA,A,01,0,0,3,0,0,0,0,0,0,-,-,33.679229736328125,-117.87982177734376,ORANGE,COSTA MESA,-117.87985229492188,33.67924880981445
91911024,2022,2022-11-07,9675,2022-10-27,1710,021633,NA,4,2,7,3019,0,1,1,NA,2,520,I-5 NORTHBOUND,BROADWAY,1880,N,N,A,-,Y,ORA,NA,5,NA,NA,33.491,H,NA,R,Y,2,0,1,2,A,-,03,22350,NA,N,C,C,A,A,H,-,A,D,0,NA,NA,Y,NA,Y,NA,C,03,1,0,0,0,0,0,0,0,1,-,-,33.77267837524414,-117.87094879150392,ORANGE,SANTA ANA,-117.87085723876952,33.772735595703125
91912608,2022,2022-11-08,9675,2022-11-01,0610,020627,NA,2,1,7,3019,0,1,1,NA,2,502,INTERSTATE 5 SOUTHBOUND,1ST STREET,100,S,N,A,-,Y,ORA,NA,5,NA,NA,30.863,H,NA,L,Y,3,0,1,1,C,-,18,NA,NA,N,E,J,A,A,H,-,B,D,0,NA,NA,NA,NA,Y,NA,-,-,0,1,0,0,0,0,0,0,0,-,-,33.74504852294922,-117.84236145019533,ORANGE,SANTA ANA,-117.8422622680664,33.745086669921875
9191843,2020,2021-01-26,3004,2020-11-23,1749,P648,20,1,5,6,3004,0,0,0,NA,0,010,W BAKER ST,MCCLINTOCK WY,0,NA,Y,A,-,N,NA,NA,NA,NA,NA,NA,NA,NA,NA,Y,3,0,2,2,A,-,09,21802,A,N,D,C,A,A,H,-,C,D,0,NA,NA,NA,NA,Y,NA,A,01,0,1,1,0,0,0,0,0,0,-,-,33.68009948730469,-117.90969848632813,ORANGE,COSTA MESA,-117.90965270996094,33.680110931396484
91924243,2022,2022-11-22,9675,2022-11-14,1750,019527,NA,1,2,7,3001,0,1,3,NA,2,093,SR-91 E/B,TUSTIN AVE,2000,W,N,A,-,Y,ORA,NA,91,NA,NA,8.01,H,NA,R,Y,4,0,1,3,A,-,03,22350,NA,N,C,C,A,A,H,-,C,D,0,NA,NA,NA,NA,Y,NA,A,01,0,0,1,0,0,0,0,0,0,-,-,33.85062026977539,-117.84458160400392,ORANGE,ANAHEIM,-117.84456634521484,33.8505744934082
91925141,2022,2022-11-23,9670,2022-11-18,1555,022874,NA,5,2,7,3001,0,1,3,NA,2,093,SR-91 WB (RIVERSIDE FREEWAY),LEMON ST,528,E,N,A,-,Y,ORA,NA,91,NA,NA,3.664,H,NA,L,Y,4,0,1,2,A,-,03,22350,NA,N,C,C,A,A,H,-,A,D,0,NA,NA,NA,NA,Y,NA,A,07,0,0,1,0,0,0,0,0,0,-,-,33.854129791259766,-117.9172134399414,ORANGE,ANAHEIM,-117.91720581054688,33.85416030883789
91927460,2022,2022-11-28,9690,2022-11-15,1325,016610,NA,2,1,9,3000,0,2,4,NA,2,034,ANTONIO PKWY N/B,OSO PKWY.,4,S,N,A,-,N,NA,NA,NA,NA,NA,NA,NA,NA,NA,N,3,0,2,2,A,-,12,21453,A,N,D,G,A,A,H,-,A,A,0,NA,Y,NA,NA,Y,NA,M,91,0,2,0,0,0,0,1,0,0,-,-,33.583438873291016,-117.63076782226563,ORANGE,UNINCORPORATED,-117.6308135986328,33.58353042602539
9192837,2020,2020-12-29,3002,2020-11-11,1817,1697,NA,3,5,4,3002,0,0,0,NA,0,014,IMPERIAL HWY,AROVISTA AV,4,E,N,A,-,Y,ORA,12,90,-,-,3.781,I,5,E,Y,4,0,1,2,A,-,09,21453,B,N,D,C,A,A,H,-,C,A,0,NA,NA,NA,NA,Y,NA,A,01,0,0,1,0,0,0,0,0,0,-,-,33.91733169555664,-117.910888671875,ORANGE,BREA,-117.91088104248048,33.91730499267578
91929648,2022,2022-11-29,9675,2022-11-20,0203,021960,NA,7,3,6,3026,0,1,1,NA,2,047,I-405 S/B TO I-5 S/B,BAKE PKWY.,2112,N,N,A,-,Y,ORA,NA,5,NA,NA,21.203,H,NA,L,Y,4,0,1,1,A,-,01,23152,A,N,E,8,A,A,H,-,C,D,0,NA,NA,NA,NA,Y,Y,A,01,0,0,1,0,0,0,0,0,0,-,-,33.64366149902344,-117.73432159423828,ORANGE,IRVINE,-117.73445129394533,33.64358901977539
91929938,2022,2022-11-30,9670,2022-11-24,2000,019304,NA,4,2,5,3007,0,1,1,NA,2,041,I-405 S/B FROM BROOKHURST ST,BROOKHURST ST,100,N,N,A,-,Y,ORA,NA,405,NA,NA,13.802,H,NA,L,Y,3,0,1,1,A,-,08,22107,NA,N,E,I,A,A,D,E,D,D,0,NA,NA,NA,NA,Y,NA,D,22,0,1,0,0,0,0,0,0,0,-,-,33.705238342285156,-117.95477294921876,ORANGE,FOUNTAIN VALLEY,-117.95464324951172,33.70534896850586
9193345,2020,2021-01-16,3000,2020-11-15,1655,1644,974G3,7,5,5,3040,0,0,0,NA,0,6M44,CHARLES RD,NIGUEL RD,0,NA,Y,A,-,N,NA,NA,NA,NA,NA,NA,NA,NA,NA,N,4,0,1,1,A,-,03,22350,NA,N,F,A,A,B,H,-,A,A,0,NA,NA,Y,NA,Y,NA,C,02,0,0,1,0,0,0,0,0,1,-,-,NA,NA,ORANGE,LAGUNA NIGUEL,-117.70931243896484,33.49264907836914
91933543,2022,2022-12-05,9670,2022-11-30,0112,018867,NA,3,3,6,3009,0,1,3,NA,2,020,SR-22 E/B GARDEN GROVE FREEWAY,KNOTT ST,1320,W,N,A,-,Y,NA,NA,NA,NA,NA,NA,NA,NA,NA,Y,3,0,1,2,A,-,03,22350,NA,N,C,C,A,A,H,-,D,D,0,NA,NA,NA,Y,Y,NA,A,07,0,1,0,0,0,0,0,0,0,-,-,33.773780822753906,-118.02375030517578,ORANGE,GARDEN GROVE,-118.02375030517578,33.77422332763672