CASE_ID,ACCIDENT_YEAR,PROC_DATE,JURIS,COLLISION_DATE,COLLISION_TIME,OFFICER_ID,REPORTING_DISTRICT,DAY_OF_WEEK,CHP_SHIFT,POPULATION,CNTY_CITY_LOC,SPECIAL_COND,BEAT_TYPE,CHP_BEAT_TYPE,CITY_DIVISION_LAPD,CHP_BEAT_CLASS,BEAT_NUMBER,PRIMARY_RD,SECONDARY_RD,DISTANCE,DIRECTION,INTERSECTION,WEATHER_1,WEATHER_2,STATE_HWY_IND,CALTRANS_COUNTY,CALTRANS_DISTRICT,STATE_ROUTE,ROUTE_SUFFIX,POSTMILE_PREFIX,POSTMILE,LOCATION_TYPE,RAMP_INTERSECTION,SIDE_OF_HWY,TOW_AWAY,COLLISION_SEVERITY,NUMBER_KILLED,NUMBER_INJURED,PARTY_COUNT,PRIMARY_COLL_FACTOR,PCF_CODE_OF_VIOL,PCF_VIOL_CATEGORY,PCF_VIOLATION,PCF_VIOL_SUBSECTION,HIT_AND_RUN,TYPE_OF_COLLISION,MVIW,PED_ACTION,ROAD_SURFACE,ROAD_COND_1,ROAD_COND_2,LIGHTING,CONTROL_DEVICE,CHP_ROAD_TYPE,PEDESTRIAN_ACCIDENT,BICYCLE_ACCIDENT,MOTORCYCLE_ACCIDENT,TRUCK_ACCIDENT,NOT_PRIVATE_PROPERTY,ALCOHOL_INVOLVED,STWD_VEHTYPE_AT_FAULT,CHP_VEHTYPE_AT_FAULT,COUNT_SEVERE_INJ,COUNT_VISIBLE_INJ,COUNT_COMPLAINT_PAIN,COUNT_PED_KILLED,COUNT_PED_INJURED,COUNT_BICYCLIST_KILLED,COUNT_BICYCLIST_INJURED,COUNT_MC_KILLED,COUNT_MC_INJURED,PRIMARY_RAMP,SECONDARY_RAMP,LATITUDE,LONGITUDE,COUNTY,CITY,POINT_X,POINT_Y
94921266,2025,2025-11-12,9670,2025-10-28,643,016209,NA,2,1,6,3009,0,1,3,NA,2,021,SR-22 W/B (GARDEN GROVE FREEWAY),SPRINGDALE ST.,1056,W,N,A,-,Y,ORA,NA,22,NA,R,1.718,H,NA,L,Y,3,0,1,3,A,-,07,21658,A,N,B,C,A,A,H,-,C,D,0,NA,NA,Y,NA,Y,NA,C,02,0,1,0,0,0,0,0,0,1,-,-,33.77437973022461,-118.02388763427734,ORANGE,GARDEN GROVE,-118.02388763427734,33.774391174316406
94928455,2025,2025-11-13,9690,2025-11-02,150,022417,NA,7,3,5,3017,0,1,1,NA,2,059,I-5 NB (SAN DIEGO FREEWAY),AVENIDA VISTA HERMOSA,200,N,N,A,-,Y,ORA,NA,5,NA,NA,4.213,H,NA,R,N,4,0,1,1,A,-,08,22107,NA,N,E,J,A,A,H,-,C,D,0,NA,NA,NA,NA,Y,NA,A,01,0,0,1,0,0,0,0,0,0,-,-,33.44643020629883,-117.63298797607422,ORANGE,SAN CLEMENTE,-117.63301849365234,33.446388244628906
94931185,2025,2025-11-14,9690,2025-11-11,2156,022518,NA,2,2,4,3018,0,1,1,NA,2,057,I-5 N/B (SAN DIEGO FRWY),JUNIPERO SERRA RD,1373,S,N,A,-,Y,ORA,NA,5,NA,NA,10.652,H,NA,R,N,3,0,2,2,A,-,08,22107,NA,N,D,C,A,A,H,-,C,D,0,NA,NA,Y,NA,Y,NA,C,02,0,2,0,0,0,0,0,0,1,-,-,33.51694107055664,-117.66397857666016,ORANGE,SAN JUAN CAPISTRANO,-117.66400909423828,33.516929626464844
9493559,2022,2022-09-16,3004,2022-08-25,2028,P696,01,4,5,6,3004,0,0,0,NA,0,007,PLACENTIA AV,WEST 19TH ST,0,NA,Y,A,-,N,NA,NA,NA,NA,NA,NA,NA,NA,NA,Y,3,0,2,3,A,-,12,21453,A,N,A,C,A,A,H,-,C,A,0,NA,NA,NA,NA,Y,NA,A,07,0,1,1,0,0,0,0,0,0,-,-,33.64339828491211,-117.93190002441406,ORANGE,COSTA MESA,-117.93199157714844,33.643375396728516
94941156,2025,2025-11-21,9670,2025-11-19,1905,022519,NA,3,2,4,3020,0,1,1,NA,2,044,I-405 N/B,I-605 N/B,1000,S,N,A,-,Y,ORA,NA,405,NA,NA,23.105,H,NA,R,Y,3,0,1,2,A,-,03,22350,NA,N,C,C,A,A,H,-,C,D,0,NA,NA,NA,NA,Y,NA,A,01,0,1,0,0,0,0,0,0,0,-,-,33.77465057373047,-118.08277130126952,ORANGE,SEAL BEACH,-118.08277130126952,33.774539947509766
94941679,2025,2025-11-21,9675,2025-11-14,1514,024770,NA,5,2,9,3000,0,1,3,NA,2,130,SR-133 N/B TO SR-241 S/B,SR-241 SOUTHBOUND,634,W,N,C,-,Y,NA,NA,NA,NA,NA,NA,NA,NA,NA,Y,3,0,1,1,A,-,08,22107,NA,N,E,I,A,B,H,-,A,D,0,NA,NA,NA,NA,Y,NA,A,01,0,1,0,0,0,0,0,0,0,-,-,33.710479736328125,-117.72222137451172,ORANGE,UNINCORPORATED,NA,NA
94941822,2025,2025-11-21,9675,2025-11-13,1313,024837,NA,4,1,7,3019,0,1,1,NA,2,502,I-5 NORTHBOUND (SANTA ANA FREEWAY),GRAND AVE,200,N,N,A,-,Y,ORA,NA,5,NA,NA,31.845,H,NA,R,Y,4,0,3,3,A,-,03,22350,NA,N,C,C,A,A,H,-,A,D,0,NA,NA,NA,Y,Y,NA,F,27,0,0,3,0,0,0,0,0,0,-,-,33.75558853149414,-117.85266876220705,ORANGE,SANTA ANA,-117.85272216796876,33.75550079345703
94947027,2025,2025-11-25,9675,2025-11-15,1226,016748,NA,6,1,6,3008,0,1,3,NA,2,570,SR-57 NORTHBOUND,ASSOCIATED ROAD,300,S,N,B,C,Y,ORA,NA,57,NA,NA,19.384,H,NA,R,Y,3,0,2,3,A,-,03,22350,NA,N,E,I,A,B,H,-,A,D,0,NA,NA,NA,NA,Y,NA,A,01,0,1,1,0,0,0,0,0,0,-,-,33.904239654541016,-117.88101959228516,ORANGE,FULLERTON,-117.88085174560548,33.90424346923828
94950214,2025,2025-11-28,9675,2025-11-16,30,023790,NA,7,3,7,3001,0,1,3,NA,2,095,STATE ROUTE 91 WEST BOUND,STATE ROUTE 241,536,W,N,C,-,Y,ORA,NA,91,NA,R,15.779,H,NA,R,Y,4,0,1,2,A,-,01,23152,A,N,C,C,A,B,H,-,C,D,0,NA,NA,NA,NA,Y,Y,A,01,0,0,1,0,0,0,0,0,0,-,-,33.867088317871094,-117.72248077392578,ORANGE,ANAHEIM,-117.72251129150392,33.866859436035156
9495196,2022,2022-10-04,3009,2022-09-21,0913,4843,097,3,5,6,3009,0,0,0,NA,0,1 3,HAZARD AV,CORK ST,18,E,N,A,-,N,NA,NA,NA,NA,NA,NA,NA,NA,NA,N,4,0,1,2,A,-,09,21804,A,N,D,C,A,A,H,-,A,D,0,NA,NA,NA,NA,Y,NA,A,01,0,0,1,0,0,0,0,0,0,-,-,NA,NA,ORANGE,GARDEN GROVE,-117.95964050292967,33.75222396850586
94953087,2025,2025-12-01,9690,2025-11-21,950,018200,NA,5,1,4,3018,0,1,1,NA,2,056,I-5 S/B (SAN DIEGO FRWY),OSO PKWY,3168,S,N,B,-,Y,ORA,NA,5,NA,NA,14.617,H,NA,L,N,4,0,1,2,A,-,03,22350,NA,N,C,C,A,B,H,-,A,D,0,NA,NA,NA,NA,Y,NA,A,07,0,0,1,0,0,0,0,0,0,-,-,33.57136154174805,-117.67196655273438,ORANGE,SAN JUAN CAPISTRANO,-117.67204284667967,33.57136154174805
94953298,2025,2025-12-01,9675,2025-11-19,1450,019320,NA,3,2,7,3001,0,1,3,NA,2,572,SR-57 NORTHBOUND,BALL RD,2080,N,N,A,-,Y,ORA,NA,57,NA,NA,13.818,H,NA,R,N,4,0,1,2,A,-,03,22350,NA,N,C,C,A,A,H,-,A,D,0,NA,NA,NA,NA,Y,NA,A,08,0,0,1,0,0,0,0,0,0,-,-,33.82395935058594,-117.87600708007813,ORANGE,ANAHEIM,-117.8759994506836,33.82395935058594
94954512,2025,2025-12-02,9690,2025-11-27,1555,017988,NA,4,2,4,3049,0,1,3,NA,2,073,SR-73,GLENWOOD,1320,S,N,A,-,Y,ORA,NA,73,NA,NA,15.167,H,NA,L,Y,3,0,1,1,A,-,08,22107,NA,N,F,A,A,A,H,-,A,D,0,NA,NA,NA,NA,Y,NA,A,01,0,1,0,0,0,0,0,0,0,-,-,33.586830139160156,-117.73193359375,ORANGE,ALISO VIEJO,-117.7319107055664,33.586875915527344
94957892,2025,2025-12-04,9675,2025-11-24,1723,023506,NA,1,2,5,3022,0,1,3,NA,2,551,SR-55 SOUTHBOUND,17TH ST,480,S,N,A,-,Y,ORA,NA,55,NA,NA,11.655,H,NA,L,N,4,0,1,3,A,-,03,22350,NA,N,C,C,A,A,H,-,D,D,0,NA,NA,NA,NA,Y,NA,A,01,0,0,1,0,0,0,0,0,0,-,-,33.757930755615234,-117.83136749267578,ORANGE,TUSTIN,-117.83135223388672,33.757930755615234
94958016,2025,2025-12-04,9675,2025-12-01,800,021716,NA,1,1,6,3026,0,1,1,NA,2,503,I-5 NORTHBOUND,CULVER DR.,1901,S,N,A,-,Y,ORA,NA,5,NA,R,26.237,H,NA,R,N,4,0,1,2,A,-,03,22350,NA,N,C,C,A,A,H,-,A,D,0,NA,NA,NA,NA,Y,NA,A,01,0,0,1,0,0,0,0,0,0,-,-,33.705909729003906,-117.7785415649414,ORANGE,IRVINE,-117.7786102294922,33.705875396728516
9495989,2022,2022-10-13,3009,2022-09-23,1407,5049,092,5,5,6,3009,0,0,0,NA,0,012,CHAPMAN AV,MELODY PARK DR,0,NA,Y,A,-,N,NA,NA,NA,NA,NA,NA,NA,NA,NA,Y,4,0,1,2,A,-,09,21801,A,N,D,C,A,A,H,-,A,A,0,NA,NA,NA,NA,Y,NA,A,01,0,0,1,0,0,0,0,0,0,-,-,NA,NA,ORANGE,GARDEN GROVE,-117.9561004638672,33.78860092163086
94963939,2025,2025-12-09,9675,2025-11-15,725,022776,NA,6,1,6,3004,0,1,1,NA,2,405,INTERSTATE 405 NORTHBOUND,FAIRVIEW ROAD,245,N,N,C,-,Y,ORA,NA,405,NA,NA,10.847,H,NA,R,Y,4,0,1,2,A,-,03,22350,NA,N,B,C,A,B,H,-,A,D,0,NA,NA,NA,NA,Y,NA,A,07,0,0,1,0,0,0,0,0,0,-,-,33.688011169433594,-117.90885162353516,ORANGE,COSTA MESA,-117.90885162353516,33.688072204589844
94967904,2025,2025-12-11,9675,2025-12-03,1555,022852,NA,3,2,7,3019,0,1,3,NA,2,552,SR-55 SOUTHBOUND,DYER RD,1056,S,N,A,-,Y,ORA,NA,55,NA,R,7.632,H,NA,L,N,4,0,1,2,A,-,03,22350,NA,N,C,C,A,A,H,-,A,D,0,NA,NA,NA,NA,Y,NA,A,01,0,0,1,0,0,0,0,0,0,-,-,33.705970764160156,-117.8545379638672,ORANGE,SANTA ANA,-117.85453033447266,33.70595932006836
94971635,2025,2025-12-15,9675,2025-11-24,1535,023341,NA,1,2,7,3001,0,1,3,NA,2,094,SR-91 EASTBOUND,IMPERIAL HIGHWAY,1594,W,N,A,-,Y,ORA,NA,91,NA,R,11.269,H,NA,R,Y,4,0,1,2,A,-,08,22107,NA,N,B,C,A,A,H,-,A,D,0,NA,NA,NA,Y,Y,NA,A,01,0,0,1,0,0,0,0,0,0,-,-,33.85409927368164,-117.79604339599608,ORANGE,ANAHEIM,-117.79603576660156,33.85417938232422
9497258,2022,2022-09-15,3026,2022-08-13,1442,620,NA,6,5,6,3026,0,0,0,NA,0,NA,BUNSEN,HUBBLE,0,NA,Y,A,-,N,NA,NA,NA,NA,NA,NA,NA,NA,NA,Y,3,0,3,2,A,-,12,22450,A,N,D,C,A,A,H,-,A,A,0,NA,NA,NA,NA,Y,NA,A,01,0,1,2,0,0,0,0,0,0,-,-,33.64134979248047,-117.74105834960938,ORANGE,IRVINE,-117.7409210205078,33.641136169433594
94973707,2025,2025-12-16,9675,2025-12-08,652,022631,NA,1,1,7,3001,0,1,3,NA,2,195,SR-91 WESTBOUND,SR-241 SOUTHBOUND,2112,W,N,A,-,Y,ORA,NA,91,NA,R,15.684,H,NA,L,Y,4,0,1,2,A,-,03,22350,NA,N,E,8,A,A,H,-,B,D,0,NA,NA,Y,NA,Y,NA,C,02,0,0,1,0,0,0,0,0,1,-,-,33.86724090576172,-117.72425079345705,ORANGE,ANAHEIM,-117.72422790527344,33.867340087890625
94976707,2025,2025-12-18,9675,2025-12-11,1805,023248,NA,4,2,6,3026,0,1,1,NA,2,503,INTERSTATE 5 NORTHBOUND,YALE AVENUE,190,N,N,A,-,Y,ORA,NA,5,NA,R,25.869,H,NA,R,N,4,0,1,2,A,-,03,22350,NA,N,C,C,A,A,H,-,C,D,0,NA,NA,NA,NA,Y,NA,A,01,0,0,1,0,0,0,0,0,0,-,-,33.70112991333008,-117.7755889892578,ORANGE,IRVINE,-117.77553558349608,33.70115661621094
94977978,2025,2025-12-18,9675,2025-12-03,2330,023486,NA,3,3,7,3001,0,1,3,NA,2,095,SR-91 W/B TO GYPSUM CANYON ROAD,GYPSUM,200,E,N,A,-,Y,NA,NA,NA,NA,NA,NA,NA,NA,NA,N,4,0,1,1,A,-,01,23152,A,N,B,I,A,A,H,-,C,D,0,NA,NA,NA,NA,Y,Y,A,07,0,0,1,0,0,0,0,0,0,-,-,33.86825942993164,-117.7096710205078,ORANGE,ANAHEIM,NA,NA
9497869,2022,2022-09-19,3000,2022-07-22,2327,10576,892A7,5,5,5,3028,0,0,0,NA,0,755,JERONIMO RD,CORDILLERA DR,206,W,N,A,-,N,NA,NA,NA,NA,NA,NA,NA,NA,NA,Y,2,0,1,1,A,-,08,22107,NA,N,E,I,A,A,H,-,C,D,0,NA,NA,NA,NA,Y,NA,A,01,1,0,0,0,0,0,0,0,0,-,-,NA,NA,ORANGE,MISSION VIEJO,-117.67483520507813,33.61235046386719
9497871,2022,2022-09-28,3002,2022-07-16,1415,8185,740H5,6,5,5,3025,0,0,0,NA,0,003,YORBA RANCH RD,TRAILSIDE DR,0,NA,Y,A,-,N,NA,NA,NA,NA,NA,NA,NA,NA,NA,Y,3,0,2,2,A,-,09,21802,A,N,D,C,A,A,H,-,A,D,0,NA,NA,NA,NA,Y,NA,A,01,0,1,1,0,0,0,0,0,0,-,-,NA,NA,ORANGE,YORBA LINDA,-117.76580047607422,33.880760192871094
94981318,2025,2025-12-22,9670,2025-12-13,245,023710,NA,6,3,6,3009,0,1,3,NA,2,023,SR-22 W/B,MAGNOLIA ST,1600,E,N,A,-,Y,ORA,NA,22,NA,R,5.114,H,NA,L,Y,3,0,1,1,A,-,08,22107,NA,N,F,8,A,A,H,-,C,D,0,NA,NA,NA,NA,Y,Y,A,07,0,1,0,0,0,0,0,0,0,-,-,33.766109466552734,-117.96752166748048,ORANGE,GARDEN GROVE,-117.96751403808594,33.765892028808594
94983498,2025,2025-12-23,9670,2025-12-16,1545,016271,NA,2,2,5,3024,0,1,1,NA,2,042,I-405 N/B,SPRINGDALE ST,1373,N,N,A,-,Y,ORA,NA,405,NA,NA,19.661,H,NA,R,Y,4,0,1,1,A,-,03,22350,NA,N,E,I,A,A,H,-,A,D,0,NA,NA,NA,NA,Y,NA,A,07,0,0,1,0,0,0,0,0,0,-,-,33.76424026489258,-118.02821350097656,ORANGE,WESTMINSTER,-118.02814483642578,33.7642936706543
94984557,2025,2025-12-23,9675,2025-12-19,1007,016748,NA,5,1,7,3001,0,1,3,NA,2,572,SR-57 S/B FROM E/B KATELLA AVENUE,KATELLA AVENUE,800,S,N,A,-,Y,ORA,NA,57,NA,NA,12.422,H,NA,L,N,4,0,1,2,A,-,03,22350,NA,N,C,C,A,A,H,-,A,A,0,NA,NA,NA,NA,Y,NA,D,22,0,0,1,0,0,0,0,0,0,-,-,33.804298400878906,-117.8804168701172,ORANGE,ANAHEIM,-117.88021850585938,33.8043212890625
9498773,2022,2022-12-14,3000,2022-10-04,2201,1222,797J1,2,5,4,3021,0,0,0,NA,0,022,BEACH BL,2ND ST,34,S,N,A,-,Y,ORA,12,39,-,-,11.375,I,5,S,N,4,0,2,2,A,-,09,21802,A,N,D,C,A,A,H,-,C,A,0,NA,NA,NA,NA,Y,NA,A,01,0,0,2,0,0,0,0,0,0,-,-,NA,NA,ORANGE,STANTON,-117.99337005615234,33.81312942504883
9498969,2022,2022-10-19,3003,2022-08-26,1843,1124,NA,5,5,5,3003,0,0,0,NA,0,NA,LINCOLN AV,KNOTT AV,163,W,N,A,-,N,NA,NA,NA,NA,NA,NA,NA,NA,NA,Y,3,0,1,2,A,-,09,21804,A,N,D,C,A,A,H,-,A,D,0,NA,NA,Y,NA,Y,NA,A,01,0,1,0,0,0,0,0,0,1,-,-,33.83190155029297,-118.0114974975586,ORANGE,BUENA PARK,-118.01143646240234,33.83198165893555
9498971,2022,2022-11-15,3003,2022-08-30,0826,1268,NA,2,5,5,3003,0,0,0,NA,0,NA,KNOTT AV,RT 91,0,NA,Y,A,-,Y,ORA,12,91,-,R,2.02,R,4,W,Y,4,0,2,2,A,-,12,21453,A,N,D,C,A,A,H,-,A,D,0,NA,NA,NA,NA,Y,NA,A,01,0,0,2,0,0,0,0,0,0,-,WF,33.857261657714844,-118.01126861572266,ORANGE,BUENA PARK,-118.00836181640624,33.85612487792969
9498972,2022,2022-10-19,3003,2022-08-30,0915,1268,NA,2,5,5,3003,0,0,0,NA,0,NA,LA PALMA AV,WESTERN AV,0,NA,Y,A,-,N,NA,NA,NA,NA,NA,NA,NA,NA,NA,Y,4,0,1,3,A,-,09,21804,A,N,D,C,A,A,H,-,A,A,0,NA,NA,NA,NA,Y,NA,A,01,0,0,1,0,0,0,0,0,0,-,-,33.846771240234375,-118.00228118896484,ORANGE,BUENA PARK,-118.00238037109376,33.84663391113281
94993927,2025,2025-12-31,9675,2025-12-22,1735,021274,NA,1,2,7,3019,0,1,1,NA,2,502,INTERSTATE 5 S/B,1ST ST.,275,N,N,A,-,Y,ORA,NA,5,NA,NA,30.972,H,NA,L,N,3,0,1,2,A,-,03,22350,NA,N,C,C,A,A,H,-,C,D,0,NA,NA,NA,NA,Y,NA,A,01,0,1,0,0,0,0,0,0,0,-,-,33.74654006958008,-117.84295654296876,ORANGE,SANTA ANA,-117.84287261962892,33.746559143066406
94994109,2025,2025-12-31,9690,2025-12-21,1257,019394,NA,7,1,5,3050,0,1,1,NA,2,055,I-5 N/B FROM EL TORO RD. W/B,EL TORO RD.,14,N,N,A,-,Y,NA,NA,NA,NA,NA,NA,NA,NA,NA,Y,4,0,1,1,A,-,08,22107,NA,N,E,I,A,A,H,-,A,D,0,NA,NA,NA,NA,Y,NA,A,01,0,0,1,0,0,0,0,0,0,-,-,33.61521911621094,-117.70736694335938,ORANGE,LAKE FOREST,-117.70753479003906,33.61480712890625
94998725,2025,2026-01-05,9675,2025-11-09,20,023775,NA,7,3,7,3019,0,1,3,NA,2,222,SR-22 EASTBOUND,THE CITY DR,1003,W,N,A,-,Y,ORA,NA,22,NA,R,9.649,H,NA,R,Y,3,0,1,2,A,-,08,22107,NA,M,B,2,A,A,H,-,C,A,0,NA,NA,NA,NA,Y,NA,-,99,0,1,0,0,0,0,0,0,0,-,-,33.77885818481445,-117.89238739013672,ORANGE,SANTA ANA,-117.89238739013672,33.7789306640625
95000874,2025,2026-01-06,9675,2025-12-26,1440,024524,NA,5,2,6,3015,0,1,1,NA,2,502,I-5 NORTHBOUND FROM CHAPMAN AVE WESTBOUND,THE CITY DRIVE,240,S,N,C,-,Y,ORA,NA,5,NA,NA,35.165,H,NA,R,N,4,0,2,2,A,-,03,22350,NA,N,D,C,A,B,H,-,A,A,0,NA,NA,NA,NA,Y,NA,D,22,0,0,2,0,0,0,0,0,0,-,-,33.79153823852539,-117.88923645019533,ORANGE,ORANGE,-117.889404296875,33.791412353515625
9500457,2022,2022-10-07,3004,2022-09-12,1526,P631,10,1,5,6,3004,0,0,0,NA,0,012,PACIFIC AV,VICTORIA PL,142,W,N,A,-,N,NA,NA,NA,NA,NA,NA,NA,NA,NA,N,2,0,1,1,A,-,03,22350,NA,N,H,I,A,A,H,-,A,D,0,NA,Y,NA,NA,Y,NA,L,04,1,0,0,0,0,0,1,0,0,-,-,33.65203094482422,-117.94696044921876,ORANGE,COSTA MESA,-117.9471435546875,33.65272521972656
9502139,2022,2022-11-09,3009,2022-10-02,1055,3932,11,7,5,6,3009,0,0,0,NA,0,032,KNOTT ST,CHAPMAN AV,375,N,N,A,-,N,NA,NA,NA,NA,NA,NA,NA,NA,NA,N,3,0,1,1,C,-,18,NA,NA,N,H,A,A,A,H,-,A,D,0,NA,NA,Y,NA,Y,NA,-,-,0,1,0,0,0,0,0,0,1,-,-,NA,NA,ORANGE,GARDEN GROVE,-118.01113128662108,33.789329528808594
95026225,2025,2026-01-23,9690,2025-12-28,1430,024961,NA,7,2,4,3049,0,1,3,NA,2,073,SR 73 N/B,MOULTON PKWY,2112,S,N,A,-,Y,ORA,NA,73,NA,NA,12.47,H,NA,R,Y,2,0,5,2,A,-,08,22107,NA,N,D,C,A,A,H,-,A,D,0,NA,NA,NA,NA,Y,NA,A,01,3,1,1,0,0,0,0,0,0,-,-,33.56391906738281,-117.69496154785156,ORANGE,ALISO VIEJO,-117.6948013305664,33.564002990722656
9502763,2022,2022-09-19,3009,2022-08-31,0804,4156,093,3,5,6,3009,0,0,0,NA,0,013,BROOKHURST ST,BIXBY AV,0,NA,Y,A,-,N,NA,NA,NA,NA,NA,NA,NA,NA,NA,N,4,0,1,2,A,-,11,21954,A,N,G,G,A,A,H,-,A,A,0,NA,Y,NA,NA,Y,NA,L,04,0,0,1,0,0,0,1,0,0,-,-,33.78437042236328,-117.95873260498048,ORANGE,GARDEN GROVE,-117.95873260498048,33.78437042236328
9504157,2022,2022-11-08,3003,2022-05-02,2152,1160,NA,1,5,5,3003,0,0,0,NA,0,002,WESTERN AV,MELROSE ST,105,S,N,A,-,N,NA,NA,NA,NA,NA,NA,NA,NA,NA,Y,1,1,0,2,A,-,11,21954,A,F,A,B,D,A,H,-,C,D,0,Y,NA,NA,NA,Y,NA,N,60,0,0,0,1,0,0,0,0,0,-,-,33.86116027832031,-118.0244598388672,ORANGE,BUENA PARK,-118.00251770019533,33.86159133911133
9506697,2022,2022-10-18,3000,2022-09-05,1636,5805,891G6,1,5,5,3050,0,0,0,NA,0,765,EL TORO RD,BRIDGER RD,193,W,N,A,-,N,NA,NA,NA,NA,NA,NA,NA,NA,NA,N,4,0,2,2,C,-,18,NA,NA,N,C,C,A,A,D,-,A,A,0,NA,NA,NA,NA,Y,NA,-,-,0,0,2,0,0,0,0,0,0,-,-,NA,NA,ORANGE,LAKE FOREST,-117.70733642578124,33.61504364013672
9506954,2022,2022-10-17,3005,2022-09-28,0810,8272,C22,3,5,4,3005,0,0,0,NA,0,002,LINCOLN AV,VALLEY VIEW ST,960,E,N,A,-,N,NA,NA,NA,NA,NA,NA,NA,NA,NA,Y,3,0,2,2,A,-,09,21804,A,N,D,C,A,A,H,-,A,D,0,NA,NA,NA,NA,Y,NA,A,01,0,2,0,0,0,0,0,0,0,-,-,NA,NA,ORANGE,CYPRESS,-118.02533721923828,33.831729888916016
9507304,2022,2022-10-20,3000,2022-09-26,0958,9192,921D6,1,5,4,3049,0,0,0,NA,0,6M81,PACIFIC PARK DR,ALISO VIEJO PKWY,179,E,N,A,-,N,NA,NA,NA,NA,NA,NA,NA,NA,NA,N,4,0,1,2,B,-,22,NA,NA,N,D,J,A,A,H,-,A,D,0,NA,NA,Y,NA,Y,NA,C,03,0,0,1,0,0,0,0,0,1,-,-,NA,NA,ORANGE,ALISO VIEJO,-117.73004150390624,33.57067108154297
9508389,2022,2022-10-27,3000,2022-09-21,1012,7734,891J5,3,5,5,3028,0,0,0,NA,0,751,LOS ALISOS BL,MADERO,60,W,N,A,-,N,NA,NA,NA,NA,NA,NA,NA,NA,NA,Y,3,0,1,2,A,-,07,21658,A,N,B,C,A,A,H,-,A,A,0,NA,NA,NA,NA,Y,NA,A,01,0,1,0,0,0,0,0,0,0,-,-,NA,NA,ORANGE,MISSION VIEJO,-117.68129730224608,33.6263313293457
9509872,2022,2022-12-15,3004,2022-11-25,0915,P633,18,5,5,6,3004,0,0,0,NA,0,004,HARBOR BL,PONDEROSA ST,0,NA,Y,A,-,N,NA,NA,NA,NA,NA,NA,NA,NA,NA,Y,2,0,3,2,A,-,08,22107,NA,N,D,C,A,A,H,-,A,D,0,NA,NA,NA,NA,Y,NA,A,01,1,1,1,0,0,0,0,0,0,-,-,33.675201416015625,-117.91929626464844,ORANGE,COSTA MESA,-117.91935729980467,33.675235748291016
9512082,2022,2022-10-26,3005,2022-09-09,1230,8221,C19,5,5,4,3005,0,0,0,NA,0,002,BALL RD,BLOOMFIELD AV,0,NA,Y,B,-,N,NA,NA,NA,NA,NA,NA,NA,NA,NA,Y,3,0,1,2,A,-,09,21801,A,N,D,C,A,A,H,-,A,A,0,NA,NA,NA,NA,Y,NA,A,01,0,1,0,0,0,0,0,0,0,-,-,NA,NA,ORANGE,CYPRESS,-118.06313323974608,33.81760025024414
9512397,2022,2022-11-22,3004,2022-10-14,1011,P655,03,5,5,6,3004,0,0,0,NA,0,006,ORANGE AV,EAST 17TH ST,0,NA,Y,B,-,N,NA,NA,NA,NA,NA,NA,NA,NA,NA,Y,3,0,1,1,A,-,08,22107,NA,N,E,I,A,A,H,-,A,A,0,NA,NA,Y,NA,Y,NA,C,02,0,1,0,0,0,0,0,0,1,-,-,33.6351318359375,-117.91838073730467,ORANGE,COSTA MESA,-117.91870880126952,33.63539505004883
9512754,2022,2022-11-16,3026,2022-10-07,2304,605,PORTO,5,5,6,3026,0,0,0,NA,0,009,BAKE PKWY,RT 5,106,N,N,A,-,Y,ORA,12,5,-,-,20.949,R,4,S,Y,3,0,1,2,C,-,18,NA,NA,N,E,I,A,A,H,-,A,A,0,NA,NA,NA,NA,Y,NA,-,-,0,1,0,0,0,0,0,0,0,-,-,NA,NA,ORANGE,IRVINE,-117.73204803466795,33.64044189453125
9512826,2022,2022-11-16,3000,2022-10-01,0150,9643,787J4,6,5,4,3021,0,0,0,NA,0,024,BEACH BL,HYNES RD,0,NA,Y,A,-,Y,ORA,12,39,-,-,10.111,I,5,N,Y,3,0,1,3,A,-,01,23152,A,N,D,C,A,A,H,-,C,A,0,NA,NA,NA,NA,Y,Y,A,07,0,1,0,0,0,0,0,0,0,-,-,NA,NA,ORANGE,STANTON,-117.99290466308594,33.79475402832031
9512926,2022,2022-11-18,3000,2022-09-18,2114,1222,797J6,7,5,4,3021,0,0,0,NA,0,023,BEACH BL,GARDEN GROVE BL,0,NA,Y,A,-,Y,ORA,12,39,-,-,8.665,I,5,S,N,4,0,4,2,D,-,00,NA,NA,N,A,C,A,A,H,-,C,A,0,NA,NA,NA,NA,Y,NA,-,-,0,0,4,0,0,0,0,0,0,-,-,NA,NA,ORANGE,STANTON,-117.99292755126952,33.773807525634766