CASE_ID,ACCIDENT_YEAR,PROC_DATE,JURIS,COLLISION_DATE,COLLISION_TIME,OFFICER_ID,REPORTING_DISTRICT,DAY_OF_WEEK,CHP_SHIFT,POPULATION,CNTY_CITY_LOC,SPECIAL_COND,BEAT_TYPE,CHP_BEAT_TYPE,CITY_DIVISION_LAPD,CHP_BEAT_CLASS,BEAT_NUMBER,PRIMARY_RD,SECONDARY_RD,DISTANCE,DIRECTION,INTERSECTION,WEATHER_1,WEATHER_2,STATE_HWY_IND,CALTRANS_COUNTY,CALTRANS_DISTRICT,STATE_ROUTE,ROUTE_SUFFIX,POSTMILE_PREFIX,POSTMILE,LOCATION_TYPE,RAMP_INTERSECTION,SIDE_OF_HWY,TOW_AWAY,COLLISION_SEVERITY,NUMBER_KILLED,NUMBER_INJURED,PARTY_COUNT,PRIMARY_COLL_FACTOR,PCF_CODE_OF_VIOL,PCF_VIOL_CATEGORY,PCF_VIOLATION,PCF_VIOL_SUBSECTION,HIT_AND_RUN,TYPE_OF_COLLISION,MVIW,PED_ACTION,ROAD_SURFACE,ROAD_COND_1,ROAD_COND_2,LIGHTING,CONTROL_DEVICE,CHP_ROAD_TYPE,PEDESTRIAN_ACCIDENT,BICYCLE_ACCIDENT,MOTORCYCLE_ACCIDENT,TRUCK_ACCIDENT,NOT_PRIVATE_PROPERTY,ALCOHOL_INVOLVED,STWD_VEHTYPE_AT_FAULT,CHP_VEHTYPE_AT_FAULT,COUNT_SEVERE_INJ,COUNT_VISIBLE_INJ,COUNT_COMPLAINT_PAIN,COUNT_PED_KILLED,COUNT_PED_INJURED,COUNT_BICYCLIST_KILLED,COUNT_BICYCLIST_INJURED,COUNT_MC_KILLED,COUNT_MC_INJURED,PRIMARY_RAMP,SECONDARY_RAMP,LATITUDE,LONGITUDE,COUNTY,CITY,POINT_X,POINT_Y
9667482,2023,2024-02-23,3006,2023-12-20,1034,310,33,3,5,3,3006,0,0,0,NA,0,002,CRESCENT AV,MOODY ST,0,NA,Y,B,-,N,NA,NA,NA,NA,NA,NA,NA,NA,NA,Y,3,0,1,2,A,-,09,21801,A,N,D,C,A,B,H,-,A,A,0,NA,NA,NA,NA,Y,NA,A,01,0,1,0,0,0,0,0,0,0,-,-,NA,NA,ORANGE,LA PALMA,-118.04597473144533,33.83898162841797
9670954,2023,2024-03-04,3000,2023-10-12,1117,5377,951J2,4,5,5,3040,0,0,0,NA,0,741,CROWN VALLEY PKWY,MOULTON PKWY,0,NA,Y,A,-,N,NA,NA,NA,NA,NA,NA,NA,NA,NA,Y,3,0,4,3,A,-,03,22350,NA,N,D,C,A,A,H,-,A,A,0,NA,NA,NA,NA,Y,NA,A,01,0,3,1,0,0,0,0,0,0,-,-,NA,NA,ORANGE,LAGUNA NIGUEL,-117.69210815429688,33.54309844970703
9674258,2024,2024-04-18,3000,2024-02-16,1425,8213,893E1,5,5,4,3048,0,0,0,NA,0,668,ROBINSON RANCH RD,HERITAGE DR,0,NA,Y,A,-,N,NA,NA,NA,NA,NA,NA,NA,NA,NA,N,4,0,1,2,A,-,09,21802,A,N,D,C,A,A,H,-,A,A,0,NA,NA,Y,NA,Y,NA,A,01,0,0,1,0,0,0,0,0,1,-,-,33.65345001220703,-117.56848907470705,ORANGE,RANCHO SANTA MARGARITA,-117.5684814453125,33.65345764160156
9675317,2023,2024-03-09,3006,2023-12-07,1438,345,11,4,5,3,3006,0,0,0,NA,0,002,WALKER,BYRNE,263,S,N,A,-,N,NA,NA,NA,NA,NA,NA,NA,NA,NA,N,4,0,1,2,A,-,03,22350,NA,N,C,C,A,A,H,-,A,A,0,NA,NA,NA,NA,Y,NA,A,01,0,0,1,0,0,0,0,0,0,-,-,NA,NA,ORANGE,LA PALMA,-118.03729248046876,33.84918975830078
9677590,2024,2024-05-30,3000,2024-04-03,1800,11256,892D4,3,5,5,3028,0,0,0,NA,0,753,VISTA DEL LAGO,MARGUERITE PKWY,13,E,N,A,-,N,NA,NA,NA,NA,NA,NA,NA,NA,NA,N,4,0,1,2,D,-,00,NA,NA,N,G,B,B,A,H,-,B,A,0,Y,NA,NA,NA,Y,NA,-,-,0,0,1,0,1,0,0,0,0,-,-,NA,NA,ORANGE,MISSION VIEJO,-117.64761352539063,33.63383865356445
9677640,2024,2024-05-29,3000,2024-03-30,525,11285,892A6,6,5,5,3028,0,0,0,NA,0,159,ALICIA PKWY,LANZAROTE,320,W,N,B,C,N,NA,NA,NA,NA,NA,NA,NA,NA,NA,Y,3,0,1,1,A,-,03,22350,NA,N,E,J,A,B,H,-,C,D,0,NA,NA,NA,NA,Y,NA,A,01,0,1,0,0,0,0,0,0,0,-,-,33.62799835205078,-117.63694763183594,ORANGE,MISSION VIEJO,-117.63852691650392,33.626895904541016
9678084,2023,2024-03-07,3009,2023-12-16,2035,4021,115,6,5,6,3009,0,0,0,NA,0,021,GARDEN GROVE BL,NELSON ST,0,NA,Y,B,-,N,NA,NA,NA,NA,NA,NA,NA,NA,NA,Y,3,0,1,2,A,-,09,21801,A,N,A,C,A,A,H,-,C,A,0,NA,NA,NA,NA,Y,NA,A,01,0,1,0,0,0,0,0,0,0,-,-,NA,NA,ORANGE,GARDEN GROVE,-117.94516754150392,33.774200439453125
9678474,2024,2024-04-25,3000,2024-02-16,735,8213,892H2,5,5,4,3048,0,0,0,NA,0,668,ALICIA PKWY,SANTA CLARA,24,S,N,B,-,N,NA,NA,NA,NA,NA,NA,NA,NA,NA,Y,3,0,1,1,A,-,08,22107,NA,N,E,I,A,A,H,-,A,A,0,NA,NA,NA,NA,Y,NA,A,07,0,1,0,0,0,0,0,0,0,-,-,33.63315963745117,-117.62429809570313,ORANGE,RANCHO SANTA MARGARITA,-117.62427520751952,33.63323974609375
9683419,2024,2024-05-13,3000,2024-03-05,2158,11385,798B1,2,5,4,3021,0,0,0,NA,0,022,CERRITOS AV,SHERRILL WY,7,W,N,A,-,N,NA,NA,NA,NA,NA,NA,NA,NA,NA,Y,3,0,1,3,A,-,01,23153,A,F,C,C,A,C,A,-,C,D,0,NA,NA,NA,NA,Y,Y,D,22,0,1,0,0,0,0,0,0,0,-,-,NA,NA,ORANGE,STANTON,-117.97957611083984,33.81032943725586
9684103,2024,2024-04-26,3004,2024-03-30,901,P691,05,6,5,6,3004,0,0,0,NA,0,001,NEWPORT BL,18TH ST,10,N,N,C,-,Y,ORA,12,55,-,-,1.78,H,-,N,Y,3,0,2,2,A,-,09,21802,A,N,D,C,A,B,H,-,A,A,0,NA,NA,NA,NA,Y,NA,A,07,0,2,0,0,0,0,0,0,0,-,-,33.63999938964844,-117.91899871826172,ORANGE,COSTA MESA,-117.91915130615234,33.64064025878906
9685995,2024,2024-07-09,3012,2024-05-13,1945,686,14,1,5,5,3012,0,0,0,NA,0,001,LA HABRA BL,EL PORTAL DR,0,NA,Y,A,-,N,NA,NA,NA,NA,NA,NA,NA,NA,NA,Y,4,0,2,2,A,-,09,21802,A,N,B,C,A,A,H,-,B,A,0,NA,NA,NA,NA,Y,NA,A,01,0,0,2,0,0,0,0,0,0,-,-,NA,NA,ORANGE,LA HABRA,-117.96241760253906,33.931854248046875
9686008,2024,2024-07-23,3012,2024-05-16,2330,623,25,4,5,5,3012,0,0,0,NA,0,002,CYPRESS ST,FLORENCE AV,21,N,N,A,-,N,NA,NA,NA,NA,NA,NA,NA,NA,NA,N,3,0,1,2,A,-,11,21954,A,F,D,B,E,A,H,-,C,D,0,Y,NA,NA,NA,Y,NA,N,60,0,1,0,0,1,0,0,0,0,-,-,NA,NA,ORANGE,LA HABRA,-117.94181060791016,33.93417739868164
9686981,2024,2024-08-01,3002,2024-05-31,1626,10165,741E6,5,5,5,3025,0,0,0,NA,0,004,LA PALMA AV,CAMINO DE BRYANT,0,NA,Y,A,-,N,NA,NA,NA,NA,NA,NA,NA,NA,NA,Y,4,0,1,2,A,-,03,22350,NA,N,A,I,A,A,H,-,A,D,0,NA,NA,NA,NA,Y,NA,A,07,0,0,1,0,0,0,0,0,0,-,-,NA,NA,ORANGE,YORBA LINDA,-117.70792388916016,33.8739013671875
9687616,2024,2024-04-19,3009,2024-02-29,818,4856,154,4,5,6,3009,0,0,0,NA,0,002,GARDEN GROVE BL,HASTER ST,300,E,N,A,-,N,NA,NA,NA,NA,NA,NA,NA,NA,NA,N,3,0,1,2,A,-,03,22350,NA,N,C,C,A,A,H,-,A,A,0,NA,NA,NA,NA,Y,NA,A,01,0,1,0,0,0,0,0,0,0,-,-,NA,NA,ORANGE,GARDEN GROVE,-117.90516662597656,33.774513244628906
9687672,2024,2024-06-26,3000,2024-03-09,1210,9936,3000,6,5,4,3048,0,0,0,NA,0,1A67,SANTA MARGARITA PKWY,FLORECITA,29,W,N,A,-,N,NA,NA,NA,NA,NA,NA,NA,NA,NA,N,4,0,1,2,A,-,03,22350,NA,N,C,C,A,A,H,-,A,D,0,NA,NA,Y,NA,Y,NA,C,02,0,0,1,0,0,0,0,0,1,-,-,NA,NA,ORANGE,RANCHO SANTA MARGARITA,-117.57929229736328,33.64845657348633
9688847,2024,2024-05-04,3012,2024-03-20,1840,702,15,3,5,5,3012,0,0,0,NA,0,001,LA HABRA BL,HILLCREST ST,45,E,N,A,-,N,NA,NA,NA,NA,NA,NA,NA,NA,NA,Y,4,0,1,2,A,-,03,22350,NA,N,C,C,A,A,H,-,A,D,0,NA,NA,NA,NA,Y,NA,A,01,0,0,1,0,0,0,0,0,0,-,-,NA,NA,ORANGE,LA HABRA,-117.95306396484376,33.931861877441406
9689674,2024,2024-05-30,3000,2024-04-02,805,1056,891J5,2,5,5,3028,0,0,0,NA,0,056,LOS ALISOS BL,JERONIMO RD,0,NA,Y,A,-,N,NA,NA,NA,NA,NA,NA,NA,NA,NA,N,3,0,1,2,A,-,12,21453,A,N,H,G,A,A,H,-,A,A,0,NA,Y,NA,NA,Y,NA,L,04,0,1,0,0,0,0,1,0,0,-,-,33.62302017211914,-117.68505096435548,ORANGE,MISSION VIEJO,-117.68521881103516,33.62299346923828
9689807,2024,2024-05-10,3000,2024-03-06,909,5377,921F6,3,5,5,3040,0,0,0,NA,0,741,PACIFIC PARK,ALICIA PKWY,525,E,N,A,B,N,NA,NA,NA,NA,NA,NA,NA,NA,NA,Y,3,0,2,2,A,-,08,22100,A,N,C,C,A,A,H,-,A,D,0,NA,NA,NA,NA,Y,NA,A,01,0,2,0,0,0,0,0,0,0,-,-,NA,NA,ORANGE,LAGUNA NIGUEL,-117.71287536621094,33.5706787109375
9691608,2024,2024-05-10,3012,2024-04-02,1427,702,46,2,5,5,3012,0,0,0,NA,0,004,IMPERIAL HWY,HARBOR BL,383,W,N,A,-,Y,ORA,12,90,-,-,2.43,H,-,E,N,4,0,2,2,A,-,03,22350,NA,N,C,C,A,A,H,-,A,A,0,NA,NA,NA,NA,Y,NA,A,01,0,0,2,0,0,0,0,0,0,-,-,NA,NA,ORANGE,LA HABRA,-117.93433380126952,33.917320251464844
9692245,2024,2024-06-07,3004,2024-04-17,2002,P664,07,3,5,6,3004,0,0,0,NA,0,002,NEWPORT BL,22ND ST,0,NA,Y,A,-,N,NA,NA,NA,NA,NA,NA,NA,NA,NA,Y,2,0,1,2,A,-,12,21453,A,N,D,G,A,A,H,-,C,A,0,NA,Y,NA,NA,Y,NA,L,04,1,0,0,0,0,0,1,0,0,-,-,33.651641845703125,-117.90824127197266,ORANGE,COSTA MESA,-117.90821075439452,33.6516227722168
9693026,2024,2024-07-22,3004,2024-05-03,733,P726,12,5,5,6,3004,0,0,0,NA,0,015,SANTA ANA AV,BRENTWOOD ST,49,N,N,B,-,N,NA,NA,NA,NA,NA,NA,NA,NA,NA,Y,3,0,1,3,A,-,05,21460,A,N,A,C,A,A,H,-,A,D,0,NA,NA,NA,NA,Y,NA,D,22,0,1,0,0,0,0,0,0,0,-,-,33.65388870239258,-117.89470672607422,ORANGE,COSTA MESA,-117.89476776123048,33.65382385253906
9693045,2024,2024-06-11,3006,2024-01-26,1402,350,24,5,5,3,3006,0,0,0,NA,0,002,LA PALMA AV,MOODY ST,0,NA,Y,A,-,N,NA,NA,NA,NA,NA,NA,NA,NA,NA,N,4,0,3,2,D,-,00,NA,NA,N,A,C,A,A,H,-,A,A,0,NA,NA,NA,NA,Y,NA,-,-,0,0,3,0,0,0,0,0,0,-,-,NA,NA,ORANGE,LA PALMA,-118.04608917236328,33.84621810913086
9693130,2024,2024-06-18,3004,2024-04-28,1333,P693,14,7,5,6,3004,0,0,0,NA,0,009,PLACENTIA AV,SWAN DR,449,N,N,A,-,N,NA,NA,NA,NA,NA,NA,NA,NA,NA,N,3,0,1,2,A,-,03,22350,NA,N,A,G,A,A,H,-,A,A,0,NA,Y,NA,NA,Y,NA,-,NA,0,1,0,0,0,0,1,0,0,-,-,33.67036819458008,-117.93714904785156,ORANGE,COSTA MESA,-117.93707275390624,33.670166015625
9693447,2024,2024-06-11,3000,2024-04-29,932,7607,92106,1,5,4,3049,0,0,0,NA,0,181,PACIFIC PARK DR,ALISO VIEJO PKWY,17,W,N,A,-,N,NA,NA,NA,NA,NA,NA,NA,NA,NA,Y,4,0,2,2,A,-,03,22350,NA,N,C,C,A,A,H,-,A,A,0,NA,NA,NA,NA,Y,NA,A,07,0,0,2,0,0,0,0,0,0,-,-,NA,NA,ORANGE,ALISO VIEJO,-117.73067474365234,33.57059860229492
9694216,2024,2024-06-26,3000,2024-04-02,2135,11152,797J1,2,5,4,3021,0,0,0,NA,0,421,BEACH BL,CERRITOS AV,246,N,N,A,-,Y,ORA,12,39,-,-,11.23,H,-,N,N,2,0,1,2,A,O,-,NA,NA,N,G,B,D,A,H,-,C,D,0,Y,NA,NA,NA,Y,NA,N,60,1,0,0,0,1,0,0,0,0,-,-,NA,NA,ORANGE,STANTON,-117.99311065673828,33.810951232910156
9694494,2023,2024-05-01,3000,2023-06-27,1823,12128,892A4,2,5,5,3050,0,0,0,NA,0,765,EL TORO RD,SERRANO RD,17,W,N,A,-,N,NA,NA,NA,NA,NA,NA,NA,NA,NA,N,4,0,1,2,A,-,11,21950,B,N,G,B,B,A,H,-,A,A,0,Y,NA,NA,NA,Y,NA,N,60,0,0,1,0,1,0,0,0,0,-,-,NA,NA,ORANGE,LAKE FOREST,-117.68258666992188,33.63490676879883
9696512,2024,2024-06-18,3012,2024-04-22,1732,686,14,1,5,5,3012,0,0,0,NA,0,001,WHITTIER BL,CORTO WY,21,W,N,B,-,Y,ORA,12,39,-,-,21.009,I,5,S,Y,4,0,1,2,A,-,08,22107,NA,N,B,C,A,A,H,-,A,A,0,NA,NA,NA,NA,Y,NA,A,07,0,0,1,0,0,0,0,0,0,-,-,NA,NA,ORANGE,LA HABRA,-117.9625244140625,33.9394416809082
9696811,2024,2024-05-06,3000,2024-03-08,1543,9631,921D6,5,5,4,3049,0,0,0,NA,0,183,PACIFIC PARK DR,WOOD CANYON DR,237,E,N,A,-,N,NA,NA,NA,NA,NA,NA,NA,NA,NA,Y,4,0,1,4,A,-,03,22350,NA,N,C,C,A,A,H,-,A,A,0,NA,NA,NA,NA,Y,NA,A,07,0,0,1,0,0,0,0,0,0,-,-,NA,NA,ORANGE,ALISO VIEJO,-117.73418426513672,33.571258544921875
9696950,2024,2024-07-02,3009,2024-02-25,1147,5003,124,7,5,6,3009,0,0,0,NA,0,021,GARDEN GROVE BL,7TH ST,15,W,N,A,-,N,NA,NA,NA,NA,NA,NA,NA,NA,NA,N,4,0,2,2,A,-,08,22107,NA,N,C,C,A,A,H,-,A,A,0,NA,NA,NA,NA,Y,NA,A,01,0,0,2,0,0,0,0,0,0,-,-,NA,NA,ORANGE,GARDEN GROVE,-117.93448638916016,33.77418899536133
9697890,2024,2024-06-26,3000,2024-04-07,1555,10902,893A2,7,5,4,3048,0,0,0,NA,0,367,AVENIDA DE LAS FLORES,LAS HIERBAS,0,NA,Y,A,-,N,NA,NA,NA,NA,NA,NA,NA,NA,NA,Y,4,0,2,2,A,-,09,21802,A,N,D,C,A,A,H,-,A,A,0,NA,NA,NA,NA,Y,NA,D,22,0,0,2,0,0,0,0,0,0,-,-,NA,NA,ORANGE,RANCHO SANTA MARGARITA,-117.59712982177734,33.64649200439453
9703834,2024,2024-07-01,3000,2024-05-09,1716,10618,892E2,4,5,5,3028,0,0,0,NA,0,058,MARGUERITE PKWY,LA BARCA,35,S,N,A,-,N,NA,NA,NA,NA,NA,NA,NA,NA,NA,Y,4,0,1,2,A,-,01,23152,A,N,C,C,A,A,H,-,A,A,0,NA,NA,NA,NA,Y,Y,A,01,0,0,1,0,0,0,0,0,0,-,-,NA,NA,ORANGE,MISSION VIEJO,-117.6434326171875,33.645263671875
9703837,2024,2024-07-02,3000,2024-05-10,1337,5377,951F3,5,5,5,3040,0,0,0,NA,0,741,KITE HILL,KINGLET CT,0,NA,Y,A,-,N,NA,NA,NA,NA,NA,NA,NA,NA,NA,Y,4,0,1,2,A,-,08,22107,NA,N,D,C,A,A,H,-,A,D,0,NA,NA,NA,NA,Y,NA,A,07,0,0,1,0,0,0,0,0,0,-,-,NA,NA,ORANGE,LAGUNA NIGUEL,-117.71100616455078,33.53651809692383
9704613,2024,2024-07-01,3009,2024-05-08,1354,4352,124,3,5,6,3009,0,0,0,NA,0,2-1,EUCLID ST,COLLEGE AVE,58,N,N,A,-,N,NA,NA,NA,NA,NA,NA,NA,NA,NA,Y,4,0,3,2,A,-,08,22107,NA,N,B,C,A,A,H,-,A,A,0,NA,NA,NA,NA,Y,NA,D,22,0,0,3,0,0,0,0,0,0,-,-,NA,NA,ORANGE,GARDEN GROVE,-117.9407196044922,33.77970504760742
9706074,2024,2024-06-06,3006,2024-03-23,1410,344,24,6,5,3,3006,0,0,0,NA,0,001,LA PALMA AV,MOODY ST,300,E,N,A,-,N,NA,NA,NA,NA,NA,NA,NA,NA,NA,N,4,0,1,2,A,-,03,22350,NA,N,C,C,A,A,H,-,A,D,0,NA,NA,Y,NA,Y,NA,A,01,0,0,1,0,0,0,0,0,0,-,-,NA,NA,ORANGE,LA PALMA,-118.04510498046876,33.84622573852539
9707098,2024,2024-06-14,3009,2024-04-01,2115,5088,032,1,5,6,3009,0,0,0,NA,0,011,CHAPMAN AV,KNOTT ST,0,NA,Y,A,-,N,NA,NA,NA,NA,NA,NA,NA,NA,NA,Y,2,0,2,2,A,-,01,23152,A,N,C,C,A,A,H,-,C,D,0,NA,NA,NA,NA,Y,Y,A,01,1,0,1,0,0,0,0,0,0,-,-,NA,NA,ORANGE,GARDEN GROVE,-118.01113128662108,33.78830337524414
9707906,2024,2024-08-26,3012,2024-06-06,1452,611,46,4,5,5,3012,0,0,0,NA,0,004,HARBOR BL,LAMBERT RD,8,S,N,A,-,N,NA,NA,NA,NA,NA,NA,NA,NA,NA,Y,2,0,1,1,C,-,18,NA,NA,N,H,A,A,A,H,-,A,A,0,NA,NA,Y,NA,Y,NA,-,-,1,0,0,0,0,0,0,0,1,-,-,NA,NA,ORANGE,LA HABRA,-117.9330596923828,33.924598693847656
9711165,2024,2024-08-19,3003,2024-07-18,1530,1210,NA,4,5,5,3003,0,0,0,NA,0,NA,WESTERN AV,WALNUT AV,256,S,N,A,-,N,NA,NA,NA,NA,NA,NA,NA,NA,NA,Y,4,0,2,2,A,-,09,21804,NA,N,D,C,A,A,H,-,A,D,0,NA,NA,NA,NA,Y,NA,A,01,0,0,2,0,0,0,0,0,0,-,-,33.85689926147461,-118.00229644775392,ORANGE,BUENA PARK,-118.00244140625,33.85654830932617
9712248,2024,2024-09-12,3012,2024-07-24,905,611,33,3,5,5,3012,0,0,0,NA,0,003,MONTE VISTA ST,LAMBERT RD,14,N,N,A,-,N,NA,NA,NA,NA,NA,NA,NA,NA,NA,N,4,0,2,2,A,-,00,22152,F,N,C,C,A,A,H,-,A,A,0,NA,NA,NA,NA,Y,NA,A,01,0,0,2,0,0,0,0,0,0,-,-,NA,NA,ORANGE,LA HABRA,-117.95484161376952,33.92469787597656
9712310,2024,2024-10-01,3000,2024-07-10,1302,11582,922A7,3,5,5,3040,0,0,0,NA,0,043,CROWN VALLEY PKWY,CABOT RD,0,NA,Y,A,-,N,NA,NA,NA,NA,NA,NA,NA,NA,NA,N,4,0,1,2,B,-,22,NA,NA,N,D,C,A,A,H,-,A,A,0,NA,NA,NA,NA,Y,NA,J,41,0,0,1,0,0,0,0,0,0,-,-,33.55786895751953,-117.67913818359376,ORANGE,LAGUNA NIGUEL,-117.67906951904295,33.55707550048828
9714039,2024,2024-07-31,3000,2024-06-08,1657,10561,993B6,6,5,5,3017,0,0,0,NA,0,072,SOUTH EL CAMINO REAL,EAST AVENIDA JUNIPERO,0,NA,Y,A,-,N,NA,NA,NA,NA,NA,NA,NA,NA,NA,N,4,0,2,2,A,-,12,22450,A,N,D,C,A,A,H,-,A,A,0,NA,NA,NA,NA,Y,NA,A,07,0,0,2,0,0,0,0,0,0,-,-,NA,NA,ORANGE,SAN CLEMENTE,-117.60128021240234,33.41597366333008
9716483,2024,2024-07-25,3000,2024-06-18,1047,10576,922D2,2,5,5,3028,0,0,0,NA,0,750,PACIFIC CREST DR,AVANTI DR,147,S,N,A,-,N,NA,NA,NA,NA,NA,NA,NA,NA,NA,Y,3,0,1,2,A,-,08,22107,NA,N,B,E,A,A,H,-,A,D,0,NA,NA,NA,NA,Y,NA,A,07,0,1,0,0,0,0,0,0,0,-,-,NA,NA,ORANGE,MISSION VIEJO,-117.65077209472656,33.592308044433594
9716792,2024,2024-09-09,3009,2024-05-13,1730,5003,115,1,5,6,3009,0,0,0,NA,0,2-1,GARDEN GROVE BL,NELSON ST,0,NA,Y,A,-,N,NA,NA,NA,NA,NA,NA,NA,NA,NA,Y,4,0,3,4,A,-,09,21801,A,N,D,C,A,A,H,-,A,A,0,NA,NA,NA,NA,Y,NA,A,01,0,0,3,0,0,0,0,0,0,-,-,NA,NA,ORANGE,GARDEN GROVE,-117.94516754150392,33.774200439453125
9716869,2024,2024-08-01,3004,2024-05-06,1645,P519,02,1,5,6,3004,0,0,0,NA,0,007,WEST 19TH ST,HARBOR BD,273,E,N,A,-,N,NA,NA,NA,NA,NA,NA,NA,NA,NA,N,3,0,1,2,A,-,09,21804,NA,N,H,G,A,A,H,-,A,D,0,NA,Y,NA,NA,Y,NA,A,01,0,1,0,0,0,0,1,0,0,-,-,NA,NA,ORANGE,COSTA MESA,-117.91807556152344,33.64334487915039
9717201,2024,2024-08-26,3009,2024-07-01,1422,4874,092,1,5,6,3009,0,0,0,NA,0,012,BROOKHURST ST,MELODY PARK DR,6,S,N,A,-,N,NA,NA,NA,NA,NA,NA,NA,NA,NA,N,3,0,1,2,A,-,05,21650,1,N,D,G,A,A,H,-,A,D,0,NA,Y,NA,NA,Y,NA,L,04,0,1,0,0,0,0,1,0,0,-,-,NA,NA,ORANGE,GARDEN GROVE,-117.95879364013672,33.79076385498047
9718357,2024,2026-02-25,3005,2024-06-29,2054,8337,C46,6,5,4,3005,0,0,0,NA,0,003,NOUMEA ST,VALLEY VIEW ST,36,W,N,A,-,N,NA,NA,NA,NA,NA,NA,NA,NA,NA,Y,2,0,2,3,A,-,09,21804,A,F,B,C,A,A,H,-,C,D,0,NA,NA,Y,NA,Y,NA,A,01,1,1,0,0,0,0,0,0,1,-,-,NA,NA,ORANGE,CYPRESS,-118.02867889404295,33.79295349121094
9719055,2024,2024-08-23,3000,2024-07-06,637,12831,922C5,6,5,5,3028,0,0,0,NA,0,052,MARGUERITE PKWY,LA MANCHA,0,NA,Y,B,-,N,NA,NA,NA,NA,NA,NA,NA,NA,NA,Y,4,0,2,2,A,-,12,21453,A,N,D,D,A,A,H,-,A,A,0,NA,NA,NA,NA,Y,NA,A,07,0,0,2,0,0,0,0,0,0,-,-,33.57326889038086,-117.65843200683594,ORANGE,MISSION VIEJO,-117.65840911865234,33.57325744628906
9719279,2024,2024-09-13,3011,2024-08-02,1006,31649,36,5,5,4,3011,0,0,0,NA,0,002,RT 1,LEGION ST,384,N,N,A,-,Y,ORA,12,1,-,-,1.917,H,-,S,Y,3,0,1,3,A,-,08,22107,NA,N,B,E,A,A,H,-,A,D,0,NA,NA,NA,NA,Y,NA,A,01,0,1,0,0,0,0,0,0,0,-,-,NA,NA,ORANGE,LAGUNA BEACH,-117.7821044921875,33.5406379699707
9719296,2024,2024-08-05,3006,2024-05-22,1535,353,228,3,5,3,3006,0,0,0,NA,0,002,WALKER ST,LA LUNA DR,186,N,N,A,-,N,NA,NA,NA,NA,NA,NA,NA,NA,NA,N,3,0,1,1,B,-,22,NA,NA,N,F,I,A,A,H,-,A,D,0,NA,Y,NA,NA,Y,NA,L,04,0,1,0,0,0,0,1,0,0,-,-,NA,NA,ORANGE,LA PALMA,-118.03720855712892,33.84428024291992
9720305,2024,2024-10-16,3012,2024-06-04,652,568,38,2,5,5,3012,0,0,0,NA,0,003,BEACH BL,WESTRIDGE PLAZA NORTH,90,N,N,B,-,Y,ORA,12,39,-,-,19.05,H,-,S,N,4,0,1,3,A,-,03,22350,NA,N,C,C,A,A,H,-,A,A,0,NA,NA,NA,NA,Y,NA,A,08,0,0,1,0,0,0,0,0,0,-,-,NA,NA,ORANGE,LA HABRA,-117.9691162109375,33.91588592529297
9720786,2024,2024-08-07,3000,2024-06-23,858,10651,891G6,7,5,5,3050,0,0,0,NA,0,160,EL TORO RD,ROCKFIELD BL,51,E,N,A,-,N,NA,NA,NA,NA,NA,NA,NA,NA,NA,N,4,0,2,2,A,-,21,22106,NA,N,C,C,A,A,H,-,A,A,0,NA,NA,NA,NA,Y,NA,A,01,0,0,2,0,0,0,0,0,0,-,-,NA,NA,ORANGE,LAKE FOREST,-117.7046127319336,33.61709976196289
9720843,2024,2024-08-07,3000,2024-05-27,1755,5013,862E5,1,5,5,3050,0,0,0,NA,0,765,SADDELBACK RANCH RD,GLENN RANCH RD,0,NA,Y,A,-,N,NA,NA,NA,NA,NA,NA,NA,NA,NA,N,4,0,1,3,A,-,09,21453,C,N,C,C,A,A,H,-,A,A,0,NA,NA,NA,NA,Y,NA,A,07,0,0,1,0,0,0,0,0,0,-,-,NA,NA,ORANGE,LAKE FOREST,-117.6367645263672,33.6737060546875
9723377,2024,2024-10-11,3002,2024-09-17,2133,12602,740B6,2,5,5,3025,0,0,0,NA,0,002,LAKEVIEW AV,MARIPOSA AV,151,N,N,A,-,N,NA,NA,NA,NA,NA,NA,NA,NA,NA,Y,4,0,1,1,A,-,08,22107,NA,N,E,I,A,A,H,-,C,D,0,NA,NA,NA,NA,Y,NA,A,07,0,0,1,0,0,0,0,0,0,-,-,NA,NA,ORANGE,YORBA LINDA,-117.81609344482422,33.87256622314453
9723703,2024,2024-10-15,3005,2024-09-19,910,8041,C15,4,5,4,3005,0,0,0,NA,0,002,WALKER ST,ORANGE AV,0,NA,Y,B,-,N,NA,NA,NA,NA,NA,NA,NA,NA,NA,N,3,0,1,2,A,-,05,21202,A,N,D,G,A,A,H,-,A,A,0,NA,Y,NA,NA,Y,NA,L,04,0,1,0,0,0,0,1,0,0,-,-,NA,NA,ORANGE,CYPRESS,-118.0369110107422,33.82434844970703
9723739,2024,2024-10-15,3013,2024-07-21,1504,226,L10,7,5,3,3013,0,0,0,NA,0,003,KATELLA AV,SIBONEY ST,411,W,N,A,-,N,NA,NA,NA,NA,NA,NA,NA,NA,NA,Y,3,0,1,2,A,-,03,22350,NA,N,C,C,A,A,H,-,A,A,0,NA,NA,NA,NA,Y,NA,A,01,0,1,0,0,0,0,0,0,0,-,-,NA,NA,ORANGE,LOS ALAMITOS,-118.04499816894533,33.802955627441406
9724697,2024,2024-09-04,3000,2024-06-19,2023,12043,951F5,3,5,5,3040,0,0,0,NA,0,743,CROWN VALLEY PKWY,ALICIA PKWY,0,NA,Y,A,-,N,NA,NA,NA,NA,NA,NA,NA,NA,NA,Y,4,0,1,2,A,-,12,21453,A,N,D,C,A,A,H,-,C,A,0,NA,NA,NA,NA,Y,NA,A,01,0,0,1,0,0,0,0,0,0,-,-,NA,NA,ORANGE,LAGUNA NIGUEL,-117.7149658203125,33.523651123046875