CASE_ID,ACCIDENT_YEAR,PROC_DATE,JURIS,COLLISION_DATE,COLLISION_TIME,OFFICER_ID,REPORTING_DISTRICT,DAY_OF_WEEK,CHP_SHIFT,POPULATION,CNTY_CITY_LOC,SPECIAL_COND,BEAT_TYPE,CHP_BEAT_TYPE,CITY_DIVISION_LAPD,CHP_BEAT_CLASS,BEAT_NUMBER,PRIMARY_RD,SECONDARY_RD,DISTANCE,DIRECTION,INTERSECTION,WEATHER_1,WEATHER_2,STATE_HWY_IND,CALTRANS_COUNTY,CALTRANS_DISTRICT,STATE_ROUTE,ROUTE_SUFFIX,POSTMILE_PREFIX,POSTMILE,LOCATION_TYPE,RAMP_INTERSECTION,SIDE_OF_HWY,TOW_AWAY,COLLISION_SEVERITY,NUMBER_KILLED,NUMBER_INJURED,PARTY_COUNT,PRIMARY_COLL_FACTOR,PCF_CODE_OF_VIOL,PCF_VIOL_CATEGORY,PCF_VIOLATION,PCF_VIOL_SUBSECTION,HIT_AND_RUN,TYPE_OF_COLLISION,MVIW,PED_ACTION,ROAD_SURFACE,ROAD_COND_1,ROAD_COND_2,LIGHTING,CONTROL_DEVICE,CHP_ROAD_TYPE,PEDESTRIAN_ACCIDENT,BICYCLE_ACCIDENT,MOTORCYCLE_ACCIDENT,TRUCK_ACCIDENT,NOT_PRIVATE_PROPERTY,ALCOHOL_INVOLVED,STWD_VEHTYPE_AT_FAULT,CHP_VEHTYPE_AT_FAULT,COUNT_SEVERE_INJ,COUNT_VISIBLE_INJ,COUNT_COMPLAINT_PAIN,COUNT_PED_KILLED,COUNT_PED_INJURED,COUNT_BICYCLIST_KILLED,COUNT_BICYCLIST_INJURED,COUNT_MC_KILLED,COUNT_MC_INJURED,PRIMARY_RAMP,SECONDARY_RAMP,LATITUDE,LONGITUDE,COUNTY,CITY,POINT_X,POINT_Y
6635751,2014,2014-10-06,3009,2014-09-15,2040,1905,134,1,5,6,3009,0,0,0,NA,0,021,GARDEN GROVE BL,SAFFORD ST,60,W,N,A,-,N,NA,NA,NA,NA,NA,NA,NA,NA,NA,Y,2,0,1,3,A,-,03,22350,NA,N,C,C,A,A,H,-,D,A,0,NA,NA,NA,NA,Y,NA,D,22,1,0,0,0,0,0,0,0,0,-,-,NA,NA,ORANGE,GARDEN GROVE,-117.93093697,33.77434824
6636949,2014,2016-01-15,3019,2014-09-21,0052,3324,SE,7,5,7,3019,0,0,0,NA,0,208,RITCHEY ST,NEWPORT CIR,118,S,N,A,-,N,NA,NA,NA,NA,NA,NA,NA,NA,NA,Y,2,0,1,3,A,-,01,23152,NA,N,G,B,E,A,H,-,C,D,0,Y,NA,NA,NA,Y,Y,A,01,1,0,0,0,1,0,0,0,0,-,-,NA,NA,ORANGE,SANTA ANA,-117.84260822,33.71827178
6637051,2014,2014-10-14,3001,2014-09-19,1933,415,NA,5,5,7,3001,0,0,0,NA,0,0D3,EAST BALL RD,EAST ST,740,E,N,A,-,N,NA,NA,NA,NA,NA,NA,NA,NA,NA,Y,3,0,3,4,A,-,03,22350,NA,N,C,C,A,A,H,-,C,A,0,NA,NA,NA,NA,Y,NA,A,01,0,1,2,0,0,0,0,0,0,-,-,NA,NA,ORANGE,ANAHEIM,-117.89368947,33.8181
6637397,2014,2016-05-31,3019,2014-09-13,1327,2963,NORTH,6,5,7,3019,0,0,0,NA,0,002,RT 5,GRAND AV,10,E,N,A,-,Y,ORA,12,5,-,-,31.627,R,4,N,N,4,0,2,2,A,-,03,22350,NA,N,C,C,A,A,H,-,A,A,0,NA,NA,NA,NA,Y,NA,D,22,0,0,2,0,0,0,0,0,0,-,-,NA,NA,ORANGE,SANTA ANA,-117.84941727,33.75400394
6637507,2014,2014-11-05,3024,2014-09-17,2038,142,P36,3,5,5,3024,0,0,0,NA,0,EAST,BOLSA AV,WARD ST,0,NA,Y,A,-,N,NA,NA,NA,NA,NA,NA,NA,NA,NA,N,2,0,1,2,A,-,12,21453,A,N,D,B,A,A,H,-,C,A,0,NA,Y,NA,NA,Y,NA,A,07,1,0,0,0,0,0,0,0,0,-,-,NA,NA,ORANGE,WESTMINSTER,-117.94615008,33.74501011
6637843,2014,2014-10-24,3007,2014-09-13,0000,293,42,6,5,5,3007,0,0,0,NA,0,101,MAGNOLIA,WARNER,6,E,N,A,-,N,NA,NA,NA,NA,NA,NA,NA,NA,NA,Y,2,0,1,2,A,-,11,21456,NA,F,G,B,B,A,H,-,C,A,0,Y,NA,NA,NA,Y,Y,N,60,1,0,0,0,1,0,0,0,0,-,-,NA,NA,ORANGE,FOUNTAIN VALLEY,-117.97195572,33.71575606
6638213,2014,2016-05-28,9675,2014-09-13,1825,020780,NA,6,2,7,3019,0,1,1,NA,2,502,RT 5,1ST ST,200,N,N,A,-,Y,ORA,12,5,-,-,30.94,H,-,N,Y,3,0,1,3,A,-,01,23152,A,N,C,C,A,A,H,-,B,D,1,NA,NA,NA,NA,Y,Y,A,01,0,1,0,0,0,0,0,0,0,-,-,33.74644,-117.84249,ORANGE,SANTA ANA,-117.84237781,33.74611502
6640043,2014,2014-10-23,3019,2014-09-15,1128,3151,NE,1,5,7,3019,0,0,0,NA,0,002,ENGLISH ST,17TH ST,60,S,N,A,-,N,NA,NA,NA,NA,NA,NA,NA,NA,NA,Y,4,0,1,3,A,-,03,22350,NA,M,C,C,A,A,H,-,A,A,0,NA,NA,NA,NA,Y,NA,A,01,0,0,1,0,0,0,0,0,0,-,-,NA,NA,ORANGE,SANTA ANA,-117.8966619,33.75974552
6640710,2014,2014-10-08,3015,2014-08-29,1208,1364,27E,5,5,6,3015,0,0,0,NA,0,NA,N GLASSELL ST,W MEATS AV,0,NA,Y,A,-,N,NA,NA,NA,NA,NA,NA,NA,NA,NA,Y,3,0,2,3,A,-,09,21801,A,N,D,C,A,A,H,-,A,A,0,NA,NA,NA,NA,Y,NA,A,01,0,1,1,0,0,0,0,0,0,-,-,NA,NA,ORANGE,ORANGE,-117.85303001,33.82293003
6641852,2014,2016-05-28,3010,2014-09-07,0942,0147,462,7,5,6,3010,0,0,0,NA,0,002,RT 1,HUNTINGTON ST,0,NA,Y,A,-,Y,ORA,12,1,-,-,24.961,I,5,N,N,3,0,2,2,A,-,12,21453,A,N,D,B,B,A,H,-,A,A,0,Y,Y,NA,NA,Y,NA,L,04,0,1,1,0,1,0,1,0,0,-,-,NA,NA,ORANGE,HUNTINGTON BEACH,-118.00510721,33.65942913
6643193,2014,2014-11-05,3016,2014-09-22,1310,1153,42,1,5,5,3016,0,0,0,NA,0,002,RICHFIELD RD,MCCARRON ST,172,S,N,A,-,N,NA,NA,NA,NA,NA,NA,NA,NA,NA,N,4,0,1,2,A,-,03,22350,NA,N,C,C,A,A,H,-,A,D,0,NA,NA,NA,NA,Y,NA,A,01,0,0,1,0,0,0,0,0,0,-,-,NA,NA,ORANGE,PLACENTIA,-117.826,33.8684785
6645584,2014,2014-10-28,3026,2014-09-26,1245,4779,NA,5,5,6,3026,0,0,0,NA,0,00C,LAGUNA CANYON RD,BARRANCA PKWY,0,NA,Y,A,-,N,NA,NA,NA,NA,NA,NA,NA,NA,NA,Y,4,0,1,2,A,-,12,21453,A,N,D,C,A,A,H,-,A,A,0,NA,NA,NA,NA,Y,NA,A,01,0,0,1,0,0,0,0,0,0,-,-,NA,NA,ORANGE,IRVINE,-117.76681008,33.66166004
6645926,2014,2016-04-27,9690,2014-09-13,1420,19279,NA,6,2,4,3018,0,1,1,NA,2,057,RT 5,SAN JUAN CREEK RD,7392,S,N,A,-,Y,ORA,12,5,-,-,7.47,H,-,N,Y,3,0,1,1,A,-,03,22350,NA,N,F,A,A,A,H,-,A,D,1,NA,NA,Y,NA,Y,NA,C,02,0,1,0,0,0,0,0,0,1,-,-,33.47318,-117.67471,ORANGE,SAN JUAN CAPISTRANO,-117.6742601,33.47540948
6646747,2014,2014-10-13,3001,2014-09-27,1127,1555,D3,6,5,7,3001,0,0,0,NA,0,2226,HASTER ST,ORANGEWOOD AV,45,N,N,B,-,N,NA,NA,NA,NA,NA,NA,NA,NA,NA,Y,4,0,3,3,A,-,03,22350,NA,N,C,C,A,A,H,-,A,A,0,NA,NA,NA,NA,Y,NA,A,01,0,0,3,0,0,0,0,0,0,-,-,NA,NA,ORANGE,ANAHEIM,-117.9064128,33.79624335
6647869,2014,2014-11-03,3007,2014-09-05,1844,283,64,5,5,5,3007,0,0,0,NA,0,303,ELLIS AV,CALLENS CIR,380,E,N,A,-,N,NA,NA,NA,NA,NA,NA,NA,NA,NA,N,2,0,1,2,A,-,09,21804,A,N,D,C,A,A,H,-,A,A,0,NA,NA,Y,NA,Y,NA,A,01,1,0,0,0,0,0,0,0,1,-,-,NA,NA,ORANGE,FOUNTAIN VALLEY,-117.95584382,33.69412
6651083,2014,2014-10-10,3012,2014-09-16,1447,288,25,2,5,5,3012,0,0,0,NA,0,002,LA HABRA BL,EUCLID ST,21,E,N,A,-,N,NA,NA,NA,NA,NA,NA,NA,NA,NA,N,3,0,1,2,A,-,05,21202,A,N,H,G,A,A,H,-,A,A,0,NA,Y,NA,NA,Y,NA,L,04,0,1,0,0,0,0,1,0,0,-,-,NA,NA,ORANGE,LA HABRA,-117.94613,33.93186
6651286,2014,2014-10-14,3019,2014-06-24,1250,3150,NE,2,5,7,3019,0,0,0,NA,0,002,SPURGEON ST,15TH ST,60,N,N,A,-,N,NA,NA,NA,NA,NA,NA,NA,NA,NA,N,2,0,1,2,A,-,11,21954,A,N,G,B,D,A,H,-,A,D,0,Y,NA,NA,NA,Y,NA,N,60,1,0,0,0,1,0,0,0,0,-,-,NA,NA,ORANGE,SANTA ANA,-117.86520698,33.75797447
6653442,2014,2014-10-21,3010,2014-09-27,0008,1059,453,6,5,6,3010,0,0,0,NA,0,002,ATLANTA AV,NEWLAND ST,85,W,N,A,-,N,NA,NA,NA,NA,NA,NA,NA,NA,NA,Y,4,0,7,3,A,-,01,23152,A,N,C,C,A,A,H,-,C,A,0,NA,NA,NA,NA,Y,Y,D,22,0,0,7,0,0,0,0,0,0,-,-,NA,NA,ORANGE,HUNTINGTON BEACH,-117.98001869,33.65768
6653445,2014,2014-11-17,3010,2014-09-27,0554,0147,444,6,5,6,3010,0,0,0,NA,0,003,ADAMS,NEWLAND,0,NA,Y,A,-,N,NA,NA,NA,NA,NA,NA,NA,NA,NA,Y,3,0,1,2,A,-,12,21453,A,N,D,C,A,A,D,-,C,A,0,NA,NA,NA,NA,Y,NA,A,07,0,1,0,0,0,0,0,0,0,-,-,NA,NA,ORANGE,HUNTINGTON BEACH,-117.97992009,33.67228009
6653721,2014,2016-05-28,3026,2014-09-26,0742,416,NA,5,5,6,3026,0,0,0,NA,0,00C,RT 133,LAKE FOREST,157,N,N,A,-,Y,ORA,12,133,-,R,7.47,H,-,N,Y,4,0,2,3,A,-,03,22350,NA,N,C,C,A,A,H,-,A,A,0,NA,NA,NA,NA,Y,NA,A,01,0,0,2,0,0,0,0,0,0,-,-,NA,NA,ORANGE,IRVINE,-117.76028519,33.63850908
6653748,2014,2014-10-16,3008,2014-09-30,1132,1033,NA,2,5,6,3008,0,0,0,NA,0,0Z2,BASTANCHURY RD,BREA BL,0,NA,Y,A,-,N,NA,NA,NA,NA,NA,NA,NA,NA,NA,Y,3,0,1,2,A,-,09,21453,C,N,A,C,A,A,H,-,A,A,0,NA,NA,NA,NA,Y,NA,A,07,0,1,0,0,0,0,0,0,0,-,-,NA,NA,ORANGE,FULLERTON,-117.90936013,33.8993801
6653766,2014,2014-10-30,3019,2014-09-23,1544,2460,NE,2,5,7,3019,0,0,0,NA,0,002,MAIN ST,15TH ST,240,N,N,A,-,N,NA,NA,NA,NA,NA,NA,NA,NA,NA,N,3,0,1,2,A,-,11,21954,A,N,G,B,D,A,H,-,A,D,0,Y,NA,NA,NA,Y,NA,N,60,0,1,0,0,1,0,0,0,0,-,-,NA,NA,ORANGE,SANTA ANA,-117.86759,33.75847785
6653818,2014,2016-05-26,3010,2014-09-28,0659,2119,422,7,5,6,3010,0,0,0,NA,0,0659,BEACH BL,CONSTANTINE,0,NA,Y,A,-,Y,ORA,12,39,-,-,2.841,I,5,N,Y,3,0,2,2,A,-,09,21801,A,N,D,C,A,A,H,-,A,D,0,NA,NA,NA,NA,Y,NA,A,01,0,1,1,0,0,0,0,0,0,-,-,NA,NA,ORANGE,HUNTINGTON BEACH,-117.98871451,33.68966111
6657107,2014,2016-04-26,9675,2014-09-24,0215,018272,NA,3,3,6,3015,0,1,3,NA,2,550,RT 55,KATELLA AV,1000,N,N,A,-,Y,ORA,12,55,-,-,15.47,H,-,N,Y,3,0,1,2,A,-,01,23152,A,N,C,C,A,A,H,-,C,D,6,NA,NA,NA,Y,Y,Y,A,01,0,1,0,0,0,0,0,0,0,-,-,33.82353,-117.83174,ORANGE,ORANGE,-117.83185523,33.81333515
6657216,2014,2016-05-28,9675,2014-09-26,1753,19407,NA,5,2,6,3004,0,1,1,NA,2,045,RT 405,RED HILL AV,55,N,N,A,-,Y,ORA,12,405,-,-,8.45,H,-,N,Y,3,0,1,2,A,-,07,21658,A,N,C,C,A,A,H,-,A,D,6,NA,NA,Y,NA,Y,NA,A,01,0,1,0,0,0,0,0,0,1,-,-,33.6873,-117.86701,ORANGE,COSTA MESA,-117.86721458,33.68708375
6657228,2014,2016-05-28,9675,2014-09-26,1950,20746,NA,5,2,5,3022,0,1,1,NA,2,503,RT 5,RT 55,700,S,N,A,-,Y,ORA,12,5,-,-,30.13,H,-,S,N,4,0,2,3,A,-,03,22350,NA,N,C,C,A,A,H,-,B,D,1,NA,NA,NA,NA,Y,NA,A,01,0,0,2,0,0,0,0,0,0,-,-,33.73995,-117.83145,ORANGE,TUSTIN,-117.83135545,33.73963774
6657950,2014,2014-12-10,3001,2014-10-04,1913,2165,NA,6,5,7,3001,0,0,0,NA,0,NA,BALL RD,DALE AV,0,NA,Y,A,-,N,NA,NA,NA,NA,NA,NA,NA,NA,NA,N,3,0,2,2,A,-,09,21801,A,N,B,C,A,A,H,-,C,A,0,NA,NA,NA,NA,Y,NA,A,01,0,1,1,0,0,0,0,0,0,-,-,NA,NA,ORANGE,ANAHEIM,-117.98455002,33.81752002
6658112,2014,2014-11-17,3015,2014-10-08,0911,0656,32E,3,5,6,3015,0,0,0,NA,0,722,OLIVE ST,WALNUT AV,0,NA,Y,A,-,N,NA,NA,NA,NA,NA,NA,NA,NA,NA,N,3,0,1,2,A,-,09,21802,A,N,D,G,A,A,H,-,A,A,0,NA,Y,NA,NA,Y,NA,L,04,0,1,0,0,0,0,1,0,0,-,-,NA,NA,ORANGE,ORANGE,-117.85420005,33.79509002
6658116,2014,2016-06-18,3015,2014-10-03,1231,919,11,5,5,6,3015,0,0,0,NA,0,712,NORTH STATE COLLEGE BL,RT 5,0,NA,Y,A,-,Y,ORA,12,5,-,-,35.023,R,4,N,Y,4,0,2,2,A,-,12,21453,A,N,D,C,A,A,H,-,A,A,0,NA,NA,NA,NA,Y,NA,-,-,0,0,2,0,0,0,0,0,0,-,NF,NA,NA,ORANGE,ORANGE,-117.88750259,33.78970708
6659247,2014,2014-10-15,3020,2014-08-06,2136,178,NA,3,5,4,3020,0,0,0,NA,0,ROVER,ELECTRIC AV,12TH ST,22,E,N,A,-,N,NA,NA,NA,NA,NA,NA,NA,NA,NA,N,4,0,1,2,A,-,03,22350,NA,N,C,C,A,A,H,-,C,A,0,NA,NA,NA,NA,Y,Y,A,NA,0,0,1,0,0,0,0,0,0,-,-,NA,NA,ORANGE,SEAL BEACH,-118.10173173,33.74054513
6659267,2014,2016-05-26,3020,2014-08-17,1925,362,NA,7,5,4,3020,0,0,0,NA,0,002,PACIFIC COAST HWY,BOLSA,0,NA,Y,A,-,Y,ORA,12,1,-,-,33.15,H,-,N,N,4,0,1,2,A,-,03,22350,NA,N,C,C,A,A,H,-,B,A,0,NA,NA,NA,NA,Y,NA,A,01,0,0,1,0,0,0,0,0,0,-,-,NA,NA,ORANGE,SEAL BEACH,-118.10194507,33.74417955
6660135,2014,2016-06-14,9670,2014-09-26,0835,017951,NA,5,1,6,3008,0,1,1,NA,2,501,RT 5,ORANGETHORPE AV,1034,N,N,A,-,Y,ORA,12,5,-,-,42.72,H,-,S,Y,3,0,1,2,A,-,07,21658,A,N,C,C,A,A,H,-,A,D,6,NA,NA,Y,NA,Y,NA,A,01,0,1,0,0,0,0,0,0,1,-,-,33.86079,-117.98908,ORANGE,FULLERTON,-117.98861525,33.86051778
6665292,2014,2016-06-18,3010,2014-10-04,1456,2148,242,6,5,6,3010,0,0,0,NA,0,009,RT 39,CENTER AV,250,N,N,A,-,Y,ORA,12,39,-,-,5.77,H,-,S,Y,3,0,1,2,A,-,07,21658,A,N,B,C,A,A,H,-,A,D,0,NA,NA,Y,NA,Y,NA,A,01,0,1,0,0,0,0,0,0,1,-,-,NA,NA,ORANGE,HUNTINGTON BEACH,-117.98946192,33.73210862
6666191,2014,2016-06-18,3010,2014-10-17,1751,2017,262,5,5,6,3010,0,0,0,NA,0,007,TERRY AV,BEACH BL,0,NA,Y,A,-,Y,ORA,12,39,-,-,4.881,I,5,S,N,4,0,1,2,A,-,08,22107,NA,N,B,C,A,A,H,-,A,A,0,NA,NA,Y,NA,Y,NA,A,01,0,0,1,0,0,0,0,0,1,-,-,NA,NA,ORANGE,HUNTINGTON BEACH,-117.98928275,33.71930103
6666203,2014,2014-12-16,3010,2014-10-18,1317,0147,241,6,5,6,3010,0,0,0,NA,0,009,EDINGER,GOTHARD,200,E,N,A,-,N,NA,NA,NA,NA,NA,NA,NA,NA,NA,N,4,0,1,2,A,-,21,22106,NA,M,D,C,A,A,H,-,A,A,0,NA,NA,NA,NA,Y,NA,A,01,0,0,1,0,0,0,0,0,0,-,-,NA,NA,ORANGE,HUNTINGTON BEACH,-117.9996238,33.73018979
6666207,2014,2015-01-09,3010,2014-10-15,1307,0147,456,3,5,6,3010,0,0,0,NA,0,002,ATLANTA,QUEENS PARK,0,NA,Y,A,-,N,NA,NA,NA,NA,NA,NA,NA,NA,NA,Y,4,0,1,2,A,-,09,21802,A,N,D,C,A,A,H,-,A,A,0,NA,NA,NA,NA,Y,NA,A,01,0,0,1,0,0,0,0,0,0,-,-,NA,NA,ORANGE,HUNTINGTON BEACH,-117.95847006,33.65783002
6666215,2014,2014-12-16,3010,2014-10-08,1955,1122,251,3,5,6,3010,0,0,0,NA,0,007,HEIL,GOTHARD,0,NA,Y,A,-,N,NA,NA,NA,NA,NA,NA,NA,NA,NA,Y,2,0,3,2,A,-,09,21801,A,N,D,C,A,A,H,-,C,A,0,NA,NA,NA,NA,Y,NA,A,01,1,0,2,0,0,0,0,0,0,-,-,NA,NA,ORANGE,HUNTINGTON BEACH,-118.00014002,33.72285007
6666231,2014,2016-06-18,3010,2014-10-12,1902,1176,283,7,5,6,3010,0,0,0,NA,0,006,RT 39,TALBERT,64,S,N,A,-,Y,ORA,12,39,-,-,3.6,H,-,N,N,4,0,2,2,A,-,03,22350,NA,N,C,C,A,A,H,-,C,A,0,NA,NA,NA,NA,Y,NA,A,01,0,0,2,0,0,0,0,0,0,-,-,NA,NA,ORANGE,HUNTINGTON BEACH,-117.98905406,33.7007514
6668359,2014,2014-12-15,3008,2014-10-08,1308,1117,NA,3,5,6,3008,0,0,0,NA,0,Z 2,COMMONWEALTH AV,LAWRENCE AV,0,NA,Y,A,-,N,NA,NA,NA,NA,NA,NA,NA,NA,NA,Y,4,0,2,2,A,-,09,21801,A,N,D,C,A,A,H,-,A,D,0,NA,NA,NA,NA,Y,NA,A,01,0,0,2,0,0,0,0,0,0,-,-,NA,NA,ORANGE,FULLERTON,-117.91770005,33.87040007
6669208,2014,2014-12-19,9675,2014-10-13,1726,18832,NA,1,2,7,3001,0,1,3,NA,2,094,RT 91,LAKEVIEW AV,200,E,N,A,-,Y,NA,NA,91,NA,NA,NA,NA,NA,NA,N,4,0,1,2,A,-,03,22350,NA,N,C,C,A,A,H,-,A,A,0,NA,NA,NA,NA,Y,NA,A,01,0,0,1,0,0,0,0,0,0,FR,-,33.851,-117.81402,ORANGE,ANAHEIM,-117.81402254,33.85100328
6669423,2014,2016-06-18,9675,2014-10-08,1127,16754,NA,3,1,7,3019,0,1,1,NA,2,502,RT 5,BROADWAY,5,S,N,A,-,Y,ORA,12,5,-,-,33.1,H,-,N,Y,3,0,3,3,A,-,08,22107,NA,N,B,C,A,A,H,-,A,A,1,NA,NA,NA,NA,Y,NA,A,07,0,2,1,0,0,0,0,0,0,-,-,33.77171,-117.86973,ORANGE,SANTA ANA,-117.86731707,33.76801478
6670032,2014,2014-12-12,9675,2014-10-17,1900,20780,NA,5,2,6,3026,0,1,1,NA,2,530,RT 5,CULVER DR,1000,S,N,A,-,Y,NA,NA,5,NA,NA,NA,NA,NA,NA,Y,4,0,1,1,A,-,08,22107,NA,N,H,A,A,A,H,-,C,D,0,NA,NA,Y,NA,Y,NA,C,02,0,0,1,0,0,0,0,0,1,-,-,33.70718,-117.7797,ORANGE,IRVINE,-117.77960594,33.70725318
6670652,2014,2014-12-18,3019,2014-10-05,0045,3236,SOUTH,7,5,7,3019,0,0,0,NA,0,003,OAK ST,CAMILE ST,20,S,N,A,-,N,NA,NA,NA,NA,NA,NA,NA,NA,NA,N,4,0,1,2,A,-,-,NA,NA,N,G,B,E,A,H,-,C,D,0,Y,NA,NA,NA,Y,NA,N,60,0,0,1,0,1,0,0,0,0,-,-,NA,NA,ORANGE,SANTA ANA,-117.86225,33.74040517
6670700,2014,2014-12-18,3010,2014-10-13,1151,1096,158,1,5,6,3010,0,0,0,NA,0,007,EDWARDS,HEIL,0,NA,Y,A,-,N,NA,NA,NA,NA,NA,NA,NA,NA,NA,Y,3,0,3,2,A,-,12,21453,A,N,D,C,A,A,H,-,A,A,0,NA,NA,NA,NA,Y,NA,A,07,0,2,1,0,0,0,0,0,0,-,-,NA,NA,ORANGE,HUNTINGTON BEACH,-118.01549009,33.72274003
6670708,2014,2014-12-18,3019,2014-10-09,1532,2776,SC,4,5,7,3019,0,0,0,NA,0,004,HARBOR BL,1ST ST,377,S,N,A,-,N,NA,NA,NA,NA,NA,NA,NA,NA,NA,N,4,0,1,4,A,-,03,22350,NA,M,C,C,A,A,H,-,A,D,0,NA,NA,NA,NA,Y,NA,A,01,0,0,1,0,0,0,0,0,0,-,-,NA,NA,ORANGE,SANTA ANA,-117.92018,33.74515
6670722,2014,2016-05-21,3012,2014-09-26,0745,586,35,5,5,5,3012,0,0,0,NA,0,003,IMPERIAL HWY,IDAHO ST,1009,E,N,A,-,Y,ORA,12,90,-,-,1.2,H,-,W,Y,3,0,1,1,A,-,03,22350,NA,N,F,I,A,A,H,-,A,D,0,NA,NA,Y,NA,Y,NA,C,02,0,1,0,0,0,0,0,0,1,-,-,NA,NA,ORANGE,LA HABRA,-117.95558019,33.91738578
6670750,2014,2014-10-28,3012,2014-09-29,1125,424,NA,1,5,5,3012,0,0,0,NA,0,004,CYPRESS DR,1ST AV,0,NA,Y,A,-,N,NA,NA,NA,NA,NA,NA,NA,NA,NA,N,3,0,1,2,A,-,09,21801,A,N,D,C,A,A,H,-,A,A,0,NA,NA,NA,NA,Y,NA,A,01,0,1,0,0,0,0,0,0,0,-,-,NA,NA,ORANGE,LA HABRA,-117.9417901,33.93083011
6672139,2014,2015-05-15,3009,2014-09-20,0428,3607,086,6,5,6,3009,0,0,0,NA,0,1 3,WESTMINSTER AV,BUSHARD ST,55,W,N,A,-,N,NA,NA,NA,NA,NA,NA,NA,NA,NA,Y,1,1,1,1,A,-,08,22107,NA,N,E,I,A,A,H,-,C,A,0,NA,NA,NA,NA,Y,NA,A,01,1,0,0,0,0,0,0,0,0,-,-,NA,NA,ORANGE,GARDEN GROVE,-117.96381052,33.75947812
6673366,2014,2014-12-10,3008,2014-11-12,1312,1297,NA,3,5,6,3008,0,0,0,NA,0,0Z2,EUCLID ST,WILLIAMSON AV,0,NA,Y,B,-,N,NA,NA,NA,NA,NA,NA,NA,NA,NA,Y,4,0,1,2,A,-,09,21801,A,N,D,C,A,A,H,-,A,B,0,NA,NA,NA,NA,Y,NA,J,43,0,0,1,0,0,0,0,0,0,-,-,NA,NA,ORANGE,FULLERTON,-117.94195012,33.86918008
6673855,2014,2015-01-22,3001,2014-12-18,2003,1392,NA,4,5,7,3001,0,0,0,NA,0,0D3,SOUTH ANAHEIM BL,EAST BALL RD,102,S,N,A,-,N,NA,NA,NA,NA,NA,NA,NA,NA,NA,Y,4,0,1,2,A,-,21,22106,NA,N,C,C,A,A,H,-,C,A,0,NA,NA,NA,NA,Y,NA,A,01,0,0,1,0,0,0,0,0,0,-,-,NA,NA,ORANGE,ANAHEIM,-117.90795888,33.81780341
6674198,2014,2016-06-23,9675,2014-10-10,0515,020625,NA,5,3,6,3015,0,1,3,NA,2,222,RT 22,BEDFORD RD,1100,W,N,A,-,Y,ORA,12,22,-,R,10.77,H,-,W,Y,3,0,2,3,A,-,03,22350,NA,N,C,C,A,A,H,-,E,D,6,NA,NA,NA,Y,Y,NA,A,01,0,1,1,0,0,0,0,0,0,-,-,33.77838,-117.87138,ORANGE,ORANGE,-117.87143769,33.77837162
6674270,2014,2016-05-28,9690,2014-09-26,1738,020637,NA,5,2,5,3050,0,1,1,NA,2,055,RT 5,EL TORO RD,1400,S,N,A,-,Y,ORA,12,5,-,-,18.42,H,-,N,Y,4,0,2,2,A,-,08,22107,NA,N,E,H,A,A,H,-,A,D,1,NA,NA,NA,NA,Y,NA,D,22,0,0,2,0,0,0,0,0,0,-,-,33.61187,-117.70421,ORANGE,LAKE FOREST,-117.70411045,33.61194719
6674349,2014,2014-12-16,9675,2014-10-10,0755,20625,NA,5,1,9,3000,0,2,4,NA,2,042,IRVINE AV,MONTE VISTA AV,0,NA,Y,A,-,N,NA,NA,NA,NA,NA,NA,NA,NA,NA,Y,4,0,1,2,A,-,09,21802,A,N,D,C,A,A,H,-,A,A,0,NA,NA,NA,NA,Y,NA,A,01,0,0,1,0,0,0,0,0,0,-,-,33.65308,-117.88982,ORANGE,UNINCORPORATED,-117.8898501,33.65309004
6674352,2014,2016-06-23,9675,2014-10-14,0945,16754,NA,2,1,7,3019,0,1,3,NA,2,222,RT 22,LAVETA AV,600,E,N,A,-,Y,ORA,12,5,-,-,34.386,R,2,N,Y,3,0,1,1,A,-,08,22107,NA,N,E,I,A,A,H,-,A,D,1,NA,NA,NA,NA,Y,NA,A,01,0,1,0,0,0,0,0,0,0,-,-,33.78213,-117.87888,ORANGE,SANTA ANA,-117.88077383,33.78274893
6674386,2014,2016-06-20,9690,2014-10-04,1114,16128,9690,6,1,4,3018,0,1,1,NA,2,057,RT 5,AVERY PKY,2000,S,N,A,-,Y,ORA,12,5,-,-,12.56,H,-,S,N,4,0,4,2,A,-,03,22350,NA,N,C,C,A,A,H,-,A,D,1,NA,NA,NA,NA,Y,NA,A,07,0,0,4,0,0,0,0,0,0,-,-,33.53624,-117.67524,ORANGE,SAN JUAN CAPISTRANO,-117.67421045,33.54147788
6674392,2014,2016-06-17,9675,2014-10-17,0050,018102,NA,5,3,6,3026,0,1,1,NA,2,406,RT 405,CULVER DR,300,N,N,B,-,Y,ORA,12,405,-,-,5.86,H,-,S,Y,4,0,4,4,A,-,01,23152,A,N,C,C,A,A,H,-,C,D,6,NA,NA,NA,NA,Y,Y,A,01,0,0,4,0,0,0,0,0,0,-,-,33.66955,-117.82256,ORANGE,IRVINE,-117.8267727,33.67067
6675540,2014,2014-12-18,3010,2014-10-11,1440,0147,139,6,5,6,3010,0,0,0,NA,0,009,GOLDENWEST,BOLSA AV,380,S,N,A,-,N,NA,NA,NA,NA,NA,NA,NA,NA,NA,Y,4,0,1,2,A,-,09,21801,A,N,D,C,A,A,H,-,A,D,0,NA,NA,NA,NA,Y,NA,A,01,0,0,1,0,0,0,0,0,0,-,-,NA,NA,ORANGE,HUNTINGTON BEACH,-118.00697,33.74344829
6679163,2014,2014-12-22,3026,2014-10-02,0750,337,PRTLA,4,5,6,3026,0,0,0,NA,0,00P,ENCORE,MEDALLION,8,W,N,A,-,N,NA,NA,NA,NA,NA,NA,NA,NA,NA,N,4,0,1,2,A,-,21,22106,NA,F,D,G,A,A,H,-,A,A,0,NA,Y,NA,NA,Y,Y,-,NA,0,0,1,0,0,0,1,0,0,-,-,NA,NA,ORANGE,IRVINE,-117.73559029,33.70553391
6679383,2014,2015-01-09,3001,2014-10-21,0100,1463,NA,2,5,7,3001,0,0,0,NA,0,NA,NORTH EAST ST,EAST ROMNEYA DR,0,NA,Y,A,-,N,NA,NA,NA,NA,NA,NA,NA,NA,NA,N,4,0,1,2,A,-,10,21950,A,N,G,B,B,A,H,-,C,A,0,Y,NA,NA,NA,Y,NA,A,08,0,0,1,0,1,0,0,0,0,-,-,NA,NA,ORANGE,ANAHEIM,-117.90670006,33.85092001