CASE_ID,ACCIDENT_YEAR,PROC_DATE,JURIS,COLLISION_DATE,COLLISION_TIME,OFFICER_ID,REPORTING_DISTRICT,DAY_OF_WEEK,CHP_SHIFT,POPULATION,CNTY_CITY_LOC,SPECIAL_COND,BEAT_TYPE,CHP_BEAT_TYPE,CITY_DIVISION_LAPD,CHP_BEAT_CLASS,BEAT_NUMBER,PRIMARY_RD,SECONDARY_RD,DISTANCE,DIRECTION,INTERSECTION,WEATHER_1,WEATHER_2,STATE_HWY_IND,CALTRANS_COUNTY,CALTRANS_DISTRICT,STATE_ROUTE,ROUTE_SUFFIX,POSTMILE_PREFIX,POSTMILE,LOCATION_TYPE,RAMP_INTERSECTION,SIDE_OF_HWY,TOW_AWAY,COLLISION_SEVERITY,NUMBER_KILLED,NUMBER_INJURED,PARTY_COUNT,PRIMARY_COLL_FACTOR,PCF_CODE_OF_VIOL,PCF_VIOL_CATEGORY,PCF_VIOLATION,PCF_VIOL_SUBSECTION,HIT_AND_RUN,TYPE_OF_COLLISION,MVIW,PED_ACTION,ROAD_SURFACE,ROAD_COND_1,ROAD_COND_2,LIGHTING,CONTROL_DEVICE,CHP_ROAD_TYPE,PEDESTRIAN_ACCIDENT,BICYCLE_ACCIDENT,MOTORCYCLE_ACCIDENT,TRUCK_ACCIDENT,NOT_PRIVATE_PROPERTY,ALCOHOL_INVOLVED,STWD_VEHTYPE_AT_FAULT,CHP_VEHTYPE_AT_FAULT,COUNT_SEVERE_INJ,COUNT_VISIBLE_INJ,COUNT_COMPLAINT_PAIN,COUNT_PED_KILLED,COUNT_PED_INJURED,COUNT_BICYCLIST_KILLED,COUNT_BICYCLIST_INJURED,COUNT_MC_KILLED,COUNT_MC_INJURED,PRIMARY_RAMP,SECONDARY_RAMP,LATITUDE,LONGITUDE,COUNTY,CITY,POINT_X,POINT_Y
6680029,2014,2014-12-23,3016,2014-10-14,1522,1153,27,2,5,5,3016,0,0,0,NA,0,002,KRAEMER BL,ALTA VISTA ST,50,N,N,A,-,N,NA,NA,NA,NA,NA,NA,NA,NA,NA,N,4,0,1,2,A,-,03,22350,NA,N,C,C,A,A,H,-,A,D,0,NA,NA,NA,NA,Y,NA,A,07,0,0,1,0,0,0,0,0,0,-,-,NA,NA,ORANGE,PLACENTIA,-117.86224929,33.876579220000004
6680034,2014,2016-06-18,3000,2014-10-07,1435,3542,797J4,2,5,4,3021,0,0,0,NA,0,024,BEACH BL,CHAPMAN AV,250,N,N,A,-,Y,ORA,12,39,-,-,9.72,H,-,S,N,4,0,1,2,B,-,22,NA,NA,N,H,G,A,A,H,-,A,D,0,NA,Y,NA,NA,Y,NA,L,04,0,0,1,0,0,0,1,0,0,-,-,NA,NA,ORANGE,STANTON,-117.99307297,33.78899102
6682006,2014,2014-12-22,3012,2014-10-06,0832,615,35,1,5,5,3012,0,0,0,NA,0,003,IMPERIAL HWY,MARKET PL,0,NA,Y,A,-,Y,NA,NA,NA,NA,NA,NA,NA,NA,NA,N,4,0,1,2,A,-,12,21453,A,N,D,C,A,A,H,-,A,A,0,NA,NA,NA,NA,Y,NA,A,01,0,0,1,0,0,0,0,0,0,-,-,NA,NA,ORANGE,LA HABRA,-117.96536002,33.9174001
6682714,2014,2016-06-18,3000,2014-10-13,1140,2854,797J5,1,5,4,3021,0,0,0,NA,0,023,BEACH BL,LAMPSON AV,319,S,N,A,-,Y,ORA,12,39,-,-,9.11,H,-,N,Y,3,0,9,5,A,-,03,22350,NA,N,C,C,A,A,H,-,A,A,0,NA,NA,Y,Y,Y,NA,-,NA,0,3,6,0,0,0,0,0,0,-,-,NA,NA,ORANGE,STANTON,-117.99276081,33.78010547
6682968,2014,2014-12-23,3009,2014-10-24,0644,1925,124,5,5,6,3009,0,0,0,NA,0,2 1,EUCLID ST,ACACIA PKWY,0,NA,Y,A,-,N,NA,NA,NA,NA,NA,NA,NA,NA,NA,Y,3,0,3,3,A,-,12,21453,A,N,G,B,B,A,H,-,B,A,0,Y,NA,NA,NA,Y,NA,A,08,0,2,1,0,1,0,0,0,0,-,-,NA,NA,ORANGE,GARDEN GROVE,-117.93804002,33.7760701
6682996,2014,2014-12-23,3009,2014-10-25,0300,4087,126,6,5,6,3009,0,0,0,NA,0,2 1,NEWHOPE ST,ANABEL AV,150,S,N,A,-,N,NA,NA,NA,NA,NA,NA,NA,NA,NA,Y,4,0,1,1,A,-,08,22107,NA,N,A,I,A,A,H,-,C,A,0,NA,NA,NA,NA,Y,NA,A,01,0,0,1,0,0,0,0,0,0,-,-,NA,NA,ORANGE,GARDEN GROVE,-117.92895204,33.76248881
6686288,2014,2016-06-18,9675,2014-10-14,1250,20044,NA,2,1,7,3019,0,1,3,NA,2,552,RT 55,DYER RD,150,N,N,A,-,Y,ORA,12,55,-,R,7.98,H,-,S,Y,4,0,1,4,A,-,03,22350,NA,F,C,C,A,A,H,-,A,D,6,NA,NA,NA,NA,Y,NA,A,01,0,0,1,0,0,0,0,0,0,-,-,33.70734,-117.85107000000001,ORANGE,SANTA ANA,-117.85061931,33.70976565
6686559,2014,2014-12-04,3019,2014-10-14,1540,3151,WE,2,5,7,3019,0,0,0,NA,0,001,1ST ST,CENTER ST,113,W,N,A,-,N,NA,NA,NA,NA,NA,NA,NA,NA,NA,N,3,0,1,2,A,-,09,21801,A,N,D,C,A,A,H,-,A,D,0,NA,NA,NA,NA,Y,NA,A,01,0,1,0,0,0,0,0,0,0,-,-,NA,NA,ORANGE,SANTA ANA,-117.89847073,33.74532273
6689490,2014,2014-12-04,3001,2014-10-22,1720,1397,NA,3,5,7,3001,0,0,0,NA,0,0D1,LINCOLN AV,CRESCENT WY,0,NA,Y,A,-,N,NA,NA,NA,NA,NA,NA,NA,NA,NA,Y,3,0,1,2,A,-,09,21801,A,N,D,C,A,A,H,-,A,A,0,NA,NA,NA,NA,Y,NA,A,08,0,1,0,0,0,0,0,0,0,-,-,NA,NA,ORANGE,ANAHEIM,-117.94729002,33.83257009
6693633,2014,2014-11-17,3012,2014-10-20,1900,589,41,1,5,5,3012,0,0,0,NA,0,004,EUCLID ST,LAMBERT RD,0,NA,Y,A,-,N,NA,NA,NA,NA,NA,NA,NA,NA,NA,N,3,0,1,2,A,-,08,22107,NA,N,E,I,A,A,H,-,C,A,0,NA,NA,Y,NA,Y,NA,A,01,0,1,0,0,0,0,0,0,1,-,-,NA,NA,ORANGE,LA HABRA,-117.94611004,33.92461
6694255,2014,2015-01-05,3003,2014-10-10,2134,1178,23,5,5,5,3003,0,0,0,NA,0,002,ARTESIA BL,KNOTT AV,0,NA,Y,A,-,N,NA,NA,NA,NA,NA,NA,NA,NA,NA,Y,4,0,1,2,A,-,12,21453,A,F,B,C,A,A,H,-,C,A,0,NA,NA,NA,NA,Y,NA,A,01,0,0,1,0,0,0,0,0,0,-,-,NA,NA,ORANGE,BUENA PARK,-118.01138007,33.87343003
6694501,2014,2014-11-18,3001,2014-09-21,1148,A1597,NA,7,5,7,3001,0,0,0,NA,0,0D2,NORTH STATE COLLEGE BL,EAST LA PALMA AV,90,S,N,A,-,N,NA,NA,NA,NA,NA,NA,NA,NA,NA,N,4,0,1,2,B,-,22,NA,NA,N,-,G,A,A,H,-,A,D,0,NA,Y,NA,NA,Y,NA,L,04,0,0,1,0,0,0,1,0,0,-,-,NA,NA,ORANGE,ANAHEIM,-117.8892982,33.84701327
6694618,2014,2016-06-18,9675,2014-10-31,1835,20780,NA,5,2,5,3022,0,1,3,NA,2,551,RT 55,17TH ST,2112,S,N,B,-,Y,ORA,12,55,-,-,11.39,H,-,N,Y,4,0,1,5,A,-,03,22350,NA,N,C,C,A,A,H,-,C,D,6,NA,NA,NA,NA,Y,NA,A,01,0,0,1,0,0,0,0,0,0,-,-,33.75255,-117.83126,ORANGE,TUSTIN,-117.83138932,33.75403089
6694634,2014,2014-11-20,9675,2014-10-27,1426,18832,NA,1,2,7,3001,0,1,3,NA,2,093,RT 91,SUNKIST ST,150,E,N,A,-,Y,NA,NA,91,NA,NA,NA,NA,NA,NA,N,4,0,1,2,A,-,03,22350,NA,N,C,C,A,A,H,-,A,D,0,NA,NA,NA,Y,Y,NA,G,25,0,0,1,0,0,0,0,0,0,-,-,33.85121,-117.87845,ORANGE,ANAHEIM,-117.87848664,33.85113065
6694674,2014,2015-01-07,3001,2014-11-05,1459,A1068,1239,3,5,7,3001,0,0,0,NA,0,042,ORANGETHORPE AV,IMPERIAL ORANGETHORPE,0,NA,Y,A,-,Y,NA,NA,NA,NA,NA,NA,NA,NA,NA,N,3,0,1,2,A,-,09,21804,A,N,D,G,A,A,H,-,A,A,0,NA,Y,NA,NA,Y,NA,L,04,0,1,0,0,0,0,1,0,0,-,CN,NA,NA,ORANGE,ANAHEIM,NA,NA
6694741,2014,2015-01-05,3000,2014-10-10,0750,8896,971H4,5,5,4,3029,0,0,0,NA,0,734,GOLDEN LANTERN,ACAPULCO DR,207,S,N,A,-,N,NA,NA,NA,NA,NA,NA,NA,NA,NA,Y,4,0,3,3,A,-,03,22350,NA,N,C,C,A,A,H,-,A,D,0,NA,NA,Y,NA,Y,NA,A,01,0,0,3,0,0,0,0,0,1,-,-,NA,NA,ORANGE,DANA POINT,-117.69774524,33.47853275
6695684,2014,2015-01-07,3008,2014-10-21,0816,1143,NA,2,5,6,3008,0,0,0,NA,0,0Z3,DEERPARK DR,GARNET LN,790,S,N,A,-,N,NA,NA,NA,NA,NA,NA,NA,NA,NA,Y,4,0,1,2,A,-,09,21804,A,M,D,C,A,A,H,-,A,D,0,NA,NA,NA,NA,Y,NA,-,NA,0,0,1,0,0,0,0,0,0,-,-,NA,NA,ORANGE,FULLERTON,-117.87856709,33.88486618
6696712,2014,2015-01-05,3019,2014-10-17,1736,2771,NE,5,5,7,3019,0,0,0,NA,0,002,1ST ST,BROADWAY,75,W,N,A,-,N,NA,NA,NA,NA,NA,NA,NA,NA,NA,N,4,0,1,3,A,-,07,21658,A,N,B,C,A,A,H,-,A,D,0,NA,NA,NA,NA,Y,NA,A,01,0,0,1,0,0,0,0,0,0,-,-,NA,NA,ORANGE,SANTA ANA,-117.86997612,33.74554
6696728,2014,2016-06-17,9675,2014-10-20,1740,019241,NA,1,2,6,3026,0,1,1,NA,2,405,RT 405,REDHILL AV,15,S,N,A,-,Y,ORA,12,405,-,-,8.44,H,-,S,N,4,0,1,2,A,-,07,21658,A,F,B,C,A,A,H,-,B,D,6,NA,NA,Y,NA,Y,NA,-,99,0,0,1,0,0,0,0,0,1,-,-,33.68648,-117.87091,ORANGE,IRVINE,-117.86723209,33.68671484
6696760,2014,2016-06-18,9675,2014-10-21,1050,013680,NA,2,1,6,3015,0,1,3,NA,2,550,RT 55,COLLINS AV,300,N,N,A,-,Y,ORA,12,55,-,-,13.77,H,-,N,Y,4,0,1,1,A,-,08,22107,NA,N,E,I,A,A,H,-,A,D,6,NA,NA,NA,NA,Y,NA,A,01,0,0,1,0,0,0,0,0,0,-,-,33.80336,-117.83145,ORANGE,ORANGE,-117.8308761,33.78862185
6696771,2014,2016-06-22,9670,2014-10-23,1920,019893,NA,4,2,6,3009,0,1,3,NA,2,023,RT 22,BEACH BL,500,E,N,A,-,Y,ORA,12,22,-,R,3.7,H,-,W,Y,4,0,1,2,A,-,07,21658,A,N,B,C,A,A,H,-,D,D,1,NA,NA,NA,NA,Y,NA,A,01,0,0,1,0,0,0,0,0,0,-,-,33.77097,-117.98871,ORANGE,GARDEN GROVE,-117.99055944,33.77111562
6698026,2014,2014-12-08,3019,2014-10-30,0646,2460,NE,4,5,7,3019,0,0,0,NA,0,002,BRISTOL ST,HESPERIAN ST,385,S,N,A,-,N,NA,NA,NA,NA,NA,NA,NA,NA,NA,Y,3,0,1,2,A,-,09,21804,A,N,D,C,A,A,H,-,B,D,0,NA,NA,NA,NA,Y,NA,A,01,0,1,0,0,0,0,0,0,0,-,-,NA,NA,ORANGE,SANTA ANA,-117.88478519,33.77698675
6698074,2014,2015-01-22,3019,2014-10-30,1855,1925,NE,4,5,7,3019,0,0,0,NA,0,165,BROADWAY,3RD ST,20,S,N,A,-,N,NA,NA,NA,NA,NA,NA,NA,NA,NA,N,4,0,1,3,A,-,03,22350,NA,M,C,C,A,A,H,-,C,A,0,NA,NA,NA,NA,Y,NA,-,NA,0,0,1,0,0,0,0,0,0,-,-,NA,NA,ORANGE,SANTA ANA,-117.86973,33.74704517
6698263,2014,2014-11-19,3019,2014-10-20,1600,3151,SC,1,5,7,3019,0,0,0,NA,0,004,EDINGER AV,MONARCH WAY,0,NA,Y,A,-,N,NA,NA,NA,NA,NA,NA,NA,NA,NA,Y,4,0,1,2,A,-,12,21453,A,N,D,C,A,A,H,-,A,A,0,NA,NA,NA,NA,Y,NA,A,01,0,0,1,0,0,0,0,0,0,-,-,NA,NA,ORANGE,SANTA ANA,-117.883,33.727324
6698494,2014,2014-12-09,3019,2014-10-27,1830,3192,S E,1,5,7,3019,0,0,0,NA,0,003,BISHOP,SYCAMORE,0,NA,Y,-,-,N,NA,NA,NA,NA,NA,NA,NA,NA,NA,N,2,0,2,3,A,-,10,21950,A,F,G,B,B,-,-,-,-,-,0,Y,NA,NA,NA,Y,NA,A,07,1,1,0,0,2,0,0,0,0,-,-,NA,NA,ORANGE,SANTA ANA,-117.86878012,33.73944007
6698538,2014,2014-12-01,3019,2014-10-21,1746,2344,WE,2,5,7,3019,0,0,0,NA,0,001,5TH ST,SUNSET ST,160,W,N,A,-,N,NA,NA,NA,NA,NA,NA,NA,NA,NA,N,3,0,1,2,A,-,09,21804,A,N,-,G,A,A,H,-,A,A,0,NA,Y,NA,NA,Y,NA,L,04,0,1,0,0,0,0,1,0,0,-,-,NA,NA,ORANGE,SANTA ANA,-117.89805495,33.7487195
6700853,2014,2014-12-02,3026,2014-10-19,1733,480,U,7,5,6,3026,0,0,0,NA,0,00U,HARVARD,MAIN ST,0,NA,Y,B,-,N,NA,NA,NA,NA,NA,NA,NA,NA,NA,Y,4,0,2,2,A,-,12,21453,A,N,D,C,A,A,H,-,A,A,0,NA,NA,NA,NA,Y,NA,A,01,0,0,2,0,0,0,0,0,0,-,-,NA,NA,ORANGE,IRVINE,-117.8312901,33.67760003
6700877,2014,2014-12-02,3026,2014-10-30,1906,6352,NA,4,5,6,3026,0,0,0,NA,0,00P,IRVINE BL,SAND CANYON AV,53,W,N,A,-,N,NA,NA,NA,NA,NA,NA,NA,NA,NA,Y,4,0,1,2,A,-,12,21453,A,N,D,C,A,A,H,-,C,A,0,NA,NA,NA,NA,Y,NA,A,07,0,0,1,0,0,0,0,0,0,-,-,NA,NA,ORANGE,IRVINE,-117.73856365,33.69866287
6700904,2014,2014-12-02,3026,2014-10-12,1708,381,UNIVE,7,5,6,3026,0,0,0,NA,0,00U,JAMBOREE RD,CENTERPOINTE,24,S,N,A,-,N,NA,NA,NA,NA,NA,NA,NA,NA,NA,Y,4,0,5,2,A,-,03,22350,NA,N,C,C,A,A,H,-,A,A,0,NA,NA,NA,NA,Y,NA,A,01,0,0,5,0,0,0,0,0,0,-,-,NA,NA,ORANGE,IRVINE,-117.861375,33.658785
6701815,2014,2015-01-07,3007,2014-11-07,1029,951,36,5,5,5,3007,0,0,0,NA,0,NA,WARNER AV,LOS JARDINES WEST,178,W,N,A,-,N,NA,NA,NA,NA,NA,NA,NA,NA,NA,Y,4,0,1,2,A,-,03,22350,NA,N,C,C,A,A,H,-,A,A,0,NA,NA,NA,NA,Y,NA,A,01,0,0,1,0,0,0,0,0,0,-,-,NA,NA,ORANGE,FOUNTAIN VALLEY,-117.94195398,33.71642
6702233,2014,2014-12-09,3015,2014-10-29,1605,1372,35W,3,5,6,3015,0,0,0,NA,0,002,N MAIN ST,WEST KATELLA AV,406,S,N,A,-,N,NA,NA,NA,NA,NA,NA,NA,NA,NA,Y,4,0,2,2,A,-,09,21804,A,N,D,C,A,A,H,-,A,D,0,NA,NA,NA,NA,Y,NA,A,07,0,0,2,0,0,0,0,0,0,-,-,NA,NA,ORANGE,ORANGE,-117.86707078,33.80784699
6702383,2014,2014-12-05,3019,2014-10-13,1514,2679,NA,1,5,7,3019,0,0,0,NA,0,SC4,WARNER,SHELTON,0,NA,Y,A,-,N,NA,NA,NA,NA,NA,NA,NA,NA,NA,N,3,0,1,2,A,-,10,21950,A,N,G,B,B,A,H,-,A,D,0,Y,NA,NA,NA,Y,NA,A,01,0,1,0,0,1,0,0,0,0,-,-,NA,NA,ORANGE,SANTA ANA,-117.88176012,33.71618006
6702387,2014,2014-12-08,3019,2014-10-13,1611,3132,NE,1,5,7,3019,0,0,0,NA,0,004,LA BONITA ST,17TH ST,90,S,N,A,-,N,NA,NA,NA,NA,NA,NA,NA,NA,NA,N,3,0,1,2,A,-,09,21801,A,N,D,C,A,A,H,-,A,A,0,NA,NA,Y,NA,Y,NA,A,07,0,1,0,0,0,0,0,0,1,-,-,NA,NA,ORANGE,SANTA ANA,-117.934436,33.759365
6703504,2014,2015-01-08,3019,2014-11-04,1120,2771,NE,2,5,7,3019,0,0,0,NA,0,002,17TH ST,BUSH ST,0,NA,Y,A,-,N,NA,NA,NA,NA,NA,NA,NA,NA,NA,N,3,0,2,3,A,-,03,22350,NA,N,C,C,A,A,H,-,A,D,0,NA,NA,NA,NA,Y,NA,A,07,0,1,1,0,0,0,0,0,0,-,-,NA,NA,ORANGE,SANTA ANA,-117.86637002,33.76010007
6704051,2014,2015-01-08,3010,2014-11-08,0856,0147,149,6,5,6,3010,0,0,0,NA,0,009,GOLDENWEST,BREELAND,58,N,N,A,-,N,NA,NA,NA,NA,NA,NA,NA,NA,NA,Y,4,0,1,3,A,-,03,22350,NA,N,C,C,A,A,H,-,A,A,0,NA,NA,NA,NA,Y,NA,A,01,0,0,1,0,0,0,0,0,0,-,-,NA,NA,ORANGE,HUNTINGTON BEACH,-118.00681312,33.73198901
6704461,2014,2016-06-18,3010,2014-11-11,1811,251,273,2,5,6,3010,0,0,0,NA,0,006,BEACH BL,HOLLAND,0,NA,Y,A,-,Y,ORA,12,39,-,-,4.251,I,5,N,NA,3,0,2,2,A,-,09,21801,A,N,A,C,A,A,H,-,C,D,0,NA,NA,NA,NA,Y,NA,A,01,0,1,1,0,0,0,0,0,0,-,-,NA,NA,ORANGE,HUNTINGTON BEACH,-117.98900272,33.7102147
6704841,2014,2016-06-18,3000,2014-10-22,1615,5612,797J3,3,5,4,3021,0,0,0,NA,0,023,CHAPMAN AV,BEACH BL,93,W,N,A,-,Y,ORA,12,39,-,-,9.671,I,6,S,Y,3,0,1,2,A,-,09,21804,A,N,D,C,A,A,H,-,A,D,0,NA,NA,Y,NA,Y,NA,A,07,0,1,0,0,0,0,0,0,1,-,-,NA,NA,ORANGE,STANTON,-117.99306686,33.78827839
6705230,2014,2014-11-20,3001,2014-10-31,1739,1544,NA,5,5,7,3001,0,0,0,NA,0,0D3,EUCLID ST,TEDMAR AV,0,NA,Y,B,-,N,NA,NA,NA,NA,NA,NA,NA,NA,NA,N,4,0,1,2,A,-,09,21801,A,N,A,C,A,A,H,-,B,D,0,NA,NA,NA,NA,Y,Y,A,01,0,0,1,0,0,0,0,0,0,-,-,NA,NA,ORANGE,ANAHEIM,-117.94148,33.82659008
6705246,2014,2014-11-18,3019,2014-10-29,0824,2630,WE,3,5,7,3019,0,0,0,NA,0,001,BRISTOL ST,PARK LN,0,NA,Y,A,-,N,NA,NA,NA,NA,NA,NA,NA,NA,NA,N,4,0,2,2,A,-,09,21801,A,N,B,C,A,A,H,-,A,A,0,NA,NA,NA,NA,Y,NA,A,01,0,0,2,0,0,0,0,0,0,-,-,NA,NA,ORANGE,SANTA ANA,-117.8848601,33.77196012
6705458,2014,2015-01-07,3001,2014-11-08,2309,415,NA,6,5,7,3001,0,0,0,NA,0,0D2,LA PALMA AV,N BUTTONWOOD ST,174,E,N,A,-,N,NA,NA,NA,NA,NA,NA,NA,NA,NA,Y,4,0,3,2,A,-,01,23152,A,N,D,C,A,A,H,-,C,D,0,NA,NA,NA,NA,Y,Y,A,01,0,0,3,0,0,0,0,0,0,-,-,NA,NA,ORANGE,ANAHEIM,-117.8999983,33.84728
6705806,2014,2014-11-20,3024,2014-10-22,1836,380,P01,3,5,5,3024,0,0,0,NA,0,WEST,BOLSA CHICA RD,DUNCANNON AV,0,NA,Y,A,-,N,NA,NA,NA,NA,NA,NA,NA,NA,NA,Y,2,0,1,2,A,-,07,21658,A,N,F,C,A,A,H,-,B,A,0,NA,NA,NA,NA,Y,Y,A,01,1,0,0,0,0,0,0,0,0,-,-,NA,NA,ORANGE,WESTMINSTER,-118.04269011,33.76708011
6707569,2014,2016-06-23,9675,2014-11-06,1920,020582,NA,4,2,6,3015,0,1,3,NA,2,222,RT 22,GRAND AV,470,E,N,A,-,Y,ORA,12,22,-,R,11.95,H,-,W,N,4,0,2,2,A,-,03,22350,NA,N,C,C,A,A,H,-,C,D,6,NA,NA,NA,NA,Y,NA,A,01,0,0,2,0,0,0,0,0,0,-,-,33.77591,-117.84615,ORANGE,ORANGE,-117.85132315,33.77538295
6707816,2014,2014-11-25,3004,2014-10-31,1722,P550,29,5,5,6,3004,0,0,0,NA,0,014,RED HILL AV,AIRPORT LOOP DR,0,NA,Y,B,-,N,NA,NA,NA,NA,NA,NA,NA,NA,NA,Y,4,0,2,4,A,-,03,22350,NA,N,C,C,A,A,H,-,A,D,0,NA,NA,NA,NA,Y,NA,A,01,0,0,2,0,0,0,0,0,0,-,-,33.68359,-117.87024,ORANGE,COSTA MESA,-117.8693901,33.68452002
6708635,2014,2015-01-08,3009,2014-11-06,0016,3831,085,4,5,6,3009,0,0,0,NA,0,013,GILBERT ST,TRASK AV,0,NA,Y,A,-,N,NA,NA,NA,NA,NA,NA,NA,NA,NA,Y,4,0,1,2,A,-,09,21802,B,N,D,C,A,A,H,-,A,D,0,NA,NA,NA,NA,Y,NA,A,01,0,0,1,0,0,0,0,0,0,-,-,NA,NA,ORANGE,GARDEN GROVE,-117.96759005,33.76669005
6709494,2014,2015-01-09,3026,2014-11-08,1300,7094,NA,6,5,6,3026,0,0,0,NA,0,00C,EAST YALE LOOP,GREENMOOR,428,W,N,A,-,N,NA,NA,NA,NA,NA,NA,NA,NA,NA,N,2,0,1,2,A,-,03,22350,NA,N,H,E,A,A,H,-,A,D,0,NA,Y,NA,NA,Y,NA,L,04,1,0,0,0,0,0,1,0,0,-,-,NA,NA,ORANGE,IRVINE,-117.80046667,33.66693371
6709865,2014,2016-06-10,9675,2014-11-10,1000,15914,NA,1,1,7,3001,0,1,3,NA,2,093,RT 91,IMPERIAL HWY,600,W,N,B,-,Y,ORA,12,91,-,R,11.42,H,-,W,Y,4,0,1,3,A,-,03,22350,NA,N,C,C,A,A,H,-,A,D,1,NA,NA,NA,NA,Y,NA,A,07,0,0,1,0,0,0,0,0,0,-,-,33.8547,-117.80365,ORANGE,ANAHEIM,-117.79258504,33.85440603
6710078,2014,2015-01-07,3010,2014-11-14,1748,1016,155,5,5,6,3010,0,0,0,NA,0,008,BOLSA CHICA,ROBINWOOD,0,NA,Y,A,-,N,NA,NA,NA,NA,NA,NA,NA,NA,NA,Y,4,0,1,4,A,-,03,22350,NA,N,C,C,A,A,H,-,C,A,0,NA,NA,NA,NA,Y,Y,A,01,0,0,1,0,0,0,0,0,0,-,-,NA,NA,ORANGE,HUNTINGTON BEACH,-118.04150011,33.73200005
6711368,2014,2015-01-26,3019,2014-11-10,1439,1561,NE,1,5,7,3019,0,0,0,NA,0,002,1ST ST,ORANGE AV,4,W,N,A,-,N,NA,NA,NA,NA,NA,NA,NA,NA,NA,Y,3,0,1,2,A,-,03,22350,NA,N,C,C,A,A,H,-,A,D,0,NA,NA,NA,Y,Y,NA,A,07,0,1,0,0,0,0,0,0,0,-,-,NA,NA,ORANGE,SANTA ANA,-117.86508313,33.74542
6711586,2014,2015-01-09,3007,2014-11-07,1403,951,66,5,5,5,3007,0,0,0,NA,0,NA,SPENCER AV,PACIFIC ST,130,W,N,A,-,N,NA,NA,NA,NA,NA,NA,NA,NA,NA,N,2,0,1,2,A,-,11,21950,B,N,G,B,D,A,H,-,A,A,0,Y,NA,NA,NA,Y,NA,N,60,1,0,0,0,1,0,0,0,0,-,-,NA,NA,ORANGE,FOUNTAIN VALLEY,-117.93880512,33.69664729
6714532,2014,2015-01-13,3024,2014-11-01,0806,162,P 18,6,5,5,3024,0,0,0,NA,0,WEST,HAZARD AV,HOOVER ST,0,NA,Y,C,-,N,NA,NA,NA,NA,NA,NA,NA,NA,NA,Y,2,0,1,2,A,-,09,21801,A,N,B,C,A,B,H,-,A,D,0,NA,NA,Y,NA,Y,NA,A,08,1,0,0,0,0,0,0,0,1,-,-,NA,NA,ORANGE,WESTMINSTER,-117.99835006,33.75200006
6714536,2014,2015-01-16,3024,2014-11-12,1627,381,P20,3,5,5,3024,0,0,0,NA,0,EAST,WESTMINSTER BL,NEWLAND ST,304,E,N,A,-,N,NA,NA,NA,NA,NA,NA,NA,NA,NA,Y,4,0,2,2,A,-,01,23153,A,F,C,C,A,A,H,-,B,A,0,NA,NA,NA,NA,Y,Y,A,07,0,0,2,0,0,0,0,0,0,-,-,NA,NA,ORANGE,WESTMINSTER,-117.98005223,33.75934702
6714950,2014,2015-01-05,3004,2014-10-26,1543,P523,20,7,5,6,3004,0,0,0,NA,0,011,BAKER ST,HARBOR BL,365,E,N,A,-,N,NA,NA,NA,NA,NA,NA,NA,NA,NA,Y,4,0,3,2,A,-,09,21804,A,N,D,C,A,A,H,-,A,D,0,NA,NA,NA,NA,Y,NA,A,01,0,0,3,0,0,0,0,0,0,-,-,33.68,-117.917,ORANGE,COSTA MESA,-117.91824384,33.68004218
6715141,2014,2015-01-12,3000,2014-11-15,1419,5446,951F1,6,5,5,3040,0,0,0,NA,0,6M41,ALICIA PKWY,AWMA RD,0,NA,Y,A,-,N,NA,NA,NA,NA,NA,NA,NA,NA,NA,Y,4,0,2,2,A,-,09,21802,A,N,D,C,A,A,H,-,A,D,0,NA,NA,NA,NA,Y,NA,A,08,0,0,2,0,0,0,0,0,0,-,-,NA,NA,ORANGE,LAGUNA NIGUEL,-117.7179301,33.55206008
6716791,2014,2014-12-29,3009,2014-11-08,1245,4197,163,6,5,6,3009,0,0,0,NA,0,NA,HASTER ST,ALLARD AV,290,N,N,A,-,N,NA,NA,NA,NA,NA,NA,NA,NA,NA,Y,4,0,1,4,A,-,05,21460,A,N,A,C,A,A,H,-,A,D,0,NA,NA,NA,Y,Y,NA,A,01,0,0,1,0,0,0,0,0,0,-,-,NA,NA,ORANGE,GARDEN GROVE,-117.90614914,33.78647501
6716953,2014,2015-01-09,3009,2014-11-22,1300,3445,33,6,5,6,3009,0,0,0,NA,0,011,CHAPMAN AV,LAMPLIGHTER ST,37,W,N,A,-,N,NA,NA,NA,NA,NA,NA,NA,NA,NA,N,4,0,1,2,A,-,09,21804,A,N,D,C,A,A,H,-,A,D,0,NA,NA,NA,NA,Y,NA,A,01,0,0,1,0,0,0,0,0,0,-,-,NA,NA,ORANGE,GARDEN GROVE,-118.0155915,33.7885803
6716960,2014,2015-01-09,3009,2014-11-14,1800,2979,134,5,5,6,3009,0,0,0,NA,0,023,GARDEN GROVE BL,LEMONWOOD LN,0,NA,Y,A,-,N,NA,NA,NA,NA,NA,NA,NA,NA,NA,N,4,0,3,2,A,-,09,21801,A,N,D,C,A,A,H,-,C,A,0,NA,NA,NA,NA,Y,NA,A,07,0,0,3,0,0,0,0,0,0,-,-,NA,NA,ORANGE,GARDEN GROVE,-117.92714009,33.77440007
6717235,2014,2015-01-12,3019,2014-11-09,1834,3267,WE,7,5,7,3019,0,0,0,NA,0,001,NEWHOPE,1ST ST,100,S,N,A,-,N,NA,NA,NA,NA,NA,NA,NA,NA,NA,Y,4,0,1,2,A,-,09,21801,A,M,A,C,A,A,H,-,C,A,0,NA,NA,NA,NA,Y,NA,A,01,0,0,1,0,0,0,0,0,0,-,-,NA,NA,ORANGE,SANTA ANA,-117.92876,33.7451
6717449,2014,2015-01-13,3001,2014-11-13,2151,2171,NA,4,5,7,3001,0,0,0,NA,0,016,BROOKHURST ST,BALL RD,322,N,N,A,-,N,NA,NA,NA,NA,NA,NA,NA,NA,NA,Y,3,0,1,5,A,-,03,22350,NA,N,C,C,A,A,E,-,C,A,0,NA,NA,NA,NA,Y,NA,A,NA,0,1,0,0,0,0,0,0,0,-,-,NA,NA,ORANGE,ANAHEIM,-117.95894,33.81865282
6717812,2014,2015-01-28,3001,2014-11-22,1638,1397,NA,6,5,7,3001,0,0,0,NA,0,0D2,EUCLID ST,CRESCENT AV,528,N,N,A,-,N,NA,NA,NA,NA,NA,NA,NA,NA,NA,Y,3,0,2,2,A,-,09,21801,A,N,D,C,A,A,H,-,A,D,0,NA,NA,NA,NA,Y,NA,D,22,0,1,1,0,0,0,0,0,0,-,-,NA,NA,ORANGE,ANAHEIM,-117.9416,33.84124758