CASE_ID,ACCIDENT_YEAR,PROC_DATE,JURIS,COLLISION_DATE,COLLISION_TIME,OFFICER_ID,REPORTING_DISTRICT,DAY_OF_WEEK,CHP_SHIFT,POPULATION,CNTY_CITY_LOC,SPECIAL_COND,BEAT_TYPE,CHP_BEAT_TYPE,CITY_DIVISION_LAPD,CHP_BEAT_CLASS,BEAT_NUMBER,PRIMARY_RD,SECONDARY_RD,DISTANCE,DIRECTION,INTERSECTION,WEATHER_1,WEATHER_2,STATE_HWY_IND,CALTRANS_COUNTY,CALTRANS_DISTRICT,STATE_ROUTE,ROUTE_SUFFIX,POSTMILE_PREFIX,POSTMILE,LOCATION_TYPE,RAMP_INTERSECTION,SIDE_OF_HWY,TOW_AWAY,COLLISION_SEVERITY,NUMBER_KILLED,NUMBER_INJURED,PARTY_COUNT,PRIMARY_COLL_FACTOR,PCF_CODE_OF_VIOL,PCF_VIOL_CATEGORY,PCF_VIOLATION,PCF_VIOL_SUBSECTION,HIT_AND_RUN,TYPE_OF_COLLISION,MVIW,PED_ACTION,ROAD_SURFACE,ROAD_COND_1,ROAD_COND_2,LIGHTING,CONTROL_DEVICE,CHP_ROAD_TYPE,PEDESTRIAN_ACCIDENT,BICYCLE_ACCIDENT,MOTORCYCLE_ACCIDENT,TRUCK_ACCIDENT,NOT_PRIVATE_PROPERTY,ALCOHOL_INVOLVED,STWD_VEHTYPE_AT_FAULT,CHP_VEHTYPE_AT_FAULT,COUNT_SEVERE_INJ,COUNT_VISIBLE_INJ,COUNT_COMPLAINT_PAIN,COUNT_PED_KILLED,COUNT_PED_INJURED,COUNT_BICYCLIST_KILLED,COUNT_BICYCLIST_INJURED,COUNT_MC_KILLED,COUNT_MC_INJURED,PRIMARY_RAMP,SECONDARY_RAMP,LATITUDE,LONGITUDE,COUNTY,CITY,POINT_X,POINT_Y
6774835,2014,2015-02-10,3014,2014-12-19,1300,1346,RD39,5,5,5,3014,0,0,0,NA,0,0A3,AVOCADO AV,SAN MIGUEL RD,35,N,N,B,-,N,NA,NA,NA,NA,NA,NA,NA,NA,NA,N,4,0,1,2,A,-,03,22350,NA,N,C,C,A,A,H,-,A,A,0,NA,NA,NA,NA,Y,NA,A,07,0,0,1,0,0,0,0,0,0,-,-,33.612,-117.8708,ORANGE,NEWPORT BEACH,-117.87089641,33.61187359
6775409,2014,2015-02-11,3000,2014-12-22,2345,2274,891F7,1,5,4,3045,0,0,0,NA,0,18-348,PASEO DE VALENCIA,EL TORO RD,0,NA,Y,A,-,N,NA,NA,NA,NA,NA,NA,NA,NA,NA,Y,3,0,1,2,A,-,12,21453,A,N,A,C,A,A,H,-,C,A,0,NA,NA,NA,NA,Y,NA,A,01,0,1,0,0,0,0,0,0,0,-,-,NA,NA,ORANGE,LAGUNA HILLS,-117.71293012,33.61274008
6775638,2014,2015-02-10,9670,2014-12-26,2050,20455,NA,5,2,9,3000,0,3,5,NA,2,004,KATELLA AV,JEAN ST,57,W,N,A,-,N,NA,NA,NA,NA,NA,NA,NA,NA,NA,Y,4,0,1,1,A,-,08,22107,NA,N,E,I,A,A,H,-,C,D,0,NA,NA,Y,NA,Y,NA,C,02,0,0,1,0,0,0,0,0,1,-,-,33.80324,-117.96389,ORANGE,UNINCORPORATED,-117.9639072,33.80310921
6776970,2014,2015-02-17,3001,2014-12-22,1744,1373,NA,1,5,7,3001,0,0,0,NA,0,0D1,S WEBSTER AV,W CLEARBROOK LN,881,S,N,A,-,N,NA,NA,NA,NA,NA,NA,NA,NA,NA,N,4,0,1,2,D,-,00,NA,NA,N,G,B,D,A,H,-,C,D,0,Y,NA,NA,NA,Y,NA,-,-,0,0,1,0,1,0,0,0,0,-,-,NA,NA,ORANGE,ANAHEIM,-117.97087794,33.82133456
6779257,2014,2015-02-10,3019,2014-12-24,1319,1925,NE,3,5,7,3019,0,0,0,NA,0,241,17TH ST,TUSTIN AV,440,W,N,A,-,N,NA,NA,NA,NA,NA,NA,NA,NA,NA,N,4,0,1,2,A,-,03,22350,NA,N,C,C,A,A,H,-,A,D,0,NA,NA,NA,NA,Y,NA,A,01,0,0,1,0,0,0,0,0,0,-,-,NA,NA,ORANGE,SANTA ANA,-117.8358041,33.75981032
6779499,2014,2015-02-12,3001,2014-12-29,1353,1670,NA,1,5,7,3001,0,0,0,NA,0,0D2,N EUCLID ST,WEST CRESCENT AV,183,S,N,A,-,N,NA,NA,NA,NA,NA,NA,NA,NA,NA,N,4,0,2,2,A,-,03,22350,NA,N,C,C,A,A,H,-,A,A,0,NA,NA,NA,NA,Y,NA,A,01,0,0,2,0,0,0,0,0,0,-,-,NA,NA,ORANGE,ANAHEIM,-117.94159303,33.83929832
6779500,2014,2015-02-12,3001,2014-12-29,0754,A0387,NA,1,5,7,3001,0,0,0,NA,0,0D1,S DAVE AV,W ROME AV,0,NA,Y,B,-,N,NA,NA,NA,NA,NA,NA,NA,NA,NA,Y,4,0,1,1,C,-,18,NA,NA,N,E,J,A,B,H,-,A,A,0,NA,NA,NA,NA,Y,NA,-,-,0,0,1,0,0,0,0,0,0,-,-,NA,NA,ORANGE,ANAHEIM,-117.984605,33.820576
6780175,2014,2016-07-07,9675,2014-12-24,1225,14558,NA,3,1,6,3004,0,1,1,NA,2,045,RT 405,FAIRVIEW RD,200,S,N,A,-,Y,ORA,12,405,-,-,10.75,H,-,N,Y,3,0,1,2,A,-,04,21703,NA,N,C,C,A,A,H,-,A,D,6,NA,NA,Y,NA,Y,NA,C,02,0,1,0,0,0,0,0,0,1,-,-,33.68793,-117.90684,ORANGE,COSTA MESA,-117.9071556,33.68801834
6780179,2014,2016-06-18,9675,2014-12-26,1755,020582,NA,5,2,7,3019,0,1,1,NA,2,520,RT 5,MAIN,700,S,N,A,-,Y,ORA,12,5,-,-,32.98,H,-,N,Y,4,0,2,3,A,-,03,22350,NA,N,C,C,A,A,H,-,C,D,1,NA,NA,NA,NA,Y,NA,A,01,0,0,2,0,0,0,0,0,0,-,-,33.76437,-117.86545,ORANGE,SANTA ANA,-117.86640495,33.76636609
6780199,2014,2015-02-13,9675,2014-12-29,0920,014558,NA,1,1,6,3026,0,1,1,NA,2,503,RT 5,PETERS CANYON,400,S,N,A,-,Y,NA,NA,5,NA,NA,NA,NA,NA,NA,Y,3,0,1,4,A,-,07,21658,A,N,B,C,A,A,H,-,A,D,0,NA,NA,NA,NA,Y,NA,A,01,0,1,0,0,0,0,0,0,0,-,-,33.71572,-117.79004,ORANGE,IRVINE,-117.78997535,33.71581249
6780447,2014,2015-02-11,3022,2014-12-30,1829,1255,NA,2,5,5,3022,0,0,0,NA,0,NA,BRYAN AV,TUSTIN RANCH RD,204,W,N,B,G,N,NA,NA,NA,NA,NA,NA,NA,NA,NA,Y,4,0,1,2,D,-,00,NA,NA,N,C,C,A,B,H,-,C,A,0,NA,NA,NA,NA,Y,NA,-,-,0,0,1,0,0,0,0,0,0,-,-,33.73144,-117.79896,ORANGE,TUSTIN,-117.79906457,33.73152759
6780491,2014,2016-06-18,9675,2014-12-23,1810,018087,NA,2,2,6,3015,0,1,3,NA,2,550,RT 55,CHAPMAN AV,500,N,N,A,-,Y,ORA,12,55,-,-,13.82,H,-,N,Y,4,0,1,3,A,-,03,22350,NA,N,C,C,A,A,H,-,C,D,6,NA,NA,NA,NA,Y,NA,A,07,0,0,1,0,0,0,0,0,0,-,-,33.7918,-117.83063,ORANGE,ORANGE,-117.83086703,33.78934714
6780757,2014,2015-03-17,3010,2014-12-19,1544,1198,447,5,5,6,3010,0,0,0,NA,0,003,ADAMS,PICADILLY,50,S,N,B,-,N,NA,NA,NA,NA,NA,NA,NA,NA,NA,Y,4,0,2,2,A,-,04,21703,NA,N,C,C,A,A,H,-,B,D,0,NA,NA,NA,NA,Y,NA,A,01,0,0,2,0,0,0,0,0,0,-,-,NA,NA,ORANGE,HUNTINGTON BEACH,-117.95069,33.67257
6780836,2014,2015-01-28,3010,2014-02-10,2036,1219,432,1,5,6,3010,0,0,0,NA,0,005,YORKTOWN,WORCHESTER LN,149,E,N,A,-,N,NA,NA,NA,NA,NA,NA,NA,NA,NA,N,2,0,1,2,D,-,00,NA,NA,F,A,B,E,A,H,-,C,D,0,Y,NA,NA,NA,Y,Y,-,-,1,0,0,0,1,0,0,0,0,-,-,NA,NA,ORANGE,HUNTINGTON BEACH,-117.9860914,33.67945555
6780994,2014,2015-01-30,3004,2014-12-26,1909,P555,02,5,5,6,3004,0,0,0,NA,0,007,HARBOR BL,WEST 19TH ST,0,NA,Y,A,-,N,NA,NA,NA,NA,NA,NA,NA,NA,NA,N,4,0,1,2,A,-,03,22350,NA,F,C,C,A,A,H,-,C,D,0,NA,NA,NA,NA,Y,NA,A,01,0,0,1,0,0,0,0,0,0,-,-,33.64332,-117.91804,ORANGE,COSTA MESA,-117.9189701,33.64349005
6781813,2015,2015-02-20,3014,2015-01-15,1840,1444,RD66,4,5,5,3014,0,0,0,NA,0,0A4,NEWPORT COAST DR,PELICAN HILL RD,0,NA,Y,A,-,N,NA,NA,NA,NA,NA,NA,NA,NA,NA,Y,3,0,2,2,A,-,12,21453,A,N,D,C,A,A,H,-,C,A,0,NA,NA,NA,NA,Y,NA,A,01,0,1,1,0,0,0,0,0,0,-,-,33.5844,-117.8436,ORANGE,NEWPORT BEACH,-117.84370007,33.58450004
6782773,2015,2015-02-20,3024,2015-01-05,0757,141,P 30,1,5,5,3024,0,0,0,NA,0,WEST,MCFADDEN AV,GOLDENWEST ST,95,E,N,A,-,N,NA,NA,NA,NA,NA,NA,NA,NA,NA,Y,3,0,3,2,A,-,07,21658,A,N,D,C,A,A,H,-,A,D,0,NA,NA,NA,NA,Y,NA,A,01,0,1,2,0,0,0,0,0,0,-,-,NA,NA,ORANGE,WESTMINSTER,-118.00659823,33.73737
6783018,2015,2016-09-26,3003,2015-01-12,1728,601,4,1,5,5,3003,0,0,0,NA,0,001,BEACH BL,LA MIRADA BL,695,N,N,A,-,Y,ORA,12,39,-,-,16.51,H,-,S,Y,4,0,3,4,A,-,03,22350,NA,N,C,C,A,A,H,-,C,D,0,NA,NA,NA,NA,Y,NA,-,NA,0,0,3,0,0,0,0,0,0,-,-,33.8865,-117.9941,ORANGE,BUENA PARK,-117.99450579,33.8860735
6783519,2015,2015-05-05,3001,2015-02-20,1234,1740,NA,5,5,7,3001,0,0,0,NA,0,0D3,EAST BALL RD,TECHNOLOGY CIR,0,NA,Y,A,-,N,NA,NA,NA,NA,NA,NA,NA,NA,NA,Y,4,0,1,2,A,-,09,21801,A,N,D,C,A,A,H,-,A,D,0,NA,NA,NA,NA,Y,NA,D,22,0,0,1,0,0,0,0,0,0,-,-,NA,NA,ORANGE,ANAHEIM,-117.90677002,33.81808006
6783525,2015,2015-03-16,3019,2015-02-08,1821,2933,NE,7,5,7,3019,0,0,0,NA,0,002,MAIN ST,CIVIC CENTER,0,NA,Y,A,-,N,NA,NA,NA,NA,NA,NA,NA,NA,NA,Y,4,0,1,2,A,-,12,21453,A,N,D,C,A,A,H,-,C,A,0,NA,NA,NA,NA,Y,NA,D,22,0,0,1,0,0,0,0,0,0,-,-,NA,NA,ORANGE,SANTA ANA,-117.86761006,33.75063006
6783573,2015,2016-04-05,3019,2015-02-23,0033,3319,WE,1,5,7,3019,0,0,0,NA,0,001,HARBOR BL,HAZARD AV,60,N,N,C,-,N,NA,NA,NA,NA,NA,NA,NA,NA,NA,Y,4,0,1,2,A,-,12,21453,A,M,D,C,A,B,H,-,C,A,0,NA,NA,NA,NA,Y,NA,A,07,0,0,1,0,0,0,0,0,0,-,-,NA,NA,ORANGE,SANTA ANA,-117.92027,33.75268449
6784108,2015,2015-02-18,3001,2015-01-09,1731,415,NA,5,5,7,3001,0,0,0,NA,0,0D2,NORTH EAST ST,E CYPRESS ST,10,N,N,A,-,N,NA,NA,NA,NA,NA,NA,NA,NA,NA,N,4,0,3,3,A,-,03,22350,NA,N,C,C,A,A,H,-,C,A,0,NA,NA,NA,NA,Y,NA,A,01,0,0,3,0,0,0,0,0,0,-,-,NA,NA,ORANGE,ANAHEIM,-117.90335891,33.84029639
6786741,2014,2015-02-12,3010,2014-12-30,1847,1122,251,2,5,6,3010,0,0,0,NA,0,007,EDINGER,GOLDENWEST,0,NA,Y,C,-,N,NA,NA,NA,NA,NA,NA,NA,NA,NA,N,4,0,1,2,A,-,08,22107,NA,N,D,G,A,B,H,-,C,A,0,NA,Y,NA,NA,Y,NA,A,01,0,0,1,0,0,0,1,0,0,-,-,NA,NA,ORANGE,HUNTINGTON BEACH,-118.0067701,33.73010012
6787183,2015,2015-02-19,3022,2015-01-13,0754,1077,NA,2,5,5,3022,0,0,0,NA,0,004,JAMBOREE RD,EL CAMINO REAL,30,N,N,A,-,N,NA,NA,NA,NA,NA,NA,NA,NA,NA,N,4,0,1,3,A,-,03,22350,NA,N,C,C,A,A,H,-,A,A,0,NA,NA,NA,NA,Y,NA,A,01,0,0,1,0,0,0,0,0,0,-,-,33.72261,-117.79234,ORANGE,TUSTIN,-117.7924269,33.7224631
6789105,2015,2015-03-02,3001,2015-01-27,1954,A1252,NA,2,5,7,3001,0,0,0,NA,0,0D1,LINCOLN AV,DALE AV,6,E,N,A,-,N,NA,NA,NA,NA,NA,NA,NA,NA,NA,N,4,0,1,2,A,-,05,21650,1,N,D,G,A,A,H,-,C,A,0,NA,Y,NA,NA,Y,NA,L,04,0,0,1,0,0,0,1,0,0,-,-,NA,NA,ORANGE,ANAHEIM,-117.98473029,33.83221
6789614,2014,2015-02-09,3012,2014-12-14,1840,526,NA,7,5,5,3012,0,0,0,NA,0,004,LA HABRA BL,MARIAN ST,0,NA,Y,A,-,N,NA,NA,NA,NA,NA,NA,NA,NA,NA,N,4,0,1,2,A,-,10,21950,A,N,G,B,B,A,H,-,C,B,0,Y,NA,NA,NA,Y,NA,A,01,0,0,1,0,1,0,0,0,0,-,-,NA,NA,ORANGE,LA HABRA,-117.95757006,33.93185005
6789617,2014,2015-02-09,3024,2014-12-11,1923,371,P01,4,5,5,3024,0,0,0,NA,0,WEST,BOLSA CHICA RD,GARDEN GROVE BL,0,NA,Y,A,G,N,NA,NA,NA,NA,NA,NA,NA,NA,NA,N,4,0,2,2,A,-,03,22350,NA,N,C,C,A,A,H,-,C,A,0,NA,NA,NA,NA,Y,NA,-,NA,0,0,2,0,0,0,0,0,0,-,-,NA,NA,ORANGE,WESTMINSTER,-118.03849008,33.77394011
6790464,2014,2016-06-18,9675,2014-12-29,1530,18539,NA,1,2,7,3001,0,1,3,NA,2,572,RT 57,KATELLA AV,3,N,N,A,-,Y,ORA,12,57,-,-,12.681,R,1,S,N,4,0,1,2,A,-,10,21950,A,N,G,B,B,A,H,-,A,A,6,Y,NA,NA,NA,Y,NA,A,01,0,0,1,0,1,0,0,0,0,TO,-,33.80612,-117.8817,ORANGE,ANAHEIM,-117.88001986,33.80788178
6790584,2015,2015-02-24,3000,2015-01-08,1450,5308,922B1,4,5,5,3028,0,0,0,NA,0,159,SAN ROQUE,MOSQUERO,2,E,N,A,-,N,NA,NA,NA,NA,NA,NA,NA,NA,NA,N,3,0,1,2,A,-,11,21950,B,N,G,B,B,A,H,-,A,A,0,Y,NA,NA,NA,Y,NA,N,60,0,1,0,0,1,0,0,0,0,-,-,NA,NA,ORANGE,MISSION VIEJO,-117.66955,33.60144
6790602,2015,2016-09-08,9675,2015-01-03,1815,20738,NA,6,2,7,3019,0,1,3,NA,2,551,RT 55,MCFADDEN AV,200,N,N,A,-,Y,ORA,12,55,-,-,10,H,-,N,N,4,0,1,3,A,-,03,22350,NA,F,C,C,A,A,H,-,C,D,6,NA,NA,NA,NA,Y,NA,A,01,0,0,1,0,0,0,0,0,0,-,-,33.73439,-117.83343,ORANGE,SANTA ANA,-117.83353786,33.73407833
6791336,2015,2015-02-17,9670,2015-01-13,1820,18516,NA,2,2,9,3000,0,3,5,NA,2,004,GILBERT ST,CERRITOS AV,0,NA,Y,A,-,N,NA,NA,NA,NA,NA,NA,NA,NA,NA,Y,4,0,1,3,D,-,00,NA,NA,F,D,C,A,A,H,-,D,A,0,NA,NA,NA,NA,Y,NA,-,-,0,0,1,0,0,0,0,0,0,-,-,33.81047,-117.96752,ORANGE,UNINCORPORATED,-117.96758003,33.81040006
6792210,2015,2015-02-18,3004,2015-01-11,1910,P431,09,7,5,6,3004,0,0,0,NA,0,009,PLACENTIA AV,HAMILTON ST,0,NA,Y,C,-,N,NA,NA,NA,NA,NA,NA,NA,NA,NA,Y,4,0,3,2,A,-,01,23153,A,N,A,C,A,B,H,-,C,D,0,NA,NA,NA,NA,Y,Y,A,01,0,0,3,0,0,0,0,0,0,-,-,33.6505,-117.932,ORANGE,COSTA MESA,-117.9320801,33.65061007
6792648,2015,2015-02-24,3001,2015-01-16,1806,415,NA,5,5,7,3001,0,0,0,NA,0,0D3,EAST ORANGEWOOD AV,S JETTY DR,99,W,N,A,-,N,NA,NA,NA,NA,NA,NA,NA,NA,NA,Y,4,0,2,3,A,-,08,22107,NA,N,B,E,A,A,H,-,C,D,0,NA,NA,NA,NA,Y,NA,A,07,0,0,2,0,0,0,0,0,0,-,-,NA,NA,ORANGE,ANAHEIM,-117.90181509,33.79613
6793163,2015,2016-10-21,9675,2015-01-04,1638,020746,NA,7,2,4,3002,0,1,3,NA,2,570,RT 57,LAMBERT RD,900,S,N,A,-,Y,ORA,12,57,-,-,20.6,H,-,S,Y,3,0,2,1,A,-,01,23152,A,N,E,I,A,A,H,-,A,D,6,NA,NA,NA,NA,Y,Y,B,07,0,1,1,0,0,0,0,0,0,-,-,33.92267,-117.88035,ORANGE,BREA,-117.88039011,33.92090992
6793174,2015,2016-09-19,9675,2015-01-20,1815,13300,NA,2,2,5,3022,0,1,1,NA,2,503,RT 5,JAMBOREE RD,200,N,N,B,-,Y,ORA,12,5,-,-,27.65,H,-,N,N,4,0,1,2,A,-,03,22350,NA,N,C,C,A,A,H,-,C,D,1,NA,NA,NA,NA,Y,NA,A,01,0,0,1,0,0,0,0,0,0,-,-,33.7204,-117.79478,ORANGE,TUSTIN,-117.79575708,33.72023127
6793175,2015,2016-09-15,9675,2015-01-14,2225,18985,NA,3,3,4,3002,0,1,3,NA,2,570,RT 57,LAMBERT RD,300,S,N,A,-,Y,ORA,12,57,-,-,20.82,H,-,N,Y,4,0,2,2,A,-,08,22107,NA,N,C,E,A,A,H,-,C,D,6,NA,NA,NA,NA,Y,NA,A,01,0,0,2,0,0,0,0,0,0,-,-,33.92333,-117.87997,ORANGE,BREA,-117.88002176,33.92412319
6793178,2015,2016-10-03,9675,2015-01-22,1120,20627,NA,4,1,7,3019,0,1,1,NA,2,502,RT 5,MAIN ST,5,S,N,A,-,Y,ORA,12,5,-,-,32.868,H,-,S,Y,2,0,1,2,A,-,09,21804,A,N,D,C,-,A,H,-,A,A,1,Y,NA,NA,NA,Y,NA,N,60,1,0,0,0,1,0,0,0,0,FR,-,33.45562,-117.52207,ORANGE,SANTA ANA,-117.867255,33.765625
6794438,2015,2015-03-02,3007,2015-01-10,1231,276,34,6,5,5,3007,0,0,0,NA,0,001,BUSHARD,WARNER,20,N,N,A,-,N,NA,NA,NA,NA,NA,NA,NA,NA,NA,Y,4,0,2,2,A,-,08,22107,NA,N,C,C,A,B,H,-,A,A,0,NA,NA,NA,NA,Y,NA,A,01,0,0,2,0,0,0,0,0,0,-,-,NA,NA,ORANGE,FOUNTAIN VALLEY,-117.96317811,33.71615481
6794461,2015,2015-02-19,9670,2015-01-15,1659,19261,NA,4,2,9,3000,0,3,5,NA,2,005,JEFFERSON ST,WASHINGTON ST,600,N,N,A,-,N,NA,NA,NA,NA,NA,NA,NA,NA,NA,N,4,0,1,2,A,-,11,21954,A,N,D,B,D,A,H,-,B,D,0,Y,NA,NA,NA,Y,NA,N,60,0,0,1,0,1,0,0,0,0,-,-,33.44505,-117.59317,ORANGE,UNINCORPORATED,-117.98424711,33.74823491
6796550,2015,2015-02-20,3015,2015-01-16,0607,1425,27E,5,5,6,3015,0,0,0,NA,0,121,W GROVE AV,N BATAVIA ST,610,E,N,A,-,N,NA,NA,NA,NA,NA,NA,NA,NA,NA,N,4,0,1,2,A,-,09,21804,A,N,G,B,D,A,H,-,B,D,0,Y,NA,NA,NA,Y,NA,A,01,0,0,1,0,1,0,0,0,0,-,-,NA,NA,ORANGE,ORANGE,-117.86007662,33.82093116
6796551,2015,2015-02-20,3015,2015-01-17,0259,1459,445,6,5,6,3015,0,0,0,NA,0,131,S HEWES ST,E JORDAN AV,57,N,N,A,-,N,NA,NA,NA,NA,NA,NA,NA,NA,NA,Y,3,0,1,1,A,-,01,23152,A,N,A,I,A,A,H,-,C,D,0,NA,NA,NA,NA,Y,Y,A,01,0,1,0,0,0,0,0,0,0,-,-,NA,NA,ORANGE,ORANGE,-117.80511808,33.77896104
6796807,2015,2015-02-27,3008,2015-01-10,2147,1177,2 3,6,5,6,3008,0,0,0,NA,0,NA,ST COLLEGE BL,COMMONWEALTH AV,0,NA,Y,B,C,N,NA,NA,NA,NA,NA,NA,NA,NA,NA,Y,4,0,3,2,A,-,09,21801,A,N,A,C,A,B,H,-,C,A,0,NA,NA,NA,NA,Y,NA,A,01,0,0,3,0,0,0,0,0,0,-,-,NA,NA,ORANGE,FULLERTON,-117.889574,33.870569
6797532,2015,2015-02-24,3007,2015-01-16,1511,193,39,5,5,5,3007,0,0,0,NA,0,002,HARBOR BL,HEIL,28,N,N,A,-,N,NA,NA,NA,NA,NA,NA,NA,NA,NA,Y,3,0,4,2,A,-,09,21801,A,N,D,C,A,A,H,-,A,A,0,NA,NA,NA,NA,Y,NA,A,07,0,2,2,0,0,0,0,0,0,-,-,NA,NA,ORANGE,FOUNTAIN VALLEY,-117.91982126,33.72384676
6797583,2014,2015-02-06,3008,2014-12-05,2123,1381,NA,5,5,6,3008,0,0,0,NA,0,Z 2,CHAPMAN AV,HARBOR BL,0,NA,Y,A,-,N,NA,NA,NA,NA,NA,NA,NA,NA,NA,Y,4,0,1,2,A,-,09,21801,A,N,A,C,A,A,H,-,C,A,0,NA,NA,NA,NA,Y,NA,A,07,0,0,1,0,0,0,0,0,0,-,-,NA,NA,ORANGE,FULLERTON,-117.92434,33.87393007
6798430,2015,2015-02-18,3019,2015-01-25,0133,2647,WE,7,5,7,3019,0,0,0,NA,0,001,FAIRVIEW ST,9TH ST,65,N,N,A,-,N,NA,NA,NA,NA,NA,NA,NA,NA,NA,Y,3,0,1,1,A,-,01,23152,A,N,E,I,A,-,H,-,C,D,0,NA,NA,NA,NA,Y,Y,A,01,0,1,0,0,0,0,0,0,0,-,-,NA,NA,ORANGE,SANTA ANA,-117.9024681,33.75256777
6799123,2015,2016-09-26,3012,2015-01-15,1846,604,14,4,5,5,3012,0,0,0,NA,0,001,WHITTIER BL,HACIENDA DR,98,E,N,A,-,Y,ORA,12,39,-,-,20.9,H,-,N,N,4,0,1,2,A,-,07,21658,A,N,B,C,A,A,H,-,C,D,0,NA,NA,NA,NA,Y,NA,-,-,0,0,1,0,0,0,0,0,0,-,-,NA,NA,ORANGE,LA HABRA,-117.96409423,33.9394434
6803573,2015,2015-03-02,3001,2015-01-22,1903,415,NA,4,5,7,3001,0,0,0,NA,0,0D1,WEST BALL RD,SOUTH MAGNOLIA AV,312,E,N,A,-,N,NA,NA,NA,NA,NA,NA,NA,NA,NA,N,4,0,1,2,A,-,09,21801,A,N,B,C,A,A,H,-,C,D,0,NA,NA,Y,NA,Y,NA,A,01,0,0,1,0,0,0,0,0,1,-,-,NA,NA,ORANGE,ANAHEIM,-117.97482525,33.81760798
6803594,2015,2015-03-02,3022,2015-01-07,0628,1109,SOUTH,3,5,5,3022,0,0,0,NA,0,003,EDINGER AV,JAMBOREE RD,0,NA,Y,A,-,N,NA,NA,NA,NA,NA,NA,NA,NA,NA,Y,4,0,2,2,A,-,12,21453,A,N,D,C,A,A,H,-,B,A,0,NA,NA,NA,NA,Y,NA,A,07,0,0,2,0,0,0,0,0,0,-,-,33.70391,-117.80623,ORANGE,TUSTIN,-117.80632003,33.70434003
6804732,2015,2015-03-05,3000,2015-01-16,0945,2840,922D1,5,5,5,3028,0,0,0,NA,0,M52,MARGUERITE PKWY,JERONIMO RD,9,S,N,A,-,N,NA,NA,NA,NA,NA,NA,NA,NA,NA,N,4,0,1,2,A,-,03,22350,NA,N,C,C,A,A,H,-,A,D,0,NA,NA,NA,NA,Y,NA,-,NA,0,0,1,0,0,0,0,0,0,-,-,NA,NA,ORANGE,MISSION VIEJO,-117.65543858,33.6070764
6805402,2015,2016-10-10,9675,2015-01-09,1258,16754,NA,5,1,9,3000,0,1,3,NA,2,095,RT 91,COAL CANYON RD,1282,E,N,A,-,Y,ORA,12,91,-,R,18.21,H,-,E,Y,2,0,1,2,A,-,03,22350,NA,N,B,C,A,A,H,-,A,D,1,NA,NA,NA,Y,Y,NA,A,01,1,0,0,0,0,0,0,0,0,-,-,33.86884,-117.67955,ORANGE,UNINCORPORATED,-117.68306126,33.87017738
6805414,2015,2015-03-03,9675,2015-01-22,1540,20780,NA,4,2,9,3000,0,2,4,NA,2,035,SILVERADO CANYON RD,SANTIAGO CANYON RD,5280,E,N,B,-,N,NA,NA,NA,NA,NA,NA,NA,NA,NA,Y,3,0,1,2,A,-,03,22350,NA,N,D,C,A,A,D,-,A,A,0,NA,NA,NA,NA,Y,NA,D,22,0,1,0,0,0,0,0,0,0,-,-,33.74378,-117.6581,ORANGE,UNINCORPORATED,-117.67306,33.74822
6805443,2015,2016-10-21,9675,2015-01-23,0934,19942,NA,5,1,4,3002,0,1,3,NA,2,570,RT 57,IMPERIAL HWY,700,S,N,A,-,Y,ORA,12,57,-,-,19.73,H,-,S,Y,2,0,1,1,A,-,03,22350,NA,N,F,A,A,A,H,-,A,D,6,NA,NA,Y,NA,Y,NA,C,02,1,0,0,0,0,0,0,0,1,-,-,33.90657,-117.88168,ORANGE,BREA,-117.88314082,33.90885736
6806962,2015,2015-03-04,3009,2015-01-24,1356,2372,082,6,5,6,3009,0,0,0,NA,0,012,MAGNOLIA ST,SHELLEY DR,2,S,N,A,-,N,NA,NA,NA,NA,NA,NA,NA,NA,NA,N,4,0,1,2,A,-,03,22350,NA,N,C,C,A,A,H,-,A,A,0,NA,NA,NA,NA,Y,NA,A,01,0,0,1,0,0,0,0,0,0,-,-,NA,NA,ORANGE,GARDEN GROVE,-117.97548992,33.79385452
6807531,2015,2016-10-25,3010,2015-01-24,0021,1059,326,6,5,6,3010,0,0,0,NA,0,004,RT 1,SEAPOINT,1394,N,N,A,-,Y,ORA,12,1,-,-,27.31,H,-,N,Y,4,0,1,1,A,-,08,22107,NA,N,E,I,A,A,H,-,D,D,0,NA,NA,NA,NA,Y,Y,A,01,0,0,1,0,0,0,0,0,0,-,-,NA,NA,ORANGE,HUNTINGTON BEACH,-118.03516651,33.68288833
6807545,2015,2015-03-03,3002,2015-01-14,1112,1347,226Z,3,5,4,3002,0,0,0,NA,0,011,CENTRAL AV,TAMARACK AV,0,NA,Y,A,-,N,NA,NA,NA,NA,NA,NA,NA,NA,NA,Y,4,0,3,2,A,-,09,21801,A,N,D,C,A,A,H,-,A,A,0,NA,NA,NA,NA,Y,NA,A,07,0,0,3,0,0,0,0,0,0,-,-,NA,NA,ORANGE,BREA,-117.89918004,33.93206002
6809195,2015,2015-03-06,3001,2015-02-06,1928,415,NA,5,5,7,3001,0,0,0,NA,0,0D3,SOUTH EUCLID ST,W SALLIE LN,240,N,N,A,-,N,NA,NA,NA,NA,NA,NA,NA,NA,NA,Y,4,0,3,3,A,-,03,22350,NA,N,C,C,A,A,H,-,C,D,0,NA,NA,NA,NA,Y,NA,A,08,0,0,3,0,0,0,0,0,0,-,-,NA,NA,ORANGE,ANAHEIM,-117.94141704,33.80601764
6809556,2015,2015-03-03,3001,2015-01-31,2041,415,NA,6,5,7,3001,0,0,0,NA,0,0D3,EAST BALL RD,SOUTH LEWIS ST,15,W,N,A,-,N,NA,NA,NA,NA,NA,NA,NA,NA,NA,N,3,0,1,2,A,-,12,21453,A,N,D,G,A,A,H,-,C,A,0,NA,Y,NA,NA,Y,NA,L,04,0,1,0,0,0,0,1,0,0,-,-,NA,NA,ORANGE,ANAHEIM,-117.89800927,33.8181
6809792,2015,2016-10-10,9670,2015-01-25,0845,017951,NA,7,1,6,3009,0,1,3,NA,2,025,RT 22,GARDEN GROVE BL,196,W,N,A,-,Y,ORA,12,22,-,R,8.623,R,2,W,Y,3,0,2,1,A,-,03,22350,NA,N,E,I,A,A,H,-,A,D,1,NA,NA,NA,NA,Y,NA,A,07,0,1,1,0,0,0,0,0,0,FR,-,33.77383,-117.9065,ORANGE,GARDEN GROVE,-117.90848084,33.77268742