CASE_ID,ACCIDENT_YEAR,PROC_DATE,JURIS,COLLISION_DATE,COLLISION_TIME,OFFICER_ID,REPORTING_DISTRICT,DAY_OF_WEEK,CHP_SHIFT,POPULATION,CNTY_CITY_LOC,SPECIAL_COND,BEAT_TYPE,CHP_BEAT_TYPE,CITY_DIVISION_LAPD,CHP_BEAT_CLASS,BEAT_NUMBER,PRIMARY_RD,SECONDARY_RD,DISTANCE,DIRECTION,INTERSECTION,WEATHER_1,WEATHER_2,STATE_HWY_IND,CALTRANS_COUNTY,CALTRANS_DISTRICT,STATE_ROUTE,ROUTE_SUFFIX,POSTMILE_PREFIX,POSTMILE,LOCATION_TYPE,RAMP_INTERSECTION,SIDE_OF_HWY,TOW_AWAY,COLLISION_SEVERITY,NUMBER_KILLED,NUMBER_INJURED,PARTY_COUNT,PRIMARY_COLL_FACTOR,PCF_CODE_OF_VIOL,PCF_VIOL_CATEGORY,PCF_VIOLATION,PCF_VIOL_SUBSECTION,HIT_AND_RUN,TYPE_OF_COLLISION,MVIW,PED_ACTION,ROAD_SURFACE,ROAD_COND_1,ROAD_COND_2,LIGHTING,CONTROL_DEVICE,CHP_ROAD_TYPE,PEDESTRIAN_ACCIDENT,BICYCLE_ACCIDENT,MOTORCYCLE_ACCIDENT,TRUCK_ACCIDENT,NOT_PRIVATE_PROPERTY,ALCOHOL_INVOLVED,STWD_VEHTYPE_AT_FAULT,CHP_VEHTYPE_AT_FAULT,COUNT_SEVERE_INJ,COUNT_VISIBLE_INJ,COUNT_COMPLAINT_PAIN,COUNT_PED_KILLED,COUNT_PED_INJURED,COUNT_BICYCLIST_KILLED,COUNT_BICYCLIST_INJURED,COUNT_MC_KILLED,COUNT_MC_INJURED,PRIMARY_RAMP,SECONDARY_RAMP,LATITUDE,LONGITUDE,COUNTY,CITY,POINT_X,POINT_Y
6980900,2015,2016-11-15,9675,2015-06-30,0925,014558,NA,2,1,6,3026,0,1,1,NA,2,504,RT 5,JEFFREY RD,650,S,N,A,-,Y,ORA,12,5,-,R,24.87,H,-,S,Y,3,0,1,2,A,-,07,21658,A,N,B,C,A,A,H,-,A,A,1,NA,NA,NA,Y,Y,NA,D,22,0,1,0,0,0,0,0,0,0,-,-,33.68765,-117.76714,ORANGE,IRVINE,-117.76748374,33.68825649
6981249,2015,2015-07-14,3000,2015-05-20,1545,9696,952A2,3,5,5,3040,0,0,0,NA,0,741,PASEO DE COLINAS,CHARREADAS,0,NA,Y,A,-,N,NA,NA,NA,NA,NA,NA,NA,NA,NA,N,2,0,1,1,A,-,03,22350,NA,N,F,A,A,A,H,-,A,D,0,NA,Y,NA,NA,Y,NA,L,04,1,0,0,0,0,0,1,0,0,-,-,NA,NA,ORANGE,LAGUNA NIGUEL,-117.6765901,33.54806008
6981583,2015,2015-07-14,3000,2015-06-23,1930,8780,891D5,2,5,4,3045,0,0,0,NA,0,445,LAKE FOREST DR,AVENIDA DE LA CARLOTA,0,W,N,A,-,N,NA,NA,NA,NA,NA,NA,NA,NA,NA,N,4,0,1,3,A,-,03,22350,NA,N,C,C,A,A,H,-,A,A,0,NA,NA,NA,NA,Y,NA,A,01,0,0,1,0,0,0,0,0,0,-,-,NA,NA,ORANGE,LAGUNA HILLS,-117.72397013,33.62866003
6983466,2015,2016-12-17,3002,2015-06-11,1829,1626,529Y,4,5,4,3002,0,0,0,NA,0,014,IMPERIAL HWY,CASTLEGATE LN,660,W,N,A,-,Y,ORA,12,90,-,-,5.803,I,5,E,Y,3,0,1,2,A,-,03,22350,NA,N,C,C,A,A,H,-,A,A,0,NA,NA,NA,NA,Y,NA,A,01,0,1,0,0,0,0,0,0,0,-,-,NA,NA,ORANGE,BREA,-117.87752869,33.91078059
6983734,2015,2016-12-14,3012,2015-06-26,2040,619,11,5,5,5,3012,0,0,0,NA,0,001,WHITTIER BL,HACIENDA,242,W,N,A,-,Y,ORA,12,39,-,-,20.83,H,-,N,N,3,0,3,3,A,-,03,22350,NA,N,C,C,A,A,H,-,C,A,0,NA,NA,NA,NA,Y,NA,A,01,0,1,2,0,0,0,0,0,0,-,-,NA,NA,ORANGE,LA HABRA,-117.96517765,33.93953391
6983750,2015,2015-07-25,3012,2015-06-19,1557,288,41,5,5,5,3012,0,0,0,NA,0,0SE,EUCLID ST,1ST AV,0,NA,Y,A,-,N,NA,NA,NA,NA,NA,NA,NA,NA,NA,Y,3,0,2,2,A,-,09,21801,A,N,D,C,A,A,H,-,A,D,0,NA,NA,NA,NA,Y,NA,A,01,0,2,0,0,0,0,0,0,0,-,-,NA,NA,ORANGE,LA HABRA,-117.9461,33.93084001
6984581,2015,2015-07-14,3000,2015-06-19,1747,5013,891J4,5,5,5,3050,0,0,0,NA,0,760,EL TORO RD,TOLEDO WY,67,E,N,A,-,N,NA,NA,NA,NA,NA,NA,NA,NA,NA,Y,4,0,2,2,A,-,01,23152,A,F,C,C,A,A,H,-,A,A,0,NA,NA,NA,NA,Y,Y,A,07,0,0,2,0,0,0,0,0,0,-,-,NA,NA,ORANGE,LAKE FOREST,-117.68548224,33.63273771
6984696,2015,2015-07-14,3000,2015-04-16,2039,9051,892C1,4,5,5,3050,0,0,0,NA,0,762,EL TORO RD,NORMANDALE DR,0,NA,Y,A,-,N,NA,NA,NA,NA,NA,NA,NA,NA,NA,Y,4,0,1,2,A,-,08,22107,NA,N,F,A,A,A,H,-,C,A,0,NA,NA,Y,NA,Y,NA,A,01,0,0,1,0,0,0,0,0,1,-,-,NA,NA,ORANGE,LAKE FOREST,-117.6591201,33.65451012
6984713,2015,2016-12-13,3010,2015-06-29,0949,1096,242,1,5,6,3010,0,0,0,NA,0,009,RT 39,CENTER AV,762,N,N,A,-,Y,ORA,12,39,-,-,5.87,H,-,S,Y,4,0,2,2,A,-,04,21703,NA,N,C,C,A,A,H,-,A,D,0,NA,NA,NA,NA,Y,NA,A,07,0,0,2,0,0,0,0,0,0,-,-,NA,NA,ORANGE,HUNTINGTON BEACH,-117.98948583,33.73354963
6987556,2015,2015-07-25,3001,2015-06-30,0027,0346,1437,2,5,7,3001,0,0,0,NA,0,043,EAST SANTA ANA CANYON RD,LAKEVIEW DR,15,N,N,A,-,N,NA,NA,NA,NA,NA,NA,NA,NA,NA,Y,4,0,1,2,A,-,07,21658,A,N,B,C,A,A,H,-,C,A,0,NA,NA,NA,Y,Y,NA,F,26,0,0,1,0,0,0,0,0,0,-,-,NA,NA,ORANGE,ANAHEIM,-117.8134334,33.84975338
6987883,2015,2017-02-02,3011,2015-07-03,1743,31364,83,5,5,4,3011,0,0,0,NA,0,003,RT 1,ALISO WY,2640,N,N,A,-,Y,ORA,12,1,-,-,5.97,H,-,S,N,4,0,1,3,A,-,03,22350,NA,M,C,C,A,A,H,-,A,D,0,NA,NA,NA,NA,Y,NA,A,01,0,0,1,0,0,0,0,0,0,-,-,NA,NA,ORANGE,LAGUNA BEACH,-117.74640145,33.504861
6988036,2015,2015-07-20,3001,2015-06-30,0002,A2201,D2,2,5,7,3001,0,0,0,NA,0,NA,NORTH STATE COLLEGE BL,EAST LA PALMA AV,39,N,N,A,-,N,NA,NA,NA,NA,NA,NA,NA,NA,NA,Y,4,0,2,2,A,-,01,23152,A,N,C,C,A,A,H,-,C,A,0,NA,NA,NA,NA,Y,Y,A,01,0,0,2,0,0,0,0,0,0,-,-,NA,NA,ORANGE,ANAHEIM,-117.8893,33.84736692
6989286,2015,2017-01-19,9675,2015-07-02,1504,017504,NA,4,2,9,3000,0,1,3,NA,2,240,RT 241,SANTIAGO CANYON RD,2400,S,N,A,-,Y,ORA,12,241,-,-,31.79,H,-,N,Y,3,0,1,1,A,-,08,22107,NA,N,E,I,A,A,H,-,A,D,1,NA,NA,NA,NA,Y,NA,A,01,0,1,0,0,0,0,0,0,0,-,-,33.77393,-117.74387,ORANGE,UNINCORPORATED,-117.74262235,33.77264736
6989322,2015,2017-01-13,9675,2015-07-08,1800,018539,NA,3,2,7,3019,0,1,3,NA,2,222,RT 22,MAIN ST,75,W,N,A,-,Y,ORA,12,22,-,R,11,H,-,E,Y,4,0,1,3,A,-,03,22350,NA,N,C,C,A,A,H,-,A,D,6,NA,NA,NA,NA,Y,NA,A,01,0,0,1,0,0,0,0,0,0,-,-,33.77185,-117.86998,ORANGE,SANTA ANA,-117.8672707,33.77817368
6989371,2015,2015-07-28,3001,2015-07-12,0035,415,NA,7,5,7,3001,0,0,0,NA,0,D 2,NORTH WEST ST,WEST NORTH ST,55,N,N,A,-,N,NA,NA,NA,NA,NA,NA,NA,NA,NA,Y,3,0,1,2,A,-,01,23152,A,N,A,C,A,A,H,-,C,A,0,NA,NA,NA,NA,Y,Y,A,01,0,1,0,0,0,0,0,0,0,-,-,NA,NA,ORANGE,ANAHEIM,-117.9300171,33.84139558
6989603,2015,2017-01-19,9675,2015-07-08,2030,017043,NA,3,2,6,3026,0,1,3,NA,2,130,RT 133,RT 405,215,S,N,B,-,Y,ORA,12,133,-,-,8.294,R,3,S,Y,3,0,1,1,A,-,01,23152,A,N,F,A,A,A,H,-,C,D,1,NA,NA,Y,NA,Y,Y,C,02,0,1,0,0,0,0,0,0,1,TO,-,33.65462,-117.7599,ORANGE,IRVINE,-117.76172626,33.6505873
6989822,2015,2015-07-17,3004,2015-07-01,1410,P429,03,3,5,6,3004,0,0,0,NA,0,006,EAST 17TH ST,WESTMINSTER,221,E,N,B,-,N,NA,NA,NA,NA,NA,NA,NA,NA,NA,Y,4,0,1,3,A,-,03,22350,NA,N,C,C,A,A,H,-,A,D,0,NA,NA,NA,NA,Y,NA,A,01,0,0,1,0,0,0,0,0,0,-,-,NA,NA,ORANGE,COSTA MESA,-117.91649086,33.6338449
6991923,2015,2016-11-19,9675,2015-06-29,0840,015011,NA,1,1,7,3019,0,1,3,NA,2,552,RT 55 S/B COSTA MESA FREEWAY,WARNER AV,480,N,N,A,-,Y,ORA,12,55,-,R,8.59,H,-,S,Y,3,0,1,3,A,-,03,22350,NA,N,C,C,A,A,H,-,A,D,6,NA,NA,NA,NA,Y,NA,A,01,0,1,0,0,0,0,0,0,0,-,-,33.71606,-117.8437,ORANGE,SANTA ANA,-117.84389549,33.71655586
6991940,2015,2015-07-29,3001,2015-06-25,0848,1555,1441,4,5,7,3001,0,0,0,NA,0,044,ANAHEIM HILLS RD,LA PAZ WY,0,NA,Y,A,-,N,NA,NA,NA,NA,NA,NA,NA,NA,NA,Y,2,0,2,4,A,-,09,21802,A,N,D,C,A,A,H,-,A,A,0,NA,NA,NA,NA,Y,NA,A,01,1,0,1,0,0,0,0,0,0,-,-,NA,NA,ORANGE,ANAHEIM,-117.77884012,33.85134004
6992803,2015,2015-08-04,3000,2015-07-09,1932,9696,951F3,4,5,5,3040,0,0,0,NA,0,743,GOLDEN LANTERN,VIA DE ANZA,15,S,N,A,-,N,NA,NA,NA,NA,NA,NA,NA,NA,NA,Y,2,0,1,3,A,-,01,23152,E,N,A,C,A,A,H,-,A,D,0,NA,NA,NA,NA,Y,NA,A,01,1,0,0,0,0,0,0,0,0,-,-,NA,NA,ORANGE,LAGUNA NIGUEL,-117.68508,33.53336889
6992849,2015,2015-08-12,3000,2015-07-19,1920,8779,NA,7,5,4,3049,0,0,0,NA,0,921E6,ALISO CREEK RD,WOLVERINE WY,38,S,N,C,-,N,NA,NA,NA,NA,NA,NA,NA,NA,NA,N,4,0,2,2,A,-,03,22350,NA,N,C,C,A,B,H,-,B,A,0,NA,NA,NA,NA,Y,NA,A,01,0,0,2,0,0,0,0,0,0,-,-,NA,NA,ORANGE,ALISO VIEJO,-117.72502191,33.56410534
6993445,2015,2015-07-29,3008,2015-07-02,0953,1297,NA,4,5,6,3008,0,0,0,NA,0,0Z2,HARBOR BL,ORANGE FAIR MALL,0,NA,Y,A,-,N,NA,NA,NA,NA,NA,NA,NA,NA,NA,Y,3,0,3,2,A,-,12,21453,A,N,-,C,A,A,H,-,A,A,0,NA,NA,NA,NA,Y,NA,A,01,0,3,0,0,0,0,0,0,0,-,-,NA,NA,ORANGE,FULLERTON,-117.92436005,33.85631007
6993813,2015,2015-08-10,3019,2015-07-07,1028,2001,WE,2,5,7,3019,0,0,0,NA,0,NA,CIVIC CENTER DR,HAWLEY ST,566,W,N,B,-,N,NA,NA,NA,NA,NA,NA,NA,NA,NA,N,4,0,1,2,A,-,03,22350,NA,N,C,C,A,A,H,-,A,D,0,NA,NA,NA,NA,Y,NA,A,07,0,0,1,0,0,0,0,0,0,-,-,NA,NA,ORANGE,SANTA ANA,-117.90090754,33.75144348
6994642,2015,2017-01-12,9670,2015-07-25,1749,20809,NA,6,2,4,3020,0,1,1,NA,2,045,RT 405,SEAL BEACH BL,6900,S,N,A,-,Y,ORA,12,405,-,-,21.41,H,-,S,Y,4,0,2,2,A,-,03,22350,NA,N,C,C,A,A,H,-,A,D,1,NA,NA,NA,NA,Y,NA,A,01,0,0,2,0,0,0,0,0,0,-,-,33.77397,-118.05222,ORANGE,SEAL BEACH,-118.05381979,33.77422484
6994649,2015,2017-01-14,9670,2015-07-24,1845,019348,NA,5,2,5,3003,0,1,1,NA,2,500,RT 5,ARTESIA BL,200,N,N,A,-,Y,ORA,12,5,-,-,43.34,H,-,N,Y,4,0,1,2,A,-,07,21658,A,N,B,C,A,A,H,-,A,D,6,NA,NA,Y,NA,Y,NA,A,01,0,0,1,0,0,0,0,0,1,-,-,33.87593,-118.01354,ORANGE,BUENA PARK,-117.99684544,33.86585276
6995516,2015,2017-01-23,3004,2015-07-01,2108,P481,03,3,5,6,3004,0,0,0,NA,0,001,NEWPORT BL,INDUSTRIAL WY,0,NA,Y,A,-,Y,ORA,12,55,-,-,1.011,I,5,N,Y,4,0,1,2,A,-,09,21453,B,N,D,C,A,A,H,-,C,A,0,NA,NA,NA,NA,Y,Y,A,07,0,0,1,0,0,0,0,0,0,-,-,33.631,-117.9248,ORANGE,COSTA MESA,-117.92494506,33.63105932
6995556,2015,2015-08-14,3001,2015-07-18,0054,A2210,NA,6,5,7,3001,0,0,0,NA,0,0D3,ORANGEWOOD AV,LOARA ST,46,E,N,A,-,N,NA,NA,NA,NA,NA,NA,NA,NA,NA,Y,4,0,2,3,A,-,01,23152,A,N,C,C,A,A,H,-,C,D,0,NA,NA,NA,NA,Y,Y,A,08,0,0,2,0,0,0,0,0,0,-,-,NA,NA,ORANGE,ANAHEIM,-117.93729911,33.79591592
6996060,2015,2015-08-07,3001,2015-07-19,0537,2227,3001,7,5,7,3001,0,0,0,NA,0,001,MAGNOLIA,LINCOLN AV,26,W,N,A,-,N,NA,NA,NA,NA,NA,NA,NA,NA,NA,Y,3,0,3,2,A,-,03,22350,NA,N,C,C,A,A,H,-,A,A,0,NA,NA,NA,NA,Y,Y,A,01,0,1,2,0,0,0,0,0,0,-,-,NA,NA,ORANGE,ANAHEIM,-117.97599,33.83227
6999044,2015,2016-11-19,9675,2015-06-27,1440,20738,NA,6,2,5,3022,0,1,3,NA,2,551,RT 55,E MAIN ST,600,N,N,B,-,Y,ORA,12,55,-,-,10.65,H,-,N,Y,3,0,1,1,C,-,18,NA,NA,N,E,I,A,-,H,-,A,D,6,NA,NA,NA,NA,Y,Y,-,-,0,1,0,0,0,0,0,0,0,-,-,33.74377,-117.83339,ORANGE,TUSTIN,-117.83363397,33.74353928
6999132,2015,2015-07-27,3010,2015-07-05,1229,1226,432,7,5,6,3010,0,0,0,NA,0,005,HUNTINGTON ST,WICHITA AV,100,S,N,A,-,N,NA,NA,NA,NA,NA,NA,NA,NA,NA,N,3,0,1,2,A,-,01,23152,A,N,C,C,A,A,H,-,A,D,0,NA,NA,Y,NA,Y,Y,C,02,0,1,0,0,0,0,0,0,1,-,-,NA,NA,ORANGE,HUNTINGTON BEACH,-117.99522347,33.67728587
6999136,2015,2017-02-02,3010,2015-07-05,1846,1225,359,7,5,6,3010,0,0,0,NA,0,004,PCH,GOLDEN WEST,465,N,N,A,-,Y,ORA,12,1,-,-,25.98,H,-,S,Y,4,0,2,2,A,-,03,22350,NA,N,C,C,A,A,H,-,A,D,0,NA,NA,NA,NA,Y,NA,A,01,0,0,2,0,0,0,0,0,0,-,-,NA,NA,ORANGE,HUNTINGTON BEACH,-118.01859858,33.66905055
6999290,2015,2015-07-27,3008,2015-06-19,0016,1464,NA,5,5,6,3008,0,0,0,NA,0,001,E IMPERIAL HWY,NORTH HARBOR BL,105,E,N,A,-,N,NA,NA,NA,NA,NA,NA,NA,NA,NA,N,4,0,1,2,A,-,03,22350,NA,N,C,C,A,A,H,-,C,A,0,NA,NA,NA,NA,Y,Y,D,22,0,0,1,0,0,0,0,0,0,-,-,NA,NA,ORANGE,FULLERTON,-117.93272412,33.91731
7000435,2015,2015-09-18,3001,2015-07-08,2039,415,NA,3,5,7,3001,0,0,0,NA,0,0D3,KATELLA AV,ANAHEIM WY,0,NA,Y,B,-,N,NA,NA,NA,NA,NA,NA,NA,NA,NA,Y,3,0,2,2,A,-,12,21453,A,N,D,C,A,A,H,-,C,A,0,NA,NA,NA,NA,Y,NA,-,-,0,1,1,0,0,0,0,0,0,-,-,NA,NA,ORANGE,ANAHEIM,-117.9009201,33.80342008
7000813,2015,2015-09-17,3001,2015-07-09,1124,41555,NA,4,5,7,3001,0,0,0,NA,0,0D1,BALL RD,S FREMONT ST,0,NA,Y,A,-,N,NA,NA,NA,NA,NA,NA,NA,NA,NA,Y,4,0,1,2,A,-,09,21801,A,N,D,C,A,A,H,-,A,A,0,NA,NA,NA,NA,Y,NA,A,01,0,0,1,0,0,0,0,0,0,-,-,NA,NA,ORANGE,ANAHEIM,-118.01583008,33.8172101
7001122,2015,2017-01-19,9675,2015-07-14,0806,15784,NA,2,1,6,3015,0,1,3,NA,2,550,RT 55,CHAPMAN AV,1000,N,N,A,-,Y,ORA,12,55,-,-,13.96,H,-,S,Y,4,0,1,4,A,-,03,22350,NA,N,C,C,A,A,H,-,A,D,6,NA,NA,NA,NA,Y,NA,A,01,0,0,1,0,0,0,0,0,0,-,-,33.79045,-117.83124,ORANGE,ORANGE,-117.8311083,33.79139335
7001244,2015,2015-07-24,3016,2015-06-29,1411,1231,26,1,5,5,3016,0,0,0,NA,0,002,MELROSE AV,ORANGETHORPE AV,0,NA,Y,B,-,N,NA,NA,NA,NA,NA,NA,NA,NA,NA,N,4,0,3,2,A,-,12,21453,A,N,D,C,A,A,H,-,A,A,0,NA,NA,NA,NA,Y,NA,A,01,0,0,3,0,0,0,0,0,0,-,-,NA,NA,ORANGE,PLACENTIA,-117.87483007,33.86191011
7002121,2015,2015-07-27,3001,2015-06-28,1030,1038,1923,7,5,7,3001,0,0,0,NA,0,0D3,S DISNEYLAND DR,S BALL RD,800,S,N,A,-,N,NA,NA,NA,NA,NA,NA,NA,NA,NA,N,4,0,1,2,C,-,18,NA,NA,N,G,B,E,A,H,-,A,D,0,Y,NA,NA,NA,Y,Y,-,-,0,0,1,0,1,0,0,0,0,-,-,NA,NA,ORANGE,ANAHEIM,-117.92282254,33.81608063
7002429,2015,2015-07-24,3010,2015-07-08,1028,1234,126,3,5,6,3010,0,0,0,NA,0,009,BOLSA CHICA,BOLSA,78,N,N,A,-,N,NA,NA,NA,NA,NA,NA,NA,NA,NA,Y,4,0,1,2,A,-,09,21453,B,N,B,C,A,A,H,-,A,A,0,NA,NA,NA,NA,Y,NA,A,01,0,0,1,0,0,0,0,0,0,-,-,NA,NA,ORANGE,HUNTINGTON BEACH,-118.04169281,33.74463386
7002431,2015,2015-07-27,3024,2015-07-14,1622,382,P26,2,5,5,3024,0,0,0,NA,0,EAST,MAGNOLIA ST,CHANNING AV,0,NA,Y,A,-,N,NA,NA,NA,NA,NA,NA,NA,NA,NA,Y,3,0,3,2,A,-,09,21801,A,N,D,C,A,A,H,-,A,A,0,NA,NA,NA,NA,Y,NA,A,01,0,2,1,0,0,0,0,0,0,-,-,NA,NA,ORANGE,WESTMINSTER,-117.97226008,33.74673008
7002459,2015,2015-07-27,3002,2015-07-06,1920,1632,327Y,1,5,4,3002,0,0,0,NA,0,012,LAMBERT RD,ASSOCIATED RD,0,NA,Y,A,-,N,NA,NA,NA,NA,NA,NA,NA,NA,NA,N,3,0,1,2,D,-,00,NA,NA,N,D,G,A,A,H,-,A,A,0,NA,Y,NA,NA,Y,NA,-,-,0,1,0,0,0,0,1,0,0,-,-,NA,NA,ORANGE,BREA,-117.87526005,33.92549006
7003152,2015,2015-07-30,3004,2015-07-10,1756,P543,19,5,5,6,3004,0,0,0,NA,0,004,HARBOR BL,NUTMEG PL,8,S,N,A,-,N,NA,NA,NA,NA,NA,NA,NA,NA,NA,N,4,0,1,2,A,-,10,21950,A,N,G,B,B,A,H,-,A,A,0,Y,NA,NA,NA,Y,NA,A,01,0,0,1,0,1,0,0,0,0,-,-,33.4051,-117.55,ORANGE,COSTA MESA,-117.91945,33.68191807
7004539,2015,2017-01-28,3001,2015-07-18,1034,0845,NA,6,5,7,3001,0,0,0,NA,0,0D2,LEMON ST,RT 91,0,NA,Y,B,-,Y,ORA,12,91,-,-,3.268,R,4,E,Y,4,0,1,2,A,-,12,21453,A,N,B,C,A,A,H,-,A,A,0,NA,NA,NA,Y,Y,NA,-,-,0,0,1,0,0,0,0,0,0,-,EO,NA,NA,ORANGE,ANAHEIM,-117.92407411,33.85382274
7004817,2015,2015-07-22,3008,2015-06-10,2025,1429,NA,3,5,6,3008,0,0,0,NA,0,0Z2,ORANGETHORPE AV,HIGHLAND AV,80,E,N,A,-,N,NA,NA,NA,NA,NA,NA,NA,NA,NA,N,4,0,1,2,A,-,05,21202,A,N,G,G,A,A,H,-,C,D,0,NA,Y,NA,NA,Y,NA,L,04,0,0,1,0,0,0,1,0,0,-,-,NA,NA,ORANGE,FULLERTON,-117.92840717,33.85945478
7004827,2015,2015-07-22,3008,2015-06-25,1837,1177,NA,4,5,6,3008,0,0,0,NA,0,023,COMMONWEALTH AV,RAYMOND AV,399,E,N,A,-,N,NA,NA,NA,NA,NA,NA,NA,NA,NA,N,4,0,1,2,A,-,03,22350,NA,N,C,C,A,A,H,-,A,D,0,NA,NA,NA,NA,Y,NA,A,01,0,0,1,0,0,0,0,0,0,-,-,NA,NA,ORANGE,FULLERTON,-117.90565867,33.87050329
7005332,2015,2015-07-27,3000,2015-07-12,1130,05271,972H6,7,5,5,3017,0,0,0,NA,0,776,CAMINO VERA CRUZ,VIA BLANCO,29,N,N,A,-,N,NA,NA,NA,NA,NA,NA,NA,NA,NA,Y,4,0,2,2,A,-,08,22100,B,N,B,C,A,A,H,-,A,D,0,NA,NA,NA,NA,Y,NA,A,07,0,0,2,0,0,0,0,0,0,-,-,NA,NA,ORANGE,SAN CLEMENTE,-117.62331656,33.46210246
7005769,2015,2015-11-19,3000,2015-07-09,1240,1056,922-C,4,5,5,3028,0,0,0,NA,0,051,OSO PKWY,COUNTRY CLUB DR,55,W,N,B,-,N,NA,NA,NA,NA,NA,NA,NA,NA,NA,Y,2,0,1,1,A,-,04,21703,NA,N,F,A,A,A,H,-,A,D,0,NA,NA,Y,NA,Y,NA,C,02,1,0,0,0,0,0,0,0,1,-,-,33.58263,-117.66358,ORANGE,MISSION VIEJO,-117.66349125,33.5825933
7006411,2015,2016-01-26,3010,2015-10-13,1727,251,178,2,5,6,3010,0,0,0,NA,0,007,WARNER,SPRINGDALE,248,E,N,A,-,N,NA,NA,NA,NA,NA,NA,NA,NA,NA,Y,1,1,0,2,A,-,07,21658,A,N,C,G,A,A,H,-,A,D,0,NA,Y,NA,NA,Y,NA,A,01,0,0,0,0,0,1,0,0,0,-,-,NA,NA,ORANGE,HUNTINGTON BEACH,-118.02315631,33.71552
7008260,2015,2017-01-14,9670,2015-07-27,0855,019290,NA,1,1,5,3007,0,1,1,NA,2,041,RT 405,MAGNOLIA ST,500,N,N,A,-,Y,ORA,12,405,-,-,15.3,H,-,S,Y,4,0,1,3,A,-,03,22350,NA,N,C,C,A,A,H,-,A,D,1,NA,NA,NA,NA,Y,NA,A,01,0,0,1,0,0,0,0,0,0,-,-,33.72123,-117.97378,ORANGE,FOUNTAIN VALLEY,-117.973136,33.72084993
7008498,2015,2015-08-05,3004,2015-07-26,0136,P549,16,7,5,6,3004,0,0,0,NA,0,011,ADAMS AV,PINECREEK DR,246,E,N,A,-,N,NA,NA,NA,NA,NA,NA,NA,NA,NA,Y,3,0,1,2,A,-,07,21658,NA,F,E,A,A,A,H,-,C,D,0,NA,NA,Y,NA,Y,NA,A,01,0,1,0,0,0,0,0,0,1,-,-,33.67536,-117.91308,ORANGE,COSTA MESA,-117.91322729,33.6754177
7009742,2015,2017-01-30,3024,2015-07-24,0756,155,P19,5,5,5,3024,0,0,0,NA,0,EAST,BEACH BL,11TH ST,0,NA,Y,A,-,Y,ORA,12,39,-,-,7.251,I,5,N,N,3,0,1,2,A,-,05,21650,1,N,H,G,A,A,H,-,A,D,0,NA,Y,NA,NA,Y,NA,L,04,0,1,0,0,0,0,1,0,0,-,-,NA,NA,ORANGE,WESTMINSTER,-117.98950011,33.75363353
7010186,2015,2017-01-18,9675,2015-08-01,0120,20545,NA,6,3,7,3001,0,1,3,NA,2,093,RT 91,LAKEVIEW AV,2709,W,N,A,-,Y,ORA,12,91,-,R,99.6,H,-,W,Y,3,0,1,2,A,-,01,23152,A,N,C,C,A,A,H,-,C,D,0,NA,NA,NA,Y,Y,Y,A,07,0,1,0,0,0,0,0,0,0,-,-,33.84634,-117.82129,ORANGE,ANAHEIM,-117.82129,33.84634
7010383,2015,2017-01-13,9675,2015-07-30,0715,020668,NA,4,1,7,3019,0,1,3,NA,2,222,RT 22,MAIN ST,900,E,N,B,-,Y,ORA,12,22,-,R,11.22,H,-,W,Y,3,0,2,1,A,-,08,22107,NA,N,E,I,A,A,H,-,A,D,6,NA,NA,NA,NA,Y,NA,A,07,0,1,1,0,0,0,0,0,0,-,-,33.77827,-117.86354,ORANGE,SANTA ANA,-117.86346132,33.77835457
7010512,2015,2015-08-04,3001,2015-07-26,1127,A1799,NA,7,5,7,3001,0,0,0,NA,0,0D1,BROOKHURST ST,BROADWAY,35,S,N,A,-,N,NA,NA,NA,NA,NA,NA,NA,NA,NA,N,4,0,1,2,A,-,04,21703,NA,N,C,C,A,A,H,-,A,A,0,NA,NA,NA,NA,Y,NA,A,01,0,0,1,0,0,0,0,0,0,-,-,NA,NA,ORANGE,ANAHEIM,-117.95895,33.82879404
7010994,2015,2015-08-20,3019,2015-07-17,1526,2001,WE,5,5,7,3019,0,0,0,NA,0,001,MCFADDEN AV,FAIRVIEW ST,367,E,N,A,-,N,NA,NA,NA,NA,NA,NA,NA,NA,NA,Y,4,0,2,3,A,-,03,22350,NA,N,C,C,A,A,H,-,A,D,0,NA,NA,NA,NA,Y,NA,A,01,0,0,2,0,0,0,0,0,0,-,-,NA,NA,ORANGE,SANTA ANA,-117.90558586,33.73451113
7011020,2015,2015-08-11,3010,2015-07-20,2050,1176,148,1,5,6,3010,0,0,0,NA,0,009,EDWARDS,MCFADDEN,115,S,N,B,-,N,NA,NA,NA,NA,NA,NA,NA,NA,NA,Y,3,0,2,2,A,-,09,21801,A,N,D,C,A,A,H,-,C,D,0,NA,NA,NA,NA,Y,NA,A,07,0,2,0,0,0,0,0,0,0,-,-,NA,NA,ORANGE,HUNTINGTON BEACH,-118.01559,33.73697468
7011104,2015,2017-01-14,9675,2015-08-26,0540,014558,NA,3,3,6,3026,0,1,1,NA,2,504,RT 5,ALTO PKWY,700,N,N,B,-,Y,ORA,12,5,-,-,22.34,H,-,S,Y,4,0,1,2,A,-,08,22107,NA,N,D,C,A,A,H,-,C,D,1,NA,NA,NA,Y,Y,NA,A,01,0,0,1,0,0,0,0,0,0,-,-,33.65767,-117.74574,ORANGE,IRVINE,-117.74531726,33.65716006
7011872,2015,2015-08-10,3024,2015-07-07,1529,140,P17,2,5,5,3024,0,0,0,NA,0,WEST,GOLDEN WEST ST,HOMER ST,0,NA,Y,A,-,N,NA,NA,NA,NA,NA,NA,NA,NA,NA,Y,4,0,1,2,A,-,09,21801,A,N,D,C,A,A,H,-,A,D,0,NA,NA,NA,NA,Y,NA,A,01,0,0,1,0,0,0,0,0,0,-,-,NA,NA,ORANGE,WESTMINSTER,-118.00712002,33.75634001
7012478,2015,2016-12-21,9675,2015-07-17,1608,19407,NA,5,2,6,3026,0,1,1,NA,2,503,RT 5,SAND CANYON AV,235,N,N,A,-,Y,ORA,12,5,-,R,24.24,H,-,N,Y,4,0,3,3,A,-,03,22350,NA,N,C,C,A,A,H,-,A,D,1,NA,NA,NA,Y,Y,NA,F,26,0,0,3,0,0,0,0,0,0,-,-,33.69158,-117.76923,ORANGE,IRVINE,-117.76127094,33.68074948