CASE_ID,ACCIDENT_YEAR,PROC_DATE,JURIS,COLLISION_DATE,COLLISION_TIME,OFFICER_ID,REPORTING_DISTRICT,DAY_OF_WEEK,CHP_SHIFT,POPULATION,CNTY_CITY_LOC,SPECIAL_COND,BEAT_TYPE,CHP_BEAT_TYPE,CITY_DIVISION_LAPD,CHP_BEAT_CLASS,BEAT_NUMBER,PRIMARY_RD,SECONDARY_RD,DISTANCE,DIRECTION,INTERSECTION,WEATHER_1,WEATHER_2,STATE_HWY_IND,CALTRANS_COUNTY,CALTRANS_DISTRICT,STATE_ROUTE,ROUTE_SUFFIX,POSTMILE_PREFIX,POSTMILE,LOCATION_TYPE,RAMP_INTERSECTION,SIDE_OF_HWY,TOW_AWAY,COLLISION_SEVERITY,NUMBER_KILLED,NUMBER_INJURED,PARTY_COUNT,PRIMARY_COLL_FACTOR,PCF_CODE_OF_VIOL,PCF_VIOL_CATEGORY,PCF_VIOLATION,PCF_VIOL_SUBSECTION,HIT_AND_RUN,TYPE_OF_COLLISION,MVIW,PED_ACTION,ROAD_SURFACE,ROAD_COND_1,ROAD_COND_2,LIGHTING,CONTROL_DEVICE,CHP_ROAD_TYPE,PEDESTRIAN_ACCIDENT,BICYCLE_ACCIDENT,MOTORCYCLE_ACCIDENT,TRUCK_ACCIDENT,NOT_PRIVATE_PROPERTY,ALCOHOL_INVOLVED,STWD_VEHTYPE_AT_FAULT,CHP_VEHTYPE_AT_FAULT,COUNT_SEVERE_INJ,COUNT_VISIBLE_INJ,COUNT_COMPLAINT_PAIN,COUNT_PED_KILLED,COUNT_PED_INJURED,COUNT_BICYCLIST_KILLED,COUNT_BICYCLIST_INJURED,COUNT_MC_KILLED,COUNT_MC_INJURED,PRIMARY_RAMP,SECONDARY_RAMP,LATITUDE,LONGITUDE,COUNTY,CITY,POINT_X,POINT_Y
7053491,2015,2015-09-24,3001,2015-09-04,2125,415,NA,5,5,7,3001,0,0,0,NA,0,0D3,ORANGEWOOD AV,DUPONT DR,205,E,N,A,-,N,NA,NA,NA,NA,NA,NA,NA,NA,NA,N,4,0,1,2,A,-,01,23152,A,N,C,C,A,A,E,-,C,A,0,NA,NA,NA,NA,Y,Y,D,22,0,0,1,0,0,0,0,0,0,-,-,NA,NA,ORANGE,ANAHEIM,-117.88505686,33.79613
7053631,2015,2015-09-19,3001,2015-09-04,1035,A1555,NA,5,5,7,3001,0,0,0,NA,0,0D3,KATELLA AV,DISNEYLAND DR,82,E,N,A,-,N,NA,NA,NA,NA,NA,NA,NA,NA,NA,N,3,0,2,2,A,-,03,22350,NA,N,C,C,A,A,H,-,A,A,0,NA,NA,NA,NA,Y,NA,A,08,0,1,1,0,0,0,0,0,0,-,-,NA,NA,ORANGE,ANAHEIM,-117.92381072,33.80341111
7055001,2015,2015-09-30,3000,2015-09-18,1713,6961,951H3,5,5,5,3040,0,0,0,NA,0,181705,STREET OF THE GOLDEN LANTERN,ADELANTO DR,0,NA,Y,A,-,N,NA,NA,NA,NA,NA,NA,NA,NA,NA,Y,2,0,1,2,D,-,00,NA,NA,N,D,C,A,A,H,-,A,D,0,NA,NA,Y,NA,Y,NA,-,-,1,0,0,0,0,0,0,0,1,-,-,NA,NA,ORANGE,LAGUNA NIGUEL,-117.68508,33.53543
7056145,2015,2015-10-02,3000,2015-07-03,2103,8211,798A1,5,5,4,3021,0,0,0,NA,0,322,DALE AV,CHANTICLEER RD,147,S,N,A,-,N,NA,NA,NA,NA,NA,NA,NA,NA,NA,N,4,0,1,2,A,-,03,22350,NA,F,C,C,A,A,H,-,C,D,0,NA,NA,NA,NA,Y,NA,A,01,0,0,1,0,0,0,0,0,0,-,-,NA,NA,ORANGE,STANTON,-117.98451041,33.81203704
7057321,2014,2016-06-17,9690,2014-12-23,1140,14953,NA,2,1,5,3017,0,1,1,NA,2,059,RT 5,AVE SAN LUIS REY,1200,N,N,A,-,Y,ORA,12,5,-,-,0.87,H,-,N,Y,4,0,1,4,A,-,03,22350,NA,N,C,C,A,A,H,-,A,D,1,NA,NA,NA,NA,Y,NA,A,01,0,0,1,0,0,0,0,0,0,-,-,33.40877,-117.59971,ORANGE,SAN CLEMENTE,-117.59951401,33.40808722
7057530,2014,2016-06-10,9690,2014-12-09,0800,015713,NA,2,1,5,3028,0,1,1,NA,2,056,RT 5,CROWN VALLEY PKWY,2620,N,N,A,-,Y,ORA,12,5,-,-,14.28,H,-,N,Y,3,0,1,2,A,-,03,22350,NA,N,F,A,A,A,H,-,A,D,1,NA,NA,Y,NA,Y,NA,C,02,0,1,0,0,0,0,0,0,1,-,-,33.56394,-117.67225,ORANGE,MISSION VIEJO,-117.67210854,33.56651112
7057661,2014,2015-11-19,9690,2014-12-02,1315,15335,NA,2,1,9,3000,0,3,5,NA,2,004,SNAPDRAGON ST,SWEET PEA ST,0,NA,Y,B,C,N,NA,NA,NA,NA,NA,NA,NA,NA,NA,Y,4,0,1,2,A,-,-,NA,NA,N,D,C,A,B,H,-,A,D,0,NA,NA,NA,NA,Y,NA,A,01,0,0,1,0,0,0,0,0,0,-,-,33.55774,-117.63347,ORANGE,UNINCORPORATED,-117.6333201,33.55754009
7057914,2015,2015-12-02,3019,2015-11-06,1150,2771,NE,5,5,7,3019,0,0,0,NA,0,002,1ST ST,ROSS ST,200,E,N,A,-,N,NA,NA,NA,NA,NA,NA,NA,NA,NA,Y,3,0,3,4,A,-,03,22350,NA,N,C,C,A,A,H,-,A,D,0,NA,NA,NA,NA,Y,NA,A,01,0,1,2,0,0,0,0,0,0,-,-,33.7454,-117.87219,ORANGE,SANTA ANA,-117.87178369,33.7454256
7057971,2015,2015-11-20,3019,2015-11-03,1615,2776,SE,2,5,7,3019,0,0,0,NA,0,003,1ST ST,MAIN ST,106,W,N,B,-,N,NA,NA,NA,NA,NA,NA,NA,NA,NA,N,4,0,1,2,A,-,03,22350,NA,M,C,C,A,A,H,-,A,D,0,NA,NA,NA,NA,Y,NA,A,01,0,0,1,0,0,0,0,0,0,-,-,33.74535,-117.86743,ORANGE,SANTA ANA,-117.86765,33.74554
7057994,2015,2015-11-20,3001,2015-11-09,2155,A1252,NA,1,5,7,3001,0,0,0,NA,0,0D4,EAST SANTA ANA CANYON RD,NORTH IMPERIAL HWY,221,E,N,B,-,N,NA,NA,NA,NA,NA,NA,NA,NA,NA,Y,4,0,1,1,A,-,03,22350,NA,N,F,J,A,A,H,-,C,D,0,NA,NA,NA,NA,Y,NA,A,01,0,0,1,0,0,0,0,0,0,-,-,NA,NA,ORANGE,ANAHEIM,-117.78999489,33.85123084
7058078,2014,2016-06-10,9690,2014-12-17,1110,14919,NA,3,1,5,3050,0,1,1,NA,2,055,RT 5,LOS ALISOS,176,S,N,A,-,Y,ORA,12,5,-,-,17.92,H,-,N,Y,3,0,1,3,A,-,03,22350,NA,N,C,C,A,A,H,-,A,D,1,NA,NA,NA,NA,Y,NA,A,01,0,1,0,0,0,0,0,0,0,-,-,33.60815,-117.69681,ORANGE,LAKE FOREST,-117.69700962,33.608084
7058189,2015,2015-11-20,3019,2015-11-08,2252,2973,SOUTH,7,5,7,3019,0,0,0,NA,0,004,FAIRVIEW ST,WILLITS ST,500,N,N,B,-,N,NA,NA,NA,NA,NA,NA,NA,NA,NA,Y,2,0,2,2,A,-,01,23152,A,N,A,C,A,A,H,-,C,D,0,NA,NA,NA,NA,Y,NA,A,01,2,0,0,0,0,0,0,0,0,-,-,NA,NA,ORANGE,SANTA ANA,-117.90664353,33.7414994
7058353,2015,2017-02-02,9690,2015-09-08,0430,15713,NA,2,3,5,3040,0,1,3,NA,2,073,RT 73,CROWN VALLEY PKWY,151,N,N,A,-,Y,ORA,12,73,-,-,11.45,H,-,S,Y,4,0,1,1,A,-,08,22107,NA,N,E,I,A,A,H,-,C,D,0,NA,NA,NA,NA,Y,NA,A,01,0,0,1,0,0,0,0,0,0,-,-,33.5571,-117.6815,ORANGE,LAGUNA NIGUEL,-117.6814397,33.55713951
7058364,2015,2015-10-09,3004,2015-07-17,0145,P470,01,5,5,6,3004,0,0,0,NA,0,001,WEST 19TH ST,PLACENTIA AV,171,W,N,A,-,N,NA,NA,NA,NA,NA,NA,NA,NA,NA,Y,4,0,2,2,A,-,09,21804,A,N,C,C,A,A,H,-,C,D,0,NA,NA,NA,NA,Y,NA,A,01,0,0,2,0,0,0,0,0,0,-,-,33.6434,-117.9326,ORANGE,COSTA MESA,-117.93255014,33.6433625
7058453,2015,2017-01-28,9690,2015-08-24,1525,015713,NA,1,2,4,3018,0,1,1,NA,2,057,RT 5,RT 1,1056,N,N,A,-,Y,ORA,12,5,-,-,6.98,H,-,S,Y,4,0,2,1,C,-,18,NA,NA,N,E,J,A,A,H,-,A,D,1,NA,NA,NA,NA,Y,NA,-,-,0,0,2,0,0,0,0,0,0,-,-,33.46746,-117.67122,ORANGE,SAN JUAN CAPISTRANO,-117.67271193,33.46835516
7059119,2015,2017-01-13,9690,2015-09-04,1135,18840,NA,5,1,5,3017,0,1,1,NA,2,059,RT 5,AVE MENDOCINO,1000,S,N,A,-,Y,ORA,12,5,-,-,0.94,H,-,N,Y,4,0,1,2,A,-,08,22107,NA,N,A,C,A,A,H,-,A,D,1,NA,NA,NA,NA,Y,NA,A,01,0,0,1,0,0,0,0,0,0,-,-,33.41017,-117.60046,ORANGE,SAN CLEMENTE,-117.59998542,33.40902075
7059689,2015,2015-10-13,3024,2015-09-25,1135,184,P-21,5,5,5,3024,0,0,0,NA,0,EAST,BUSHARD ST,OASIS AV,0,NA,Y,A,-,N,NA,NA,NA,NA,NA,NA,NA,NA,NA,Y,4,0,1,2,A,-,09,21801,A,N,D,C,A,A,H,-,A,A,0,NA,NA,NA,NA,Y,NA,A,07,0,0,1,0,0,0,0,0,0,-,-,NA,NA,ORANGE,WESTMINSTER,-117.96362,33.75629009
7060085,2015,2015-10-09,9690,2015-08-29,0945,02046,NA,6,1,9,3000,0,2,4,NA,2,030,SANTIAGO CANYON RD,RIDGELINE RD,0,NA,Y,A,-,N,NA,NA,NA,NA,NA,NA,NA,NA,NA,N,3,0,1,2,A,-,09,21802,A,N,D,G,A,A,H,-,A,A,0,NA,Y,NA,NA,Y,NA,A,01,0,1,0,0,0,0,1,0,0,-,-,33.69071,-117.62635,ORANGE,UNINCORPORATED,-117.62633005000001,33.69061007
7062133,2015,2015-12-02,3026,2015-10-20,1249,197,NA,2,5,6,3026,0,0,0,NA,0,00P,ALTON,IRVINE BL,1220,E,N,A,-,N,NA,NA,NA,NA,NA,NA,NA,NA,NA,Y,4,0,1,1,A,-,03,22350,NA,N,E,I,A,A,H,-,A,A,0,NA,NA,NA,NA,Y,NA,A,07,0,0,1,0,0,0,0,0,0,-,-,NA,NA,ORANGE,IRVINE,-117.7031549,33.66529345
7062175,2014,2016-06-20,9690,2014-12-22,1725,17988,NA,1,2,4,3029,0,1,1,NA,2,058,RT 5,CAMINO DE ESTRELLA,1000,N,N,A,-,Y,ORA,12,5,-,-,5.99,H,-,N,N,4,0,1,3,A,-,03,22350,NA,N,C,C,A,A,H,-,C,D,1,NA,NA,NA,NA,Y,NA,A,01,0,0,1,0,0,0,0,0,0,-,-,33.46143,-117.66084,ORANGE,DANA POINT,-117.65877556,33.4603123
7062843,2015,2015-10-10,3014,2015-09-08,1157,1379,RD12,2,5,5,3014,0,0,0,NA,0,0A1,E BALBOA BL,E ST,15,W,N,A,-,N,NA,NA,NA,NA,NA,NA,NA,NA,NA,N,3,0,1,2,A,-,08,22107,NA,N,H,G,A,A,H,-,A,A,0,NA,Y,NA,NA,Y,NA,L,04,0,1,0,0,0,0,1,0,0,-,-,33.5996,-117.8932,ORANGE,NEWPORT BEACH,-117.8932762,33.59952401
7062854,2015,2015-10-10,3015,2015-09-03,1858,1374,77S,4,5,6,3015,0,0,0,NA,0,323,NORTH TUSTIN ST,VILLAGE TOWN CENTER,80,S,N,A,-,N,NA,NA,NA,NA,NA,NA,NA,NA,NA,Y,3,0,5,2,A,-,09,21804,A,N,D,C,A,A,H,-,A,A,0,NA,NA,NA,NA,Y,NA,A,01,0,1,4,0,0,0,0,0,0,-,-,NA,NA,ORANGE,ORANGE,-117.836111,33.82589
7063446,2015,2015-10-09,3024,2015-09-22,1919,175,P08,2,5,5,3024,0,0,0,NA,0,WEST,VALLECITO AVE,MILAN ST,254,E,N,A,-,N,NA,NA,NA,NA,NA,NA,NA,NA,NA,N,3,0,1,1,A,-,08,22107,NA,N,E,I,A,A,H,-,C,D,0,NA,NA,Y,NA,Y,NA,C,02,0,1,0,0,0,0,0,0,1,-,-,NA,NA,ORANGE,WESTMINSTER,-118.03247612,33.76625
7063827,2015,2015-11-13,3014,2015-10-13,0836,1244,RD34,2,5,5,3014,0,0,0,NA,0,0A3,BRISTOL ST SOUTH,IRVINE AV,0,NA,N,A,-,N,NA,NA,NA,NA,NA,NA,NA,NA,NA,Y,4,0,1,4,A,-,12,21453,A,N,D,C,A,A,H,-,A,A,0,NA,NA,NA,NA,Y,NA,A,01,0,0,1,0,0,0,0,0,0,-,-,33.662,-117.8755,ORANGE,NEWPORT BEACH,-117.87545011,33.66193001
7064868,2015,2016-12-21,9675,2015-08-15,0250,19437,NA,6,3,6,3026,0,1,1,NA,2,504,RT 5,SAND CANYON AV,1320,N,N,A,-,Y,ORA,12,5,-,R,24.23,H,-,S,N,4,0,1,1,A,-,01,23152,A,N,E,I,A,A,H,-,C,D,1,NA,NA,NA,NA,Y,NA,D,22,0,0,1,0,0,0,0,0,0,-,-,33.6801,-117.76108,ORANGE,IRVINE,-117.76144095,33.68039763
7065693,2015,2015-09-17,9670,2015-08-26,2015,19348,NA,3,2,9,3000,0,3,5,NA,2,005,NEWLAND ST,BOLSA AV,43,N,N,A,-,N,NA,NA,NA,NA,NA,NA,NA,NA,NA,Y,4,0,1,2,A,-,03,22350,NA,N,C,C,A,A,H,-,C,A,0,NA,NA,NA,NA,Y,NA,A,01,0,0,1,0,0,0,0,0,0,-,-,33.74532,-117.98084,ORANGE,UNINCORPORATED,-117.98089991,33.7448379
7065696,2015,2017-01-12,9670,2015-08-22,1510,17022,NA,6,2,6,3009,0,1,3,NA,2,024,RT 22,GARDEN GROVE BL,145,W,N,A,-,Y,ORA,12,22,-,R,8.79,H,-,E,Y,4,0,1,2,A,-,03,22350,NA,N,C,C,A,A,H,-,A,D,1,NA,NA,NA,NA,Y,NA,A,01,0,0,1,0,0,0,0,0,0,-,-,33.77411,-117.905,ORANGE,GARDEN GROVE,-117.90583037,33.7738998
7066010,2015,2015-09-23,3024,2015-08-22,2217,284,P10,6,5,5,3024,0,0,0,NA,0,WEST,WESTMINSTER BL,LA PAT PL,205,E,N,A,-,N,NA,NA,NA,NA,NA,NA,NA,NA,NA,Y,3,0,2,2,A,-,09,21801,A,N,D,C,A,A,H,-,C,D,0,NA,NA,NA,NA,Y,NA,A,01,0,1,1,0,0,0,0,0,0,-,-,NA,NA,ORANGE,WESTMINSTER,-118.01413709,33.75906338
7066428,2015,2015-09-28,3012,2015-09-04,1612,633,21,5,5,5,3012,0,0,0,NA,0,003,LAMBERT RD,MARIPOSA ST,48,W,N,A,-,N,NA,NA,NA,NA,NA,NA,NA,NA,NA,Y,4,0,1,2,A,-,03,22350,NA,N,C,C,A,A,H,-,A,D,0,NA,NA,NA,NA,Y,NA,A,01,0,0,1,0,0,0,0,0,0,-,-,NA,NA,ORANGE,LA HABRA,-117.96985782,33.92468671
7066586,2015,2017-01-28,9670,2015-08-23,1725,020455,NA,7,2,7,3001,0,1,1,NA,2,502,RT 5,ANAHEIM BL,1316,N,N,A,-,Y,ORA,12,5,-,-,36.83,H,-,N,Y,4,0,3,4,A,-,03,22350,NA,N,C,C,A,A,H,-,A,D,6,NA,NA,NA,NA,Y,NA,A,08,0,0,3,0,0,0,0,0,0,-,-,33.80981,-117.90924,ORANGE,ANAHEIM,-117.90884105,33.80942837
7066910,2015,2015-09-22,3000,2015-09-11,0905,4049,HJC,5,5,4,3048,0,0,0,NA,0,269,ANTONIO PKWY,TIJERAS CREEK,617,S,N,A,-,N,NA,NA,NA,NA,NA,NA,NA,NA,NA,Y,2,0,2,1,A,-,08,22107,NA,N,E,I,A,A,H,-,A,D,0,NA,NA,NA,NA,Y,NA,A,01,1,1,0,0,0,0,0,0,0,-,-,NA,NA,ORANGE,RANCHO SANTA MARGARITA,-117.61746913,33.60911277
7067654,2015,2017-01-12,9670,2015-09-14,1930,16271,NA,1,2,6,3009,0,1,3,NA,2,025,RT 22,HARBOR BL,1700,W,N,A,-,Y,ORA,12,22,-,R,7.51,H,-,W,Y,4,0,1,2,A,-,03,22350,NA,N,C,C,A,A,H,-,C,D,1,NA,NA,NA,NA,Y,NA,A,07,0,0,1,0,0,0,0,0,0,-,-,33.76634,-117.92601,ORANGE,GARDEN GROVE,-117.92624167,33.76626031
7067674,2015,2015-09-21,3009,2015-08-26,1740,2979,145,3,5,6,3009,0,0,0,NA,0,2-2,HARBOR BL,GARDEN GROVE BL,0,NA,Y,A,-,N,NA,NA,NA,NA,NA,NA,NA,NA,NA,N,4,0,1,2,A,-,03,22350,NA,F,B,C,A,A,H,-,A,A,0,NA,NA,NA,NA,Y,NA,A,01,0,0,1,0,0,0,0,0,0,-,-,NA,NA,ORANGE,GARDEN GROVE,-117.92030006,33.77431005
7068516,2015,2016-12-22,9675,2015-09-03,1545,18539,NA,4,2,4,3002,0,1,3,NA,2,570,RT 57,LAMBERT RD,175,N,N,A,-,Y,ORA,12,57,-,-,20.95,H,-,N,Y,3,0,1,3,A,-,07,21658,A,F,C,C,A,A,H,-,A,D,6,NA,NA,NA,NA,Y,NA,A,01,0,1,0,0,0,0,0,0,0,-,-,33.92658,-117.87997,ORANGE,BREA,-117.88005252,33.92603012
7069142,2015,2017-01-19,9675,2015-08-29,0930,20594,NA,6,1,9,3000,0,1,3,NA,2,241,RT 241,SANTIAGO CANYON RD,1500,N,N,A,-,Y,ORA,12,241,-,-,32.95,H,-,S,Y,3,0,1,1,A,-,08,22107,NA,N,E,I,A,A,H,-,A,D,1,NA,NA,NA,NA,Y,NA,D,22,0,1,0,0,0,0,0,0,0,-,-,33.79128,-117.73814,ORANGE,UNINCORPORATED,-117.74524771,33.78667304
7069400,2015,2017-01-13,9675,2015-09-15,0600,15011,NA,2,1,6,3015,0,1,3,NA,2,222,RT 22,TUSTIN AV,900,W,N,B,C,Y,ORA,12,22,-,R,12.58,H,-,W,Y,4,0,1,1,A,-,03,22350,NA,N,E,I,A,B,H,-,C,D,6,NA,NA,NA,NA,Y,NA,D,22,0,0,1,0,0,0,0,0,0,-,-,33.77684,-117.84254,ORANGE,ORANGE,-117.84069898,33.77671467
7069508,2015,2016-12-21,9675,2015-09-08,1450,17833,NA,2,2,6,3026,0,1,1,NA,2,504,RT 5,SAND CANYON AV,1300,N,N,A,-,Y,ORA,12,5,-,R,24.38,H,-,S,Y,4,0,1,2,A,-,03,22350,NA,N,C,C,A,A,H,-,A,D,1,NA,NA,NA,NA,Y,NA,A,01,0,0,1,0,0,0,0,0,0,-,-,33.68229,-117.76362,ORANGE,IRVINE,-117.76316619,33.68197438
7069690,2015,2017-02-02,9675,2015-09-06,1900,19471,NA,7,2,5,3014,0,1,3,NA,2,073,RT 73,BIRCH ST,74,N,N,A,-,Y,ORA,12,73,-,-,25.47,H,-,N,Y,3,0,2,1,A,-,08,22107,NA,N,E,I,A,A,H,-,A,D,1,NA,NA,NA,NA,Y,NA,A,07,0,2,0,0,0,0,0,0,0,-,-,33.66104,-117.87415,ORANGE,NEWPORT BEACH,-117.87398891,33.66186174
7070153,2015,2015-12-29,3026,2015-08-18,1739,553,NA,2,5,6,3026,0,0,0,NA,0,00U,CULVER DR,UNIVERSITY DR,778,N,N,A,-,N,NA,NA,NA,NA,NA,NA,NA,NA,NA,Y,3,0,1,1,A,-,08,22107,NA,N,E,I,A,A,H,-,A,D,0,NA,NA,NA,NA,Y,NA,A,01,0,1,0,0,0,0,0,0,0,-,-,NA,NA,ORANGE,IRVINE,-117.82778859,33.6595619
7070437,2015,2015-09-18,3009,2015-08-18,1201,4156,164,2,5,6,3009,0,0,0,NA,0,2    3,GARDEN GROVE BL,FAIRVIEW ST,0,NA,Y,A,-,N,NA,NA,NA,NA,NA,NA,NA,NA,NA,Y,4,0,1,2,A,-,12,21453,A,N,-,C,A,A,H,-,A,A,0,NA,NA,NA,NA,Y,NA,A,01,0,0,1,0,0,0,0,0,0,-,-,NA,NA,ORANGE,GARDEN GROVE,-117.90304008,33.77452007
7071053,2015,2015-09-22,3004,2015-09-03,1436,P429,24,4,5,6,3004,0,0,0,NA,0,008,FAIRVIEW RD,SOUTH COAST DR,350,S,N,A,-,N,NA,NA,NA,NA,NA,NA,NA,NA,NA,Y,4,0,1,2,A,-,03,22350,NA,N,C,C,A,A,H,-,A,D,0,NA,NA,Y,NA,Y,NA,A,01,0,0,1,0,0,0,0,0,1,-,-,33.4127,-117.5427,ORANGE,COSTA MESA,-117.90786478,33.69030053
7071082,2015,2015-09-29,3012,2015-08-31,1632,625,NA,1,5,5,3012,0,0,0,NA,0,003,IDAHO ST,IMPERIAL,605,N,N,A,-,N,NA,NA,NA,NA,NA,NA,NA,NA,NA,Y,4,0,1,2,A,-,03,22350,NA,N,C,C,A,A,H,-,A,D,0,NA,NA,NA,NA,Y,NA,-,NA,0,0,1,0,0,0,0,0,0,-,-,NA,NA,ORANGE,LA HABRA,-117.95921497,33.91900806
7071425,2015,2015-09-24,3004,2015-09-01,1417,P429,22,2,5,6,3004,0,0,0,NA,0,015,W PAULARINO AV,JIAN WY,0,NA,Y,A,-,N,NA,NA,NA,NA,NA,NA,NA,NA,NA,Y,4,0,1,2,A,-,12,21453,A,N,D,C,A,A,H,-,A,A,0,NA,NA,NA,NA,Y,NA,D,22,0,0,1,0,0,0,0,0,0,-,-,33.4057,-117.532,ORANGE,COSTA MESA,-117.88369006,33.68235003
7071964,2015,2015-09-17,3020,2015-08-27,0922,152,NA,4,5,4,3020,0,0,0,NA,0,00S,SEAL BEACH BL,BOLSA,20,N,N,A,-,N,NA,NA,NA,NA,NA,NA,NA,NA,NA,N,4,0,1,2,A,-,08,22107,NA,N,D,G,A,A,D,E,A,A,0,NA,Y,NA,NA,Y,NA,A,NA,0,0,1,0,0,0,1,0,0,-,-,NA,NA,ORANGE,SEAL BEACH,-118.09252842,33.74506179
7071968,2015,2016-07-26,3020,2015-08-13,1819,365,NA,4,5,4,3020,0,0,0,NA,0,NA,WESTMINSTER AV,SEAL BEACH BL,12,E,N,A,-,N,NA,NA,NA,NA,NA,NA,NA,NA,NA,N,4,0,1,2,A,-,21,22106,NA,N,C,C,A,A,H,-,A,A,0,NA,NA,NA,NA,Y,NA,E,NA,0,0,1,0,0,0,0,0,0,-,-,NA,NA,ORANGE,SEAL BEACH,-118.07774061,33.75948
7072269,2015,2017-01-19,9675,2015-09-01,1914,17504,NA,2,2,7,3001,0,1,3,NA,2,095,RT 91,COAL CANYON RD,5000,E,N,B,-,Y,ORA,12,91,-,R,18.92,H,-,E,Y,4,0,1,5,A,-,03,22350,NA,F,C,C,A,A,H,-,C,D,0,NA,NA,NA,NA,Y,NA,D,22,0,0,1,0,0,0,0,0,0,-,-,33.86931,-117.6798,ORANGE,ANAHEIM,-117.6798,33.86931
7072298,2015,2017-01-12,9675,2015-09-09,1655,18539,NA,3,2,6,3015,0,1,3,NA,2,222,RT 22,MAIN ST,500,E,N,B,-,Y,ORA,12,22,-,R,11.08,H,-,W,Y,4,0,1,2,A,-,03,22350,NA,N,C,C,A,A,H,-,A,D,6,NA,NA,NA,NA,Y,NA,A,01,0,0,1,0,0,0,0,0,0,-,-,33.77851,-117.86382,ORANGE,ORANGE,-117.86594231,33.77834895
7072306,2015,2017-01-20,9675,2015-08-14,1135,18005,NA,5,1,6,3004,0,1,3,NA,2,553,RT 55,MAIN ST,319,S,N,A,-,Y,ORA,12,55,-,-,6.35,H,-,S,Y,4,0,1,3,A,-,03,22350,NA,N,B,C,A,A,H,-,A,D,6,NA,NA,NA,Y,Y,NA,F,25,0,0,1,0,0,0,0,0,0,-,-,33.69306,-117.86693,ORANGE,COSTA MESA,-117.86849635,33.6912905
7072529,2015,2015-09-17,3014,2015-08-23,1810,1447,RD25,7,5,5,3014,0,0,0,NA,0,0A2,WESTMINSTER AV,BROAD ST,130,S,N,A,-,N,NA,NA,NA,NA,NA,NA,NA,NA,NA,N,3,0,1,1,A,-,03,22350,NA,N,H,A,A,A,H,-,A,A,0,NA,Y,NA,NA,Y,NA,L,04,0,1,0,0,0,0,1,0,0,-,-,33.6262,-117.9256,ORANGE,NEWPORT BEACH,-117.92548163,33.62634875
7072573,2015,2015-09-23,3000,2015-07-30,1250,5013,891J4,4,5,5,3050,0,0,0,NA,0,760,EL TORO RD,SERRANO RD,0,NA,Y,A,-,N,NA,NA,NA,NA,NA,NA,NA,NA,NA,Y,4,0,1,2,A,-,12,21453,A,N,D,C,A,A,H,-,A,A,0,NA,NA,NA,NA,Y,NA,A,08,0,0,1,0,0,0,0,0,0,-,-,NA,NA,ORANGE,LAKE FOREST,-117.68264001,33.63505
7072792,2015,2015-09-25,3015,2015-09-04,2015,1492,23E,5,5,6,3015,0,0,0,NA,0,003,NORTH TUSTIN ST,E WALNUT AV,49,S,N,A,-,N,NA,NA,NA,NA,NA,NA,NA,NA,NA,Y,4,0,1,2,A,-,01,23152,A,N,C,C,A,A,H,-,C,A,0,NA,NA,NA,NA,Y,Y,A,01,0,0,1,0,0,0,0,0,0,-,-,NA,NA,ORANGE,ORANGE,-117.83569192,33.79490569
7073483,2015,2015-09-25,3019,2015-09-08,0707,2875,SC,2,5,7,3019,0,0,0,NA,0,004,EDINGER AV,MOHAWK DR,0,NA,Y,A,-,N,NA,NA,NA,NA,NA,NA,NA,NA,NA,N,4,0,1,2,A,-,03,22350,NA,N,C,-,A,A,H,-,A,A,0,NA,NA,NA,NA,Y,NA,A,01,0,0,1,0,0,0,0,0,0,-,-,NA,NA,ORANGE,SANTA ANA,-117.91163,33.72744005
7074417,2015,2015-12-10,3000,2015-07-22,0705,1056,891E1,3,5,5,3028,0,0,0,NA,0,751,SANTA MARGARITA PKWY,PINECREST RD,594,W,N,B,-,N,NA,NA,NA,NA,NA,NA,NA,NA,NA,Y,4,0,1,5,A,-,09,21804,A,N,D,C,A,A,H,-,A,A,0,NA,NA,NA,NA,Y,NA,A,01,0,0,1,0,0,0,0,0,0,-,-,33.65085,-117.64111,ORANGE,MISSION VIEJO,-117.64101545,33.65103279
7075997,2015,2015-10-07,3019,2015-09-11,1215,2630,WE,5,5,7,3019,0,0,0,NA,0,001,EUCLID ST,5TH ST,100,N,N,A,-,N,NA,NA,NA,NA,NA,NA,NA,NA,NA,N,4,0,1,2,A,-,08,22107,NA,N,B,C,A,A,H,-,A,A,0,NA,NA,NA,NA,Y,NA,A,01,0,0,1,0,0,0,0,0,0,-,-,NA,NA,ORANGE,SANTA ANA,-117.93753078,33.74901415
7077457,2015,2015-10-12,3008,2015-09-21,1334,269,NA,1,5,6,3008,0,0,0,NA,0,NA,ORANGETHORPE AV,HARBOR BL,0,NA,Y,B,-,N,NA,NA,NA,NA,NA,NA,NA,NA,NA,Y,4,0,3,3,D,-,00,NA,NA,N,D,C,A,A,H,-,A,A,0,NA,NA,NA,Y,Y,NA,-,-,0,0,3,0,0,0,0,0,0,-,-,NA,NA,ORANGE,FULLERTON,-117.92437009,33.85950007
7078940,2016,2017-03-29,3012,2016-04-16,1250,568,31,6,5,5,3012,0,0,0,NA,0,003,BEACH BL,LAMBERT RD,0,NA,Y,-,-,Y,ORA,12,39,-,-,19.671,I,5,S,N,4,0,1,2,A,-,12,21453,A,M,-,-,A,-,-,-,-,-,0,NA,Y,NA,NA,Y,NA,A,07,0,0,1,0,0,0,1,0,0,-,-,NA,NA,ORANGE,LA HABRA,-117.96789747,33.92452309
7080052,2015,2016-07-26,3014,2015-09-05,1200,1395,RD44,6,5,5,3014,0,0,0,NA,0,0A4,RT 1,GOLDENROD AV,0,NA,Y,A,-,N,NA,NA,NA,NA,NA,NA,NA,NA,NA,N,4,0,1,2,A,-,06,21755,A,N,H,G,A,A,H,-,A,A,0,NA,Y,NA,NA,Y,NA,L,04,0,0,1,0,0,0,1,0,0,-,-,33.6009,-117.8727,ORANGE,NEWPORT BEACH,-117.87450012,33.59917002
7080482,2015,2015-10-12,3024,2015-08-28,1033,150,P09,5,5,5,3024,0,0,0,NA,0,WEST,EDWARDS ST,NAVAJO RD,108,S,N,A,-,N,NA,NA,NA,NA,NA,NA,NA,NA,NA,N,4,0,1,2,A,-,11,21950,B,N,G,B,E,A,H,-,A,D,0,Y,NA,NA,Y,Y,NA,N,60,0,0,1,0,1,0,0,0,0,-,-,NA,NA,ORANGE,WESTMINSTER,-118.01599904,33.768644020000004