CASE_ID,ACCIDENT_YEAR,PROC_DATE,JURIS,COLLISION_DATE,COLLISION_TIME,OFFICER_ID,REPORTING_DISTRICT,DAY_OF_WEEK,CHP_SHIFT,POPULATION,CNTY_CITY_LOC,SPECIAL_COND,BEAT_TYPE,CHP_BEAT_TYPE,CITY_DIVISION_LAPD,CHP_BEAT_CLASS,BEAT_NUMBER,PRIMARY_RD,SECONDARY_RD,DISTANCE,DIRECTION,INTERSECTION,WEATHER_1,WEATHER_2,STATE_HWY_IND,CALTRANS_COUNTY,CALTRANS_DISTRICT,STATE_ROUTE,ROUTE_SUFFIX,POSTMILE_PREFIX,POSTMILE,LOCATION_TYPE,RAMP_INTERSECTION,SIDE_OF_HWY,TOW_AWAY,COLLISION_SEVERITY,NUMBER_KILLED,NUMBER_INJURED,PARTY_COUNT,PRIMARY_COLL_FACTOR,PCF_CODE_OF_VIOL,PCF_VIOL_CATEGORY,PCF_VIOLATION,PCF_VIOL_SUBSECTION,HIT_AND_RUN,TYPE_OF_COLLISION,MVIW,PED_ACTION,ROAD_SURFACE,ROAD_COND_1,ROAD_COND_2,LIGHTING,CONTROL_DEVICE,CHP_ROAD_TYPE,PEDESTRIAN_ACCIDENT,BICYCLE_ACCIDENT,MOTORCYCLE_ACCIDENT,TRUCK_ACCIDENT,NOT_PRIVATE_PROPERTY,ALCOHOL_INVOLVED,STWD_VEHTYPE_AT_FAULT,CHP_VEHTYPE_AT_FAULT,COUNT_SEVERE_INJ,COUNT_VISIBLE_INJ,COUNT_COMPLAINT_PAIN,COUNT_PED_KILLED,COUNT_PED_INJURED,COUNT_BICYCLIST_KILLED,COUNT_BICYCLIST_INJURED,COUNT_MC_KILLED,COUNT_MC_INJURED,PRIMARY_RAMP,SECONDARY_RAMP,LATITUDE,LONGITUDE,COUNTY,CITY,POINT_X,POINT_Y
8013991,2016,2016-04-07,3009,2016-03-23,1330,3305,135,3,5,6,3009,0,0,0,NA,0,2-3,NEWHOPE ST,GARDEN GROVE BL,211,S,N,A,-,N,NA,NA,NA,NA,NA,NA,NA,NA,NA,N,4,0,1,2,A,-,-,NA,NA,N,A,C,A,A,H,-,A,A,0,NA,NA,NA,NA,Y,NA,J,48,0,0,1,0,0,0,0,0,0,-,-,NA,NA,ORANGE,GARDEN GROVE,-117.92913639,33.77381252
8014516,2016,2017-02-13,3003,2016-04-06,0815,1099,NA,3,5,5,3003,0,0,0,NA,0,003,BEACH BL,CRESCENT AV,1272,N,N,A,-,Y,ORA,12,39,-,-,13.2,H,-,N,Y,4,0,1,3,A,-,08,22107,NA,N,C,E,A,A,H,-,A,D,0,NA,NA,NA,NA,Y,NA,-,NA,0,0,1,0,0,0,0,0,0,-,-,33.8465,-117.9958,ORANGE,BUENA PARK,-117.99704178,33.84265408
8015335,2016,2016-04-15,3024,2016-03-06,1541,410,P22,7,5,5,3024,0,0,0,NA,0,WEST,WESTMINSTER AV,RONDEAU ST,0,NA,Y,A,-,N,NA,NA,NA,NA,NA,NA,NA,NA,NA,Y,3,0,1,2,A,-,09,21802,A,N,D,C,A,A,H,-,A,D,0,NA,NA,NA,NA,Y,NA,A,01,0,1,0,0,0,0,0,0,0,-,-,NA,NA,ORANGE,WESTMINSTER,-118.00858009,33.7591301
8015718,2016,2016-04-06,3012,2016-03-25,1052,604,14,5,5,5,3012,0,0,0,NA,0,001,LA HABRA BL,IDAHO ST,0,NA,Y,A,-,N,NA,NA,NA,NA,NA,NA,NA,NA,NA,N,4,0,1,2,A,-,09,21801,A,N,D,C,A,A,H,-,A,A,0,NA,NA,NA,NA,Y,NA,A,01,0,0,1,0,0,0,0,0,0,-,-,NA,NA,ORANGE,LA HABRA,-117.95920004,33.93185009
8016950,2016,2016-04-18,3004,2016-03-30,2210,P429,01,3,5,6,3004,0,0,0,NA,0,015,CENTER ST,WALLACE AV,15,E,N,A,-,N,NA,NA,NA,NA,NA,NA,NA,NA,NA,N,2,0,1,2,A,-,10,21950,A,F,G,B,B,A,H,-,C,D,0,Y,NA,NA,NA,Y,NA,D,22,1,0,0,0,1,0,0,0,0,-,-,33.642,-117.9296,ORANGE,COSTA MESA,-117.92977083,33.64203023
8017350,2016,2016-04-21,3001,2016-04-03,2122,A1252,NA,7,5,7,3001,0,0,0,NA,0,0D1,SOUTH MAGNOLIA AV,BROADWAY,72,N,N,A,-,N,NA,NA,NA,NA,NA,NA,NA,NA,NA,Y,4,0,3,3,A,-,07,21658,A,N,C,C,A,A,H,-,C,A,0,NA,NA,NA,NA,Y,NA,A,07,0,0,3,0,0,0,0,0,0,-,-,NA,NA,ORANGE,ANAHEIM,-117.97596449,33.82877737
8017630,2016,2016-04-20,3026,2016-03-28,1734,7094,NA,1,5,6,3026,0,0,0,NA,0,00U,PASEO WESTPARK,SAN REMO,0,NA,Y,B,-,N,NA,NA,NA,NA,NA,NA,NA,NA,NA,Y,4,0,3,2,A,-,09,21801,A,N,D,C,A,A,H,-,A,A,0,NA,NA,NA,NA,Y,NA,A,01,0,0,3,0,0,0,0,0,0,-,-,NA,NA,ORANGE,IRVINE,-117.81676005,33.68415007
8018200,2016,2017-03-06,3001,2016-04-11,1625,1622,NA,1,5,7,3001,0,0,0,NA,0,0D4,E LINCOLN AV,RT 57,388,E,N,A,-,Y,ORA,12,57,-,-,14.937,R,4,S,N,4,0,1,2,A,-,03,22350,NA,N,C,C,A,A,H,-,A,D,0,NA,NA,NA,NA,Y,NA,A,01,0,0,1,0,0,0,0,0,0,-,SF,NA,NA,ORANGE,ANAHEIM,-117.8762212,33.84015177
8019624,2016,2016-04-25,3001,2016-04-11,0759,1007,NA,1,5,7,3001,0,0,0,NA,0,0D1,WEST BROADWAY,BRENTWOOD PL,5,E,N,A,-,N,NA,NA,NA,NA,NA,NA,NA,NA,NA,N,4,0,1,2,A,-,09,21801,A,N,D,G,A,A,H,-,A,B,0,NA,Y,NA,NA,Y,NA,A,01,0,0,1,0,0,0,1,0,0,-,-,NA,NA,ORANGE,ANAHEIM,-117.94528357,33.8288599
8019665,2016,2016-04-19,3009,2016-04-02,2102,3758,96,6,5,6,3009,0,0,0,NA,0,013,WESTMINSTER AV,DAWSON ST,100,E,N,A,-,N,NA,NA,NA,NA,NA,NA,NA,NA,NA,N,4,0,2,3,A,-,01,23152,A,N,C,C,A,A,H,-,C,A,0,NA,NA,NA,NA,Y,Y,A,07,0,0,2,0,0,0,0,0,0,-,-,NA,NA,ORANGE,GARDEN GROVE,-117.9503218,33.75962483
8020693,2016,2016-04-18,3019,2016-03-27,0038,3324,NE,7,5,7,3019,0,0,0,NA,0,003,SANTA CLARA AV,GRAND AV,0,NA,Y,A,-,N,NA,NA,NA,NA,NA,NA,NA,NA,NA,Y,4,0,1,2,A,-,08,22107,NA,N,A,C,A,A,H,-,C,A,0,NA,NA,Y,NA,Y,NA,C,02,0,0,1,0,0,0,0,0,0,-,-,33.76719,-117.85136,ORANGE,SANTA ANA,-117.85150002,33.76719006
8020916,2016,2016-04-15,3010,2016-03-26,1321,1225,422,6,5,6,3010,0,0,0,NA,0,005,PROMENADE,MAIN,0,NA,Y,A,-,N,NA,NA,NA,NA,NA,NA,NA,NA,NA,N,3,0,1,2,A,-,12,21453,A,N,D,G,A,A,H,-,A,A,0,NA,Y,NA,NA,Y,Y,L,04,0,1,0,0,0,0,1,0,0,-,-,NA,NA,ORANGE,HUNTINGTON BEACH,-117.99619005,33.68809004
8021206,2016,2016-04-19,3026,2016-03-19,1008,8929,NA,6,5,6,3026,0,0,0,NA,0,00C,JEFFREY RD,WALNUT AV,100,N,N,A,-,N,NA,NA,NA,NA,NA,NA,NA,NA,NA,Y,2,0,1,3,A,-,11,21950,B,N,G,B,E,A,H,-,A,D,0,Y,NA,NA,NA,Y,NA,N,60,1,0,0,0,1,0,0,0,0,-,-,NA,NA,ORANGE,IRVINE,-117.76964564,33.68879436
8021753,2016,2016-04-15,3004,2016-04-03,2351,P632,05,7,5,6,3004,0,0,0,NA,0,015,ORANGE AV,MAGNOLIA ST,96,N,N,A,-,N,NA,NA,NA,NA,NA,NA,NA,NA,NA,Y,3,0,1,2,A,-,01,23152,A,M,C,E,A,A,H,-,C,D,0,NA,NA,NA,NA,Y,Y,A,01,0,1,0,0,0,0,0,0,0,-,-,33.63914,-117.91496,ORANGE,COSTA MESA,-117.91508812,33.63907188
8023520,2016,2016-04-27,3001,2016-04-15,1825,415,NA,5,5,7,3001,0,0,0,NA,0,0D4,EAST LA PALMA AV,NORTH TUSTIN AV,0,NA,Y,A,-,N,NA,NA,NA,NA,NA,NA,NA,NA,NA,Y,4,0,1,2,A,-,09,21453,C,N,D,C,A,A,H,-,A,A,0,NA,NA,NA,NA,Y,NA,A,07,0,0,1,0,0,0,0,0,0,-,-,NA,NA,ORANGE,ANAHEIM,-117.83741005,33.85559007
8023607,2016,2016-04-25,3001,2016-04-16,2007,A1410,NA,6,5,7,3001,0,0,0,NA,0,0D1,WESTERN AV,BROOK LN,286,S,N,A,-,N,NA,NA,NA,NA,NA,NA,NA,NA,NA,Y,4,0,1,2,A,-,03,22350,NA,N,C,C,A,A,H,-,C,D,0,NA,NA,NA,NA,Y,NA,A,01,0,0,1,0,0,0,0,0,0,-,-,NA,NA,ORANGE,ANAHEIM,-117.89269,33.73533
8023643,2016,2016-04-25,3001,2016-04-13,1920,1880,NA,3,5,7,3001,0,0,0,NA,0,D-3,EUCLID ST,CRIS AV,0,NA,Y,A,-,N,NA,NA,NA,NA,NA,NA,NA,NA,NA,Y,3,0,2,2,A,-,03,22350,NA,N,C,C,A,A,H,-,A,D,0,NA,NA,NA,NA,Y,NA,A,01,0,1,1,0,0,0,0,0,0,-,-,NA,NA,ORANGE,ANAHEIM,-117.94146009,33.80900003
8024261,2016,2016-04-20,3016,2016-03-25,0500,1241,32,5,5,5,3016,0,0,0,NA,0,001,ROSE DR,ALTA VISTA ST,0,NA,Y,A,-,N,NA,NA,NA,NA,NA,NA,NA,NA,NA,N,3,0,1,2,A,-,11,21453,D,N,G,B,B,A,H,-,C,A,0,Y,NA,NA,NA,Y,NA,N,60,0,1,0,0,1,0,0,0,0,-,-,NA,NA,ORANGE,PLACENTIA,-117.84339014,33.87575001
8025220,2016,2016-04-21,3015,2016-03-17,1733,1386,77S,4,5,6,3015,0,0,0,NA,0,711,NORTH TUSTIN ST,E VILLAGE WY,0,NA,Y,A,-,N,NA,NA,NA,NA,NA,NA,NA,NA,NA,N,4,0,2,4,A,-,03,22350,NA,M,C,C,A,A,H,-,A,A,0,NA,NA,NA,NA,Y,NA,A,01,0,0,2,0,0,0,0,0,0,-,-,NA,NA,ORANGE,ORANGE,-117.8361201,33.82613004
8025223,2016,2016-04-22,3015,2016-03-24,1021,1386,56,4,5,6,3015,0,0,0,NA,0,711,EAST COLLINS AV,MALLARD ST,152,E,N,A,-,N,NA,NA,NA,NA,NA,NA,NA,NA,NA,Y,4,0,1,1,C,-,18,NA,NA,N,E,I,A,A,H,-,A,D,0,NA,NA,NA,NA,Y,NA,-,-,0,0,1,0,0,0,0,0,0,-,-,NA,NA,ORANGE,ORANGE,-117.81826114,33.80234304
8025314,2016,2016-04-19,3024,2016-03-23,1253,329,P5,3,5,5,3024,0,0,0,NA,0,WEST,GOLDENWEST ST,TRASK AV,0,NA,Y,A,-,N,NA,NA,NA,NA,NA,NA,NA,NA,NA,Y,3,0,2,2,A,-,01,23152,E,N,A,C,A,A,H,-,A,A,0,NA,NA,NA,NA,Y,NA,A,01,0,1,1,0,0,0,0,0,0,-,-,NA,NA,ORANGE,WESTMINSTER,-118.00725,33.76637003
8025350,2016,2016-04-18,3015,2016-03-26,1435,1459,87,6,5,6,3015,0,0,0,NA,0,730,TUSTIN ST N,BRIARDALE AV,537,N,N,A,-,N,NA,NA,NA,NA,NA,NA,NA,NA,NA,Y,4,0,1,2,A,-,09,21804,A,N,D,C,A,A,H,-,A,D,0,NA,NA,NA,NA,Y,NA,A,01,0,0,1,0,0,0,0,0,0,-,-,NA,NA,ORANGE,ORANGE,-117.83596,33.81893161
8027780,2016,2016-05-03,3000,2016-02-29,1330,5013,891E5,1,5,5,3050,0,0,0,NA,0,764,LAKE FOREST DR,ROCKFIELD BL,0,NA,Y,-,-,N,NA,NA,NA,NA,NA,NA,NA,NA,NA,Y,3,0,2,2,A,-,09,21453,C,N,-,-,A,-,-,-,-,-,0,NA,NA,NA,NA,Y,NA,A,01,0,1,1,0,0,0,0,0,0,-,-,NA,NA,ORANGE,LAKE FOREST,-117.71691002,33.62925011
8028431,2016,2016-05-19,3001,2016-05-08,2050,A1252,NA,7,5,7,3001,0,0,0,NA,0,0D4,E MONTE VISTA RD,OLD SPRINGS RD,28,E,N,B,-,N,NA,NA,NA,NA,NA,NA,NA,NA,NA,Y,4,0,1,1,A,-,08,22107,NA,N,E,I,A,A,H,-,C,D,0,NA,NA,NA,NA,Y,NA,A,01,0,0,1,0,0,0,0,0,0,-,-,NA,NA,ORANGE,ANAHEIM,-117.74188124,33.86348983
8028668,2016,2016-05-25,3001,2016-05-15,1718,A1397,D1,7,5,7,3001,0,0,0,NA,0,NA,SOUTH KNOTT AV,W MUNGALL DR,0,NA,Y,A,B,N,NA,NA,NA,NA,NA,NA,NA,NA,NA,Y,4,0,1,2,A,-,09,21802,A,N,D,C,A,A,H,-,A,A,0,NA,NA,NA,NA,Y,NA,A,01,0,0,1,0,0,0,0,0,0,-,-,NA,NA,ORANGE,ANAHEIM,-118.01086012,33.82331006
8028671,2016,2016-05-25,3001,2016-05-15,1522,A1397,D2,7,5,7,3001,0,0,0,NA,0,NA,N BROOKHURST ST,W HUNTINGTON AV,38,S,N,A,B,N,NA,NA,NA,NA,NA,NA,NA,NA,NA,Y,4,0,1,3,A,-,03,22350,NA,N,C,C,A,A,H,-,A,A,0,NA,NA,NA,NA,Y,NA,A,07,0,0,1,0,0,0,0,0,0,-,-,NA,NA,ORANGE,ANAHEIM,-117.95921,33.85151582
8030016,2016,2017-02-18,3010,2016-02-26,1159,1108,273,5,5,6,3010,0,0,0,NA,0,006,RT 39,WARNER,260,S,N,A,-,Y,ORA,12,39,-,-,4.58,H,-,N,Y,4,0,1,2,A,-,01,23152,E,N,C,C,A,A,H,-,A,A,0,NA,NA,NA,NA,Y,NA,A,07,0,0,1,0,0,0,0,0,0,-,-,NA,NA,ORANGE,HUNTINGTON BEACH,-117.98899318,33.7149542
8030045,2016,2016-04-29,3019,2016-04-17,1407,3413,WE,7,5,7,3019,0,0,0,NA,0,002,1ST ST,HARBOR BL,0,NA,Y,A,-,N,NA,NA,NA,NA,NA,NA,NA,NA,NA,Y,4,0,1,4,A,-,03,22350,NA,N,C,C,A,A,H,-,A,A,0,NA,NA,NA,NA,Y,NA,A,07,0,0,1,0,0,0,0,0,0,-,-,33.74504,-117.92023,ORANGE,SANTA ANA,-117.92018011,33.745150100000004
8030071,2016,2016-04-29,3000,2016-02-24,1750,6532,971H5,3,5,4,3029,0,0,0,NA,0,735,GOLDEN LANTERN,STONEHILL DR,214,S,N,A,-,N,NA,NA,NA,NA,NA,NA,NA,NA,NA,Y,2,0,2,2,A,-,01,23153,A,N,A,C,A,A,H,-,C,D,0,NA,NA,NA,NA,Y,Y,A,01,1,1,0,0,0,0,0,0,0,-,-,NA,NA,ORANGE,DANA POINT,-117.69769823,33.4757585
8030440,2016,2016-05-04,3015,2016-03-27,1521,1440,775,7,5,6,3015,0,0,0,NA,0,730,NORTH TUSTIN ST,E MEATS AV,75,S,N,A,-,N,NA,NA,NA,NA,NA,NA,NA,NA,NA,N,3,0,2,3,A,-,03,22350,NA,N,C,C,A,A,H,-,A,A,0,NA,NA,NA,NA,Y,NA,A,01,0,1,1,0,0,0,0,0,0,-,-,NA,NA,ORANGE,ORANGE,-117.8360274,33.82270441
8030483,2016,2016-05-03,3015,2016-04-12,1947,1485,55E,2,5,6,3015,0,0,0,NA,0,322,CAMBRIDGE ST,TRENTON AV,24,S,N,A,-,N,NA,NA,NA,NA,NA,NA,NA,NA,NA,Y,3,0,3,3,A,-,03,22350,NA,N,C,C,A,A,H,-,C,D,0,NA,NA,NA,NA,Y,NA,A,01,0,1,2,0,0,0,0,0,0,-,-,NA,NA,ORANGE,ORANGE,-117.84533,33.81187421
8030527,2016,2017-03-06,3015,2016-04-08,1521,1372,21W,5,5,6,3015,0,0,0,NA,0,001,THE CITY DR SOUTH,RT 22,276,N,N,C,-,Y,ORA,12,22,-,L,9.678,R,4,E,Y,4,0,1,2,A,-,08,22107,NA,N,B,C,A,B,H,-,A,D,0,NA,NA,NA,NA,Y,NA,A,01,0,0,1,0,0,0,0,0,0,-,EF,NA,NA,ORANGE,ORANGE,-118.04198074,33.77450039
8031129,2016,2016-05-06,3010,2016-04-19,0807,164,425,2,5,6,3010,0,0,0,NA,0,005,BUSHARD,RONNEY,0,NA,Y,A,-,N,NA,NA,NA,NA,NA,NA,NA,NA,NA,Y,3,0,4,2,A,-,00,22802,A,N,D,C,A,A,H,-,A,A,0,NA,NA,NA,NA,Y,NA,A,01,0,2,2,0,0,0,0,0,0,-,-,NA,NA,ORANGE,HUNTINGTON BEACH,-117.96270002,33.68211001
8031161,2016,2016-05-06,3010,2016-04-22,1553,1059,339,5,5,6,3010,0,0,0,NA,0,004,GOLDENWEST ST,PALM AV,0,NA,Y,A,-,N,NA,NA,NA,NA,NA,NA,NA,NA,NA,Y,3,0,2,3,A,-,12,21453,A,N,D,C,A,A,H,-,A,A,0,NA,NA,NA,NA,Y,NA,A,01,0,1,1,0,0,0,0,0,0,-,-,NA,NA,ORANGE,HUNTINGTON BEACH,-118.01226013,33.67338002
8032198,2016,2016-05-02,3002,2016-04-16,2230,5013,740E5,6,5,5,3025,0,0,0,NA,0,003,FAIRMONT BL,OAK MEADOW DR,172,N,N,A,-,N,NA,NA,NA,NA,NA,NA,NA,NA,NA,Y,2,0,1,1,A,-,08,22107,NA,N,E,I,A,A,H,-,C,D,0,NA,NA,NA,NA,Y,NA,A,01,1,0,0,0,0,0,0,0,0,-,-,NA,NA,ORANGE,YORBA LINDA,-117.78851236,33.88123218
8032199,2016,2016-06-01,3022,2016-04-05,0446,1288,SOUTH,2,5,5,3022,0,0,0,NA,0,003,REDHILL AV,BELL AV,0,NA,Y,A,-,N,NA,NA,NA,NA,NA,NA,NA,NA,NA,Y,3,0,1,2,A,-,09,21802,A,N,D,D,A,A,H,-,C,A,0,NA,NA,NA,Y,Y,NA,G,25,0,1,0,0,0,0,0,0,0,-,-,NA,NA,ORANGE,TUSTIN,-117.83491007,33.71400012
8032616,2016,2016-05-03,3019,2016-04-19,2058,2963,SE,2,5,7,3019,0,0,0,NA,0,003,MAIN ST,ALTON AV,100,S,N,A,-,N,NA,NA,NA,NA,NA,NA,NA,NA,NA,Y,3,0,2,2,A,-,03,22350,NA,N,C,C,A,A,H,-,C,A,0,NA,NA,NA,NA,Y,NA,A,01,0,1,1,0,0,0,0,0,0,-,-,NA,NA,ORANGE,SANTA ANA,-117.86807583,33.7048759
8033582,2016,2016-05-09,3016,2016-04-17,1335,1247,10,7,5,5,3016,0,0,0,NA,0,001,YORBA LINDA BL,VALENCIA AV,34,W,N,A,-,N,NA,NA,NA,NA,NA,NA,NA,NA,NA,Y,3,0,2,2,A,-,00,23123,NA,N,C,C,A,A,H,-,A,A,0,NA,NA,NA,NA,Y,NA,D,22,0,1,1,0,0,0,0,0,0,-,-,33.88932,-117.85496,ORANGE,PLACENTIA,-117.85496176,33.88933902
8033981,2016,2016-05-11,3000,2016-04-22,1455,1920,892A6,5,5,5,3028,0,0,0,NA,0,755,JERONIMO RD,ALICIA PKWY,32,N,N,A,-,N,NA,NA,NA,NA,NA,NA,NA,NA,NA,N,4,0,2,2,A,-,03,22350,NA,F,C,C,A,A,H,-,A,A,0,NA,NA,NA,NA,Y,NA,D,22,0,0,2,0,0,0,0,0,0,-,-,NA,NA,ORANGE,MISSION VIEJO,-117.67841996,33.61523195
8034115,2016,2016-05-11,3026,2016-04-11,0853,4779,P,1,5,6,3026,0,0,0,NA,0,00P,ALTON PKWY,FAIRBANKS,0,NA,Y,B,-,N,NA,NA,NA,NA,NA,NA,NA,NA,NA,Y,2,0,2,2,A,-,12,21453,A,N,D,C,A,A,H,-,A,A,0,NA,NA,NA,NA,Y,NA,A,01,1,1,0,0,0,0,0,0,0,-,-,NA,NA,ORANGE,IRVINE,-117.70975012,33.66085008
8034587,2016,2017-02-16,3012,2016-04-25,0831,501,45,1,5,5,3012,0,0,0,NA,0,0SE,IMPERIAL HWY,CYPRESS ST,0,NA,Y,A,-,Y,ORA,12,90,-,-,1.901,I,5,E,N,3,0,1,2,A,-,03,22350,NA,N,C,C,A,A,H,-,A,A,0,NA,NA,NA,NA,Y,NA,A,01,0,1,0,0,0,0,0,0,0,-,-,NA,NA,ORANGE,LA HABRA,-117.9437534,33.91727191
8034752,2016,2017-02-16,3014,2016-03-25,1352,1079,RD25,5,5,5,3014,0,0,0,NA,0,0A2,RT 1,RIVERSIDE AV,451,W,N,A,-,Y,ORA,12,1,-,-,19.6,H,-,S,Y,4,0,1,2,A,-,03,22350,NA,N,F,A,A,A,H,-,A,A,0,NA,NA,Y,NA,Y,NA,C,02,0,0,1,0,0,0,0,0,1,-,-,33.6209,-117.9258,ORANGE,NEWPORT BEACH,-117.92586293,33.62094947
8034816,2016,2016-05-06,3024,2016-04-26,1803,166,P30,2,5,5,3024,0,0,0,NA,0,WEST,BOLSA AV,CHESTNUT ST,70,W,N,A,-,N,NA,NA,NA,NA,NA,NA,NA,NA,NA,Y,4,0,1,3,A,-,03,22350,NA,N,C,C,A,A,H,-,A,A,0,NA,NA,NA,NA,Y,NA,A,01,0,0,1,0,0,0,0,0,0,-,-,NA,NA,ORANGE,WESTMINSTER,-118.00289972,33.74458709
8035010,2016,2016-05-09,3019,2016-04-27,1909,3425,SE,3,5,7,3019,0,0,0,NA,0,003,MAPLE ST,SAINT GERTRUDE PL,67,N,N,A,-,N,NA,NA,NA,NA,NA,NA,NA,NA,NA,Y,3,0,1,4,A,-,08,22107,NA,M,B,E,A,A,H,-,A,D,0,NA,NA,NA,NA,Y,NA,D,22,0,1,0,0,0,0,0,0,0,-,-,33.71981,-117.8641,ORANGE,SANTA ANA,-117.86417865,33.71983367
8035839,2016,2016-05-03,3001,2016-04-21,1443,A1355,NA,4,5,7,3001,0,0,0,NA,0,0D2,SOUTH ANAHEIM BL,WEST SOUTH ST,0,NA,Y,A,-,N,NA,NA,NA,NA,NA,NA,NA,NA,NA,N,4,0,1,2,A,-,17,21451,A,N,B,C,A,A,H,-,A,A,0,NA,NA,NA,NA,Y,NA,A,07,0,0,1,0,0,0,0,0,0,-,-,NA,NA,ORANGE,ANAHEIM,-117.91099011,33.82673004
8037666,2016,2016-05-11,3001,2016-04-29,1849,415,NA,5,5,7,3001,0,0,0,NA,0,0D1,N EUCLID ST,WEST GLEN AV,0,NA,Y,A,-,N,NA,NA,NA,NA,NA,NA,NA,NA,NA,N,4,0,3,2,A,-,09,21801,A,N,D,C,A,A,H,-,A,D,0,NA,NA,NA,NA,Y,NA,A,01,0,0,3,0,0,0,0,0,0,-,-,NA,NA,ORANGE,ANAHEIM,-117.94167004,33.84820011
8038099,2016,2016-05-13,3000,2016-03-28,1425,1104,770B7,1,5,2,3023,0,0,0,NA,0,014,SERRANO AV,OAKWOOD CIR,21,E,N,A,-,N,NA,NA,NA,NA,NA,NA,NA,NA,NA,Y,4,0,3,3,A,-,08,22107,NA,N,B,C,A,A,E,-,A,D,0,NA,NA,NA,NA,Y,NA,A,01,0,0,3,0,0,0,0,0,0,-,-,NA,NA,ORANGE,VILLA PARK,-117.81695109,33.81957235
8039096,2016,2016-05-20,3019,2016-05-01,1948,2098,WE,7,5,7,3019,0,0,0,NA,0,0II,1ST ST,BOOTH,0,NA,Y,A,-,N,NA,NA,NA,NA,NA,NA,NA,NA,NA,Y,3,0,1,2,A,-,05,21650,NA,N,A,C,A,A,H,-,A,D,0,NA,NA,NA,NA,Y,NA,D,22,0,1,0,0,0,0,0,0,0,-,-,NA,NA,ORANGE,SANTA ANA,-117.87858008,33.74543004
8040184,2016,2016-05-13,3019,2016-05-02,1212,3422,NE,1,5,7,3019,0,0,0,NA,0,002,SANTIAGO ST,CIVIC CENTER DR,0,NA,Y,A,-,N,NA,NA,NA,NA,NA,NA,NA,NA,NA,N,4,0,2,2,A,-,12,22450,A,N,D,C,A,A,H,-,A,A,0,NA,NA,NA,NA,Y,NA,A,01,0,0,2,0,0,0,0,0,0,-,-,33.75361,-117.85872,ORANGE,SANTA ANA,-117.8586501,33.75352006
8040460,2016,2016-05-16,3001,2016-05-07,1222,A2187,NA,6,5,7,3001,0,0,0,NA,0,D-1,LINCOLN AV,GILBERT ST,76,E,N,B,-,N,NA,NA,NA,NA,NA,NA,NA,NA,NA,Y,4,0,1,2,A,-,03,22350,NA,N,D,C,A,A,H,-,A,A,0,NA,NA,NA,NA,Y,NA,A,01,0,0,1,0,0,0,0,0,0,-,-,NA,NA,ORANGE,ANAHEIM,-117.96743044,33.83243666
8041915,2016,2016-05-31,3008,2016-04-27,0718,1158,NA,3,5,6,3008,0,0,0,NA,0,011,COMMONWEALTH AV,RICHMAN AV,0,NA,Y,A,-,N,NA,NA,NA,NA,NA,NA,NA,NA,NA,Y,3,0,1,2,A,-,09,21453,C,N,G,B,B,A,H,-,A,A,0,Y,NA,NA,NA,Y,NA,A,01,0,1,0,0,1,0,0,0,0,-,-,NA,NA,ORANGE,FULLERTON,-117.93305003,33.87031003
8042086,2016,2016-06-01,3014,2016-05-02,0754,1277,RD24,1,5,5,3014,0,0,0,NA,0,0A2,HOSPITAL RD,RT 55,378,W,N,A,-,N,NA,NA,NA,NA,NA,NA,NA,NA,NA,N,3,0,1,2,A,-,05,21650,1,N,H,G,A,A,H,-,A,D,0,NA,Y,NA,NA,Y,NA,L,04,0,1,0,0,0,0,1,0,0,-,-,33.6259,-117.9294,ORANGE,NEWPORT BEACH,-117.929259,33.625739
8042122,2016,2016-06-01,3014,2016-05-02,2356,1435,RD11,1,5,5,3014,0,0,0,NA,0,0A1,CHANNEL RD,E OCEAN FRONT,0,NA,Y,A,-,N,NA,NA,NA,NA,NA,NA,NA,NA,NA,Y,4,0,1,1,A,-,01,23152,NA,N,E,I,A,A,H,-,C,D,0,NA,NA,NA,NA,Y,Y,A,01,0,0,1,0,0,0,0,0,0,-,-,33.5955,-117.882,ORANGE,NEWPORT BEACH,-117.88228002,33.59597011
8042239,2016,2017-02-16,3011,2016-04-22,0954,31403,71,5,5,4,3011,0,0,0,NA,0,001,RT 133,EL TORO RD,1584,S,N,A,-,Y,ORA,12,133,-,-,3.12,H,-,S,Y,4,0,2,2,A,-,03,22350,NA,N,C,C,A,A,H,-,A,D,0,NA,NA,NA,NA,Y,NA,A,01,0,0,2,0,0,0,0,0,0,-,-,NA,NA,ORANGE,LAGUNA BEACH,-117.76223383,33.57860015
8042994,2016,2017-02-16,3001,2016-05-05,2114,415,NA,4,5,7,3001,0,0,0,NA,0,0D1,W LINCOLN AV,NORTH BEACH BL,0,NA,Y,B,-,Y,ORA,12,39,-,-,12.685,I,5,S,Y,3,0,2,2,D,-,00,NA,NA,N,A,C,A,A,H,-,C,A,0,NA,NA,NA,NA,Y,Y,-,-,0,1,1,0,0,0,0,0,0,-,-,NA,NA,ORANGE,ANAHEIM,-117.99358267,33.83209533
8043178,2016,2016-05-18,3003,2016-04-26,1005,847,NA,2,5,5,3003,0,0,0,NA,0,008,VIA VISTA DR,LINCOLN AV,1,S,N,A,-,N,NA,NA,NA,NA,NA,NA,NA,NA,NA,N,4,0,1,2,A,-,05,21650,1,N,D,G,A,A,H,-,A,D,0,NA,Y,NA,NA,Y,NA,L,04,0,0,1,0,0,0,1,0,0,-,-,33.8316,-118.0148,ORANGE,BUENA PARK,-118.01491,33.83192726
8043186,2016,2016-05-18,3014,2016-04-01,1559,1421,RD37,5,5,5,3014,0,0,0,NA,0,0A3,JAMBOREE RD,ISLAND LAGOON DR,0,NA,Y,A,-,N,NA,NA,NA,NA,NA,NA,NA,NA,NA,N,4,0,1,2,A,-,03,22350,NA,N,C,C,A,A,H,-,A,A,0,NA,NA,NA,NA,Y,NA,A,01,0,0,1,0,0,0,0,0,0,-,-,NA,NA,ORANGE,NEWPORT BEACH,-117.88773013,33.61669006
8045048,2016,2016-05-19,3019,2016-05-05,1551,3423,SE,4,5,7,3019,0,0,0,NA,0,NA,EDINGER AV,MAPLE ST,0,NA,Y,A,-,N,NA,NA,NA,NA,NA,NA,NA,NA,NA,N,4,0,2,2,A,-,09,21801,A,N,D,C,A,A,H,-,A,D,0,NA,NA,NA,NA,Y,NA,A,07,0,0,2,0,0,0,0,0,0,-,-,NA,NA,ORANGE,SANTA ANA,-117.86408008,33.72724007
8045221,2016,2016-05-20,3004,2016-05-03,1410,P429,18,2,5,6,3004,0,0,0,NA,0,011,ADAMS AV,ALBATROSS,50,E,N,A,-,N,NA,NA,NA,NA,NA,NA,NA,NA,NA,N,4,0,1,1,A,-,03,22350,NA,N,E,J,A,A,G,-,A,D,0,NA,NA,NA,NA,Y,NA,A,01,0,0,1,0,0,0,0,0,0,-,-,34.4021,-117.5625,ORANGE,COSTA MESA,-117.94041605,33.67248