CASE_ID,ACCIDENT_YEAR,PROC_DATE,JURIS,COLLISION_DATE,COLLISION_TIME,OFFICER_ID,REPORTING_DISTRICT,DAY_OF_WEEK,CHP_SHIFT,POPULATION,CNTY_CITY_LOC,SPECIAL_COND,BEAT_TYPE,CHP_BEAT_TYPE,CITY_DIVISION_LAPD,CHP_BEAT_CLASS,BEAT_NUMBER,PRIMARY_RD,SECONDARY_RD,DISTANCE,DIRECTION,INTERSECTION,WEATHER_1,WEATHER_2,STATE_HWY_IND,CALTRANS_COUNTY,CALTRANS_DISTRICT,STATE_ROUTE,ROUTE_SUFFIX,POSTMILE_PREFIX,POSTMILE,LOCATION_TYPE,RAMP_INTERSECTION,SIDE_OF_HWY,TOW_AWAY,COLLISION_SEVERITY,NUMBER_KILLED,NUMBER_INJURED,PARTY_COUNT,PRIMARY_COLL_FACTOR,PCF_CODE_OF_VIOL,PCF_VIOL_CATEGORY,PCF_VIOLATION,PCF_VIOL_SUBSECTION,HIT_AND_RUN,TYPE_OF_COLLISION,MVIW,PED_ACTION,ROAD_SURFACE,ROAD_COND_1,ROAD_COND_2,LIGHTING,CONTROL_DEVICE,CHP_ROAD_TYPE,PEDESTRIAN_ACCIDENT,BICYCLE_ACCIDENT,MOTORCYCLE_ACCIDENT,TRUCK_ACCIDENT,NOT_PRIVATE_PROPERTY,ALCOHOL_INVOLVED,STWD_VEHTYPE_AT_FAULT,CHP_VEHTYPE_AT_FAULT,COUNT_SEVERE_INJ,COUNT_VISIBLE_INJ,COUNT_COMPLAINT_PAIN,COUNT_PED_KILLED,COUNT_PED_INJURED,COUNT_BICYCLIST_KILLED,COUNT_BICYCLIST_INJURED,COUNT_MC_KILLED,COUNT_MC_INJURED,PRIMARY_RAMP,SECONDARY_RAMP,LATITUDE,LONGITUDE,COUNTY,CITY,POINT_X,POINT_Y
8126604,2016,2016-09-21,3001,2016-09-08,2115,415,NA,4,5,7,3001,0,0,0,NA,0,0D1,NORTH MAGNOLIA AV,W BAYLOR CIR,20,N,N,A,-,N,NA,NA,NA,NA,NA,NA,NA,NA,NA,Y,3,0,3,2,A,-,03,22350,NA,M,C,C,A,A,H,-,C,D,0,NA,NA,NA,NA,Y,NA,A,07,0,2,1,0,0,0,0,0,0,-,-,NA,NA,ORANGE,ANAHEIM,-117.97605098,33.83822483
8127177,2016,2016-09-22,3026,2016-09-07,0836,4991,NA,3,5,6,3026,0,0,0,NA,0,00P,PORTOLA,YALE,21,E,N,A,-,N,NA,NA,NA,NA,NA,NA,NA,NA,NA,Y,3,0,1,2,A,-,07,21658,A,N,C,C,A,A,H,-,A,A,0,NA,NA,Y,NA,Y,NA,A,01,0,1,0,0,0,0,0,0,1,-,-,NA,NA,ORANGE,IRVINE,-117.75129878,33.72907359
81272465,2020,2020-07-22,3014,2020-07-12,2227,1501,RD26,7,5,5,3014,0,0,0,NA,0,A2,SR-1 (COAST HWY W),DOVER DR,18,W,N,A,-,Y,NA,NA,1,NA,NA,NA,NA,NA,NA,N,2,0,1,2,A,-,12,21453,A,N,D,G,A,A,H,-,C,A,0,NA,Y,NA,NA,Y,NA,L,04,1,0,0,0,0,0,1,0,0,-,-,33.6161994934082,-117.90740203857422,ORANGE,NEWPORT BEACH,-117.90740203857422,33.61622619628906
8127948,2016,2017-02-24,3011,2016-09-06,1501,31340,NA,2,5,4,3011,0,0,0,NA,0,NA,RT 133,CANYON ACRES RD,887,N,N,A,-,Y,ORA,12,133,-,-,1.11,H,-,N,N,3,0,1,2,A,-,06,21755,A,N,D,C,A,A,H,-,A,A,0,NA,NA,Y,NA,Y,NA,C,03,0,1,0,0,0,0,0,0,1,-,-,NA,NA,ORANGE,LAGUNA BEACH,-117.7745862,33.55565647
81282125,2020,2020-08-07,3024,2020-06-24,1545,502,P-22,3,5,5,3024,0,0,0,NA,0,WEST,GOLDENWEST STREET,SOWELL AVENUE,0,NA,Y,A,-,N,NA,NA,NA,NA,NA,NA,NA,NA,NA,Y,3,0,2,2,A,-,08,22107,NA,N,B,C,A,A,C,H,A,A,0,NA,NA,NA,NA,Y,NA,A,07,0,1,1,0,0,0,0,0,0,-,-,33.74869155883789,-118.00727081298828,ORANGE,WESTMINSTER,-118.00701904296876,33.7486686706543
8128428,2016,2016-09-30,3000,2016-08-16,1610,7734,892A6,2,5,5,3028,0,0,0,NA,0,752,MUIRLANDS BL,SPARTAN ST,30,S,N,A,-,N,NA,NA,NA,NA,NA,NA,NA,NA,NA,N,4,0,1,2,A,-,03,22350,NA,F,C,C,A,A,H,-,A,A,0,NA,NA,NA,NA,Y,NA,D,22,0,0,1,0,0,0,0,0,0,-,-,NA,NA,ORANGE,MISSION VIEJO,-117.68469345,33.6078995
8128464,2016,2016-09-30,3026,2016-08-10,1335,566/6352,NA,3,5,6,3026,0,0,0,NA,0,00U,JAMBOREE RD,MICHELSON DR,160,S,N,A,-,N,NA,NA,NA,NA,NA,NA,NA,NA,NA,N,4,0,1,2,A,-,03,22350,NA,M,C,C,A,A,H,-,A,A,0,NA,NA,NA,NA,Y,NA,D,22,0,0,1,0,0,0,0,0,0,-,-,NA,NA,ORANGE,IRVINE,-117.8481065,33.6723535
81285776,2020,2020-09-29,3014,2020-08-05,1339,1453,RD51,3,5,5,3014,0,0,0,NA,0,A4,SAN MIGUEL DR,EASTGATE DR,0,NA,Y,A,-,N,NA,NA,NA,NA,NA,NA,NA,NA,NA,Y,2,0,3,2,A,-,01,23152,F,N,D,C,A,A,H,-,A,A,0,NA,NA,NA,NA,Y,NA,D,22,1,1,1,0,0,0,0,0,0,-,-,33.62080001831055,-117.85189819335938,ORANGE,NEWPORT BEACH,-117.85198211669922,33.62091827392578
81290879,2020,2020-08-24,3024,2020-07-04,0342,455,P-36,6,5,5,3024,0,0,0,NA,0,EAST,BOLSA AVENUE,WARD STREET,155,W,N,A,-,N,NA,NA,NA,NA,NA,NA,NA,NA,NA,Y,4,0,1,1,A,-,01,23152,F,N,E,I,A,A,H,-,C,A,0,NA,NA,NA,NA,Y,NA,A,01,0,0,1,0,0,0,0,0,0,-,-,NA,NA,ORANGE,WESTMINSTER,-117.94664764404295,33.744930267333984
81293997,2020,2020-08-27,3014,2020-08-18,1607,1374,RD44,2,5,5,3014,0,0,0,NA,0,A4,MARGUERITE AVE,BAYSIDE DR,0,NA,Y,A,-,N,NA,NA,NA,NA,NA,NA,NA,NA,NA,Y,3,0,2,3,A,-,09,21804,NA,N,D,C,A,A,H,-,A,D,0,NA,NA,NA,NA,Y,NA,A,01,0,1,1,0,0,0,0,0,0,-,-,33.59590148925781,-117.87120056152344,ORANGE,NEWPORT BEACH,-117.87123107910156,33.5959587097168
81295598,2020,2020-08-31,3024,2020-07-10,1728,426,P-10,5,5,5,3024,0,0,0,NA,0,WEST,GOLDENWEST STREET,TRASK AVENUE,0,NA,Y,A,-,N,NA,NA,NA,NA,NA,NA,NA,NA,NA,Y,3,0,2,2,A,-,01,23152,A,N,D,C,A,A,H,-,A,A,0,NA,NA,NA,NA,Y,NA,A,07,0,1,1,0,0,0,0,0,0,-,-,33.76639938354492,-118.00714111328124,ORANGE,WESTMINSTER,-118.00724792480467,33.7663688659668
81299069,2020,2020-09-04,3014,2020-08-16,1248,1462,RD12,7,5,5,3014,0,0,0,NA,0,A1,E. BALBOA BLVD,MAIN ST,16,E,N,A,-,N,NA,NA,NA,NA,NA,NA,NA,NA,NA,N,3,0,1,2,A,-,09,21801,A,N,D,C,A,A,H,-,A,D,0,NA,NA,Y,NA,Y,NA,A,07,0,1,0,0,0,0,0,0,1,-,-,33.60219955444336,-117.9001007080078,ORANGE,NEWPORT BEACH,-117.89945220947266,33.601993560791016
81299605,2020,2020-09-07,3024,2020-07-01,0858,503,P-36,3,5,5,3024,0,0,0,NA,0,EAST,BROOKHURST STREET,BISHOP AVENUE,33,N,N,A,-,N,NA,NA,NA,NA,NA,NA,NA,NA,NA,Y,3,0,1,3,A,-,02,22400,A,N,B,C,A,A,H,-,A,A,0,NA,NA,NA,NA,Y,NA,A,01,0,1,0,0,0,0,0,0,0,-,-,NA,NA,ORANGE,WESTMINSTER,-117.95491027832033,33.741432189941406
81300940,2020,2020-11-05,3007,2020-08-05,1426,326,35,3,5,5,3007,0,0,0,NA,0,001,BROOKHURST,HEIL,440,S,N,A,-,N,NA,NA,NA,NA,NA,NA,NA,NA,NA,N,3,0,1,2,A,-,05,21650,NA,F,D,G,A,A,H,-,A,A,0,NA,Y,NA,NA,Y,NA,A,01,0,1,0,0,0,0,1,0,0,-,-,NA,NA,ORANGE,FOUNTAIN VALLEY,-117.95464324951172,33.72233200073242
81306823,2020,2020-09-18,3024,2020-08-10,1705,435,P-30,1,5,5,3024,0,0,0,NA,0,WEST,BOLSA AVENUE,GOLDENWEST STREET,55,E,N,A,-,N,NA,NA,NA,NA,NA,NA,NA,NA,NA,N,4,0,2,2,A,-,07,21658,A,N,B,C,A,A,H,-,A,A,0,NA,NA,NA,NA,Y,NA,A,01,0,0,2,0,0,0,0,0,0,-,-,33.74407958984375,-118.0098876953125,ORANGE,WESTMINSTER,-118.0068130493164,33.7444953918457
81307640,2020,2020-09-21,3024,2020-08-18,1349,435,P-23,2,5,5,3024,0,0,0,NA,0,WEST,HAZARD AVENUE,HOOVER STREET,0,NA,Y,A,-,N,NA,NA,NA,NA,NA,NA,NA,NA,NA,Y,3,0,1,2,A,-,09,21801,A,F,D,C,A,A,H,-,A,A,0,NA,NA,NA,NA,Y,NA,A,01,0,1,0,0,0,0,0,0,0,-,-,33.75143814086914,-118.00109100341795,ORANGE,WESTMINSTER,-117.99835205078124,33.75199890136719
81309868,2020,2020-09-30,3014,2020-09-12,1828,1277,RD34,6,5,5,3014,0,0,0,NA,0,A3,JAMBOREE RD,MACARTHUR BLVD,0,NA,Y,A,-,N,NA,NA,NA,NA,NA,NA,NA,NA,NA,Y,4,0,1,2,A,-,12,21453,NA,N,D,C,A,A,H,-,A,A,0,NA,NA,NA,NA,Y,NA,A,01,0,0,1,0,0,0,0,0,0,-,-,NA,NA,ORANGE,NEWPORT BEACH,-117.86277770996094,33.6573600769043
81310193,2020,2020-09-24,3024,2020-08-21,0550,505,P-08,5,5,5,3024,0,0,0,NA,0,WEST,SPRINGDALE STREET,WESTMINSTER AVENUE,0,NA,Y,A,-,N,NA,NA,NA,NA,NA,NA,NA,NA,NA,N,3,0,1,2,A,-,09,21453,B,N,D,G,A,A,H,-,A,A,0,NA,Y,NA,NA,Y,NA,D,22,0,1,0,0,0,0,1,0,0,-,-,33.7587890625,-118.0272216796875,ORANGE,WESTMINSTER,-118.02462005615234,33.75907897949219
81312587,2020,2020-09-28,3010,2020-09-19,1942,1208,251,6,5,6,3010,0,0,0,NA,0,007,HEIL AVE,GOLDENWEST ST,0,NA,Y,A,-,N,NA,NA,NA,NA,NA,NA,NA,NA,NA,Y,4,0,1,2,A,-,09,21801,A,N,A,C,A,A,H,-,C,A,0,NA,NA,NA,NA,Y,NA,A,01,0,0,1,0,0,0,0,0,0,-,-,33.722808837890625,-118.00666809082033,ORANGE,HUNTINGTON BEACH,-118.00666809082033,33.722808837890625
8131732,2016,2016-09-29,3008,2016-07-31,2253,1274,NA,7,5,6,3008,0,0,0,NA,0,0Z2,RAYMOND AV,CHAPMAN AV,0,NA,Y,A,-,N,NA,NA,NA,NA,NA,NA,NA,NA,NA,N,3,0,1,2,A,-,10,21950,A,N,G,B,B,A,H,-,C,A,0,Y,NA,NA,NA,Y,NA,A,01,0,1,0,0,1,0,0,0,0,-,-,NA,NA,ORANGE,FULLERTON,-117.90703001,33.87410004
81318807,2020,2020-10-06,3001,2020-09-28,1748,A1278,NA,1,5,7,3001,0,0,0,NA,0,NA,LINCOLN AVENUE,CLEMENTINE STREET,0,NA,Y,A,-,N,NA,NA,NA,NA,NA,NA,NA,NA,NA,Y,3,0,3,2,A,-,09,21801,A,N,D,C,A,A,H,-,A,A,0,NA,NA,NA,NA,Y,NA,A,01,0,3,0,0,0,0,0,0,0,-,-,33.834991455078125,-117.91763305664063,ORANGE,ANAHEIM,-117.91763305664063,33.83517837524414
81319766,2020,2020-10-08,3001,2020-10-02,1642,A2367,D-1,5,5,7,3001,0,0,0,NA,0,D-1,MAGNOLIA AVENUE,BAYLOR CIRCLE,122,N,N,A,-,N,NA,NA,NA,NA,NA,NA,NA,NA,NA,Y,4,0,2,2,A,-,09,21801,A,N,D,C,A,A,H,-,A,A,0,NA,NA,NA,NA,Y,NA,A,01,0,0,2,0,0,0,0,0,0,-,-,33.83816909790039,-117.97621917724608,ORANGE,ANAHEIM,-117.97605895996094,33.838504791259766
81320528,2020,2020-10-09,3001,2020-09-20,1522,A1278,NA,7,5,7,3001,0,0,0,NA,0,D-1,LINCOLN AVENUE,BROOKHURST STREET,258,E,N,A,-,N,NA,NA,NA,NA,NA,NA,NA,NA,NA,N,3,0,1,2,A,-,08,22107,NA,N,F,A,A,A,H,-,A,D,0,NA,NA,Y,NA,Y,NA,C,02,0,1,0,0,0,0,0,0,1,-,-,33.8324089050293,-117.95868682861328,ORANGE,ANAHEIM,-117.95812225341795,33.83258819580078
81320543,2020,2020-10-09,3001,2020-10-06,0814,A1740,NA,2,5,7,3001,0,0,0,NA,0,D-4,LA PALMA AVENUE,VAN BUREN STREET,122,W,N,A,-,N,NA,NA,NA,NA,NA,NA,NA,NA,NA,Y,4,0,1,3,A,-,07,21658,A,N,D,C,A,A,H,-,A,D,0,NA,NA,NA,NA,Y,NA,A,01,0,0,1,0,0,0,0,0,0,-,-,33.8585205078125,-117.83068084716795,ORANGE,ANAHEIM,-117.83113098144533,33.85812759399414
81320549,2020,2020-10-09,3001,2020-10-06,2219,A1231,NA,2,5,7,3001,0,0,0,NA,0,D-1,BALL ROAD,DALE AVENUE,0,NA,Y,A,-,N,NA,NA,NA,NA,NA,NA,NA,NA,NA,Y,4,0,1,2,A,-,09,21801,A,N,D,C,A,A,H,-,C,A,0,NA,NA,NA,NA,Y,NA,D,22,0,0,1,0,0,0,0,0,0,-,-,33.81772994995117,-117.98461151123048,ORANGE,ANAHEIM,-117.98455047607422,33.81752014160156
81325625,2020,2020-10-19,3014,2020-10-02,1633,1462,RD66,5,5,5,3014,0,0,0,NA,0,A4,NEWPORT COAST DR,PACIFIC PINES DR,0,NA,Y,A,-,N,NA,NA,NA,NA,NA,NA,NA,NA,NA,Y,3,0,3,2,A,-,12,21453,A,N,D,C,A,A,H,-,A,A,0,NA,NA,NA,NA,Y,NA,A,01,0,3,0,0,0,0,0,0,0,-,-,33.60340118408203,-117.82959747314452,ORANGE,NEWPORT BEACH,-117.82964324951172,33.603458404541016
81325730,2020,2020-10-19,3010,2020-10-16,1620,2222,272,5,5,6,3010,0,0,0,NA,0,006,SLATER AVE,GOTHARD ST,177,E,N,A,-,N,NA,NA,NA,NA,NA,NA,NA,NA,NA,N,4,0,1,2,A,-,05,21650,1,F,D,G,A,A,H,-,A,D,0,NA,Y,NA,NA,Y,NA,L,04,0,0,1,0,0,0,1,0,0,-,-,33.70732879638672,-118.00018310546876,ORANGE,HUNTINGTON BEACH,-117.99938201904295,33.708351135253906
8132701,2016,2016-11-21,3000,2016-10-05,1156,16-26117,921J5,3,5,4,3045,0,0,0,NA,0,745,OSO PKWY,NELLIE GAIL RD,39,E,N,A,-,N,NA,NA,NA,NA,NA,NA,NA,NA,NA,Y,4,0,1,2,A,-,03,22350,NA,N,C,C,A,A,H,-,A,A,0,NA,NA,NA,NA,Y,NA,D,22,0,0,1,0,0,0,0,0,0,-,-,NA,NA,ORANGE,LAGUNA HILLS,-117.6905529,33.57456033
81329109,2020,2020-10-22,3001,2020-10-13,2019,A1278,NA,2,5,7,3001,0,0,0,NA,0,D-1,GILBERT STREET,LINCOLN AVENUE,0,NA,Y,A,-,N,NA,NA,NA,NA,NA,NA,NA,NA,NA,Y,3,0,3,3,A,-,12,21453,A,N,D,C,A,A,H,-,C,A,0,NA,NA,NA,NA,Y,NA,A,01,0,1,2,0,0,0,0,0,0,-,-,33.831878662109375,-117.9675064086914,ORANGE,ANAHEIM,-117.96768188476563,33.83243179321289
81329111,2020,2020-10-22,3001,2020-10-15,2010,A2187,D-1,4,5,7,3001,0,0,0,NA,0,NA,GILBERT STREET,ORANGE AVENUE,0,NA,Y,A,-,N,NA,NA,NA,NA,NA,NA,NA,NA,NA,Y,4,0,1,2,A,-,09,21801,A,N,D,C,A,A,H,-,C,A,0,NA,NA,NA,NA,Y,NA,A,01,0,0,1,0,0,0,0,0,0,-,-,33.82497024536133,-117.9675064086914,ORANGE,ANAHEIM,-117.96759796142578,33.82495880126953
81332519,2020,2020-10-27,3014,2020-10-12,0918,1146,RD13,1,5,5,3014,0,0,0,NA,0,A1,12TH ST,WEST BALBOA BL,2,S,N,A,-,N,NA,NA,NA,NA,NA,NA,NA,NA,NA,N,4,0,1,2,A,-,03,22350,NA,N,H,G,A,A,H,-,A,A,0,NA,Y,NA,NA,Y,NA,L,04,0,0,1,0,0,0,1,0,0,-,-,33.60580062866211,-117.91619873046876,ORANGE,NEWPORT BEACH,-117.91622161865234,33.60611343383789
8133579,2016,2016-10-03,3008,2016-08-09,1242,1431,NA,2,5,6,3008,0,0,0,NA,0,0Z1,ROSECRANS AV,SUNNY RIDGE DR,0,NA,Y,A,-,N,NA,NA,NA,NA,NA,NA,NA,NA,NA,Y,4,0,1,2,A,-,12,21453,A,N,D,C,A,A,H,-,A,A,0,NA,NA,NA,NA,Y,NA,A,01,0,0,1,0,0,0,0,0,0,-,-,NA,NA,ORANGE,FULLERTON,-117.97030008,33.895510110000004
81336058,2020,2020-10-30,3007,2020-10-11,1020,326,63,7,5,5,3007,0,0,0,NA,0,003,MAGNOLIA ST,YUBA RIVER,173,N,N,A,-,N,NA,NA,NA,NA,NA,NA,NA,NA,NA,Y,1,1,0,1,A,-,07,21658,A,N,E,I,A,A,H,-,A,D,0,NA,NA,Y,NA,Y,NA,C,02,0,0,0,0,0,0,0,1,0,-,-,NA,NA,ORANGE,FOUNTAIN VALLEY,-117.97160339355467,33.69307327270508
8133653,2016,2016-10-03,3019,2016-09-11,1643,2963,SOUTH,7,5,7,3019,0,0,0,NA,0,003,HIGHLAND ST,SYCAMORE ST,6,E,N,A,-,N,NA,NA,NA,NA,NA,NA,NA,NA,NA,Y,4,0,1,2,A,-,08,22107,NA,N,C,C,A,A,H,-,A,A,0,NA,NA,NA,NA,Y,NA,A,01,0,0,1,0,0,0,0,0,0,-,-,NA,NA,ORANGE,SANTA ANA,-117.86877031,33.73707
8133850,2016,2017-02-24,3001,2016-09-21,1817,A1825,NA,3,5,7,3001,0,0,0,NA,0,0D2,W LINCOLN AV,RT 5,0,NA,Y,A,-,Y,ORA,12,5,-,-,39.433,R,4,S,Y,4,0,1,2,A,-,12,21453,A,N,A,C,A,A,H,-,A,A,0,NA,NA,NA,NA,Y,NA,D,22,0,0,1,0,0,0,0,0,0,-,SF,NA,NA,ORANGE,ANAHEIM,-117.94033091,33.8350653
8134282,2016,2016-10-06,3019,2016-09-17,1938,3324,WE,6,5,7,3019,0,0,0,NA,0,001,HARBOR BL,17TH ST,70,S,N,A,-,N,NA,NA,NA,NA,NA,NA,NA,NA,NA,N,4,0,1,3,A,-,03,22350,NA,M,C,C,A,A,H,-,C,A,0,NA,NA,NA,NA,Y,NA,D,22,0,0,1,0,0,0,0,0,0,-,-,NA,NA,ORANGE,SANTA ANA,-117.920177,33.759527
8134371,2016,2016-10-05,3026,2016-09-11,1734,539,UNIVE,7,5,6,3026,0,0,0,NA,0,00C,SIERRA LISA,TURTLE ROCK,17,S,N,A,-,N,NA,NA,NA,NA,NA,NA,NA,NA,NA,N,2,0,1,2,A,-,10,21950,A,N,G,B,B,A,H,-,A,D,0,Y,NA,NA,NA,Y,NA,A,07,1,0,0,0,1,0,0,0,0,-,-,NA,NA,ORANGE,IRVINE,-117.81005438,33.63237354
8134600,2016,2016-10-07,3001,2016-09-23,1936,2115,NA,5,5,7,3001,0,0,0,NA,0,NA,NORTH EAST ST,EAST ROMNEYA DR,0,NA,Y,A,-,N,NA,NA,NA,NA,NA,NA,NA,NA,NA,Y,3,0,2,2,A,-,09,21801,A,N,D,C,A,A,H,-,C,A,0,NA,NA,NA,NA,Y,NA,A,01,0,1,1,0,0,0,0,0,0,-,-,NA,NA,ORANGE,ANAHEIM,-117.90670006,33.85092001
8134640,2016,2016-10-05,3001,2016-09-20,1716,471,D1,2,5,7,3001,0,0,0,NA,0,0D2,WEST BALL RD,S EMPIRE ST,600,W,N,A,-,N,NA,NA,NA,NA,NA,NA,NA,NA,NA,Y,4,0,2,3,A,-,03,22350,NA,N,C,C,A,A,H,-,A,D,0,NA,NA,NA,NA,Y,NA,A,07,0,0,2,0,0,0,0,0,0,-,-,NA,NA,ORANGE,ANAHEIM,-117.95649065,33.81780214
8134675,2016,2016-10-04,3000,2016-08-22,1235,7734,892-A,1,5,5,3028,0,0,0,NA,0,752,VIA CEREZA,VIA ROBLE,26,W,N,A,-,N,NA,NA,NA,NA,NA,NA,NA,NA,NA,N,3,0,1,1,A,-,08,22107,NA,N,E,I,A,A,H,-,A,D,0,NA,NA,Y,NA,Y,NA,C,02,0,1,0,0,0,0,0,0,1,-,-,NA,NA,ORANGE,MISSION VIEJO,-117.67340519,33.62988
81349935,2020,2020-11-20,3001,2020-11-05,1254,A1404,NA,4,5,7,3001,0,0,0,NA,0,NA,MAGNOLIA AVENUE,WOODLAND DRIVE,0,NA,Y,A,-,N,NA,NA,NA,NA,NA,NA,NA,NA,NA,Y,4,0,1,2,A,-,12,21453,A,N,D,C,A,A,H,-,A,A,0,NA,NA,NA,NA,Y,NA,D,22,0,0,1,0,0,0,0,0,0,-,-,33.84933090209961,-117.97611236572266,ORANGE,ANAHEIM,-117.97617340087892,33.84933090209961
81349945,2020,2020-11-20,3001,2020-11-06,2040,A2312,D-2,5,5,7,3001,0,0,0,NA,0,D-2,LINCOLN AVENUE,STATE COLLEGE BOULEVARD,265,E,N,A,-,N,NA,NA,NA,NA,NA,NA,NA,NA,NA,N,4,0,1,2,A,-,01,23152,A,M,B,C,A,A,H,-,C,A,0,NA,NA,NA,Y,Y,Y,F,21,0,0,1,0,0,0,0,0,0,-,-,33.83998107910156,-117.88934326171876,ORANGE,ANAHEIM,-117.88848114013672,33.839866638183594
81353158,2020,2020-11-25,3010,2020-11-05,1252,3042,263,4,5,6,3010,0,0,0,NA,0,006,WARNER AVE,ROTTERDAM LN,330,E,N,A,-,N,NA,NA,NA,NA,NA,NA,NA,NA,NA,Y,3,0,4,4,A,-,03,22350,NA,N,C,C,A,A,H,-,A,A,0,NA,NA,NA,NA,Y,NA,A,01,0,1,3,0,0,0,0,0,0,-,-,33.715660095214844,-117.98426818847656,ORANGE,HUNTINGTON BEACH,-117.9833984375,33.715641021728516
81354442,2020,2020-11-27,3010,2020-11-22,1710,2090,326,7,5,6,3010,0,0,0,NA,0,004,SR-1,SEAPOINT AVE,35,S,N,E,-,Y,NA,NA,NA,NA,NA,NA,NA,NA,NA,Y,3,0,1,5,A,-,03,22350,NA,N,C,C,A,A,H,-,C,A,0,NA,NA,NA,NA,Y,NA,A,07,0,1,0,0,0,0,0,0,0,-,-,NA,NA,ORANGE,HUNTINGTON BEACH,NA,NA
81354714,2020,2020-11-30,3001,2020-11-26,1258,A1622,D-1,4,5,7,3001,0,0,0,NA,0,D-1,CRESCENT AVENUE,DALE STREET,0,NA,Y,A,-,N,NA,NA,NA,NA,NA,NA,NA,NA,NA,N,4,0,1,2,A,-,12,21453,A,M,D,C,A,A,H,-,A,A,0,NA,NA,NA,NA,Y,NA,D,22,0,0,1,0,0,0,0,0,0,-,-,33.8396110534668,-117.98494720458984,ORANGE,ANAHEIM,-117.9848175048828,33.839481353759766
81356321,2020,2020-12-01,3014,2020-11-22,0419,1527,RD17,7,5,5,3014,0,0,0,NA,0,A2,SR-1,SUPERIOR AVE,1695,W,N,A,-,Y,NA,NA,1,NA,NA,NA,NA,NA,NA,Y,3,0,1,1,A,-,08,22107,NA,N,E,I,A,A,H,-,C,D,0,NA,NA,NA,NA,Y,NA,A,01,0,1,0,0,0,0,0,0,0,-,-,33.625099182128906,-117.94400024414063,ORANGE,NEWPORT BEACH,-117.94400024414063,33.62508773803711
81360776,2020,2020-12-08,3010,2020-12-03,1830,1015,426,4,5,6,3010,0,0,0,NA,0,003,GARFIELD AVE,BARKLEY ST,0,NA,Y,A,-,N,NA,NA,NA,NA,NA,NA,NA,NA,NA,N,4,0,1,2,A,-,08,22107,NA,N,G,B,B,A,H,-,C,D,0,Y,NA,NA,NA,Y,NA,D,22,0,0,1,0,1,0,0,0,0,-,-,NA,NA,ORANGE,HUNTINGTON BEACH,-117.95684814453124,33.686851501464844
81360780,2020,2020-12-08,3010,2020-12-01,0839,0147,473,2,5,6,3010,0,0,0,NA,0,002,PACIFIC COAST HWY - SR1,NEWLAND ST,40,N,N,A,-,Y,NA,NA,NA,NA,NA,NA,NA,NA,NA,Y,4,0,1,2,A,-,03,22350,NA,N,C,C,A,A,H,-,A,A,0,NA,NA,NA,NA,Y,NA,A,01,0,0,1,0,0,0,0,0,0,-,-,33.643028259277344,-117.98272705078124,ORANGE,HUNTINGTON BEACH,NA,NA
81362498,2020,2020-12-10,3001,2020-12-05,1355,A1593,NA,6,5,7,3001,0,0,0,NA,0,D-2,ANAHEIM BOULEVARD,CARL KARCHER WAY,354,S,N,A,-,N,NA,NA,NA,NA,NA,NA,NA,NA,NA,N,4,0,1,2,A,-,09,21804,A,N,D,C,A,A,H,-,A,A,0,NA,NA,NA,NA,Y,Y,A,01,0,0,1,0,0,0,0,0,0,-,-,33.85084915161133,-117.92417144775392,ORANGE,ANAHEIM,-117.91983795166016,33.84988021850586
81364746,2020,2020-12-14,3024,2020-09-24,1246,329,P-12,4,5,5,3024,0,0,0,NA,0,WEST,BEACH BOULEVARD (SR 39),21ST STREET,0,NA,Y,A,-,Y,NA,NA,NA,NA,NA,NA,NA,NA,NA,Y,2,0,1,2,A,-,03,22350,NA,N,C,C,A,A,H,-,A,D,0,NA,NA,Y,NA,Y,NA,C,02,1,0,0,0,0,0,0,0,1,-,-,NA,NA,ORANGE,WESTMINSTER,-117.99002075195313,33.762901306152344
81364780,2020,2020-12-14,3024,2020-10-11,1322,435,P-06,7,5,5,3024,0,0,0,NA,0,WEST,BEACH BOULEVARD (SR 39),TRASK AVENUE,1275,N,N,A,-,Y,NA,NA,NA,NA,NA,NA,NA,NA,NA,Y,4,0,1,1,A,-,03,22350,NA,N,H,A,A,A,H,-,A,A,0,NA,NA,Y,NA,Y,NA,C,02,0,0,1,0,0,0,0,0,1,-,-,NA,NA,ORANGE,WESTMINSTER,-117.99180603027344,33.76974868774414
81364802,2020,2020-12-14,3024,2020-10-20,1514,159,P-23,2,5,5,3024,0,0,0,NA,0,WEST,HAZARD AVENUE,GOLDENWEST STREET (N),300,E,N,A,-,N,NA,NA,NA,NA,NA,NA,NA,NA,NA,Y,4,0,2,2,A,-,09,21804,A,N,D,C,A,-,H,-,A,D,0,NA,NA,NA,NA,Y,NA,A,01,0,0,2,0,0,0,0,0,0,-,-,33.75141906738281,-118.0098114013672,ORANGE,WESTMINSTER,-118.00608825683594,33.751853942871094
81364839,2020,2020-12-14,3024,2020-11-03,1427,435,P-11,2,5,5,3024,0,0,0,NA,0,WEST,GOLDENWEST STREET,FENWAY DRIVE,0,NA,Y,A,-,N,NA,NA,NA,NA,NA,NA,NA,NA,NA,Y,4,0,2,2,A,-,09,21802,A,N,D,C,A,A,H,-,A,A,0,NA,NA,NA,NA,Y,NA,A,01,0,0,2,0,0,0,0,0,0,-,-,33.764129638671875,-118.0097198486328,ORANGE,WESTMINSTER,-118.00721740722656,33.764591217041016