CASE_ID,ACCIDENT_YEAR,PROC_DATE,JURIS,COLLISION_DATE,COLLISION_TIME,OFFICER_ID,REPORTING_DISTRICT,DAY_OF_WEEK,CHP_SHIFT,POPULATION,CNTY_CITY_LOC,SPECIAL_COND,BEAT_TYPE,CHP_BEAT_TYPE,CITY_DIVISION_LAPD,CHP_BEAT_CLASS,BEAT_NUMBER,PRIMARY_RD,SECONDARY_RD,DISTANCE,DIRECTION,INTERSECTION,WEATHER_1,WEATHER_2,STATE_HWY_IND,CALTRANS_COUNTY,CALTRANS_DISTRICT,STATE_ROUTE,ROUTE_SUFFIX,POSTMILE_PREFIX,POSTMILE,LOCATION_TYPE,RAMP_INTERSECTION,SIDE_OF_HWY,TOW_AWAY,COLLISION_SEVERITY,NUMBER_KILLED,NUMBER_INJURED,PARTY_COUNT,PRIMARY_COLL_FACTOR,PCF_CODE_OF_VIOL,PCF_VIOL_CATEGORY,PCF_VIOLATION,PCF_VIOL_SUBSECTION,HIT_AND_RUN,TYPE_OF_COLLISION,MVIW,PED_ACTION,ROAD_SURFACE,ROAD_COND_1,ROAD_COND_2,LIGHTING,CONTROL_DEVICE,CHP_ROAD_TYPE,PEDESTRIAN_ACCIDENT,BICYCLE_ACCIDENT,MOTORCYCLE_ACCIDENT,TRUCK_ACCIDENT,NOT_PRIVATE_PROPERTY,ALCOHOL_INVOLVED,STWD_VEHTYPE_AT_FAULT,CHP_VEHTYPE_AT_FAULT,COUNT_SEVERE_INJ,COUNT_VISIBLE_INJ,COUNT_COMPLAINT_PAIN,COUNT_PED_KILLED,COUNT_PED_INJURED,COUNT_BICYCLIST_KILLED,COUNT_BICYCLIST_INJURED,COUNT_MC_KILLED,COUNT_MC_INJURED,PRIMARY_RAMP,SECONDARY_RAMP,LATITUDE,LONGITUDE,COUNTY,CITY,POINT_X,POINT_Y
8808791,2019,2019-10-23,3026,2019-09-04,1747,308,CROSS,3,5,6,3026,0,0,0,NA,0,005,BARRANCA PKWY,IRVINE CENTER DR,416,E,N,A,-,N,NA,NA,NA,NA,NA,NA,NA,NA,NA,Y,3,0,1,1,A,-,03,22350,NA,N,H,A,A,A,H,-,A,D,0,NA,NA,Y,NA,Y,NA,C,03,0,1,0,0,0,0,0,0,1,-,-,33.659061431884766,-117.75012969970705,ORANGE,IRVINE,-117.75099182128906,33.6588020324707
8811164,2019,2019-03-19,3001,2019-02-24,1320,A1252,NA,7,5,7,3001,0,0,0,NA,0,D-2,SOUTH ANAHEIM BL,EAST SOUTH ST,0,NA,Y,A,-,N,NA,NA,NA,NA,NA,NA,NA,NA,NA,Y,3,0,3,2,A,-,09,21801,A,N,D,C,A,A,H,-,A,A,0,NA,NA,NA,NA,Y,NA,D,22,0,2,1,0,0,0,0,0,0,-,-,NA,NA,ORANGE,ANAHEIM,-117.91098785400392,33.82672882080078
8811523,2019,2019-03-14,3004,2019-02-04,1612,P429,01,1,5,6,3004,0,0,0,NA,0,009,PLACENTIA AV,18TH,5,S,N,B,-,N,NA,NA,NA,NA,NA,NA,NA,NA,NA,N,4,0,1,2,A,-,10,21950,A,N,G,B,B,B,H,-,A,A,0,Y,NA,NA,NA,Y,Y,A,08,0,0,1,0,1,0,0,0,0,-,-,33.63972854614258,-117.93195343017578,ORANGE,COSTA MESA,-117.93196105957033,33.63972473144531
8812029,2019,2019-03-04,3010,2019-02-19,1431,3013,164,2,5,6,3010,0,0,0,NA,0,008,SAYBROOK LN,SILLIMAN DR,18,S,N,A,-,N,NA,NA,NA,NA,NA,NA,NA,NA,NA,Y,4,0,1,2,C,-,18,NA,NA,N,A,E,A,A,H,-,A,D,0,NA,NA,NA,NA,Y,NA,-,-,0,0,1,0,0,0,0,0,0,-,-,NA,NA,ORANGE,HUNTINGTON BEACH,-118.05345153808594,33.71891784667969
8812731,2019,2019-03-13,3000,2019-01-25,1435,9684,891F7,5,5,4,3045,0,0,0,NA,0,746,CALLE DE LA MAGDALENA,PASEO DE VALENCIA,54,E,N,A,-,N,NA,NA,NA,NA,NA,NA,NA,NA,NA,N,3,0,1,2,B,-,22,NA,NA,N,D,G,A,A,H,-,A,A,0,NA,Y,NA,NA,Y,NA,L,04,0,1,0,0,0,0,1,0,0,-,-,NA,NA,ORANGE,LAGUNA HILLS,-117.71138763427734,33.60833740234375
8813708,2019,2019-05-08,3026,2019-01-14,0857,4779,NA,1,5,6,3026,0,0,0,NA,0,008,SAND CANYON AV,RT 5,165,S,N,B,-,Y,ORA,12,5,-,R,24.127,R,4,N,N,4,0,1,2,A,-,07,21658,A,N,B,C,A,B,H,-,A,A,0,NA,NA,NA,NA,Y,NA,D,22,0,0,1,0,0,0,0,0,0,-,NO,33.67898178100586,-117.76627349853516,ORANGE,IRVINE,-117.7599639892578,33.6795654296875
8813726,2019,2019-05-08,3010,2019-02-19,0838,3013,422,2,5,6,3010,0,0,0,NA,0,005,RT 39,GARFIELD AV,81,S,N,A,-,Y,ORA,12,39,-,-,2.63,H,-,N,Y,4,0,1,3,A,-,03,22350,NA,N,C,C,A,A,H,-,A,A,0,NA,NA,NA,NA,Y,NA,A,01,0,0,1,0,0,0,0,0,0,-,-,NA,NA,ORANGE,HUNTINGTON BEACH,-117.98867034912108,33.68657684326172
8813861,2019,2019-05-08,3026,2019-01-25,1413,4991,NA,5,5,6,3026,0,0,0,NA,0,00P,SAND CANYON,RT 5,0,NA,Y,B,-,Y,ORA,12,5,-,R,23.772,R,4,S,Y,4,0,1,2,A,-,12,21453,A,N,D,C,A,A,H,-,A,A,0,NA,NA,NA,NA,Y,NA,D,22,0,0,1,0,0,0,0,0,0,-,SF,NA,NA,ORANGE,IRVINE,-117.75673675537108,33.67549514770508
8814616,2019,2019-03-06,3026,2019-01-17,1309,4779,CROSS,4,5,6,3026,0,0,0,NA,0,005,BARRANCA PKWY,VALLEY OAK,96,E,N,B,C,N,NA,NA,NA,NA,NA,NA,NA,NA,NA,Y,4,0,1,1,A,-,08,22107,NA,N,E,I,A,B,H,-,A,A,0,NA,NA,NA,NA,Y,NA,A,01,0,0,1,0,0,0,0,0,0,-,-,33.66701889038086,-117.7738037109375,ORANGE,IRVINE,-117.77384185791016,33.666786193847656
8814937,2019,2019-03-07,3009,2019-02-06,1533,4659,105,3,5,6,3009,0,0,0,NA,0,013,GARDEN GROVE BL,ROSEWOOD DR,0,NA,Y,A,-,N,NA,NA,NA,NA,NA,NA,NA,NA,NA,Y,3,0,1,2,A,-,08,22107,NA,N,D,C,A,A,H,-,A,D,0,NA,NA,Y,NA,Y,NA,A,01,0,1,0,0,0,0,0,0,1,-,-,NA,NA,ORANGE,GARDEN GROVE,-117.95274353027344,33.774009704589844
8818347,2019,2019-03-25,3001,2019-02-16,1636,1851,D2,6,5,7,3001,0,0,0,NA,0,NA,EAST ST,SOUTH ST,0,NA,Y,A,-,N,NA,NA,NA,NA,NA,NA,NA,NA,NA,Y,3,0,2,2,A,-,09,21801,A,N,A,C,A,A,H,-,B,A,0,NA,NA,NA,NA,Y,NA,A,01,0,2,0,0,0,0,0,0,0,-,-,NA,NA,ORANGE,ANAHEIM,-117.89977264404295,33.82931900024414
8818968,2019,2019-04-04,3000,2019-03-06,1550,2849,862D6,3,5,5,3050,0,0,0,NA,0,762,ELLIPSE,ICON,0,NA,Y,B,-,N,NA,NA,NA,NA,NA,NA,NA,NA,NA,Y,4,0,1,1,A,-,03,22350,NA,N,E,I,A,B,H,-,A,D,0,NA,NA,NA,NA,Y,NA,A,01,0,0,1,0,0,0,0,0,0,-,-,NA,NA,ORANGE,LAKE FOREST,-117.64762878417967,33.669620513916016
8819545,2019,2019-05-08,3001,2019-02-03,2001,2365,D2,7,5,7,3001,0,0,0,NA,0,NA,N LEMON ST,RT 91,0,NA,Y,C,-,Y,ORA,12,91,-,-,3.678,R,4,E,Y,4,0,1,2,A,-,12,21453,A,N,D,C,A,B,H,-,C,A,0,NA,NA,NA,NA,Y,NA,-,-,0,0,1,0,0,0,0,0,0,-,EO,NA,NA,ORANGE,ANAHEIM,-117.91695404052734,33.8538818359375
8819705,2019,2019-04-04,3009,2019-02-12,2048,4753,103,2,5,6,3009,0,0,0,NA,0,012,BROOKHURST ST,CHAPMAN AV,567,S,N,B,-,N,NA,NA,NA,NA,NA,NA,NA,NA,NA,Y,4,0,1,2,D,-,00,NA,NA,M,A,C,A,A,H,-,C,A,0,NA,NA,NA,NA,Y,NA,-,-,0,0,1,0,0,0,0,0,0,-,-,NA,NA,ORANGE,GARDEN GROVE,-117.9587860107422,33.787105560302734
8819845,2019,2019-04-23,3007,2019-03-11,0937,1139,67,1,5,5,3007,0,0,0,NA,0,003,TALBERT,EUCLID,17,W,N,B,-,N,NA,NA,NA,NA,NA,NA,NA,NA,NA,N,3,0,1,2,D,-,00,NA,NA,N,B,G,A,A,H,-,A,A,0,NA,Y,NA,NA,Y,NA,-,-,0,1,0,0,0,0,1,0,0,-,-,NA,NA,ORANGE,FOUNTAIN VALLEY,-117.93708801269533,33.70193099975586
8822510,2019,2019-03-20,3010,2019-03-04,2012,2045,294,1,5,6,3010,0,0,0,NA,0,005,TALBERT AV,NEWLAND,84,W,N,A,-,N,NA,NA,NA,NA,NA,NA,NA,NA,NA,Y,4,0,4,3,A,-,03,22350,NA,N,C,C,A,A,H,-,C,A,0,NA,NA,NA,NA,Y,NA,A,01,0,0,4,0,0,0,0,0,0,-,-,NA,NA,ORANGE,HUNTINGTON BEACH,-117.98065185546876,33.701255798339844
8823568,2019,2019-03-19,3026,2019-02-08,1517,559,PORTO,5,5,6,3026,0,0,0,NA,0,00P,PORTOLA PKWY,ORCHARD HILLS DR,44,E,N,A,-,N,NA,NA,NA,NA,NA,NA,NA,NA,NA,Y,3,0,2,2,A,-,01,23152,G,N,C,C,A,A,H,-,A,A,0,NA,NA,NA,NA,Y,Y,A,07,0,1,1,0,0,0,0,0,0,-,-,NA,NA,ORANGE,IRVINE,-117.74838256835938,33.72746658325195
8826066,2019,2019-06-20,3001,2019-02-23,0941,1278,NA,6,5,7,3001,0,0,0,NA,0,0D3,KATELLA AV,RT 57,0,NA,Y,A,-,Y,ORA,12,57,-,-,12.681,R,4,S,N,4,0,1,2,A,-,12,21453,A,N,D,C,A,A,-,-,A,A,0,NA,NA,NA,NA,Y,NA,A,01,0,0,1,0,0,0,0,0,0,-,SF,NA,NA,ORANGE,ANAHEIM,-117.88002014160156,33.80788040161133
8826299,2019,2019-06-20,3026,2019-02-27,1648,4991,NA,3,5,6,3026,0,0,0,NA,0,00U,JAMBOREE,RT 405,0,NA,Y,A,-,Y,ORA,12,405,-,-,7.141,R,4,S,Y,4,0,1,2,A,-,12,21453,A,N,D,C,A,A,H,-,A,A,0,NA,NA,NA,NA,Y,NA,D,22,0,0,1,0,0,0,0,0,0,-,SF,NA,NA,ORANGE,IRVINE,-117.84710693359376,33.67819595336914
8826751,2019,2019-04-08,3001,2019-03-08,1339,0963,NA,5,5,7,3001,0,0,0,NA,0,0D2,WEST LA PALMA AV,FAIRVIEW ST,802,E,N,A,-,N,NA,NA,NA,NA,NA,NA,NA,NA,NA,Y,4,0,2,2,A,-,03,22350,NA,N,C,C,A,A,H,-,A,D,0,NA,NA,NA,NA,Y,NA,D,22,0,0,2,0,0,0,0,0,0,-,-,NA,NA,ORANGE,ANAHEIM,-117.94916534423828,33.847049713134766
8826876,2019,2019-03-27,3010,2019-03-13,1843,1208,138,3,5,6,3010,0,0,0,NA,0,009,BOLSA,DRAKE LN,0,NA,Y,A,-,N,NA,NA,NA,NA,NA,NA,NA,NA,NA,Y,3,0,2,2,A,-,09,21801,A,N,D,C,A,A,H,-,A,D,0,NA,NA,NA,NA,Y,NA,A,07,0,1,1,0,0,0,0,0,0,-,-,NA,NA,ORANGE,HUNTINGTON BEACH,-118.01952362060548,33.744449615478516
8827084,2019,2019-03-29,3001,2019-03-08,1224,A2247,NA,5,5,7,3001,0,0,0,NA,0,0D4,NORTH WEIR CANYON RD,EAST SANTA ANA CANYON RD,3,N,N,A,-,N,NA,NA,NA,NA,NA,NA,NA,NA,NA,N,3,0,1,1,A,-,03,22350,NA,N,H,G,A,A,H,-,A,A,0,NA,Y,NA,NA,Y,NA,L,04,0,1,0,0,0,0,1,0,0,-,-,NA,NA,ORANGE,ANAHEIM,-117.7429656982422,33.86781692504883
8827093,2019,2019-04-03,3024,2019-03-14,0421,149,P 28,4,5,5,3024,0,0,0,NA,0,EAST,BROOKHURST ST,BOLSA AV,27,N,N,A,-,N,NA,NA,NA,NA,NA,NA,NA,NA,NA,Y,3,0,1,1,A,-,08,22107,NA,N,E,I,A,A,H,-,C,D,0,NA,NA,NA,NA,Y,NA,A,01,0,1,0,0,0,0,0,0,0,-,-,33.74494934082031,-117.95471954345705,ORANGE,WESTMINSTER,-117.95496368408205,33.74493408203125
8827152,2019,2019-04-04,3001,2019-03-08,1045,A1404,NA,5,5,7,3001,0,0,0,NA,0,002,EAST KATELLA AV,SOUTH ANAHEIM BL,0,NA,Y,A,-,N,NA,NA,NA,NA,NA,NA,NA,NA,NA,Y,4,0,1,4,A,-,03,22350,NA,N,C,C,A,A,H,-,A,A,0,NA,NA,NA,NA,Y,NA,A,07,0,0,1,0,0,0,0,0,0,-,-,NA,NA,ORANGE,ANAHEIM,-117.90650939941406,33.803428649902344
8827561,2019,2019-04-05,3009,2019-03-19,2030,4763,097,2,5,6,3009,0,0,0,NA,0,1-3,READING AV,BROOKHURST,43,W,N,A,-,N,NA,NA,NA,NA,NA,NA,NA,NA,NA,N,3,0,1,2,A,-,10,21950,A,N,G,B,B,A,H,-,C,D,0,Y,NA,NA,NA,Y,NA,A,01,0,1,0,0,1,0,0,0,0,-,-,NA,NA,ORANGE,GARDEN GROVE,-117.95533752441406,33.75729751586914
8827642,2019,2019-04-04,3002,2019-03-15,0023,1678,NA,5,5,4,3002,0,0,0,NA,0,012,LAMBERT RD,RT 57,0,NA,Y,-,-,N,NA,NA,NA,NA,NA,NA,NA,NA,NA,Y,4,0,1,2,A,-,01,23152,A,M,D,C,A,A,H,-,C,A,0,NA,NA,NA,NA,Y,Y,A,01,0,0,1,0,0,0,0,0,0,-,NF,NA,NA,ORANGE,BREA,-117.88028717041016,33.92539978027344
8828951,2019,2019-04-15,3026,2019-03-10,1642,4588,3,7,5,6,3026,0,0,0,NA,0,00U,MICHELSON,SANDBURG,15,E,N,A,-,N,NA,NA,NA,NA,NA,NA,NA,NA,NA,N,4,0,1,3,A,-,09,21802,A,N,D,C,A,A,H,-,A,A,0,NA,NA,NA,NA,Y,NA,A,07,0,0,1,0,0,0,0,0,0,-,-,NA,NA,ORANGE,IRVINE,-117.8200225830078,33.6630859375
8829371,2019,2019-04-03,3004,2019-03-05,0622,P429,22,2,5,6,3004,0,0,0,NA,0,010,W BAKER ST,ENTERPRISE,0,NA,N,A,-,N,NA,NA,NA,NA,NA,NA,NA,NA,NA,Y,4,0,1,2,A,-,09,21804,A,N,D,C,A,A,H,-,A,D,0,NA,NA,NA,NA,Y,NA,A,01,0,0,1,0,0,0,0,0,0,-,-,33.68009948730469,-117.8823013305664,ORANGE,COSTA MESA,-117.88243865966795,33.680110931396484
8831503,2019,2019-04-04,3001,2019-03-11,1725,1218,D3,1,5,7,3001,0,0,0,NA,0,033,EAST CERRITOS AV,ANAHEIM BL,5280,E,N,B,-,N,NA,NA,NA,NA,NA,NA,NA,NA,NA,Y,4,0,2,2,A,-,03,22350,NA,N,C,C,A,A,H,-,A,D,0,NA,NA,NA,NA,Y,NA,A,07,0,0,2,0,0,0,0,0,0,-,-,NA,NA,ORANGE,ANAHEIM,-117.88873291015624,33.810630798339844
8831610,2019,2019-03-29,3000,2019-01-27,1710,9428,893B1,7,5,4,3048,0,0,0,NA,0,367,AVENIDA DE LAS FLORES,BLACKBERRY,11,W,N,A,-,N,NA,NA,NA,NA,NA,NA,NA,NA,NA,N,2,0,1,2,A,-,17,21208,B,N,H,G,A,A,H,-,B,D,0,NA,Y,NA,NA,Y,NA,L,04,1,0,0,0,0,0,1,0,0,-,-,NA,NA,ORANGE,RANCHO SANTA MARGARITA,-117.59072875976563,33.65007781982422
8833048,2018,2019-04-15,3022,2018-12-07,1744,1415,SOUTH,5,5,5,3022,0,0,0,NA,0,722,EDINGER AV,PARKWAY LOOP,300,E,N,A,-,N,NA,NA,NA,NA,NA,NA,NA,NA,NA,Y,4,0,1,2,A,-,03,22350,NA,N,C,C,A,A,H,-,B,D,0,NA,NA,NA,NA,Y,NA,A,01,0,0,1,0,0,0,0,0,0,-,-,33.72087097167969,-117.8259735107422,ORANGE,TUSTIN,-117.82506561279295,33.720497131347656
8833170,2019,2019-04-10,3003,2019-02-24,1919,1248,NA,7,5,5,3003,0,0,0,NA,0,003,BEACH BL,LA PALMA AV,650,N,N,A,-,N,NA,NA,NA,NA,NA,NA,NA,NA,NA,Y,4,0,1,4,A,-,03,22350,NA,N,C,C,A,A,H,-,C,A,0,NA,NA,NA,NA,Y,NA,-,NA,0,0,1,0,0,0,0,0,0,-,-,33.847999572753906,-117.99700164794922,ORANGE,BUENA PARK,-117.9980239868164,33.84843063354492
8833442,2019,2019-04-09,3010,2019-03-30,0059,3013,434,6,5,6,3010,0,0,0,NA,0,003,YORKTOWN AV,NEWLAND ST,0,NA,Y,A,-,N,NA,NA,NA,NA,NA,NA,NA,NA,NA,Y,3,0,3,2,A,-,01,23152,A,N,D,C,A,A,H,-,C,A,0,NA,NA,NA,NA,Y,Y,A,01,0,1,2,0,0,0,0,0,0,-,-,NA,NA,ORANGE,HUNTINGTON BEACH,-117.98004913330078,33.67945861816406
8833458,2019,2019-04-09,3010,2019-03-23,0827,2143,252,6,5,6,3010,0,0,0,NA,0,007,EDINGER AV,SHER LN,30,W,N,B,-,N,NA,NA,NA,NA,NA,NA,NA,NA,NA,N,3,0,1,1,A,-,03,22350,NA,N,H,-,A,A,H,-,A,A,0,NA,Y,NA,NA,Y,Y,L,04,0,1,0,0,0,0,1,0,0,-,-,NA,NA,ORANGE,HUNTINGTON BEACH,-117.99476623535156,33.730228424072266
8833567,2019,2019-05-16,3010,2019-03-29,0731,1225,272,5,5,6,3010,0,0,0,NA,0,006,SLATER,RT 39,265,W,N,A,-,N,NA,NA,NA,NA,NA,NA,NA,NA,NA,Y,4,0,2,4,A,-,03,22350,NA,N,C,C,A,A,H,-,A,A,0,NA,NA,NA,NA,Y,NA,A,01,0,0,2,0,0,0,0,0,0,-,-,NA,NA,ORANGE,HUNTINGTON BEACH,NA,NA
8833628,2019,2019-04-15,3000,2019-03-22,1803,2785,921E6,5,5,4,3049,0,0,0,NA,0,784,GLENWOOD DR,CEDARBROOK,0,NA,Y,A,-,N,NA,NA,NA,NA,NA,NA,NA,NA,NA,Y,4,0,2,2,A,-,12,21453,A,N,D,C,A,A,H,-,A,A,0,NA,NA,NA,NA,Y,NA,-,-,0,0,2,0,0,0,0,0,0,-,-,NA,NA,ORANGE,ALISO VIEJO,-117.72225952148438,33.59553909301758
8835637,2019,2019-04-19,3001,2019-03-21,1934,415,NA,4,5,7,3001,0,0,0,NA,0,0D2,NORTH HARBOR BL,WEST ROMNEYA DR,13,N,N,A,-,N,NA,NA,NA,NA,NA,NA,NA,NA,NA,Y,2,0,2,2,A,-,11,21453,D,N,G,B,B,A,H,-,C,A,0,Y,NA,NA,NA,Y,NA,N,60,1,1,0,0,1,0,0,0,0,-,-,NA,NA,ORANGE,ANAHEIM,-117.92420959472656,33.850826263427734
8836504,2019,2019-04-18,3020,2019-03-27,1132,429,S02,3,5,4,3020,0,0,0,NA,0,003,MAIN ST,ELECTRIC AV,0,NA,Y,A,-,N,NA,NA,NA,NA,NA,NA,NA,NA,NA,N,4,0,1,2,A,-,11,21950,B,N,B,B,B,-,H,-,-,A,0,Y,NA,NA,NA,Y,NA,N,60,0,0,1,0,1,0,0,0,0,-,-,NA,NA,ORANGE,SEAL BEACH,-118.10394287109376,33.74259948730469
8836782,2019,2019-04-19,3014,2019-03-30,1955,1540,RD66,6,5,5,3014,0,0,0,NA,0,0A4,NEWPORT COAST DR,PELICAN HILL DR S,0,NA,Y,A,-,N,NA,NA,NA,NA,NA,NA,NA,NA,NA,Y,4,0,1,2,A,-,12,21453,A,N,D,C,A,A,H,-,C,A,0,NA,NA,NA,NA,Y,NA,A,01,0,0,1,0,0,0,0,0,0,-,-,33.58449935913086,-117.84369659423828,ORANGE,NEWPORT BEACH,-117.84369659423828,33.58449935913086
8836815,2019,2019-04-18,3010,2019-03-16,1802,3042,412,6,5,6,3010,0,0,0,NA,0,005,MAIN,ELLIS,0,NA,Y,A,-,N,NA,NA,NA,NA,NA,NA,NA,NA,NA,Y,4,0,1,2,A,-,09,21801,A,N,D,C,A,A,H,-,A,A,0,NA,NA,NA,NA,Y,NA,-,-,0,0,1,0,0,0,0,0,0,-,-,NA,NA,ORANGE,HUNTINGTON BEACH,-117.98957061767578,33.69363021850586
8836925,2019,2019-04-17,3009,2019-03-05,1729,3965,115,2,5,6,3009,0,0,0,NA,0,021,GARDEN GROVE BL,MAIN ST,0,NA,Y,B,C,N,NA,NA,NA,NA,NA,NA,NA,NA,NA,Y,4,0,1,3,A,-,12,21453,A,N,D,C,A,B,H,-,B,A,0,NA,NA,NA,NA,Y,NA,A,08,0,0,1,0,0,0,0,0,0,-,-,NA,NA,ORANGE,GARDEN GROVE,-117.94098663330078,33.7741813659668
8837052,2019,2019-04-19,3007,2019-02-04,0828,250,27,1,5,5,3007,0,0,0,NA,0,002,EUCLID,HEIL,0,NA,Y,B,-,N,NA,NA,NA,NA,NA,NA,NA,NA,NA,N,2,0,3,2,A,-,09,21801,A,N,D,C,A,B,H,-,A,A,0,NA,NA,NA,NA,Y,NA,A,01,1,0,2,0,0,0,0,0,0,-,-,NA,NA,ORANGE,FOUNTAIN VALLEY,-117.93726348876952,33.723628997802734
8837201,2019,2019-05-30,3007,2019-04-25,1216,280,33,4,5,5,3007,0,0,0,NA,0,001,WARNER,MAGNOLIA,275,E,N,A,-,N,NA,NA,NA,NA,NA,NA,NA,NA,NA,N,4,0,1,2,A,-,09,21801,A,N,D,C,A,A,H,-,A,D,0,NA,NA,NA,NA,Y,NA,A,01,0,0,1,0,0,0,0,0,0,-,-,NA,NA,ORANGE,FOUNTAIN VALLEY,-117.97106170654295,33.715763092041016
8838087,2019,2019-04-23,3000,2019-03-11,1852,9094,921G5,1,5,4,3049,0,0,0,NA,0,483,PACIFIC PARK DR,MAREBLU,0,NA,Y,B,-,N,NA,NA,NA,NA,NA,NA,NA,NA,NA,Y,4,0,2,2,A,-,12,21453,A,N,D,C,A,A,H,-,C,A,0,NA,NA,NA,NA,Y,NA,A,01,0,0,2,0,0,0,0,0,0,-,-,NA,NA,ORANGE,ALISO VIEJO,-117.70224761962892,33.57188034057617
8838808,2019,2019-04-11,3014,2019-03-23,1729,1418,RD39,6,5,5,3014,0,0,0,NA,0,0A3,AVOCADO AV,CIVIC CENTER DR,34,S,N,A,-,N,NA,NA,NA,NA,NA,NA,NA,NA,NA,Y,4,0,1,2,A,-,07,21658,A,N,C,C,A,A,H,-,A,A,0,NA,NA,NA,NA,Y,NA,A,07,0,0,1,0,0,0,0,0,0,-,-,33.60969924926758,-117.87259674072266,ORANGE,NEWPORT BEACH,-117.87264251708984,33.60980987548828
8839444,2019,2019-04-18,3007,2019-03-11,1530,247,63,1,5,5,3007,0,0,0,NA,0,003,MAGNOLIA,ELLIS,0,NA,Y,B,-,N,NA,NA,NA,NA,NA,NA,NA,NA,NA,N,3,0,1,2,A,-,09,21801,A,F,E,I,A,A,H,-,A,A,0,NA,NA,NA,NA,Y,NA,-,99,0,1,0,0,0,0,0,0,0,-,-,NA,NA,ORANGE,FOUNTAIN VALLEY,-117.97161865234376,33.69401931762695
8839901,2019,2019-04-25,3001,2019-04-10,0853,1032,NA,3,5,7,3001,0,0,0,NA,0,0D3,EAST BALL RD,SHERMAN ST,141,W,N,A,-,N,NA,NA,NA,NA,NA,NA,NA,NA,NA,Y,4,0,4,4,A,-,03,22350,NA,N,C,C,A,A,H,-,A,A,0,NA,NA,NA,NA,Y,NA,A,01,0,0,4,0,0,0,0,0,0,-,-,NA,NA,ORANGE,ANAHEIM,-117.89208221435548,33.81809997558594
8841869,2019,2019-04-16,3015,2019-03-29,0952,1372,55E,5,5,6,3015,0,0,0,NA,0,732,NORTH TUSTIN ST,EAST KATELLA AV,0,N,N,A,-,N,NA,NA,NA,NA,NA,NA,NA,NA,NA,N,4,0,1,2,A,-,03,22350,NA,N,C,C,A,A,H,-,A,A,0,NA,NA,NA,NA,Y,NA,A,08,0,0,1,0,0,0,0,0,0,-,-,NA,NA,ORANGE,ORANGE,-117.8357391357422,33.809200286865234
8842671,2019,2019-05-23,3014,2019-03-31,1914,1468,RD41,7,5,5,3014,0,0,0,NA,0,0A3,RT 1,BAYSIDE DR,0,NA,Y,A,-,Y,ORA,12,1,-,R,18.073,I,5,S,Y,3,0,1,3,A,-,01,23152,F,N,D,C,A,A,H,-,A,A,0,NA,NA,Y,NA,Y,NA,C,02,0,1,0,0,0,0,0,0,1,-,-,33.616241455078125,-117.90080261230467,ORANGE,NEWPORT BEACH,-117.9009246826172,33.616188049316406
8843438,2019,2019-05-14,3015,2019-04-17,1659,1372,23W,3,5,6,3015,0,0,0,NA,0,732,EAST CHAPMAN AV,N SHAFFER ST,0,NA,Y,A,-,N,NA,NA,NA,NA,NA,NA,NA,NA,NA,N,3,0,1,2,A,-,09,21801,A,N,D,C,A,A,H,-,A,A,0,NA,NA,NA,NA,Y,NA,A,07,0,1,0,0,0,0,0,0,0,-,-,NA,NA,ORANGE,ORANGE,-117.84876251220705,33.78786087036133
8844367,2019,2019-08-27,3010,2019-04-03,1815,3042,263,3,5,6,3010,0,0,0,NA,0,006,RT 39,ROBIDOUX,0,NA,Y,A,-,Y,ORA,12,39,-,-,4.751,I,5,N,Y,3,0,1,2,A,-,09,21801,A,N,D,C,A,A,H,-,A,D,0,NA,NA,NA,NA,Y,NA,D,22,0,1,0,0,0,0,0,0,0,-,-,NA,NA,ORANGE,HUNTINGTON BEACH,-117.98902893066406,33.7174186706543
8844511,2019,2019-04-25,3009,2019-03-26,1651,3972,136,2,5,6,3009,0,0,0,NA,0,2-3,TRASK AV,NEWHOPE ST,421,W,N,A,-,N,NA,NA,NA,NA,NA,NA,NA,NA,NA,Y,3,0,1,2,A,-,09,21801,A,N,D,C,A,A,H,-,A,A,0,NA,NA,NA,NA,Y,NA,A,07,0,1,0,0,0,0,0,0,0,-,-,NA,NA,ORANGE,GARDEN GROVE,-117.93040466308594,33.7669792175293
8844721,2019,2019-04-25,3009,2019-04-03,0813,3927,117,3,5,6,3009,0,0,0,NA,0,023,WESTMINSTER AV,FERNWOOD DR,32,W,N,A,-,N,NA,NA,NA,NA,NA,NA,NA,NA,NA,N,4,0,1,3,A,-,03,22350,NA,N,C,C,A,A,H,-,A,A,0,NA,NA,NA,NA,Y,NA,A,01,0,0,1,0,0,0,0,0,0,-,-,NA,NA,ORANGE,GARDEN GROVE,-117.93950653076172,33.759681701660156
8844733,2019,2019-04-25,3009,2019-04-05,2250,4577,132,5,5,6,3009,0,0,0,NA,0,021,WEST ST,CHAPMAN AV,0,NA,Y,A,-,N,NA,NA,NA,NA,NA,NA,NA,NA,NA,Y,4,0,1,2,A,-,09,21801,A,N,D,C,A,A,H,-,C,A,0,NA,NA,NA,NA,Y,NA,A,07,0,0,1,0,0,0,0,0,0,-,-,NA,NA,ORANGE,GARDEN GROVE,-117.92373657226563,33.78879928588867
8845558,2019,2019-05-03,3000,2019-03-02,0905,3905,891D6,6,5,4,3045,0,0,0,NA,0,146,RIDGE ROUTE,MOULTON PKY,0,NA,Y,C,-,N,NA,NA,NA,NA,NA,NA,NA,NA,NA,Y,4,0,2,2,A,-,12,21453,A,N,D,C,A,B,H,-,A,A,0,NA,NA,NA,NA,Y,NA,A,01,0,0,2,0,0,0,0,0,0,-,-,NA,NA,ORANGE,LAGUNA HILLS,-117.7314224243164,33.62104034423828