CASE_ID,ACCIDENT_YEAR,PROC_DATE,JURIS,COLLISION_DATE,COLLISION_TIME,OFFICER_ID,REPORTING_DISTRICT,DAY_OF_WEEK,CHP_SHIFT,POPULATION,CNTY_CITY_LOC,SPECIAL_COND,BEAT_TYPE,CHP_BEAT_TYPE,CITY_DIVISION_LAPD,CHP_BEAT_CLASS,BEAT_NUMBER,PRIMARY_RD,SECONDARY_RD,DISTANCE,DIRECTION,INTERSECTION,WEATHER_1,WEATHER_2,STATE_HWY_IND,CALTRANS_COUNTY,CALTRANS_DISTRICT,STATE_ROUTE,ROUTE_SUFFIX,POSTMILE_PREFIX,POSTMILE,LOCATION_TYPE,RAMP_INTERSECTION,SIDE_OF_HWY,TOW_AWAY,COLLISION_SEVERITY,NUMBER_KILLED,NUMBER_INJURED,PARTY_COUNT,PRIMARY_COLL_FACTOR,PCF_CODE_OF_VIOL,PCF_VIOL_CATEGORY,PCF_VIOLATION,PCF_VIOL_SUBSECTION,HIT_AND_RUN,TYPE_OF_COLLISION,MVIW,PED_ACTION,ROAD_SURFACE,ROAD_COND_1,ROAD_COND_2,LIGHTING,CONTROL_DEVICE,CHP_ROAD_TYPE,PEDESTRIAN_ACCIDENT,BICYCLE_ACCIDENT,MOTORCYCLE_ACCIDENT,TRUCK_ACCIDENT,NOT_PRIVATE_PROPERTY,ALCOHOL_INVOLVED,STWD_VEHTYPE_AT_FAULT,CHP_VEHTYPE_AT_FAULT,COUNT_SEVERE_INJ,COUNT_VISIBLE_INJ,COUNT_COMPLAINT_PAIN,COUNT_PED_KILLED,COUNT_PED_INJURED,COUNT_BICYCLIST_KILLED,COUNT_BICYCLIST_INJURED,COUNT_MC_KILLED,COUNT_MC_INJURED,PRIMARY_RAMP,SECONDARY_RAMP,LATITUDE,LONGITUDE,COUNTY,CITY,POINT_X,POINT_Y
8931112,2019,2019-09-17,3004,2019-08-20,0826,P651,13,2,5,6,3004,0,0,0,NA,0,011,VICTORIA ST,THURIN ST,20,E,N,A,-,N,NA,NA,NA,NA,NA,NA,NA,NA,NA,Y,2,0,2,3,A,-,03,22350,NA,N,C,C,A,A,H,-,A,D,0,NA,NA,NA,NA,Y,NA,A,01,1,0,1,0,0,0,0,0,0,-,-,33.652618408203125,-117.91383361816406,ORANGE,COSTA MESA,-117.91398620605467,33.65260314941406
8931120,2019,2019-09-17,3004,2019-08-27,1656,P640,27,2,5,6,3004,0,0,0,NA,0,015,HYLAND AV,SCENIC AV,0,NA,Y,A,-,N,NA,NA,NA,NA,NA,NA,NA,NA,NA,Y,4,0,2,2,A,-,12,22450,A,N,D,C,A,A,H,-,A,A,0,NA,NA,NA,NA,Y,NA,A,01,0,0,2,0,0,0,0,0,0,-,-,33.69929885864258,-117.92569732666016,ORANGE,COSTA MESA,-117.92572021484376,33.69932174682617
8931477,2019,2019-09-17,3000,2019-08-04,2248,9515,921E6,7,5,4,3049,0,0,0,NA,0,481,PACIFIC PARK DR,ALISO CREEK RD,0,NA,Y,A,-,N,NA,NA,NA,NA,NA,NA,NA,NA,NA,Y,4,0,1,2,A,-,12,21453,A,N,A,C,A,A,H,-,C,A,0,NA,NA,NA,NA,Y,NA,A,01,0,0,1,0,0,0,0,0,0,-,-,NA,NA,ORANGE,ALISO VIEJO,-117.72345733642578,33.570919036865234
8933035,2019,2019-09-24,3000,2019-07-23,0639,5377,951F3,2,5,5,3040,0,0,0,NA,0,741,ALICIA PKWY,PELICAN,0,NA,Y,A,-,N,NA,NA,NA,NA,NA,NA,NA,NA,NA,Y,3,0,1,2,A,-,01,23152,A,N,E,I,A,A,H,-,A,D,0,NA,NA,NA,NA,Y,Y,A,01,0,1,0,0,0,0,0,0,0,-,-,NA,NA,ORANGE,LAGUNA NIGUEL,-117.71470642089844,33.53676986694336
8933089,2019,2019-09-24,3000,2019-08-21,1507,7734,992B7,3,5,5,3028,0,0,0,NA,0,752,MEDICAL CENTER RD,CROWN VALLEY PKWY,355,S,N,A,-,N,NA,NA,NA,NA,NA,NA,NA,NA,NA,Y,3,0,1,2,A,-,09,21801,A,N,D,C,A,A,H,-,A,D,0,NA,NA,NA,NA,Y,NA,A,01,0,1,0,0,0,0,0,0,0,-,-,NA,NA,ORANGE,MISSION VIEJO,-117.66744232177734,33.561981201171875
8934664,2019,2019-10-28,3024,2019-08-22,0738,184,P-30,4,5,5,3024,0,0,0,NA,0,WEST,BOLSA AV,GOLDENWEST ST,0,NA,Y,A,-,N,NA,NA,NA,NA,NA,NA,NA,NA,NA,NA,4,0,1,2,D,-,00,NA,NA,N,G,B,B,A,H,-,A,A,0,Y,NA,NA,NA,Y,NA,-,-,0,0,1,0,1,0,0,0,0,-,-,33.74407958984375,-118.0098876953125,ORANGE,WESTMINSTER,-118.00698852539063,33.74449157714844
8935384,2019,2019-10-18,3012,2019-08-23,1531,623,46,5,5,5,3012,0,0,0,NA,0,004,HARBOR BL,LAMBERT RD,451,NA,N,A,-,N,NA,NA,NA,NA,NA,NA,NA,NA,NA,N,4,0,1,2,A,-,08,22107,NA,N,D,C,A,A,H,-,A,D,0,NA,NA,NA,NA,Y,NA,A,01,0,0,1,0,0,0,0,0,0,-,-,NA,NA,ORANGE,LA HABRA,-117.9330596923828,33.92462158203125
8936036,2019,2019-11-26,3001,2019-08-03,1339,A2367,D2,6,5,7,3001,0,0,0,NA,0,025,LA PALMA AV,STATE COLLEGE BL,536,NA,N,A,-,N,NA,NA,NA,NA,NA,NA,NA,NA,NA,N,4,0,1,2,A,-,09,21801,A,M,D,C,A,A,H,-,A,D,0,NA,NA,NA,NA,Y,NA,A,01,0,0,1,0,0,0,0,0,0,-,-,NA,NA,ORANGE,ANAHEIM,-117.88929748535156,33.847259521484375
8936044,2019,2019-11-26,3001,2019-08-22,0732,A1825,D4,4,5,7,3001,0,0,0,NA,0,NA,FRONTERA ST,GLASSELL ST,0,NA,Y,A,-,N,NA,NA,NA,NA,NA,NA,NA,NA,NA,N,4,0,1,2,A,-,12,21453,A,N,H,G,A,A,H,-,A,A,0,NA,Y,NA,NA,Y,NA,L,04,0,0,1,0,0,0,1,0,0,-,-,33.84642028808594,-117.85479736328124,ORANGE,ANAHEIM,-117.85449981689452,33.84629821777344
8936225,2019,2020-02-24,3010,2019-08-16,1733,4094,292,5,5,6,3010,0,0,0,NA,0,005,RT 39,TALBERT,255,S,N,A,-,Y,ORA,12,39,-,-,3.56,H,-,N,Y,3,0,2,3,A,-,01,23152,A,N,C,C,A,A,H,-,A,A,0,NA,NA,NA,NA,Y,Y,A,01,0,1,1,0,0,0,0,0,0,-,-,NA,NA,ORANGE,HUNTINGTON BEACH,-117.98904418945313,33.700164794921875
8937807,2019,2019-09-20,3015,2019-08-09,2246,1618,32E,5,5,6,3015,0,0,0,NA,0,111,NORTH CLARK ST,WEST PALM AV,29,N,N,A,-,N,NA,NA,NA,NA,NA,NA,NA,NA,NA,N,4,0,1,2,A,-,08,22107,NA,N,D,E,A,A,H,-,C,D,0,NA,Y,NA,NA,Y,Y,L,04,0,0,1,0,0,0,1,0,0,-,-,NA,NA,ORANGE,ORANGE,-117.86074066162108,33.79159927368164
8938374,2019,2019-09-24,3010,2019-09-08,1414,1243,174,7,5,6,3010,0,0,0,NA,0,008,WARNER,SCEPTRE,0,E,N,A,-,N,NA,NA,NA,NA,NA,NA,NA,NA,NA,N,3,0,2,3,A,-,05,21650,1,N,D,G,A,A,H,-,A,D,0,NA,Y,NA,NA,Y,NA,L,04,0,1,1,0,0,0,2,0,0,-,-,NA,NA,ORANGE,HUNTINGTON BEACH,-118.05713653564452,33.71184158325195
8938382,2019,2019-09-25,3010,2019-09-05,2104,1015,454,4,5,6,3010,0,0,0,NA,0,002,ATLANTA AV,MAGNOLIA ST,479,W,N,A,-,N,NA,NA,NA,NA,NA,NA,NA,NA,NA,N,4,0,1,2,A,-,09,21804,A,N,D,G,A,A,H,-,C,D,0,NA,Y,NA,NA,Y,Y,A,01,0,0,1,0,0,0,1,0,0,-,-,NA,NA,ORANGE,HUNTINGTON BEACH,-117.97261810302734,33.65773010253906
8939353,2019,2019-10-29,3024,2019-07-24,2210,431,P16,3,5,5,3024,0,0,0,NA,0,WEST,GOLDENWEST ST,MAIN ST,0,NA,Y,A,-,N,NA,NA,NA,NA,NA,NA,NA,NA,NA,Y,1,1,0,2,A,-,11,21954,A,N,G,B,D,A,H,-,C,A,0,Y,NA,NA,NA,Y,NA,N,60,0,0,0,1,0,0,0,0,0,-,-,33.7554817199707,-118.0072021484375,ORANGE,WESTMINSTER,-118.00711822509766,33.755470275878906
8939947,2019,2019-10-16,3026,2019-09-12,0913,4991,NA,4,5,6,3026,0,0,0,NA,0,00U,JAMBOREE,WARNER,405,S,N,A,-,N,NA,NA,NA,NA,NA,NA,NA,NA,NA,Y,4,0,2,2,A,-,03,22350,NA,N,C,C,A,A,H,-,A,A,0,NA,NA,NA,NA,Y,NA,D,22,0,0,2,0,0,0,0,0,0,-,-,NA,NA,ORANGE,IRVINE,-117.81920623779295,33.69852066040039
8940558,2019,2019-09-25,3005,2019-09-06,1623,8246,C16,5,5,4,3005,0,0,0,NA,0,002,VALLEY VISTA ST,KAREN AV,0,NA,Y,A,-,N,NA,NA,NA,NA,NA,NA,NA,NA,NA,Y,4,0,1,2,A,-,09,21801,A,N,D,C,A,A,H,-,A,D,0,NA,NA,Y,NA,Y,NA,A,01,0,0,1,0,0,0,0,0,1,-,-,NA,NA,ORANGE,CYPRESS,-118.028247,33.826616
8942245,2019,2019-10-16,3022,2019-09-02,1215,1324,NORTH,1,5,5,3022,0,0,0,NA,0,NA,NEWPORT AV,HOLT AV,0,NA,Y,A,-,N,NA,NA,NA,NA,NA,NA,NA,NA,NA,N,4,0,1,2,A,-,05,21650,1,N,D,G,A,A,H,-,A,A,0,NA,Y,NA,NA,Y,NA,L,04,0,0,1,0,0,0,1,0,0,-,-,33.74644088745117,-117.81387329101563,ORANGE,TUSTIN,-117.81388854980467,33.74637985229492
8942556,2019,2019-09-20,3001,2019-08-30,1903,415,NA,5,5,7,3001,0,0,0,NA,0,035,E WAGNER AV,S NORDICA ST,267,E,N,A,-,N,NA,NA,NA,NA,NA,NA,NA,NA,NA,N,3,0,1,3,A,-,12,21453,A,M,G,B,C,A,H,-,A,A,0,Y,NA,NA,NA,Y,NA,A,01,0,1,0,0,1,0,0,0,0,-,-,NA,NA,ORANGE,ANAHEIM,-117.88540649414063,33.825401306152344
8943848,2019,2019-10-01,3015,2019-08-19,1850,1569,21W,1,5,6,3015,0,0,0,NA,0,312,WEST CHAPMAN AV,N MANCHESTER AV,0,NA,Y,A,-,N,NA,NA,NA,NA,NA,NA,NA,NA,NA,Y,4,0,2,2,A,-,12,21453,A,N,D,C,A,A,H,-,A,A,0,NA,NA,NA,NA,Y,NA,A,01,0,0,2,0,0,0,0,0,0,-,-,NA,NA,ORANGE,ORANGE,-117.89312744140624,33.78902816772461
8944624,2019,2019-09-30,3001,2019-09-04,1831,1278,NA,3,5,7,3001,0,0,0,NA,0,0D2,SABINA ST,LA PALMA AV,379,S,N,A,-,N,NA,NA,NA,NA,NA,NA,NA,NA,NA,N,4,0,1,2,C,-,18,NA,NA,N,E,J,A,A,H,-,A,D,0,NA,NA,NA,NA,Y,NA,-,-,0,0,1,0,0,0,0,0,0,-,-,NA,NA,ORANGE,ANAHEIM,-117.9123764038086,33.84627914428711
8944762,2019,2019-09-27,3003,2019-08-31,1830,1134,10,6,5,5,3003,0,0,0,NA,0,001,MALVERN AV,DALE ST,0,NA,Y,A,-,N,NA,NA,NA,NA,NA,NA,NA,NA,NA,Y,4,0,1,2,A,-,12,21453,A,N,D,C,A,A,H,-,A,A,0,NA,NA,NA,NA,Y,NA,A,01,0,0,1,0,0,0,0,0,0,-,-,33.87779998779297,-117.98719787597656,ORANGE,BUENA PARK,-117.98715972900392,33.87770080566406
8945022,2019,2019-09-26,3001,2019-08-29,1528,A2115,NA,4,5,7,3001,0,0,0,NA,0,0D1,BROOKHURST ST,LA PALMA,62,S,N,A,-,N,NA,NA,NA,NA,NA,NA,NA,NA,NA,Y,3,0,1,3,A,-,03,22350,NA,N,C,C,A,A,H,-,A,A,0,NA,NA,NA,NA,Y,NA,A,01,0,1,0,0,0,0,0,0,0,-,-,NA,NA,ORANGE,ANAHEIM,-117.95912170410156,33.8467903137207
8946121,2019,2019-10-07,3015,2019-09-09,0801,1098,16E,1,5,6,3015,0,0,0,NA,0,731M,CALIFORNIA ST,COLLINS AV,0,NA,Y,F,-,N,NA,NA,NA,NA,NA,NA,NA,NA,NA,NA,4,0,1,2,A,-,09,21804,A,N,D,G,A,A,H,-,A,A,0,NA,Y,NA,NA,Y,NA,L,04,0,0,1,0,0,0,1,0,0,-,-,33.80226135253906,-117.83992767333984,ORANGE,ORANGE,-117.84095764160156,33.802330017089844
8948316,2019,2019-10-02,3004,2019-08-02,1812,P631,35,5,5,6,3004,0,0,0,NA,0,015,FAIR DR,VANGUARD WY,0,NA,Y,A,-,N,NA,NA,NA,NA,NA,NA,NA,NA,NA,Y,3,0,3,2,A,-,09,21801,A,N,D,C,A,A,H,-,A,A,0,NA,NA,NA,NA,Y,NA,A,01,0,1,2,0,0,0,0,0,0,-,-,33.66379928588867,-117.90480041503906,ORANGE,COSTA MESA,-117.90473175048828,33.66387176513672
8948582,2019,2019-09-27,3004,2019-07-30,1605,P542,13,2,5,6,3004,0,0,0,NA,0,012,VICTORIA ST,THURIN ST,0,NA,Y,A,-,N,NA,NA,NA,NA,NA,NA,NA,NA,NA,Y,2,0,1,2,A,-,12,22450,A,N,D,C,A,A,H,-,A,D,0,NA,NA,Y,NA,Y,NA,A,01,1,0,0,0,0,0,0,0,1,-,-,33.6525993347168,-117.91429901123048,ORANGE,COSTA MESA,-117.91404724121094,33.6525993347168
8948833,2019,2019-10-07,3007,2019-09-10,1825,274,56,2,5,5,3007,0,0,0,NA,0,002,WARD,TALBERT,0,NA,Y,A,-,N,NA,NA,NA,NA,NA,NA,NA,NA,NA,Y,4,0,1,2,A,-,03,22350,NA,N,-,C,A,A,H,-,A,A,0,NA,NA,NA,NA,Y,NA,D,22,0,0,1,0,0,0,0,0,0,-,-,NA,NA,ORANGE,FOUNTAIN VALLEY,-117.94561767578124,33.70178985595703
8948913,2019,2019-10-07,3007,2019-09-08,0503,316,36,7,5,5,3007,0,0,0,NA,0,002,EUCLID,WARNER,0,NA,Y,A,-,N,NA,NA,NA,NA,NA,NA,NA,NA,NA,N,4,0,1,2,A,-,08,22107,NA,N,C,C,A,A,H,-,C,A,0,NA,NA,NA,NA,Y,NA,A,07,0,0,1,0,0,0,0,0,0,-,-,NA,NA,ORANGE,FOUNTAIN VALLEY,-117.93721771240234,33.716461181640625
8949634,2019,2019-10-04,3015,2019-08-15,2356,1554,43,4,5,6,3015,0,0,0,NA,0,003,S TUSTIN ST,E FAIRHAVEN AV,47,N,N,A,-,N,NA,NA,NA,NA,NA,NA,NA,NA,NA,Y,3,0,1,3,A,-,01,23152,F,N,C,C,A,A,H,-,C,A,0,NA,NA,NA,NA,Y,Y,A,01,0,1,0,0,0,0,0,0,0,-,-,NA,NA,ORANGE,ORANGE,-117.83576202392578,33.773399353027344
8950068,2019,2019-10-24,3009,2019-09-01,2049,4738,117,7,5,6,3009,0,0,0,NA,0,023,WESTMINSTER,TAFT ST,119,W,N,A,-,N,NA,NA,NA,NA,NA,NA,NA,NA,NA,N,3,0,1,2,A,-,03,22350,NA,N,C,C,A,A,H,-,C,A,0,NA,NA,NA,NA,Y,NA,A,01,0,1,0,0,0,0,0,0,0,-,-,NA,NA,ORANGE,GARDEN GROVE,-117.94239044189452,33.75967788696289
8950202,2019,2019-10-08,3009,2019-09-09,0012,4559,093,1,5,6,3009,0,0,0,NA,0,1-2,BROOKHURST ST,CHAPMAN AV,0,NA,Y,A,-,N,NA,NA,NA,NA,NA,NA,NA,NA,NA,Y,3,0,1,3,A,-,12,21453,A,N,A,C,A,A,H,-,C,A,0,NA,NA,NA,NA,Y,NA,A,01,0,1,0,0,0,0,0,0,0,-,-,NA,NA,ORANGE,GARDEN GROVE,-117.95883178710938,33.78866195678711
8950759,2019,2019-10-24,3015,2019-09-29,1520,1559,46,7,5,6,3015,0,0,0,NA,0,321,VILLA PARK RD,WANDA RD,28,E,N,A,-,N,NA,NA,NA,NA,NA,NA,NA,NA,NA,N,3,0,1,2,A,-,03,22350,NA,N,C,C,A,A,H,-,A,D,0,NA,NA,NA,NA,Y,NA,D,22,0,1,0,0,0,0,0,0,0,-,-,NA,NA,ORANGE,ORANGE,-117.82187652587892,33.81045913696289
8955533,2019,2019-10-16,3015,2019-09-25,0259,1556,23W,3,5,6,3015,0,0,0,NA,0,113,CHAPMAN AV,GLASSELL ST,0,NA,Y,A,-,N,NA,NA,NA,NA,NA,NA,NA,NA,NA,Y,3,0,1,1,A,-,01,23152,A,N,A,I,A,A,H,-,C,D,0,NA,NA,NA,NA,Y,Y,A,01,0,1,0,0,0,0,0,0,0,-,-,NA,NA,ORANGE,ORANGE,NA,NA
8956821,2019,2019-10-17,3009,2019-09-25,2344,4641,096,3,5,6,3009,0,0,0,NA,0,103,ERIN ST,MANSOR AV,0,NA,Y,A,-,N,NA,NA,NA,NA,NA,NA,NA,NA,NA,N,3,0,1,2,A,-,08,22107,NA,M,G,B,B,A,H,-,A,D,0,Y,NA,NA,NA,Y,Y,-,99,0,1,0,0,1,0,0,0,0,-,-,NA,NA,ORANGE,GARDEN GROVE,-117.96201324462892,33.76203918457031
8956855,2019,2019-10-18,3015,2019-09-19,1604,1090,184,4,5,6,3015,0,0,0,NA,0,332,NEWPORT BL,CHAPMAN AV,932,N,N,A,-,N,NA,NA,NA,NA,NA,NA,NA,NA,NA,Y,2,0,4,2,A,-,09,21804,A,N,D,C,A,A,H,-,A,A,0,NA,NA,NA,NA,Y,NA,A,01,1,1,2,0,0,0,0,0,0,-,-,NA,NA,ORANGE,ORANGE,-117.76988220214844,33.797142028808594
8956932,2019,2019-10-25,3009,2019-07-31,1301,3739,125,3,5,6,3009,0,0,0,NA,0,2-1,EUCLID ST,TRASK AV,53,N,N,A,-,N,NA,NA,NA,NA,NA,NA,NA,NA,NA,N,3,0,1,2,A,-,05,21650,NA,N,H,G,A,A,H,-,A,A,0,NA,Y,NA,NA,Y,NA,L,04,0,1,0,0,0,0,1,0,0,-,-,NA,NA,ORANGE,GARDEN GROVE,-117.93787384033205,33.767086029052734
8957525,2019,2019-10-30,3008,2019-06-13,1555,1560,NA,4,5,6,3008,0,0,0,NA,0,0Z2,HARBOR BL,BASTANCHURY RD,0,NA,Y,A,-,N,NA,NA,NA,NA,NA,NA,NA,NA,NA,N,3,0,1,3,A,-,03,22350,NA,N,C,C,A,A,H,-,A,A,0,NA,NA,Y,NA,Y,Y,A,07,0,1,0,0,0,0,0,0,1,-,-,NA,NA,ORANGE,FULLERTON,-117.92890167236328,33.8956184387207
8957611,2019,2020-02-04,3010,2019-10-05,0621,2137,461,6,5,6,3010,0,0,0,NA,0,004,RT 1,MAIN,120,S,N,A,-,Y,ORA,12,1,-,-,24.7,H,-,N,Y,4,0,2,3,A,-,01,23152,F,N,C,C,A,A,H,-,C,A,0,NA,NA,NA,NA,Y,NA,A,01,0,0,2,0,0,0,0,0,0,-,-,NA,NA,ORANGE,HUNTINGTON BEACH,-118.00161743164063,33.65694046020508
8958246,2019,2019-10-22,3007,2019-09-30,1022,1148,24,1,5,5,3007,0,0,0,NA,0,001,BROOKHURST ST,EDINGER AV,32,S,N,A,-,N,NA,NA,NA,NA,NA,NA,NA,NA,NA,N,4,0,1,2,A,-,03,22350,NA,N,C,C,A,A,H,-,A,A,0,NA,NA,NA,NA,Y,NA,A,08,0,0,1,0,0,0,0,0,0,-,-,NA,NA,ORANGE,FOUNTAIN VALLEY,-117.95474243164063,33.730323791503906
8958278,2019,2019-10-22,3007,2019-09-19,0747,250,46,4,5,5,3007,0,0,0,NA,0,002,EUCLID,SLATER,0,NA,Y,A,-,N,NA,NA,NA,NA,NA,NA,NA,NA,NA,Y,4,0,3,2,A,-,12,21453,A,N,D,C,A,A,H,-,A,A,0,NA,NA,NA,NA,Y,NA,A,07,0,0,3,0,0,0,0,0,0,-,-,NA,NA,ORANGE,FOUNTAIN VALLEY,-117.93711853027344,33.70912170410156
8958304,2019,2019-10-18,3000,2019-08-13,2127,5163,921G7,2,5,5,3040,0,0,0,NA,0,743,NIGUEL VILLAGE DR,TAMA LN,0,NA,Y,A,-,N,NA,NA,NA,NA,NA,NA,NA,NA,NA,N,4,0,1,2,A,-,08,22107,NA,N,G,B,D,A,H,-,C,D,0,Y,NA,NA,NA,Y,NA,A,01,0,0,1,0,1,0,0,0,0,-,-,NA,NA,ORANGE,LAGUNA NIGUEL,-117.70700073242188,33.56092834472656
8962491,2019,2019-10-24,3003,2019-09-07,1848,1248,NA,6,5,5,3003,0,0,0,NA,0,004,WESTERN AV,EL FERROL,166,S,N,A,-,N,NA,NA,NA,NA,NA,NA,NA,NA,NA,N,4,0,1,2,B,-,22,NA,NA,N,D,G,A,A,H,-,A,D,0,NA,Y,NA,NA,Y,NA,L,04,0,0,1,0,0,0,1,0,0,-,-,NA,NA,ORANGE,BUENA PARK,-118.00240325927734,33.850624084472656
8964269,2019,2019-11-08,3022,2019-09-03,1606,1343,NA,2,5,5,3022,0,0,0,NA,0,NA,NISSON RD,RED HILL AV,187,W,N,A,-,N,NA,NA,NA,NA,NA,NA,NA,NA,NA,Y,2,0,2,1,A,-,01,23152,A,N,E,I,A,A,H,-,A,D,0,NA,NA,NA,NA,Y,Y,A,01,1,0,1,0,0,0,0,0,0,-,-,33.73249053955078,-117.81620025634766,ORANGE,TUSTIN,-117.81663513183594,33.73311233520508
8965264,2019,2019-12-02,3002,2019-09-05,1535,4604,739J3,4,5,5,3025,0,0,0,NA,0,001,BASTANCHURY RD,PROSPECT AV,160,E,N,A,-,N,NA,NA,NA,NA,NA,NA,NA,NA,NA,Y,4,0,1,3,A,-,03,22350,NA,N,C,C,A,A,H,-,A,D,0,NA,NA,NA,NA,Y,NA,A,07,0,0,1,0,0,0,0,0,0,-,-,NA,NA,ORANGE,YORBA LINDA,-117.83714294433594,33.89927673339844
8966050,2019,2019-10-30,3005,2019-10-19,1603,8095,C09,6,5,4,3005,0,0,0,NA,0,001,WATSON ST,CRESCENT AV,18,S,N,A,-,N,NA,NA,NA,NA,NA,NA,NA,NA,NA,Y,3,0,1,1,A,-,08,22107,NA,N,E,I,A,A,H,-,A,A,0,NA,NA,NA,NA,Y,NA,A,01,0,1,0,0,0,0,0,0,0,-,-,NA,NA,ORANGE,CYPRESS,-118.03936767578124,33.83897018432617
8969048,2019,2019-11-12,3004,2019-10-24,1159,P542,05,4,5,6,3004,0,0,0,NA,0,006,EAST 17TH ST,SANTA ANA AV,0,NA,N,A,-,N,NA,NA,NA,NA,NA,NA,NA,NA,NA,N,3,0,2,2,A,-,09,21801,A,N,D,C,A,A,H,-,A,A,0,NA,NA,NA,NA,Y,NA,A,07,0,2,0,0,0,0,0,0,0,-,-,33.6327018737793,-117.91609954833984,ORANGE,COSTA MESA,-117.91539764404295,33.633079528808594
8969049,2019,2019-11-06,3001,2019-09-16,0814,A1555,D3,1,5,7,3001,0,0,0,NA,0,0D3,VERMONT AV,EAST ST,0,NA,Y,A,-,N,NA,NA,NA,NA,NA,NA,NA,NA,NA,Y,4,0,2,3,A,-,12,21453,A,N,D,C,A,A,H,-,A,A,0,NA,NA,NA,NA,Y,NA,A,01,0,0,2,0,0,0,0,0,0,-,-,33.82587814331055,-117.89833068847656,ORANGE,ANAHEIM,-117.89856719970705,33.825748443603516
8969222,2019,2019-11-19,3026,2019-10-20,1310,522,NA,7,5,6,3026,0,0,0,NA,0,00C,CULVER DR,MAIN ST,530,S,N,A,-,N,NA,NA,NA,NA,NA,NA,NA,NA,NA,N,4,0,2,4,A,-,03,22350,NA,N,C,C,A,A,H,-,A,D,0,NA,NA,NA,NA,Y,NA,A,01,0,0,2,0,0,0,0,0,0,-,-,NA,NA,ORANGE,IRVINE,-117.81756591796876,33.67488479614258
8970026,2019,2019-11-06,3003,2019-06-27,2224,1223,80,4,5,5,3003,0,0,0,NA,0,004,LA PALMA AV,SAN RAFAEL DR,24,W,N,A,-,N,NA,NA,NA,NA,NA,NA,NA,NA,NA,Y,4,0,1,2,A,-,03,22350,NA,F,B,C,A,A,H,-,C,A,0,NA,NA,NA,NA,Y,NA,A,01,0,0,1,0,0,0,0,0,0,-,-,33.84640121459961,-118.04239654541016,ORANGE,BUENA PARK,-118.02430725097656,33.84660720825195
8971218,2019,2019-12-27,3015,2019-10-30,1022,1098,87,3,5,6,3015,0,0,0,NA,0,731M,TUSTIN ST,TAFT AV N,432,N,N,A,-,N,NA,NA,NA,NA,NA,NA,NA,NA,NA,NA,4,0,1,3,A,-,09,21801,A,N,D,C,A,A,H,-,A,D,0,NA,NA,NA,NA,Y,NA,A,07,0,0,1,0,0,0,0,0,0,-,-,33.81747055053711,-117.83583831787108,ORANGE,ORANGE,-117.83595275878906,33.81864547729492
8971298,2019,2019-12-05,3000,2019-05-11,0258,9651,797H1,6,5,4,3021,0,0,0,NA,0,421,WESTERN AV,CODY DR,0,NA,Y,A,-,N,NA,NA,NA,NA,NA,NA,NA,NA,NA,Y,4,0,1,2,A,-,01,23152,A,N,A,C,A,A,H,-,C,D,0,NA,NA,NA,NA,Y,Y,D,22,0,0,1,0,0,0,0,0,0,-,-,NA,NA,ORANGE,STANTON,-118.00202941894533,33.81224822998047
8972227,2019,2019-11-14,3026,2019-10-12,1313,522,NA,6,5,6,3026,0,0,0,NA,0,00C,CULVER DR,ALTON PKWY,260,N,N,A,-,N,NA,NA,NA,NA,NA,NA,NA,NA,NA,N,4,0,1,2,A,-,03,22350,NA,N,C,C,A,A,H,-,A,D,0,NA,NA,NA,NA,Y,NA,A,01,0,0,1,0,0,0,0,0,0,-,-,NA,NA,ORANGE,IRVINE,-117.8110580444336,33.681419372558594
8972698,2019,2019-11-18,3000,2019-09-23,1150,5036,922C4,1,5,5,3028,0,0,0,NA,0,750,OSO PKWY,MARKET PLACE,0,NA,Y,A,-,N,NA,NA,NA,NA,NA,NA,NA,NA,NA,Y,3,0,2,2,A,-,12,21453,A,N,D,C,A,A,H,-,A,A,0,NA,NA,NA,NA,Y,NA,A,01,0,1,1,0,0,0,0,0,0,-,-,NA,NA,ORANGE,MISSION VIEJO,NA,NA
8973223,2019,2019-11-14,3015,2019-10-25,0710,1507,22E,5,5,6,3015,0,0,0,NA,0,721M,PALMYRA AV,LEMON ST,0,NA,Y,A,-,N,NA,NA,NA,NA,NA,NA,NA,NA,NA,NA,4,0,1,3,A,-,12,22450,A,N,D,E,A,A,H,-,A,A,0,NA,NA,NA,NA,Y,NA,A,07,0,0,1,0,0,0,0,0,0,-,-,33.7836799621582,-117.85536193847656,ORANGE,ORANGE,-117.85530090332033,33.784210205078125
8973528,2019,2019-11-12,3001,2019-09-07,0839,A1410,NA,6,5,7,3001,0,0,0,NA,0,NA,ORANGE AV,LEWIS ST,0,NA,Y,A,-,N,NA,NA,NA,NA,NA,NA,NA,NA,NA,Y,3,0,2,2,A,-,12,21453,A,N,D,C,A,A,H,-,A,A,0,NA,NA,NA,NA,Y,NA,A,01,0,1,1,0,0,0,0,0,0,-,-,33.794708251953125,-117.89830780029295,ORANGE,ANAHEIM,-117.8977,33.79612
8975347,2019,2020-02-04,3012,2019-09-29,1931,620,46,7,5,5,3012,0,0,0,NA,0,004,E IMPERIAL HWY,HARBOR BL,580,W,N,A,-,Y,ORA,12,90,-,-,2.39,H,-,E,Y,4,0,1,2,A,-,12,21453,A,N,D,C,A,A,H,-,C,A,0,NA,NA,NA,NA,Y,NA,A,01,0,0,1,0,0,0,0,0,0,-,-,NA,NA,ORANGE,LA HABRA,-117.93474578857422,33.91731262207031
8976477,2019,2019-11-22,3008,2019-08-18,2118,1582,ZONE2,7,5,6,3008,0,0,0,NA,0,NA,HARBOR BL,VALLEY VIEW DR,0,NA,Y,A,-,N,NA,NA,NA,NA,NA,NA,NA,NA,NA,Y,4,0,2,2,A,-,12,21453,A,N,D,C,A,A,H,-,C,A,0,NA,NA,NA,NA,Y,NA,A,07,0,0,2,0,0,0,0,0,0,-,-,NA,NA,ORANGE,FULLERTON,-117.92485809326172,33.88302993774414