CASE_ID,ACCIDENT_YEAR,PROC_DATE,JURIS,COLLISION_DATE,COLLISION_TIME,OFFICER_ID,REPORTING_DISTRICT,DAY_OF_WEEK,CHP_SHIFT,POPULATION,CNTY_CITY_LOC,SPECIAL_COND,BEAT_TYPE,CHP_BEAT_TYPE,CITY_DIVISION_LAPD,CHP_BEAT_CLASS,BEAT_NUMBER,PRIMARY_RD,SECONDARY_RD,DISTANCE,DIRECTION,INTERSECTION,WEATHER_1,WEATHER_2,STATE_HWY_IND,CALTRANS_COUNTY,CALTRANS_DISTRICT,STATE_ROUTE,ROUTE_SUFFIX,POSTMILE_PREFIX,POSTMILE,LOCATION_TYPE,RAMP_INTERSECTION,SIDE_OF_HWY,TOW_AWAY,COLLISION_SEVERITY,NUMBER_KILLED,NUMBER_INJURED,PARTY_COUNT,PRIMARY_COLL_FACTOR,PCF_CODE_OF_VIOL,PCF_VIOL_CATEGORY,PCF_VIOLATION,PCF_VIOL_SUBSECTION,HIT_AND_RUN,TYPE_OF_COLLISION,MVIW,PED_ACTION,ROAD_SURFACE,ROAD_COND_1,ROAD_COND_2,LIGHTING,CONTROL_DEVICE,CHP_ROAD_TYPE,PEDESTRIAN_ACCIDENT,BICYCLE_ACCIDENT,MOTORCYCLE_ACCIDENT,TRUCK_ACCIDENT,NOT_PRIVATE_PROPERTY,ALCOHOL_INVOLVED,STWD_VEHTYPE_AT_FAULT,CHP_VEHTYPE_AT_FAULT,COUNT_SEVERE_INJ,COUNT_VISIBLE_INJ,COUNT_COMPLAINT_PAIN,COUNT_PED_KILLED,COUNT_PED_INJURED,COUNT_BICYCLIST_KILLED,COUNT_BICYCLIST_INJURED,COUNT_MC_KILLED,COUNT_MC_INJURED,PRIMARY_RAMP,SECONDARY_RAMP,LATITUDE,LONGITUDE,COUNTY,CITY,POINT_X,POINT_Y
9161772,2020,2020-11-20,3001,2020-09-17,0328,A1305,D1,4,5,7,3001,0,0,0,NA,0,0D1,MAGNOLIA AV,GLENCREST AV,132,N,N,A,-,N,NA,NA,NA,NA,NA,NA,NA,NA,NA,Y,4,0,1,2,A,-,08,22107,NA,N,D,E,A,A,H,-,C,D,0,NA,NA,NA,NA,Y,NA,A,01,0,0,1,0,0,0,0,0,0,-,-,33.84027099609375,-117.9761962890625,ORANGE,ANAHEIM,-117.97608184814452,33.840641021728516
9161810,2020,2020-11-25,3001,2020-09-03,0118,A1047,NA,4,5,7,3001,0,0,0,NA,0,0D3,STATE COLLEGE BL,WAGNER AV,0,NA,Y,A,-,N,NA,NA,NA,NA,NA,NA,NA,NA,NA,Y,2,0,1,1,A,-,03,22350,NA,N,E,I,A,A,H,-,C,A,0,NA,NA,NA,NA,Y,NA,A,01,1,0,0,0,0,0,0,0,0,-,-,33.825401306152344,-117.88899993896484,ORANGE,ANAHEIM,-117.88935089111328,33.82537078857422
91619242,2021,2021-12-14,9675,2021-10-28,1640,019018,NA,4,2,7,3019,0,1,1,NA,2,503,INTERSTATE 5 NORTHBOUND,NEWPORT AVENUE,2000,N,N,A,-,N,NA,NA,NA,NA,NA,NA,NA,NA,NA,Y,3,0,1,2,A,-,07,21658,A,N,C,C,A,A,H,-,A,D,0,NA,NA,Y,NA,Y,NA,A,01,0,1,0,0,0,0,0,0,1,-,-,33.73889923095703,-117.827880859375,ORANGE,SANTA ANA,-117.8290786743164,33.73912048339844
91625614,2021,2021-11-16,9675,2021-11-05,1720,022536,NA,5,2,7,3001,0,1,3,NA,2,572,SR-57 NORTHBOUND,BALL ROAD,1500,N,N,A,-,Y,NA,NA,57,NA,NA,NA,NA,NA,N,Y,4,0,1,2,A,-,03,22350,NA,N,C,C,A,A,H,-,A,D,0,NA,NA,NA,NA,Y,NA,A,01,0,0,1,0,0,0,0,0,0,-,-,33.82307052612305,-117.8760223388672,ORANGE,ANAHEIM,-117.8759994506836,33.82307052612305
91625744,2021,2021-11-16,9670,2021-11-11,1757,020505,NA,4,2,5,3003,0,1,3,NA,2,091,SR-91 W/B,VALLEY VIEW ST,1056,E,N,A,-,Y,NA,NA,91,NA,NA,NA,NA,NA,W,Y,4,0,2,2,A,-,03,22350,NA,N,C,C,A,A,H,-,A,D,0,NA,NA,NA,NA,Y,NA,A,01,0,0,2,0,0,0,0,0,0,-,-,33.85615158081055,-118.02568817138672,ORANGE,BUENA PARK,-118.02568817138672,33.8561897277832
91626491,2021,2021-11-16,9675,2021-11-07,1857,022222,NA,7,2,7,3019,0,1,1,NA,2,502,I-5 NORTHBOUND,MAIN ST,1109,S,N,A,-,Y,NA,NA,5,NA,NA,NA,NA,NA,N,Y,4,0,2,2,A,-,03,22350,NA,N,C,C,A,A,H,-,D,D,0,NA,NA,NA,NA,Y,NA,A,01,0,0,2,0,0,0,0,0,0,-,-,33.765079498291016,-117.86562347412108,ORANGE,SANTA ANA,-117.86565399169922,33.76506042480469
9162737,2020,2020-10-26,3001,2020-08-29,1832,A2378,D3,6,5,7,3001,0,0,0,NA,0,031,BALL RD,WALNUT ST,0,NA,Y,A,-,N,NA,NA,NA,NA,NA,NA,NA,NA,NA,Y,3,0,3,4,A,-,12,21453,A,N,D,C,B,A,H,-,A,A,0,Y,NA,NA,NA,Y,NA,A,01,0,2,1,0,0,0,0,0,0,-,-,33.8179817199707,-117.92816162109376,ORANGE,ANAHEIM,-117.92849731445313,33.8179817199707
91628144,2021,2021-11-18,9690,2021-11-08,1012,020446,NA,1,1,5,3040,0,1,1,NA,2,056,I-5 S/B (SAN DIEGO FRWY),CROWN VALLEY PKWY. OVERCROSSING,2217,N,N,A,-,Y,NA,NA,5,NA,NA,NA,NA,NA,S,Y,3,0,2,5,A,-,03,22350,NA,N,B,C,A,A,D,-,A,D,0,NA,NA,NA,Y,Y,NA,G,26,0,2,0,0,0,0,0,0,0,-,-,33.565528869628906,-117.67252349853516,ORANGE,LAGUNA NIGUEL,-117.67250823974608,33.565528869628906
91631497,2021,2021-11-22,9670,2021-11-09,2320,016271,NA,2,3,4,3020,0,1,1,NA,2,045,SR-22 E/B,SAN GABRIEL RIVER,3168,E,N,A,-,Y,NA,NA,22,NA,NA,NA,NA,NA,E,Y,3,0,1,1,A,-,08,22107,NA,N,E,I,A,A,D,-,C,A,0,NA,NA,NA,NA,Y,NA,A,01,0,1,0,0,0,0,0,0,0,-,-,33.774200439453125,-118.08628082275392,ORANGE,SEAL BEACH,-118.08628082275392,33.77422332763672
91631976,2021,2021-11-22,9670,2021-11-08,1515,019290,NA,1,2,5,3003,0,1,3,NA,2,092,SR-91 E/B,KNOTT AVE,430,E,N,A,-,Y,NA,NA,91,NA,NA,NA,NA,NA,E,Y,3,0,1,2,A,-,03,22350,NA,N,C,C,A,A,H,-,A,D,0,NA,NA,NA,Y,Y,NA,F,26,0,1,0,0,0,0,0,0,0,-,-,33.85581970214844,-118.0096435546875,ORANGE,BUENA PARK,-118.0096435546875,33.85590744018555
9163208,2020,2020-10-14,3000,2020-08-21,1940,2742,992J4,5,5,5,3017,0,0,0,NA,0,778,SOUTH EL CAMINO REAL,LIGHT POLE 19B20,31,S,N,A,-,N,NA,NA,NA,NA,NA,NA,NA,NA,NA,Y,4,0,1,2,A,-,05,21650,1,N,H,G,A,A,H,-,C,D,0,NA,Y,NA,NA,Y,NA,L,04,0,0,1,0,0,0,1,0,0,-,-,NA,NA,ORANGE,SAN CLEMENTE,NA,NA
9163601,2020,2020-11-19,3015,2020-09-20,1616,1419,77S,7,5,6,3015,0,0,0,NA,0,722M,TUSTIN ST,VILLAGE WY,30,N,N,A,-,N,NA,NA,NA,NA,NA,NA,NA,NA,NA,NA,4,0,1,2,A,-,12,21453,A,N,B,C,A,A,H,-,A,A,0,NA,NA,NA,NA,Y,NA,-,-,0,0,1,0,0,0,0,0,0,-,-,33.8260612487793,-117.83615112304688,ORANGE,ORANGE,-117.83612060546876,33.82621383666992
91636378,2021,2021-11-29,9670,2021-11-23,1727,017022,NA,2,2,6,3010,0,1,1,NA,2,041,I-405 S/B (SAN DIEGO FREEWAY),EDINGER AVENUE,150,S,N,A,-,Y,NA,NA,405,NA,NA,NA,NA,NA,S,Y,4,0,3,3,A,-,03,22350,NA,N,C,C,A,A,D,E,C,D,0,NA,NA,NA,NA,Y,NA,D,22,0,0,3,0,0,0,0,0,0,-,-,33.729888916015625,-117.9855499267578,ORANGE,HUNTINGTON BEACH,-117.9855499267578,33.72988510131836
91636385,2021,2021-11-29,9670,2021-11-19,1730,019942,NA,5,2,6,3009,0,1,3,NA,2,022,SR-22 W/B,MAGNOLIA AVE,300,W,N,A,-,Y,NA,NA,NA,NA,NA,NA,NA,NA,NA,N,4,0,1,2,A,-,03,22350,NA,F,C,C,A,A,H,-,B,D,0,NA,NA,NA,NA,Y,NA,-,99,0,0,1,0,0,0,0,0,0,-,-,33.763431549072266,-118.00723266601563,ORANGE,GARDEN GROVE,-117.9727783203125,33.76599884033203
9163692,2020,2020-11-12,3015,2020-09-22,1544,1240,RD32,2,5,6,3015,0,0,0,NA,0,723M,MAPLE AV,MAIN ST,0,NA,Y,A,-,N,NA,NA,NA,NA,NA,NA,NA,NA,NA,Y,4,0,1,2,A,-,12,22450,A,M,D,C,A,A,D,H,A,A,0,NA,NA,NA,NA,Y,NA,A,01,0,0,1,0,0,0,0,0,0,-,-,33.78927993774414,-117.86647033691406,ORANGE,ORANGE,-117.86654663085938,33.78968048095703
91638322,2021,2021-11-30,9675,2021-11-17,1726,020694,NA,3,2,7,3019,0,1,1,NA,2,502,I-5 SOUTHBOUND,4TH STREET,40,N,N,A,-,Y,NA,NA,NA,NA,NA,NA,NA,NA,NA,Y,4,0,1,3,A,-,03,22350,NA,N,C,C,A,A,H,-,C,D,0,NA,NA,NA,NA,Y,NA,A,07,0,0,1,0,0,0,0,0,0,-,-,NA,NA,ORANGE,SANTA ANA,-117.8433837890625,33.747962951660156
91639735,2021,2021-12-13,9670,2021-11-24,2110,021910,NA,3,2,9,3000,0,3,5,NA,2,004,"DALE STREET, 11500 BLOCK",ORANGEWOOD AVENUE,30,S,N,A,G,N,NA,NA,NA,NA,NA,NA,NA,NA,NA,N,3,0,2,2,A,-,01,23152,A,N,C,C,A,A,H,-,C,A,0,NA,NA,NA,NA,Y,Y,A,07,0,2,0,0,0,0,0,0,0,-,-,33.795570373535156,-117.98420715332033,ORANGE,UNINCORPORATED,-117.98420715332033,33.79560852050781
91640573,2021,2021-12-15,9670,2021-11-29,1720,017022,NA,1,2,6,3009,0,1,3,NA,2,025,SR-22 W/B (GARDEN GROVE FREEWAY),NEWHOPE STREET,600,W,N,A,-,Y,NA,NA,22,NA,NA,NA,NA,NA,W,Y,4,0,1,2,A,-,03,22350,NA,N,C,C,A,A,H,-,C,D,0,NA,NA,NA,NA,Y,NA,A,01,0,0,1,0,0,0,0,0,0,-,-,33.7659797668457,-117.927001953125,ORANGE,GARDEN GROVE,-117.927001953125,33.76620864868164
9164075,2020,2020-12-01,3001,2020-04-07,2227,A1278,NA,2,5,7,3001,0,0,0,NA,0,D-1,BEACH BL,ORANGE AV,0,NA,Y,B,C,Y,ORA,12,39,-,-,12.181,I,5,N,N,4,0,1,2,A,-,12,21453,A,N,B,C,A,B,H,-,C,A,0,NA,NA,NA,NA,Y,NA,A,01,0,0,1,0,0,0,0,0,0,-,-,33.82463073730469,-117.9934310913086,ORANGE,ANAHEIM,-117.99327850341795,33.82474899291992
91640847,2021,2021-12-02,9675,2021-11-22,0735,021397,NA,1,1,9,3000,0,3,5,NA,2,002,CRAWFORD CANYON RD.,CRESTHAVEN LN.,10,S,N,A,-,N,NA,NA,NA,NA,NA,NA,NA,NA,NA,Y,4,0,1,2,A,-,03,22350,NA,N,C,C,A,A,H,-,A,D,0,NA,NA,NA,NA,Y,NA,A,08,0,0,1,0,0,0,0,0,0,-,-,33.78163146972656,-117.7948989868164,ORANGE,UNINCORPORATED,-117.79491424560548,33.78163528442383
91641937,2021,2021-12-03,9690,2021-11-21,0734,016128,NA,7,1,9,3000,0,2,4,NA,2,034,ANTONIO PARKWAY,COW CAMP ROAD,15,S,N,A,-,N,NA,NA,NA,NA,NA,NA,NA,NA,NA,N,2,0,2,2,A,-,08,22107,NA,N,D,C,A,A,H,-,A,A,0,NA,NA,Y,NA,Y,NA,C,02,1,0,1,0,0,0,0,0,2,-,-,33.526161193847656,-117.61873626708984,ORANGE,UNINCORPORATED,-117.61885833740234,33.52630615234375
91643395,2021,2021-12-06,9670,2021-11-20,1830,021543,NA,6,2,7,3001,0,1,1,NA,2,503,I-5 S/B,KATELLA AVE,528,N,N,A,-,Y,NA,NA,5,NA,NA,NA,NA,NA,S,Y,3,0,1,2,A,-,07,21658,A,N,B,C,A,A,H,-,C,D,0,NA,NA,Y,NA,Y,NA,A,01,0,1,0,0,0,0,0,0,1,-,-,33.80406951904297,-117.90338134765624,ORANGE,ANAHEIM,-117.90345001220705,33.80398941040039
91643573,2021,2021-12-06,9670,2021-11-27,1330,020505,NA,6,1,9,3000,0,3,5,NA,2,005,HAZARD AVE,RIATA ST.,0,NA,Y,A,-,N,NA,NA,NA,NA,NA,NA,NA,NA,NA,N,3,0,1,2,A,-,09,21804,A,N,D,G,A,A,H,-,A,A,0,NA,Y,NA,NA,Y,NA,L,04,0,1,0,0,0,0,1,0,0,-,-,33.75196838378906,-117.98001861572266,ORANGE,UNINCORPORATED,-117.98007965087892,33.7520866394043
91646086,2021,2021-12-08,9675,2021-11-24,1620,019135,NA,3,2,6,3026,0,1,1,NA,2,406,I-405 NORTHBOUND,JEFFREY RD,800,N,N,A,-,Y,NA,NA,405,NA,NA,NA,NA,NA,N,Y,3,0,1,2,A,-,03,22350,NA,N,C,C,A,A,H,-,A,D,0,NA,NA,NA,NA,Y,NA,A,01,0,1,0,0,0,0,0,0,0,-,-,33.66407012939453,-117.79815673828124,ORANGE,IRVINE,-117.79817199707033,33.66400909423828
9164759,2020,2020-11-25,3001,2020-09-27,1545,A2382,NA,7,5,7,3001,0,0,0,NA,0,0D3,STATE COLLEGE BL,KATELLA AV,85,S,N,A,-,N,NA,NA,NA,NA,NA,NA,NA,NA,NA,NA,4,0,1,2,A,-,03,22350,NA,M,C,C,A,A,H,-,A,D,0,NA,NA,NA,NA,Y,NA,A,01,0,0,1,0,0,0,0,0,0,-,-,33.80181121826172,-117.88966369628906,ORANGE,ANAHEIM,-117.88919830322266,33.80312728881836
91647701,2021,2021-12-09,9670,2021-12-07,0550,016209,NA,2,3,7,3001,0,1,3,NA,2,094,SR-91 E/B (RIVERSIDE FREEWAY),STATE COLLEGE BLVD.,1056,W,N,B,C,Y,NA,NA,91,NA,NA,NA,NA,NA,E,Y,4,0,1,2,A,-,03,22350,NA,N,C,C,A,B,H,-,C,D,0,NA,NA,NA,NA,Y,NA,A,01,0,0,1,0,0,0,0,0,0,-,-,33.85403060913086,-117.8938217163086,ORANGE,ANAHEIM,-117.8938217163086,33.8540153503418
91649142,2021,2021-12-10,9675,2021-12-01,0955,019518,NA,3,1,7,3001,0,1,3,NA,2,095,SR-91 EASTBOUND,WEIR CANYON RD,1584,W,N,A,-,Y,NA,NA,91,NA,NA,NA,NA,NA,E,Y,4,0,1,2,A,-,07,21658,A,N,B,C,A,A,H,-,A,D,0,NA,NA,NA,Y,Y,NA,D,22,0,0,1,0,0,0,0,0,0,-,-,33.86774826049805,-117.76129913330078,ORANGE,ANAHEIM,-117.7613525390625,33.867889404296875
91649540,2021,2021-12-13,9675,2021-12-01,0946,019394,NA,3,1,5,3016,0,1,3,NA,2,571,SR-57 NORTHBOUND,CROWTHER AVE.,550,N,N,A,-,Y,NA,NA,57,NA,NA,NA,NA,NA,N,Y,4,0,1,4,A,-,03,22350,NA,N,C,C,A,A,H,-,A,D,0,NA,NA,NA,NA,Y,NA,A,01,0,0,1,0,0,0,0,0,0,-,-,33.86785888671875,-117.8790283203125,ORANGE,PLACENTIA,-117.87911224365234,33.867835998535156
91649956,2021,2021-12-13,9670,2021-12-08,0611,014558,NA,3,1,6,3009,0,1,3,NA,2,021,SR-22 E/B FROM EUCLID STREET,EUCLID STREET,13,E,N,A,-,Y,NA,NA,22,NA,NA,NA,R,NA,E,N,3,0,1,2,A,-,11,21456,B,N,G,B,B,A,H,-,C,A,0,Y,NA,NA,NA,Y,NA,N,60,0,1,0,0,1,0,0,0,0,-,-,33.7652702331543,-117.93755340576172,ORANGE,GARDEN GROVE,-117.93755340576172,33.7652702331543
9165455,2020,2020-12-15,3011,2020-09-30,1527,31407,71,3,5,4,3011,0,0,0,NA,0,001,RT 133,CANYON ACRES,125,N,N,A,-,Y,ORA,12,133,-,-,0.98,H,-,S,Y,2,0,8,6,A,-,03,22350,NA,N,B,C,A,A,H,-,A,D,0,NA,NA,NA,NA,Y,NA,A,01,2,2,4,0,0,0,0,0,0,-,-,NA,NA,ORANGE,LAGUNA BEACH,-117.77569580078124,33.55398941040039
91656220,2021,2021-12-20,9670,2021-12-14,1120,021459,NA,2,1,5,3007,0,1,1,NA,2,041,I-405 S/B,EUCLID STREET,2500,N,N,B,C,Y,NA,NA,405,NA,NA,NA,NA,NA,S,N,4,0,1,3,A,-,08,22107,NA,F,B,C,A,B,D,E,A,D,0,NA,NA,NA,NA,Y,NA,A,01,0,0,1,0,0,0,0,0,0,-,-,33.69860076904297,-117.94241333007813,ORANGE,FOUNTAIN VALLEY,-117.94243621826172,33.69853973388672
9165668,2020,2020-12-01,3010,2020-09-26,0839,2263,442,6,5,6,3010,0,0,0,NA,0,003,RT 39,MEMPHIS AV,154,S,N,A,-,Y,ORA,12,39,-,-,1.35,H,-,S,Y,3,0,3,2,A,-,03,22350,NA,N,C,C,A,A,H,-,A,D,0,NA,NA,NA,NA,Y,NA,A,01,0,2,1,0,0,0,0,0,0,-,-,NA,NA,ORANGE,HUNTINGTON BEACH,-117.98863220214844,33.668060302734375
91658023,2021,2021-12-21,9675,2021-12-14,0510,020027,NA,2,3,7,3001,0,1,3,NA,2,093,SR-91 WESTBOUND TO SR-55 SOUTHBOUND,LINCOLN AVE,3500,N,N,C,-,Y,NA,NA,91,NA,NA,NA,R,NA,W,Y,4,0,1,1,A,-,03,22350,NA,N,E,I,A,B,H,-,C,D,0,NA,NA,NA,Y,Y,NA,G,25,0,0,1,0,0,0,0,0,0,-,-,33.84305953979492,-117.82965850830078,ORANGE,ANAHEIM,-117.82965850830078,33.84305953979492
91658682,2021,2021-12-22,9670,2021-12-17,1430,019290,NA,5,2,7,3001,0,1,3,NA,2,094,SR-91 E/B,HARBOR BOULEVARD,150,E,N,A,-,Y,NA,NA,91,NA,NA,NA,NA,NA,E,N,4,0,1,3,A,-,03,22350,NA,N,C,C,A,A,H,-,A,D,0,NA,NA,NA,NA,Y,NA,D,22,0,0,1,0,0,0,0,0,0,-,-,33.8538818359375,-117.92366790771484,ORANGE,ANAHEIM,-117.92366790771484,33.853851318359375
91659815,2021,2021-12-23,9670,2021-12-21,1400,019290,NA,2,2,7,3001,0,1,3,NA,2,093,SR-91 W/B,HARBOR BLVD,3168,W,N,B,-,Y,NA,NA,91,NA,NA,NA,NA,NA,W,Y,4,0,1,2,A,-,07,21658,A,N,B,C,A,A,H,-,A,D,0,NA,NA,NA,NA,Y,Y,A,01,0,0,1,0,0,0,0,0,0,-,-,33.8543701171875,-117.9345703125,ORANGE,ANAHEIM,-117.9345703125,33.854244232177734
9166006,2020,2020-11-12,3000,2020-09-30,0945,5013,891H6,3,5,5,3050,0,0,0,NA,0,764,MUIRLANDS BL,PARKVIEW LN,0,NA,Y,A,-,N,NA,NA,NA,NA,NA,NA,NA,NA,NA,N,4,0,1,1,A,-,08,22107,NA,N,F,A,A,A,H,-,A,A,0,NA,Y,NA,NA,Y,NA,L,04,0,0,1,0,0,0,1,0,0,-,-,NA,NA,ORANGE,LAKE FOREST,-117.69468688964844,33.61943817138672
91660437,2021,2021-12-23,9670,2021-12-16,1225,018664,NA,4,1,6,3009,0,1,3,NA,2,025,SR-22 E/B,HASTER STREET,300,W,N,A,-,Y,NA,NA,22,NA,NA,NA,NA,NA,E,N,3,0,2,2,A,-,03,22350,NA,M,C,C,A,A,H,-,A,D,0,NA,NA,NA,NA,Y,NA,A,01,0,1,1,0,0,0,0,0,0,-,-,33.77313995361328,-117.90786743164063,ORANGE,GARDEN GROVE,-117.90774536132813,33.77290725708008
91661026,2021,2021-12-24,9675,2021-12-16,0705,017773,NA,4,1,6,3026,0,1,3,NA,2,130,SR-133 S/B TO I-405 N/B,ALTON PKWY,1056,S,N,A,-,Y,NA,NA,133,NA,NA,NA,R,NA,S,Y,4,0,1,1,A,-,08,22107,NA,N,E,I,A,A,H,-,A,D,0,NA,NA,NA,NA,Y,NA,A,01,0,0,1,0,0,0,0,0,0,-,-,33.65414810180664,-117.76052856445313,ORANGE,IRVINE,-117.76052856445313,33.65414810180664
91661298,2021,2021-12-24,9690,2021-12-13,1720,016493,NA,1,2,9,3000,0,1,3,NA,1,013,SR-133 S/B (LAGUNA CANYON ROAD),LAGUNA CANYON CREEK,300,N,N,B,-,N,NA,NA,133,NA,NA,NA,NA,NA,S,Y,3,0,1,3,A,-,03,22350,NA,N,C,C,A,A,H,-,D,D,0,NA,NA,NA,NA,Y,NA,A,07,0,1,0,0,0,0,0,0,0,-,-,33.59638977050781,-117.76119232177734,ORANGE,UNINCORPORATED,-117.76114654541016,33.59640884399414
9166254,2020,2020-11-30,3000,2020-09-25,1836,9940,971H6,5,5,4,3029,0,0,0,NA,0,435,RT 1,VIOLET LANTERN,0,NA,N,A,-,N,NA,NA,NA,NA,NA,NA,NA,NA,NA,N,4,0,1,2,A,-,03,22350,NA,M,C,C,A,A,H,-,A,D,0,NA,NA,NA,NA,Y,Y,A,07,0,0,1,0,0,0,0,0,0,-,-,NA,NA,ORANGE,DANA POINT,-117.70028,33.46681
91662704,2021,2021-12-27,9690,2021-12-16,1136,016610,NA,4,1,5,3028,0,1,1,NA,2,056,I-5 N/B (SAN DIEGO FRWY),OSO PKWY.,1000,N,N,B,-,Y,NA,NA,5,NA,NA,NA,NA,NA,N,N,3,0,1,2,A,-,03,22350,NA,N,C,C,A,A,D,-,A,D,0,NA,NA,Y,NA,Y,NA,C,02,0,1,0,0,0,0,0,0,1,-,-,33.58720016479492,-117.67147827148438,ORANGE,MISSION VIEJO,-117.67148590087892,33.58720016479492
91662844,2021,2021-12-27,9675,2021-12-18,2223,021914,NA,6,3,6,3004,0,1,1,NA,2,405,I-405 SOUTHBOUND,SR-55 SOUTHBOUND,600,N,N,A,-,Y,NA,NA,405,NA,NA,NA,NA,NA,S,Y,4,0,1,1,A,-,01,23152,A,N,E,I,A,A,H,-,C,D,0,NA,NA,NA,NA,Y,Y,A,01,0,0,1,0,0,0,0,0,0,-,-,33.68714141845703,-117.87342834472656,ORANGE,COSTA MESA,-117.87342834472656,33.68726348876953
91666453,2021,2021-12-30,9675,2021-12-20,1715,020699,NA,1,2,7,3019,0,1,1,NA,2,502,I-5 NORTHBOUND,4TH ST.,30,S,N,A,-,Y,NA,NA,5,NA,NA,NA,NA,NA,N,Y,3,0,3,2,A,-,03,22350,NA,N,C,C,A,A,H,-,C,D,0,NA,NA,NA,NA,Y,NA,A,07,0,2,1,0,0,0,0,0,0,-,-,33.7477912902832,-117.84294128417967,ORANGE,SANTA ANA,-117.84296417236328,33.74778366088867
91666553,2021,2021-12-30,9675,2021-12-23,1250,019979,NA,4,1,6,3004,0,1,1,NA,2,405,I-405 NORTHBOUND TO BRISTOL ST.,BRISTOL ST.,150,S,N,B,C,Y,NA,NA,405,NA,NA,NA,R,NA,N,N,4,0,1,2,A,-,03,22350,NA,N,C,C,A,B,H,-,A,A,0,NA,NA,NA,NA,Y,NA,A,01,0,0,1,0,0,0,0,0,0,-,-,33.68867111206055,-117.88497161865234,ORANGE,COSTA MESA,-117.88497161865234,33.68867111206055
91666573,2021,2021-12-30,9675,2021-12-22,1413,018985,NA,3,2,7,3019,0,1,3,NA,2,552,SR-55 N/B,DYER RD.,250,N,N,B,-,Y,NA,NA,55,NA,NA,NA,NA,NA,N,N,4,0,1,2,A,-,03,22350,NA,N,C,C,A,A,H,-,A,D,0,NA,NA,NA,NA,Y,NA,A,01,0,0,1,0,0,0,0,0,0,-,-,33.70930862426758,-117.8508071899414,ORANGE,SANTA ANA,-117.85093688964844,33.709442138671875
91666703,2021,2021-12-30,9675,2021-12-22,2307,020732,NA,3,3,6,3026,0,1,1,NA,2,504,I-5 SOUTHBOUND,ALTON,300,S,N,B,-,Y,NA,NA,5,NA,NA,NA,NA,NA,S,N,3,0,1,2,A,-,07,21658,A,F,B,C,A,A,H,-,C,D,0,NA,NA,NA,NA,Y,NA,A,01,0,1,0,0,0,0,0,0,0,-,-,33.653350830078125,-117.7422103881836,ORANGE,IRVINE,-117.7422103881836,33.65334701538086
91668651,2021,2022-01-03,9670,2021-12-18,1700,022597,NA,6,2,6,3008,0,1,S,NA,2,904,STATE ROUTE-91 EASTBOUND,HARBOR BLVD,150,E,N,A,-,Y,NA,NA,91,NA,NA,NA,NA,NA,E,Y,3,0,3,3,A,-,03,22350,NA,F,C,C,A,A,H,-,C,D,0,NA,NA,NA,NA,Y,NA,-,99,0,2,1,0,0,0,0,0,0,-,-,33.85383987426758,-117.92357635498048,ORANGE,FULLERTON,-117.923583984375,33.85385513305664
91668785,2021,2022-01-03,9670,2021-12-25,2320,021579,NA,6,3,7,3001,0,1,3,NA,2,094,SR-91,EAST ST,1000,E,N,C,-,Y,NA,NA,NA,NA,NA,NA,NA,NA,NA,Y,4,0,1,3,A,-,03,22350,NA,N,E,8,A,B,H,-,D,D,0,NA,NA,NA,NA,Y,NA,D,22,0,0,1,0,0,0,0,0,0,-,-,33.511348724365234,-117.54116821289063,ORANGE,ANAHEIM,-117.9034423828125,33.853981018066406
91668825,2021,2022-01-03,9670,2021-12-24,0835,014558,NA,5,1,5,3024,0,1,1,NA,2,043,SR-22 E/B (GARDEN GROVE FREEWAY),BEACH BLVD,80,W,N,B,-,Y,NA,NA,22,NA,NA,NA,NA,NA,E,Y,3,0,2,2,A,-,08,22107,NA,N,D,C,A,B,H,-,A,D,0,NA,NA,NA,NA,Y,NA,D,22,0,1,1,0,0,0,0,0,0,-,-,33.77109909057617,-117.9924087524414,ORANGE,WESTMINSTER,-117.9924087524414,33.77104568481445
91669231,2021,2022-01-04,9675,2021-12-30,1330,022222,NA,4,1,6,3015,0,1,1,NA,2,502,I-5 NORTHBOUND,CHAPMAN AVE,150,N,N,C,-,Y,NA,NA,5,NA,NA,NA,NA,NA,N,Y,4,0,1,2,A,-,03,22350,NA,N,B,C,A,B,H,-,A,D,0,NA,NA,NA,NA,Y,NA,A,07,0,0,1,0,0,0,0,0,0,-,-,33.7935905456543,-117.89170074462892,ORANGE,ORANGE,-117.89173126220705,33.79356002807617