CASE_ID,ACCIDENT_YEAR,PROC_DATE,JURIS,COLLISION_DATE,COLLISION_TIME,OFFICER_ID,REPORTING_DISTRICT,DAY_OF_WEEK,CHP_SHIFT,POPULATION,CNTY_CITY_LOC,SPECIAL_COND,BEAT_TYPE,CHP_BEAT_TYPE,CITY_DIVISION_LAPD,CHP_BEAT_CLASS,BEAT_NUMBER,PRIMARY_RD,SECONDARY_RD,DISTANCE,DIRECTION,INTERSECTION,WEATHER_1,WEATHER_2,STATE_HWY_IND,CALTRANS_COUNTY,CALTRANS_DISTRICT,STATE_ROUTE,ROUTE_SUFFIX,POSTMILE_PREFIX,POSTMILE,LOCATION_TYPE,RAMP_INTERSECTION,SIDE_OF_HWY,TOW_AWAY,COLLISION_SEVERITY,NUMBER_KILLED,NUMBER_INJURED,PARTY_COUNT,PRIMARY_COLL_FACTOR,PCF_CODE_OF_VIOL,PCF_VIOL_CATEGORY,PCF_VIOLATION,PCF_VIOL_SUBSECTION,HIT_AND_RUN,TYPE_OF_COLLISION,MVIW,PED_ACTION,ROAD_SURFACE,ROAD_COND_1,ROAD_COND_2,LIGHTING,CONTROL_DEVICE,CHP_ROAD_TYPE,PEDESTRIAN_ACCIDENT,BICYCLE_ACCIDENT,MOTORCYCLE_ACCIDENT,TRUCK_ACCIDENT,NOT_PRIVATE_PROPERTY,ALCOHOL_INVOLVED,STWD_VEHTYPE_AT_FAULT,CHP_VEHTYPE_AT_FAULT,COUNT_SEVERE_INJ,COUNT_VISIBLE_INJ,COUNT_COMPLAINT_PAIN,COUNT_PED_KILLED,COUNT_PED_INJURED,COUNT_BICYCLIST_KILLED,COUNT_BICYCLIST_INJURED,COUNT_MC_KILLED,COUNT_MC_INJURED,PRIMARY_RAMP,SECONDARY_RAMP,LATITUDE,LONGITUDE,COUNTY,CITY,POINT_X,POINT_Y
91669938,2021,2022-01-04,9675,2021-12-08,1940,021377,NA,3,2,7,3001,0,1,3,NA,2,095,SR-91 EASTBOUND,GYPSUM CANYON RD,3960,W,N,A,-,Y,NA,NA,91,NA,NA,NA,NA,NA,E,Y,3,0,1,2,A,-,08,22107,NA,N,B,C,A,A,H,-,C,D,0,NA,NA,NA,NA,Y,NA,A,01,0,1,0,0,0,0,0,0,0,-,-,33.86703109741211,-117.72370910644533,ORANGE,ANAHEIM,-117.72371673583984,33.867000579833984
91671008,2021,2022-01-05,9675,2021-12-12,1020,017882,NA,7,1,7,3001,0,1,S,NA,2,904,SR-91 E/B,GYPSUM CANYON RD,2000,E,N,A,-,Y,NA,NA,91,NA,NA,NA,NA,NA,E,Y,4,0,1,3,A,-,03,22350,NA,N,C,C,A,A,H,-,A,D,0,NA,NA,NA,Y,Y,NA,A,01,0,0,1,0,0,0,0,0,0,-,-,33.867591857910156,-117.70960998535156,ORANGE,ANAHEIM,-117.70960235595705,33.8675651550293
91672069,2022,2022-01-06,9675,2022-01-05,2110,018983,NA,3,2,6,3026,0,1,1,NA,2,406,I-405 NORTHBOUND TO CULVER DRIVE,CULVER DRIVE,285,S,N,A,-,Y,NA,NA,NA,NA,NA,NA,NA,NA,NA,N,4,0,1,2,A,-,08,22107,NA,N,E,I,A,A,H,-,C,D,0,NA,NA,NA,NA,Y,NA,A,01,0,0,1,0,0,0,0,0,0,-,-,33.669921875,-117.82093048095705,ORANGE,IRVINE,-117.82093048095705,33.669921875
91673664,2021,2022-01-07,9675,2021-12-26,1615,021690,NA,7,2,5,3014,0,1,3,NA,2,074,SR-73 SOUTHBOUND TO MACARTHUR BOULEVARD,MACARTHUR BLVD,20,N,N,B,-,Y,NA,NA,73,NA,NA,NA,R,NA,S,Y,4,0,1,3,A,-,03,22350,NA,N,C,C,A,A,H,-,A,A,0,NA,NA,NA,NA,Y,NA,A,08,0,0,1,0,0,0,0,0,0,-,-,33.64017105102539,-117.86093902587892,ORANGE,NEWPORT BEACH,-117.86093902587892,33.64017105102539
91678203,2022,2022-01-14,9690,2022-01-07,0315,016430,NA,5,3,4,3018,0,1,1,NA,2,057,I-5 (SB),JUNIPERO SERRA,1056,S,N,A,-,Y,ORA,NA,5,NA,NA,10.61,H,NA,L,Y,3,0,1,2,A,-,08,22107,NA,M,B,F,A,A,H,-,C,D,0,NA,NA,NA,NA,Y,NA,A,08,0,1,0,0,0,0,0,0,0,-,-,33.516178131103516,-117.66420745849608,ORANGE,SAN JUAN CAPISTRANO,-117.66407012939452,33.5162239074707
91679945,2022,2022-01-18,9675,2022-01-07,0715,015914,NA,5,1,6,3004,0,1,1,NA,2,045,I-405 SOUTHBOUND,BRISTOL ST.,100,S,N,B,-,Y,ORA,NA,405,NA,NA,9.432,H,NA,L,N,3,0,3,2,A,-,03,22350,NA,N,C,C,A,A,H,-,A,D,0,NA,NA,NA,NA,Y,NA,A,07,0,1,2,0,0,0,0,0,0,-,-,33.687339782714844,-117.88426208496094,ORANGE,COSTA MESA,-117.88426208496094,33.687259674072266
91681171,2022,2022-01-19,9675,2022-01-15,0933,020131,NA,6,1,9,3000,0,3,5,NA,2,001,BREA BOULEVARD,TONNER CANYON ROAD,1500,S,N,B,-,N,NA,NA,NA,NA,NA,NA,NA,NA,NA,Y,4,0,1,2,A,-,08,22107,NA,N,D,C,A,A,H,-,A,D,0,NA,NA,NA,NA,Y,NA,A,07,0,0,1,0,0,0,0,0,0,-,-,33.940799713134766,-117.88204193115234,ORANGE,UNINCORPORATED,NA,NA
9168199,2020,2020-12-05,3003,2020-09-19,1838,1164,52,6,5,5,3003,0,0,0,NA,0,003,ORANGETHORPE AV,AUTO CENTER DR,682,W,N,A,-,N,NA,NA,NA,NA,NA,NA,NA,NA,NA,N,3,0,1,1,D,-,00,NA,NA,N,H,J,A,A,H,-,A,A,0,NA,NA,Y,NA,Y,NA,-,-,0,1,0,0,0,0,0,0,1,-,-,33.859100341796875,-117.98429870605467,ORANGE,BUENA PARK,-117.98352813720705,33.859066009521484
9168429,2020,2020-11-17,3001,2020-09-25,1746,A1047,NA,5,5,7,3001,0,0,0,NA,0,D 3,CHARLOTTE AV,PHILADELPHIA ST,312,W,N,A,-,N,NA,NA,NA,NA,NA,NA,NA,NA,NA,N,4,0,1,3,A,-,03,22350,NA,M,B,E,E,A,H,-,A,D,0,Y,NA,NA,NA,Y,NA,-,99,0,0,1,0,1,0,0,0,0,-,-,33.8215217590332,-117.90550994873048,ORANGE,ANAHEIM,-117.90668487548828,33.82106018066406
91685435,2022,2022-01-26,9675,2022-01-23,0230,022052,NA,7,3,7,3001,0,1,3,NA,2,093,SR-91 WESTBOUND TO SR-55 SOUTHBOUND,LINCOLN AVE,3450,N,N,A,-,Y,ORA,NA,55,NA,R,17.634,H,NA,L,Y,4,0,1,2,A,-,03,22350,NA,N,B,C,A,A,H,-,C,D,0,NA,NA,NA,NA,Y,NA,A,01,0,0,1,0,0,0,0,0,0,-,-,33.842830657958984,-117.83000946044922,ORANGE,ANAHEIM,-117.83002471923828,33.84284210205078
91685591,2022,2022-01-26,9670,2022-01-24,1625,017951,NA,1,2,6,3009,0,1,3,NA,2,025,SR-22 WESTBOUND (GARDEN GROVE FREEWAY),NEWHOPE STREET,495,E,N,A,-,Y,ORA,NA,22,NA,R,7.448,H,NA,L,N,4,0,1,2,A,-,03,22350,NA,N,C,C,A,A,H,-,A,D,0,NA,NA,NA,NA,Y,NA,A,07,0,0,1,0,0,0,0,0,0,-,-,33.76615905761719,-117.92710876464844,ORANGE,GARDEN GROVE,-117.92710876464844,33.76620864868164
91690913,2022,2022-02-01,9670,2022-01-24,1810,019171,NA,1,2,5,3003,0,1,3,NA,2,094,SR-91 E/B (RIVERSIDE FWY),MAGNOLIA AVE,100,E,N,A,-,Y,ORA,NA,91,NA,R,3.914,H,NA,R,N,4,0,1,2,A,-,03,22350,NA,N,C,C,A,A,H,-,B,D,0,NA,NA,NA,NA,Y,NA,D,22,0,0,1,0,0,0,0,0,0,-,-,33.85683059692383,-117.97544860839844,ORANGE,BUENA PARK,-117.97544097900392,33.85685348510742
91692807,2022,2022-02-03,9690,2022-01-30,0120,021894,NA,7,3,9,3000,0,2,4,NA,2,030,SANTIAGO CANYON ROAD,RIDGELINE ROAD,350,S,N,A,-,N,NA,NA,NA,NA,NA,NA,NA,NA,NA,Y,3,0,1,1,A,-,03,22350,NA,N,F,I,A,A,H,-,D,D,0,NA,NA,Y,NA,Y,NA,C,02,0,1,0,0,0,0,0,0,1,-,-,33.69023132324219,-117.62589263916016,ORANGE,UNINCORPORATED,-117.6253662109375,33.69009780883789
91694872,2022,2022-02-07,9675,2022-01-29,2240,021874,NA,6,3,6,3015,0,1,1,NA,2,502,I-5 NORTHBOUND FROM THE CITY DRIVE,THE CITY DRIVE PROLONGATION LINE,344,S,N,A,-,Y,NA,NA,NA,NA,NA,NA,NA,NA,NA,Y,3,0,1,1,A,-,01,23152,A,N,E,I,A,B,H,-,C,D,0,NA,NA,NA,NA,Y,Y,A,07,0,1,0,0,0,0,0,0,0,-,-,33.79199981689453,-117.88839721679688,ORANGE,ORANGE,-117.88839721679688,33.79199981689453
91695302,2022,2022-02-07,9690,2022-02-03,1800,020038,NA,4,2,9,3000,0,3,5,NA,2,004,DORRANCE,CLYDESDALE DR,0,NA,Y,A,-,N,NA,NA,NA,NA,NA,NA,NA,NA,NA,N,4,0,1,2,A,-,09,21802,A,N,D,C,A,A,H,-,C,A,0,NA,NA,NA,NA,Y,NA,A,08,0,0,1,0,0,0,0,0,0,-,-,33.552490234375,-117.64006042480467,ORANGE,UNINCORPORATED,-117.64012145996094,33.552486419677734
91698272,2022,2022-02-10,9675,2022-02-09,0720,020027,NA,3,1,6,3015,0,1,1,NA,2,502,I-5 SOUTHBOUND TO SR-22 WESTBOUND,SANTA ANA RIVER,100,S,N,A,-,Y,ORA,NA,5,NA,NA,34.404,H,NA,L,N,4,0,1,2,A,-,03,22350,NA,N,C,C,A,A,H,-,A,D,0,NA,NA,NA,NA,Y,NA,A,01,0,0,1,0,0,0,0,0,0,-,-,33.782470703125,-117.88134765625,ORANGE,ORANGE,-117.88120269775392,33.78260040283203
91698578,2022,2022-02-11,9670,2022-02-02,1815,020809,NA,3,2,5,3003,0,1,1,NA,2,500,INTERSTATE 5 NORTHBOUND,BEACH BOULEVARD,2112,S,N,A,-,Y,ORA,NA,5,NA,NA,43.008,H,NA,R,N,4,0,1,2,A,-,03,22350,NA,N,C,C,A,A,H,-,C,D,0,NA,NA,NA,NA,Y,NA,D,22,0,0,1,0,0,0,0,0,0,-,-,33.863128662109375,-117.99204254150392,ORANGE,BUENA PARK,-117.9919891357422,33.863189697265625
91702132,2022,2022-02-16,9675,2022-02-08,2050,021059,NA,2,2,6,3026,0,1,1,NA,2,504,I-5 NORTHBOUND,ALTON PKWY,1584,S,N,A,-,Y,ORA,NA,5,NA,NA,21.872,H,NA,R,N,3,0,1,2,A,-,03,22350,NA,N,C,C,A,A,H,-,C,D,0,NA,NA,NA,NA,Y,NA,-,-,0,1,0,0,0,0,0,0,0,-,-,33.651588439941406,-117.74046325683594,ORANGE,IRVINE,-117.74044799804688,33.6515998840332
91702264,2022,2022-02-16,9675,2022-02-09,1831,017998,NA,3,2,6,3026,0,1,1,NA,2,407,I-405 SOUTHBOUND,SAND CANYON AVE,1500,N,N,A,-,Y,NA,NA,NA,NA,NA,NA,NA,NA,NA,N,4,0,1,2,A,-,03,22350,NA,N,C,C,A,A,H,-,D,D,0,NA,NA,NA,NA,Y,NA,A,01,0,0,1,0,0,0,0,0,0,-,-,33,-117,ORANGE,IRVINE,-117.78215026855467,33.659908294677734
91703404,2022,2022-02-17,9675,2022-02-10,1658,021377,NA,4,2,7,3001,0,1,3,NA,2,094,SR-91 WESTBOUND,IMPERIAL HIGHWAY,1000,E,N,A,-,Y,ORA,NA,91,NA,R,11.802,H,NA,L,N,4,0,3,3,A,-,03,22350,NA,N,C,C,A,A,H,-,B,D,0,NA,NA,NA,NA,Y,NA,D,22,0,0,3,0,0,0,0,0,0,-,-,33.85612869262695,-117.7863998413086,ORANGE,ANAHEIM,-117.78636169433594,33.856075286865234
91703569,2022,2022-02-17,9675,2022-02-13,2100,022536,NA,7,2,6,3015,0,1,3,NA,2,550,SR-55 NORTHBOUND,LINCOLN AVENUE,2500,N,N,A,-,Y,ORA,NA,55,NA,R,17.677,H,NA,R,Y,4,0,1,2,A,-,07,21658,A,F,B,C,A,A,H,-,C,D,0,NA,NA,NA,NA,Y,NA,-,99,0,0,1,0,0,0,0,0,0,-,-,33.842960357666016,-117.82949829101563,ORANGE,ORANGE,-117.8294677734375,33.842918395996094
91705510,2022,2022-02-22,9670,2022-02-08,1255,016177,NA,2,1,7,3001,0,1,1,NA,2,503,I-5 S/B,BROOKHURST ST,450,S,N,A,-,Y,ORA,NA,5,NA,NA,40.504,H,NA,L,Y,3,0,1,1,A,-,08,22107,NA,N,E,8,A,A,H,-,A,D,0,NA,NA,NA,NA,Y,NA,A,01,0,1,0,0,0,0,0,0,0,-,-,33.843360900878906,-117.9560317993164,ORANGE,ANAHEIM,-117.95595550537108,33.843441009521484
91705532,2022,2022-02-22,9670,2022-02-09,0631,016177,NA,3,1,7,3001,0,1,1,NA,2,503,I-5 S/B,EUCLID ST,125,N,N,A,-,Y,ORA,NA,5,NA,NA,39.581,H,NA,L,N,3,0,2,2,A,-,03,22350,NA,N,C,C,A,A,H,-,A,D,0,NA,NA,NA,NA,Y,NA,A,01,0,2,0,0,0,0,0,0,0,-,-,33.83612060546875,-117.94252014160156,ORANGE,ANAHEIM,-117.94254302978516,33.83609390258789
91705778,2022,2022-02-22,9670,2022-02-15,0905,016793,NA,2,1,6,3010,0,1,1,NA,2,043,I-405 S/B (SAN DIEGO FREEWAY),EDWARDS ST,100,S,N,B,-,Y,ORA,NA,405,NA,NA,18.579,H,NA,L,N,4,0,2,2,A,-,03,22350,NA,N,C,C,A,A,D,E,A,D,0,NA,NA,NA,NA,Y,NA,A,01,0,0,2,0,0,0,0,0,0,-,-,33.7529411315918,-118.01490020751952,ORANGE,HUNTINGTON BEACH,-118.014892578125,33.75294876098633
91711254,2022,2022-02-28,9675,2022-02-23,1850,021690,NA,3,2,7,3019,0,1,1,NA,2,502,I-5 S/B,CHAPMAN AVE,1300,S,N,B,-,Y,ORA,NA,5,NA,NA,34.738,H,NA,L,Y,3,0,1,1,A,-,08,22107,NA,N,E,I,A,A,H,-,C,D,0,NA,NA,NA,NA,Y,NA,A,01,0,1,0,0,0,0,0,0,0,-,-,33.78620910644531,-117.88517761230467,ORANGE,SANTA ANA,-117.88500213623048,33.786312103271484
91712275,2022,2022-03-01,9675,2022-02-23,2350,022046,NA,3,3,7,3001,0,1,3,NA,2,093,SR-91 EASTBOUND,SR-57,1056,E,N,A,-,Y,ORA,NA,91,NA,NA,6.453,H,NA,R,N,4,0,1,1,A,-,08,22107,NA,N,E,I,A,A,H,-,C,D,0,NA,NA,NA,NA,Y,NA,A,07,0,0,1,0,0,0,0,0,0,-,-,33.847450256347656,-117.8708267211914,ORANGE,ANAHEIM,-117.87085723876952,33.84740447998047
91712489,2022,2023-06-14,9690,2022-02-23,0730,016722,NA,3,1,5,3050,0,1,1,NA,2,055,I-5 FREEWAY NORTHBOUND,LOS ALISOS BLVD.,100,N,N,B,C,Y,ORA,NA,5,NA,NA,18.018,H,NA,R,N,4,0,1,5,A,-,03,22350,NA,N,C,C,A,B,D,-,A,D,0,NA,NA,NA,NA,Y,NA,A,01,0,0,1,0,0,0,0,0,0,-,-,33.60868835449219,-117.6985092163086,ORANGE,LAKE FOREST,-117.698486328125,33.608726501464844
91714535,2022,2022-03-03,9675,2022-02-28,1545,018714,NA,1,2,7,3001,0,1,3,NA,2,195,SR-91 EASTBOUND,WEIR CANYON RD,1300,E,N,A,-,Y,NA,NA,NA,NA,NA,NA,NA,NA,NA,Y,4,0,2,2,A,-,08,22107,NA,N,C,C,A,A,H,-,A,D,0,NA,NA,NA,NA,Y,NA,A,01,0,0,2,0,0,0,0,0,0,-,-,33.52149963378906,-117.44239807128906,ORANGE,ANAHEIM,-117.74032592773438,33.870811462402344
91715301,2022,2022-03-04,9675,2022-02-23,0735,017993,NA,3,1,6,3026,0,1,3,NA,2,074,SR-73 NORTHBOUND FROM MACARTHUR BLVD.,UNIVERSITY DR,2000,S,N,B,-,Y,ORA,NA,73,NA,NA,23.924,H,NA,R,Y,4,0,1,1,A,-,03,22350,NA,N,E,I,A,B,H,-,A,A,0,NA,NA,NA,NA,Y,NA,A,01,0,0,1,0,0,0,0,0,0,-,-,33.64445877075195,-117.85984802246094,ORANGE,IRVINE,-117.86002349853516,33.644432067871094
91715365,2022,2022-03-04,9675,2022-02-22,0805,019320,NA,2,1,7,3001,0,1,3,NA,2,571,SR-57 SOUTHBOUND,LINCOLN AVE,100,N,N,A,-,Y,ORA,NA,57,NA,NA,14.846,H,NA,L,N,4,0,1,3,A,-,03,22350,NA,N,C,C,A,A,H,-,A,D,0,NA,NA,NA,NA,Y,NA,A,01,0,0,1,0,0,0,0,0,0,-,-,33.83884811401367,-117.8761978149414,ORANGE,ANAHEIM,-117.87622833251952,33.83885192871094
91717093,2022,2022-03-07,9675,2022-03-01,0655,021225,NA,2,1,6,3015,0,1,1,NA,2,502,I-5 SOUTHBOUND,CHAPMAN AVE,2100,S,N,A,-,Y,ORA,NA,5,NA,NA,34.605,H,NA,L,N,4,0,1,3,A,-,03,22350,NA,N,C,C,A,A,H,-,A,D,0,NA,NA,NA,Y,Y,NA,F,26,0,0,1,0,0,0,0,0,0,-,-,33.784629821777344,-117.88365173339844,ORANGE,ORANGE,-117.883544921875,33.784698486328125
91717482,2022,2022-03-08,9670,2022-03-06,1406,019304,NA,7,2,5,3024,0,1,1,NA,2,041,I-405 S/B,EDINGER AVE.,200,S,N,A,-,Y,ORA,NA,405,NA,NA,16.017,H,NA,L,N,4,0,1,3,A,-,07,21658,A,M,B,C,A,A,D,E,A,D,0,NA,NA,NA,NA,Y,NA,A,07,0,0,1,0,0,0,0,0,0,-,-,33.727630615234375,-117.98252105712892,ORANGE,WESTMINSTER,-117.982421875,33.727725982666016
91719077,2022,2022-03-09,9675,2022-03-01,1800,018102,NA,2,2,6,3026,0,1,1,NA,2,504,I-5 NORTHBOUND FROM BAKE PARKWAY,BAKE PARKWAY,30,N,N,A,-,Y,NA,NA,NA,NA,NA,NA,NA,NA,NA,N,3,0,1,2,A,-,11,21954,A,N,G,B,E,A,H,-,C,D,0,Y,NA,NA,NA,Y,NA,N,60,0,1,0,0,1,0,0,0,0,-,-,33.63901138305664,-117.7276611328125,ORANGE,IRVINE,-117.7276611328125,33.63901138305664
91720512,2022,2022-03-11,9670,2022-03-01,0915,014558,NA,2,1,6,3009,0,1,3,NA,2,021,SR-22 W/B (GARDEN GROVE FREEWAY),SPRINGDALE STREET,500,W,N,A,-,Y,ORA,NA,22,NA,R,1.864,H,NA,L,N,4,0,1,2,A,-,03,22350,NA,N,C,C,A,A,H,-,A,D,0,NA,NA,NA,NA,Y,NA,A,01,0,0,1,0,0,0,0,0,0,-,-,33.77439880371094,-118.02136993408205,ORANGE,GARDEN GROVE,-118.02136993408205,33.77438735961914
9172088,2020,2020-11-02,3002,2020-10-13,1436,1562,NA,2,5,4,3002,0,0,0,NA,0,013,ASSOCIATED RD,IMPERIAL HWY,528,N,N,A,-,Y,NA,NA,NA,NA,NA,NA,NA,NA,NA,NA,4,0,2,2,A,-,09,21804,A,N,D,C,A,A,H,-,A,A,0,NA,NA,NA,NA,Y,NA,A,01,0,0,2,0,0,0,0,0,0,-,-,33.91083908081055,-117.88008880615234,ORANGE,BREA,-117.87992095947266,33.91227340698242
91721186,2022,2022-03-14,9675,2022-03-07,0820,020131,NA,1,1,6,3026,0,1,1,NA,2,406,I-405 NORTHBOUND,HARVARD AVE,500,S,N,A,-,Y,ORA,NA,405,NA,NA,6,H,NA,R,N,4,0,1,3,A,-,03,22350,NA,N,C,C,A,A,H,-,A,D,0,NA,NA,NA,NA,Y,NA,D,22,0,0,1,0,0,0,0,0,0,-,-,33.67176055908203,-117.82884979248048,ORANGE,IRVINE,-117.82888793945313,33.67167663574219
91721614,2022,2022-03-14,9675,2022-03-02,0845,018039,NA,3,1,9,3000,0,1,1,NA,2,407,I-405 NORTHBOUND,SAND CANYON AVENUE,1836,N,N,A,-,Y,ORA,NA,405,NA,NA,3.23,H,NA,R,N,3,0,1,3,A,-,03,22350,NA,N,C,C,A,A,H,-,A,D,0,NA,NA,NA,NA,Y,NA,A,01,0,1,0,0,0,0,0,0,0,-,-,33.660728454589844,-117.78292083740234,ORANGE,UNINCORPORATED,-117.78292846679688,33.66071701049805
91721700,2022,2022-03-14,9670,2022-03-05,1410,020809,NA,6,2,7,3001,0,1,3,NA,2,094,STATE ROUTE  91 EASTBOUND,RAYMOND AVENUE,0,NA,Y,B,-,Y,ORA,NA,91,NA,NA,4.295,H,NA,R,N,3,0,4,4,A,-,03,22350,NA,N,C,C,A,A,H,-,A,D,0,NA,NA,NA,NA,Y,NA,A,01,0,1,3,0,0,0,0,0,0,-,-,33.85371017456055,-117.90624237060548,ORANGE,ANAHEIM,-117.90624237060548,33.853729248046875
91722915,2022,2022-03-15,9690,2022-03-06,1750,021875,NA,7,2,4,3029,0,1,1,NA,2,058,I-5 N/B (SAN DIEGO FRWY),VIA CALIFORNIA,2000,S,N,A,-,Y,ORA,NA,5,NA,NA,6.223,H,NA,R,N,4,0,2,5,A,-,03,22350,NA,N,C,C,A,A,H,-,B,D,0,NA,NA,NA,NA,Y,NA,A,01,0,0,2,0,0,0,0,0,0,-,-,33.46215057373047,-117.66219329833984,ORANGE,DANA POINT,-117.66218566894533,33.462154388427734
9172315,2020,2020-12-07,3000,2020-08-14,1835,8737,891E5,5,5,5,3050,0,0,0,NA,0,465,LAKE FOREST DR,RT 5,46,E,N,A,-,Y,ORA,12,5,-,-,19.499,R,4,N,N,3,0,1,2,D,-,00,NA,NA,N,F,G,A,A,H,-,A,A,0,NA,Y,NA,NA,Y,NA,-,-,0,1,0,0,0,0,1,0,0,-,NF,NA,NA,ORANGE,LAKE FOREST,-117.71613311767578,33.623863220214844
91725332,2022,2022-03-17,9675,2022-03-09,1221,019652,NA,3,1,7,3019,0,1,1,NA,2,502,I-5 SOUTHBOUND,4TH STREET,1500,N,N,A,-,Y,ORA,NA,5,NA,NA,31.507,H,NA,L,N,4,0,1,2,A,-,03,22350,NA,N,C,C,A,A,H,-,A,D,0,NA,NA,NA,NA,Y,NA,A,01,0,0,1,0,0,0,0,0,0,-,-,33.75257873535156,-117.84800720214844,ORANGE,SANTA ANA,-117.84793090820313,33.75266647338867
91728674,2022,2022-03-22,9670,2022-03-14,1615,019290,NA,1,2,3,3013,0,1,1,NA,2,061,I-605 S/B,I-605 N/B CONNECTOR RAOD O/C TO I-605 N/B,1056,N,N,A,-,Y,ORA,NA,605,NA,R,0.261,H,NA,L,N,4,0,1,2,A,-,07,21658,A,N,C,C,A,A,H,-,A,D,0,NA,NA,NA,Y,Y,NA,F,26,0,0,1,0,0,0,0,0,0,-,-,33.78786087036133,-118.08992004394533,ORANGE,LOS ALAMITOS,-118.09001922607422,33.78789520263672
91730762,2022,2022-03-24,9670,2022-03-18,2127,021210,NA,5,2,7,3001,0,1,1,NA,2,502,I-5 N/B,EUCLID ST,528,S,N,A,-,Y,ORA,NA,5,NA,NA,39.241,H,NA,R,Y,4,0,1,3,A,-,03,22350,NA,N,C,C,A,A,H,-,C,D,0,NA,NA,NA,NA,Y,NA,A,01,0,0,1,0,0,0,0,0,0,-,-,33.834571838378906,-117.93704223632813,ORANGE,ANAHEIM,-117.93702697753906,33.83460998535156
91730992,2022,2022-03-24,9675,2022-03-17,0638,020018,NA,4,1,7,3019,0,1,1,NA,2,530,I-5 SOUTHBOUND,1ST STREET,1500,S,N,A,-,Y,ORA,NA,5,NA,NA,30.788,H,NA,L,N,4,0,1,2,A,-,03,22350,NA,N,C,C,A,A,H,-,A,D,0,NA,NA,Y,NA,Y,NA,C,02,0,0,1,0,0,0,0,0,1,-,-,33.744258880615234,-117.84152221679688,ORANGE,SANTA ANA,-117.84162139892578,33.744197845458984
91731123,2022,2022-03-24,9675,2022-03-19,1130,020018,NA,6,1,6,3026,0,1,1,NA,2,504,I-5 NORTHBOUND,LAKE FOREST DRIVE,1000,N,N,A,-,Y,ORA,NA,5,NA,NA,20.158,H,NA,R,N,4,0,2,2,A,-,03,22350,NA,N,C,C,A,A,H,-,A,D,0,NA,NA,NA,NA,Y,NA,A,01,0,0,2,0,0,0,0,0,0,-,-,33.63140106201172,-117.72310638427734,ORANGE,IRVINE,-117.72328948974608,33.63125228881836
91733541,2022,2022-03-25,9670,2022-03-21,1415,019304,NA,1,2,5,3024,0,1,3,NA,2,023,SR-22 W/B,BEACH BLVD,1320,E,N,A,-,Y,ORA,NA,22,NA,R,4.365,H,NA,L,Y,4,0,1,3,A,-,08,22107,NA,M,B,C,A,A,H,-,A,D,0,NA,NA,NA,Y,Y,NA,A,01,0,0,1,0,0,0,0,0,0,-,-,33.769439697265625,-117.9792022705078,ORANGE,WESTMINSTER,-117.97917175292967,33.769474029541016
91734693,2022,2022-03-28,9690,2022-03-17,0750,020236,NA,4,1,5,3028,0,1,1,NA,2,055,I-5 N/B (SAN DIEGO FRWY),ALICIA PARKWAY,375,N,N,A,-,Y,ORA,NA,5,NA,NA,17.807,H,NA,R,N,4,0,1,2,A,-,03,22350,NA,N,C,C,A,A,D,-,A,D,0,NA,NA,NA,NA,Y,NA,A,07,0,0,1,0,0,0,0,0,0,-,-,33.6072883605957,-117.6952896118164,ORANGE,MISSION VIEJO,-117.6952667236328,33.607330322265625
91735821,2022,2022-03-29,9675,2022-03-16,1702,021377,NA,3,2,7,3001,0,1,3,NA,2,094,SR-91 EASTBOUND,WEIR CANYON RD,3950,W,N,A,-,Y,ORA,NA,91,NA,R,13.633,H,NA,R,Y,2,0,1,3,A,-,07,21658,A,F,C,C,A,A,H,-,A,D,0,NA,NA,Y,NA,Y,NA,-,99,1,0,0,0,0,0,0,0,1,-,-,33.8686408996582,-117.75826263427734,ORANGE,ANAHEIM,-117.75826263427734,33.868648529052734
91736129,2022,2022-03-29,9670,2022-03-24,0930,016454,NA,4,1,4,3020,0,1,1,NA,2,061,I-605 S/B,I-405,200,N,N,A,-,Y,ORA,NA,605,NA,R,0.097,H,NA,L,N,4,0,1,3,A,-,03,22350,NA,N,C,C,A,A,H,-,A,D,0,NA,NA,NA,NA,Y,NA,D,22,0,0,1,0,0,0,0,0,0,-,-,33.78561019897461,-118.09111785888672,ORANGE,SEAL BEACH,-118.0911865234375,33.7856330871582