CASE_ID,ACCIDENT_YEAR,PROC_DATE,JURIS,COLLISION_DATE,COLLISION_TIME,OFFICER_ID,REPORTING_DISTRICT,DAY_OF_WEEK,CHP_SHIFT,POPULATION,CNTY_CITY_LOC,SPECIAL_COND,BEAT_TYPE,CHP_BEAT_TYPE,CITY_DIVISION_LAPD,CHP_BEAT_CLASS,BEAT_NUMBER,PRIMARY_RD,SECONDARY_RD,DISTANCE,DIRECTION,INTERSECTION,WEATHER_1,WEATHER_2,STATE_HWY_IND,CALTRANS_COUNTY,CALTRANS_DISTRICT,STATE_ROUTE,ROUTE_SUFFIX,POSTMILE_PREFIX,POSTMILE,LOCATION_TYPE,RAMP_INTERSECTION,SIDE_OF_HWY,TOW_AWAY,COLLISION_SEVERITY,NUMBER_KILLED,NUMBER_INJURED,PARTY_COUNT,PRIMARY_COLL_FACTOR,PCF_CODE_OF_VIOL,PCF_VIOL_CATEGORY,PCF_VIOLATION,PCF_VIOL_SUBSECTION,HIT_AND_RUN,TYPE_OF_COLLISION,MVIW,PED_ACTION,ROAD_SURFACE,ROAD_COND_1,ROAD_COND_2,LIGHTING,CONTROL_DEVICE,CHP_ROAD_TYPE,PEDESTRIAN_ACCIDENT,BICYCLE_ACCIDENT,MOTORCYCLE_ACCIDENT,TRUCK_ACCIDENT,NOT_PRIVATE_PROPERTY,ALCOHOL_INVOLVED,STWD_VEHTYPE_AT_FAULT,CHP_VEHTYPE_AT_FAULT,COUNT_SEVERE_INJ,COUNT_VISIBLE_INJ,COUNT_COMPLAINT_PAIN,COUNT_PED_KILLED,COUNT_PED_INJURED,COUNT_BICYCLIST_KILLED,COUNT_BICYCLIST_INJURED,COUNT_MC_KILLED,COUNT_MC_INJURED,PRIMARY_RAMP,SECONDARY_RAMP,LATITUDE,LONGITUDE,COUNTY,CITY,POINT_X,POINT_Y
94403049,2024,2024-10-04,9675,2024-09-13,1535,019599,NA,5,2,6,3004,0,1,3,NA,2,073,SR-73 NORTHBOUND TO I-405 NORTHBOUND,FAIRVIEW ROAD,2000,S,N,A,-,Y,ORA,NA,73,NA,R,27.921,H,NA,R,Y,4,0,2,3,A,-,03,22350,NA,N,C,C,A,A,H,-,A,D,0,NA,NA,NA,NA,Y,NA,A,01,0,0,2,0,0,0,0,0,0,-,-,33.6881103515625,-117.90071105957033,ORANGE,COSTA MESA,-117.90071105957033,33.68806076049805
94404257,2024,2024-09-23,9675,2024-09-14,1422,022222,NA,6,2,5,3022,0,1,1,NA,2,503,I-5 S/B TO SR-55 S/B,SR-55 SOUTHBOUND,575,N,N,A,-,Y,ORA,NA,5,NA,NA,30.382,H,NA,L,Y,4,0,2,3,A,-,03,22350,NA,N,C,C,A,A,H,-,A,D,0,NA,NA,NA,NA,Y,NA,A,01,0,0,2,0,0,0,0,0,0,-,-,33.74100112915039,-117.83570098876952,ORANGE,TUSTIN,-117.83561706542967,33.74116516113281
94405940,2024,2024-09-24,9670,2024-09-18,1343,020956,NA,3,1,4,3020,0,1,S,NA,2,904,I-405 N/B (SAN DIEGO FREEWAY),DAISY ST,250,W,N,A,-,Y,ORA,NA,405,NA,NA,21.541,H,NA,R,N,3,0,1,4,A,-,03,22350,NA,N,B,C,A,A,H,-,A,D,0,NA,NA,NA,NA,Y,NA,-,-,0,1,0,0,0,0,0,0,0,-,-,33.77439880371094,-118.05580902099608,ORANGE,SEAL BEACH,-118.05580902099608,33.774452209472656
94408458,2024,2024-09-26,9675,2024-09-23,853,020699,NA,1,1,5,3022,0,1,1,NA,2,503,I-5 NORTHBOUND,SR-55 SOUTHBOUND,500,S,N,A,-,Y,ORA,NA,5,NA,NA,30.185,H,NA,R,N,4,0,1,3,A,-,03,22350,NA,N,C,C,A,A,H,-,A,D,0,NA,NA,NA,NA,Y,NA,-,-,0,0,1,0,0,0,0,0,0,-,-,33.74034118652344,-117.83238220214844,ORANGE,TUSTIN,-117.83241271972656,33.74027633666992
94410479,2024,2024-09-27,9675,2024-09-19,320,022052,NA,4,3,6,3026,0,1,1,NA,2,504,I-5 SOUTHBOUND,SAND CANYON AVE.,490,S,N,B,-,Y,ORA,NA,5,NA,R,23.844,H,NA,L,Y,4,0,2,4,A,-,03,22350,NA,F,C,C,A,B,H,-,D,D,0,NA,NA,NA,NA,Y,NA,-,99,0,0,2,0,0,0,0,0,0,-,-,33.6763916015625,-117.7572784423828,ORANGE,IRVINE,-117.7572784423828,33.6763916015625
94414710,2024,2024-10-01,9675,2024-09-24,919,021716,NA,2,1,7,3019,0,1,3,NA,2,551,SR-55 SOUTHBOUND,SANTA CLARA AVE,425,N,N,A,-,Y,ORA,NA,55,NA,NA,12.377,H,NA,L,Y,4,0,1,2,A,-,03,22350,NA,N,C,2,A,A,H,-,A,D,0,NA,NA,NA,NA,Y,NA,A,01,0,0,1,0,0,0,0,0,0,-,-,33.76844024658203,-117.8312530517578,ORANGE,SANTA ANA,-117.83116912841795,33.76844024658203
94416015,2024,2024-10-02,9690,2024-09-30,1043,018200,NA,1,1,5,3028,0,1,1,NA,2,055,I-5 N/B (SAN DIEGO FRWY),OSO PKWY,3168,N,N,A,-,Y,ORA,NA,5,NA,NA,15.843,H,NA,R,N,4,0,2,2,A,-,03,22350,NA,N,C,C,A,A,H,-,A,D,0,NA,NA,NA,NA,Y,NA,A,01,0,0,2,0,0,0,0,0,0,-,-,33.589298248291016,-117.67149353027344,ORANGE,MISSION VIEJO,-117.67147064208984,33.58930206298828
94418405,2024,2024-10-03,9670,2024-10-02,900,016271,NA,3,1,5,3024,0,1,1,NA,2,043,I-405 S/B,MCFADDEN AVE,1000,N,N,A,-,Y,ORA,NA,405,NA,NA,17.231,H,NA,L,Y,4,0,2,2,A,-,03,22350,NA,N,C,C,A,A,H,-,A,A,0,NA,NA,NA,NA,Y,NA,A,01,0,0,2,0,0,0,0,0,0,-,-,33.73905944824219,-117.99832916259766,ORANGE,WESTMINSTER,-117.99829864501952,33.73908615112305
9442570,2022,2022-05-10,3000,2022-03-10,0815,10281,891D5,4,5,4,3045,0,0,0,NA,0,145,LAKE FOREST DR,DEL LAGOP DR,77,N,N,A,-,N,NA,NA,NA,NA,NA,NA,NA,NA,NA,Y,4,0,1,3,A,-,03,22350,NA,N,C,C,A,A,H,-,A,A,0,NA,NA,NA,NA,Y,NA,A,07,0,0,1,0,0,0,0,0,0,-,-,NA,NA,ORANGE,LAGUNA HILLS,-117.72715759277344,33.6290397644043
9442598,2022,2022-05-13,3000,2022-04-04,1450,2849,862C4,1,5,5,3050,0,0,0,NA,0,764,LAKE FOREST DR,RUE DE VALORE,2,N,N,A,-,N,NA,NA,NA,NA,NA,NA,NA,NA,NA,Y,2,0,1,1,C,-,18,NA,NA,N,E,J,A,A,H,-,A,A,0,NA,NA,NA,NA,Y,NA,-,-,1,0,0,0,0,0,0,0,0,-,-,NA,NA,ORANGE,LAKE FOREST,-117.65448760986328,33.68006134033203
94426443,2024,2024-10-10,9675,2024-09-30,940,021397,NA,1,1,7,3001,0,1,3,NA,2,095,SR-91 WESTBOUND,GYPSUM CANYON RD.,4300,E,N,A,-,Y,ORA,NA,91,NA,R,17.18,H,NA,L,Y,3,0,1,2,A,-,07,21658,A,N,C,C,A,A,H,-,A,D,0,NA,NA,Y,NA,Y,NA,A,01,0,1,0,0,0,0,0,0,1,-,-,33.87234115600586,-117.69992065429688,ORANGE,ANAHEIM,-117.6999282836914,33.87235641479492
94427327,2024,2024-10-11,9670,2024-10-10,805,018278,NA,4,1,7,3001,0,1,1,NA,2,053,I-5 S/B,ANAHEIM BLVD,1690,N,N,B,-,Y,ORA,NA,5,NA,NA,36.946,H,NA,L,Y,4,0,1,2,A,-,03,22350,NA,N,C,C,A,A,H,-,A,D,0,NA,NA,NA,NA,Y,NA,A,01,0,0,1,0,0,0,0,0,0,-,-,33.81024932861328,-117.91010284423828,ORANGE,ANAHEIM,-117.91019439697266,33.810184478759766
94428175,2024,2024-10-11,9675,2024-10-04,931,023506,NA,5,1,4,3002,0,1,3,NA,2,570,SR-57 SOUTHBOUND,IMPERIAL HIGHWAY,1003,S,N,A,-,Y,ORA,NA,57,NA,NA,19.667,H,NA,L,N,4,0,1,2,A,-,03,22350,NA,N,C,C,A,A,H,-,A,D,0,NA,NA,NA,NA,Y,NA,A,01,0,0,1,0,0,0,0,0,0,-,-,33.907989501953125,-117.88259887695313,ORANGE,BREA,-117.88258361816406,33.907997131347656
94430614,2024,2024-10-15,9675,2024-10-05,1930,022639,NA,6,2,6,3026,0,1,1,NA,2,504,I-5 NB,JEFFREY ROAD,1000,S,N,A,-,Y,ORA,NA,5,NA,R,24.708,H,NA,R,N,4,0,1,2,A,-,07,21658,A,N,B,C,A,A,H,-,C,D,0,NA,NA,NA,NA,Y,NA,A,08,0,0,1,0,0,0,0,0,0,-,-,33.68650817871094,-117.76583862304688,ORANGE,IRVINE,-117.76590728759766,33.68648147583008
94432760,2024,2024-10-16,9675,2024-10-08,1819,021960,NA,2,2,6,3008,0,1,3,NA,2,571,SR-57 SOUTHBOUND,NUTWOOD AVE,100,N,N,A,-,Y,ORA,NA,57,NA,NA,17.615,H,NA,L,Y,4,0,1,2,A,-,03,22350,NA,N,C,C,A,A,H,-,A,D,0,NA,NA,NA,NA,Y,NA,A,01,0,0,1,0,0,0,0,0,0,-,-,33.8785285949707,-117.88046264648438,ORANGE,FULLERTON,-117.88053131103516,33.8785285949707
94433638,2024,2024-10-16,9675,2024-10-10,549,021633,NA,4,3,7,3019,0,1,1,NA,2,502,I-5 SOUTHBOUND,BROADWAY,1732,N,N,B,-,Y,ORA,NA,5,NA,NA,33.639,H,NA,L,Y,4,0,1,2,A,-,03,22350,NA,N,C,C,A,A,H,-,B,D,0,NA,NA,NA,NA,Y,NA,A,01,0,0,1,0,0,0,0,0,0,-,-,33.774471282958984,-117.87270355224608,ORANGE,SANTA ANA,-117.8727569580078,33.774436950683594
94440618,2024,2024-10-22,9670,2024-10-19,125,022737,NA,6,3,7,3001,0,1,3,NA,2,094,SR-91 (RIVERSIDE FWY) E/B,RAYMOND AVE,100,E,N,A,-,Y,ORA,NA,91,NA,NA,4.296,H,NA,R,Y,4,0,6,3,A,-,08,22107,NA,N,C,C,A,A,H,-,D,D,0,NA,NA,NA,NA,Y,Y,A,01,0,0,6,0,0,0,0,0,0,-,-,33.85380172729492,-117.90621948242188,ORANGE,ANAHEIM,-117.90621948242188,33.853729248046875
94442375,2024,2024-10-23,9675,2024-10-13,1924,023208,NA,7,2,7,3001,0,1,3,NA,2,571,SR-57 SOUTHBOUND TO LINCOLN AVE,LINCOLN AVE,600,N,N,A,-,Y,NA,NA,NA,NA,NA,NA,NA,NA,NA,N,4,0,2,1,A,-,08,22107,NA,N,E,I,A,A,H,-,C,D,0,NA,NA,NA,NA,Y,NA,A,01,0,0,2,0,0,0,0,0,0,-,-,33.8396110534668,-117.87664794921876,ORANGE,ANAHEIM,-117.8761978149414,33.83949661254883
9444756,2022,2022-05-23,3009,2022-05-09,0713,4156,023,1,5,6,3009,0,0,0,NA,0,1-1,CHAPMAN AV,SPRINGDALE ST,0,NA,Y,A,-,N,NA,NA,NA,NA,NA,NA,NA,NA,NA,Y,4,0,2,3,A,-,09,21801,A,N,D,C,A,A,H,-,A,A,0,NA,NA,NA,NA,Y,NA,A,01,0,0,2,0,0,0,0,0,0,-,-,33.7882194519043,-118.0199966430664,ORANGE,GARDEN GROVE,-118.02000427246094,33.78822326660156
94447984,2024,2024-10-28,9675,2024-10-17,1046,021633,NA,4,1,7,3001,0,1,3,NA,2,093,SR-91 WESTBOUND FROM KRAEMER BLVD SOUTHBOUND,KRAEMER BLVD.,680,W,N,B,-,Y,ORA,NA,91,NA,NA,7.21,H,NA,L,Y,4,0,1,2,A,-,06,21750,A,F,B,2,A,A,H,-,A,D,0,NA,NA,NA,NA,Y,NA,A,07,0,0,1,0,0,0,0,0,0,-,-,33.84757995605469,-117.85790252685548,ORANGE,ANAHEIM,-117.85785675048828,33.847450256347656
94448255,2024,2024-12-23,9675,2024-10-18,822,023506,NA,5,1,5,3022,0,1,1,NA,2,503,I-5 SOUTHBOUND,RED HILL AVENUE,50,N,N,A,-,Y,ORA,NA,5,NA,R,29.088,H,NA,L,N,4,0,1,2,A,-,03,22350,NA,N,C,C,A,A,H,-,A,D,0,NA,NA,NA,NA,Y,NA,A,01,0,0,1,0,0,0,0,0,0,-,-,33.73345184326172,-117.8150634765625,ORANGE,TUSTIN,-117.81524658203124,33.733280181884766
94448733,2024,2024-10-29,9675,2024-10-22,1527,020851,NA,2,2,7,3019,0,1,3,NA,2,552,SR-55 NORTHBOUND,EDINGER AVE.,2355,S,N,A,-,Y,ORA,NA,55,NA,R,8.992,H,NA,R,N,3,0,1,2,A,-,03,22350,NA,N,C,C,A,A,H,-,A,D,0,NA,NA,Y,NA,Y,NA,C,02,0,1,0,0,0,0,0,0,1,-,-,33.721038818359375,-117.83924102783205,ORANGE,SANTA ANA,-117.83924102783205,33.72104263305664
9444907,2022,2022-06-21,3026,2022-05-08,1625,666,UNIVE,7,5,6,3026,0,0,0,NA,0,101,BONITA CANYON DR,TURTLE RIDGE DR,0,NA,Y,A,-,N,NA,NA,NA,NA,NA,NA,NA,NA,NA,N,3,0,1,2,A,-,10,21950,A,N,H,G,A,A,H,-,A,A,0,NA,Y,NA,NA,Y,NA,A,01,0,1,0,0,0,0,1,0,0,-,-,NA,NA,ORANGE,IRVINE,-117.83089447021484,33.633827209472656
94449889,2024,2024-10-29,9675,2024-10-22,755,016923,NA,2,1,7,3001,0,1,3,NA,2,572,SR-57 SOUTHBOUND,BALL ROAD,1679,N,N,A,-,Y,ORA,NA,57,NA,NA,13.743,H,NA,L,N,3,0,1,2,A,-,07,21658,A,N,B,C,A,A,H,-,A,D,0,NA,NA,NA,Y,Y,NA,A,01,0,1,0,0,0,0,0,0,0,-,-,33.82284164428711,-117.87635040283205,ORANGE,ANAHEIM,-117.87630462646484,33.82284164428711
94450844,2024,2024-10-30,9675,2024-10-19,656,018714,NA,6,1,6,3026,0,1,1,NA,2,407,I-405 SOUTHBOUND TO SAND CANYON AVE,SAND CANYON AVE,300,N,N,A,-,Y,NA,NA,NA,NA,NA,NA,NA,NA,NA,Y,4,0,1,1,A,-,08,22107,NA,N,E,I,A,A,H,-,B,D,0,NA,NA,NA,NA,Y,NA,A,01,0,0,1,0,0,0,0,0,0,-,-,33.65721130371094,-117.77984619140624,ORANGE,IRVINE,-117.77890777587892,33.65805435180664
94450882,2024,2024-10-30,9675,2024-10-19,859,023506,NA,6,1,7,3001,0,1,3,NA,2,093,SR-91 WESTBOUND,SR-55 NORTHBOUND,2376,E,N,A,-,Y,ORA,NA,91,NA,R,9.56,H,NA,L,N,4,0,1,2,A,-,03,22350,NA,N,C,C,A,A,H,-,A,D,0,NA,NA,NA,NA,Y,NA,A,01,0,0,1,0,0,0,0,0,0,-,-,33.84632873535156,-117.82134246826172,ORANGE,ANAHEIM,-117.8213348388672,33.8463249206543
94455481,2024,2024-11-01,9675,2024-10-23,1732,019599,NA,3,2,7,3001,0,1,3,NA,2,093,SR-91 EASTBOUND,TUSTIN AVE.,350,E,N,A,-,Y,ORA,NA,91,NA,NA,8.478,H,NA,R,N,4,0,1,3,A,-,07,21658,A,N,B,C,A,A,H,-,A,D,0,NA,NA,Y,NA,Y,NA,A,01,0,0,1,0,0,0,0,0,1,-,-,33.85057830810547,-117.83679962158205,ORANGE,ANAHEIM,-117.83680725097656,33.85056686401367
94457595,2024,2024-11-04,9675,2024-10-24,942,020851,NA,4,1,7,3001,0,1,3,NA,2,194,SR-91 WESTBOUND,LAKEVIEW AVE,2620,W,N,A,-,Y,ORA,NA,91,NA,R,9.563,H,NA,L,N,3,0,4,3,A,-,08,22107,NA,N,E,I,A,A,H,-,A,D,0,NA,NA,NA,NA,Y,NA,A,07,0,4,0,0,0,0,0,0,0,-,-,33.84624099731445,-117.82122039794922,ORANGE,ANAHEIM,-117.82128143310548,33.846343994140625
94457717,2024,2024-11-05,9675,2024-10-25,947,023116,NA,5,1,6,3004,0,1,3,NA,2,553,SR-55 NORTHBOUND,I-405,1500,N,N,A,-,Y,ORA,NA,55,NA,R,6.295,H,NA,R,N,3,0,1,2,A,-,07,21658,A,N,B,C,A,A,H,-,A,D,0,NA,NA,Y,NA,Y,NA,C,02,0,1,0,0,0,0,0,0,1,-,-,33.69071960449219,-117.86878967285156,ORANGE,COSTA MESA,-117.86886596679688,33.69076919555664
94458733,2024,2024-11-05,9690,2024-10-18,600,020038,NA,5,1,9,3000,0,1,3,NA,1,074,SR-74 (ORTEGA HIGHWAY),GIBBY ROAD,2640,E,N,B,-,Y,ORA,NA,74,NA,NA,5.755,H,NA,R,Y,4,0,1,1,A,-,08,22107,NA,N,E,I,A,A,H,-,D,D,0,NA,NA,NA,NA,Y,NA,A,07,0,0,1,0,0,0,0,0,0,-,-,33.514339447021484,-117.56881713867188,ORANGE,UNINCORPORATED,-117.5688247680664,33.51438903808594
94459328,2024,2024-11-06,9675,2024-10-26,1605,023116,NA,6,2,7,3001,0,1,3,NA,2,094,SR-91 WESTBOUND,LAKEVIEW AVENUE,3000,E,N,A,-,Y,ORA,NA,91,NA,R,10.742,H,NA,L,Y,3,0,1,2,A,-,07,21658,A,N,C,C,A,A,H,-,A,D,0,NA,NA,Y,NA,Y,NA,A,01,0,1,0,0,0,0,0,0,1,-,-,33.85456848144531,-117.804931640625,ORANGE,ANAHEIM,-117.80492401123048,33.854637145996094
94464287,2024,2024-11-11,9675,2024-11-01,505,022909,NA,5,3,7,3001,0,1,3,NA,2,195,SR-91 EASTBOUND,IMPERIAL HWY,200,W,N,A,-,Y,ORA,NA,91,NA,R,11.496,H,NA,R,Y,3,0,1,2,A,-,03,22350,NA,N,C,C,A,A,H,-,C,D,0,NA,NA,NA,NA,Y,NA,A,01,0,1,0,0,0,0,0,0,0,-,-,33.85422134399414,-117.79145050048828,ORANGE,ANAHEIM,-117.79144287109376,33.85417556762695
94465472,2024,2024-11-12,9675,2024-09-28,842,023523,NA,6,1,9,3000,0,2,4,NA,2,035,SILVERADO CANYON ROAD,OLIVE DRIVE,150,E,N,A,-,N,NA,NA,NA,NA,NA,NA,NA,NA,NA,Y,4,0,1,2,A,-,08,22107,NA,N,B,2,A,A,H,-,A,D,0,NA,NA,NA,NA,Y,NA,E,22,0,0,1,0,0,0,0,0,0,-,-,33.74699020385742,-117.62474822998048,ORANGE,UNINCORPORATED,-117.62678527832033,33.74638748168945
94466669,2024,2024-11-12,9690,2024-11-06,934,018200,NA,3,1,5,3050,0,1,1,NA,2,055,I-5 N/B (SAN DIEGO FRWY),LOS ALISOS BLVD,5,S,N,A,-,Y,ORA,NA,5,NA,NA,17.951,H,NA,R,Y,4,0,1,3,A,-,06,21755,A,N,B,C,A,A,H,-,A,D,0,NA,NA,Y,NA,Y,NA,C,02,0,0,1,0,0,0,0,0,1,-,-,33.60818862915039,-117.6975326538086,ORANGE,LAKE FOREST,-117.69747161865234,33.608280181884766
94469830,2024,2024-11-14,9675,2024-11-04,817,021716,NA,1,1,9,3000,0,3,5,NA,2,002,17TH ST.,MAUVE DR.,0,NA,Y,A,-,N,NA,NA,NA,NA,NA,NA,NA,NA,NA,N,4,0,1,2,A,-,05,21651,B,N,B,C,A,A,H,-,A,D,0,NA,Y,NA,NA,Y,NA,M,91,0,0,1,0,0,0,1,0,0,-,-,33.76005935668945,-117.81742095947266,ORANGE,UNINCORPORATED,-117.8174285888672,33.75993728637695
94470271,2024,2024-11-15,9675,2024-11-07,652,021633,NA,4,1,7,3019,0,1,3,NA,2,222,SR-22 EASTBOUND,MAIN STREET,232,E,N,A,-,Y,ORA,NA,22,NA,R,11.148,H,NA,R,Y,3,0,1,2,A,-,03,22350,NA,N,C,C,A,A,H,-,A,D,0,NA,NA,NA,NA,Y,NA,A,01,0,1,0,0,0,0,0,0,0,-,-,33.77817916870117,-117.86463165283205,ORANGE,SANTA ANA,-117.86463165283205,33.77818298339844
9447583,2022,2022-09-29,3004,2022-09-14,1641,P676,13,3,5,6,3004,0,0,0,NA,0,015,FAIR DR,FORDHAM DR,0,NA,Y,A,-,N,NA,NA,NA,NA,NA,NA,NA,NA,NA,N,3,0,1,2,A,-,09,21802,A,N,D,G,A,A,H,-,B,A,0,NA,Y,NA,NA,Y,NA,A,07,0,1,0,0,0,0,1,0,0,-,-,33.641998291015625,-117.91999816894533,ORANGE,COSTA MESA,-117.9149932861328,33.663265228271484
94480323,2024,2024-11-22,9675,2024-11-13,1848,021960,NA,3,2,6,3008,0,1,3,NA,2,571,SR-57 NORTHBOUND,CHAPMAN AVE.,1584,S,N,A,-,Y,ORA,NA,57,NA,NA,16.973,H,NA,R,Y,3,0,2,3,A,-,03,22350,NA,N,C,C,A,A,H,-,C,D,0,NA,NA,NA,NA,Y,NA,A,07,0,2,0,0,0,0,0,0,0,-,-,33.86933135986328,-117.8794403076172,ORANGE,FULLERTON,-117.87953948974608,33.86930847167969
94484916,2024,2024-11-26,9675,2024-11-19,1550,021633,NA,2,2,9,3000,0,3,5,NA,2,001,SANTIAGO CANYON RD,RANDALL ST,20,W,N,A,-,N,NA,NA,NA,NA,NA,NA,NA,NA,NA,N,4,0,1,2,A,-,03,22350,NA,N,C,C,A,A,H,-,A,D,0,NA,NA,NA,NA,Y,NA,A,07,0,0,1,0,0,0,0,0,0,-,-,33.81401062011719,-117.78101348876952,ORANGE,UNINCORPORATED,-117.78108215332033,33.81393814086914
94494441,2024,2024-12-06,9675,2024-12-04,1720,020851,NA,3,2,6,3015,0,1,3,NA,2,222,SR-22 WESTBOUND,PARKER ST.,200,W,N,A,-,Y,ORA,NA,22,NA,R,11.483,H,NA,L,N,3,0,1,1,C,-,18,NA,NA,N,E,J,A,A,H,-,C,D,0,NA,NA,Y,NA,Y,NA,-,-,0,1,0,0,0,0,0,0,1,-,-,33.77791976928711,-117.85885620117188,ORANGE,ORANGE,-117.85885620117188,33.77792739868164
94495177,2024,2025-02-10,9670,2024-11-24,28,022343,NA,7,3,7,3001,0,1,1,NA,2,502,I-5 N/B,HARBOR BLVD,45,N,N,B,-,Y,ORA,NA,5,NA,NA,37.435,H,NA,R,Y,4,0,2,5,A,-,03,22350,NA,N,D,C,A,B,H,-,C,D,0,NA,NA,NA,NA,Y,NA,A,01,0,0,2,0,0,0,0,0,0,-,-,33.8160400390625,-117.91570281982422,ORANGE,ANAHEIM,-117.91570281982422,33.816036224365234
94496331,2024,2024-12-11,9690,2024-12-01,1325,019394,NA,7,1,9,3000,0,2,4,NA,2,035,OSO PKWY.,SOLANO,0,NA,Y,A,-,N,NA,NA,NA,NA,NA,NA,NA,NA,NA,Y,2,0,2,2,A,-,09,21801,A,N,D,C,A,A,H,-,A,D,0,NA,NA,NA,NA,Y,NA,A,01,1,0,1,0,0,0,0,0,0,-,-,33.58953094482422,-117.59928131103516,ORANGE,UNINCORPORATED,-117.59926605224608,33.58949279785156
94500599,2024,2024-12-13,9675,2024-12-03,350,022639,NA,2,3,6,3026,0,1,3,NA,2,130,SR-133 NORTHBOUND,GREAT PARK BOULEVARD OVERCROSSING,0,NA,Y,A,-,Y,ORA,NA,133,NA,NA,10.884,H,NA,R,Y,3,0,1,1,A,-,03,22350,NA,N,E,I,A,A,H,-,C,D,0,NA,NA,NA,Y,Y,NA,F,27,0,1,0,0,0,0,0,0,0,-,-,33.68476867675781,-117.74574279785156,ORANGE,IRVINE,-117.74573516845705,33.68476486206055
9450736,2022,2022-06-17,3009,2022-05-17,1252,4156,075,2,5,6,3009,0,0,0,NA,0,013,GARDEN GROVE BL,YOCKEY ST,0,NA,Y,A,-,N,NA,NA,NA,NA,NA,NA,NA,NA,NA,Y,4,0,1,2,A,-,09,21801,A,N,D,C,A,A,H,-,A,D,0,NA,NA,NA,NA,Y,NA,A,01,0,0,1,0,0,0,0,0,0,-,-,NA,NA,ORANGE,GARDEN GROVE,-117.97686004638672,33.77383041381836
9450759,2022,2022-06-16,3010,2022-05-14,2359,3004,465,6,5,6,3010,0,0,0,NA,0,002,MAGNOLIA,HAMILTON,0,NA,Y,A,-,N,NA,NA,NA,NA,NA,NA,NA,NA,NA,Y,3,0,2,2,A,-,01,23152,A,N,D,C,A,A,H,-,C,A,0,NA,NA,NA,NA,Y,Y,A,07,0,2,0,0,0,0,0,0,0,-,-,NA,NA,ORANGE,HUNTINGTON BEACH,-117.97091674804688,33.65048599243164
94507788,2024,2024-12-17,9675,2024-12-07,210,023318,NA,6,3,7,3019,0,1,3,NA,2,222,SR-22 EASTBOUND,BRISTOL STREET,528,E,N,A,-,Y,ORA,NA,22,NA,R,10.071,H,NA,R,Y,4,0,1,1,A,-,01,23152,A,N,E,I,A,A,H,-,C,D,0,NA,NA,NA,NA,Y,Y,A,01,0,0,1,0,0,0,0,0,0,-,-,33.778648376464844,-117.88329315185548,ORANGE,SANTA ANA,-117.88328552246094,33.77890396118164
94509564,2024,2024-12-19,9670,2024-12-16,605,015587,NA,1,1,7,3001,0,1,1,NA,2,503,I-5 S/B (SANTA ANA FREEWAY),GENE AUTRY WAY,275,N,N,A,-,Y,ORA,NA,5,NA,NA,35.966,H,NA,L,Y,4,0,1,3,A,-,07,21658,A,F,B,C,A,A,H,-,D,D,0,NA,NA,NA,NA,Y,NA,A,01,0,0,1,0,0,0,0,0,0,-,-,33.799888610839844,-117.89907073974608,ORANGE,ANAHEIM,-117.89909362792967,33.79987335205078
94510881,2024,2024-12-19,9675,2024-12-10,900,021716,NA,2,1,6,3004,0,1,3,NA,2,073,SR-73 SOUTHBOUND,RED HILL AVE.,495,S,N,A,-,Y,ORA,NA,73,NA,R,25.986,H,NA,L,N,4,0,1,2,A,-,03,22350,NA,N,C,C,A,A,H,-,A,D,0,NA,NA,NA,NA,Y,NA,D,22,0,0,1,0,0,0,0,0,0,-,-,33.666160583496094,-117.88027191162108,ORANGE,COSTA MESA,-117.88018798828124,33.66621780395508
9451112,2021,2022-07-21,3016,2021-03-17,1923,2189,18,3,5,5,3016,0,0,0,NA,0,002,PLACENTIA AV,PRIMROSE AV,200,N,N,A,-,N,NA,NA,NA,NA,NA,NA,NA,NA,NA,N,4,0,1,3,A,-,08,22107,NA,N,C,E,A,A,H,-,C,D,0,NA,NA,NA,Y,Y,NA,A,01,0,0,1,0,0,0,0,0,0,-,-,33.87778854370117,-117.87776184082033,ORANGE,PLACENTIA,-117.87775421142578,33.87834167480469