CASE_ID,ACCIDENT_YEAR,PROC_DATE,JURIS,COLLISION_DATE,COLLISION_TIME,OFFICER_ID,REPORTING_DISTRICT,DAY_OF_WEEK,CHP_SHIFT,POPULATION,CNTY_CITY_LOC,SPECIAL_COND,BEAT_TYPE,CHP_BEAT_TYPE,CITY_DIVISION_LAPD,CHP_BEAT_CLASS,BEAT_NUMBER,PRIMARY_RD,SECONDARY_RD,DISTANCE,DIRECTION,INTERSECTION,WEATHER_1,WEATHER_2,STATE_HWY_IND,CALTRANS_COUNTY,CALTRANS_DISTRICT,STATE_ROUTE,ROUTE_SUFFIX,POSTMILE_PREFIX,POSTMILE,LOCATION_TYPE,RAMP_INTERSECTION,SIDE_OF_HWY,TOW_AWAY,COLLISION_SEVERITY,NUMBER_KILLED,NUMBER_INJURED,PARTY_COUNT,PRIMARY_COLL_FACTOR,PCF_CODE_OF_VIOL,PCF_VIOL_CATEGORY,PCF_VIOLATION,PCF_VIOL_SUBSECTION,HIT_AND_RUN,TYPE_OF_COLLISION,MVIW,PED_ACTION,ROAD_SURFACE,ROAD_COND_1,ROAD_COND_2,LIGHTING,CONTROL_DEVICE,CHP_ROAD_TYPE,PEDESTRIAN_ACCIDENT,BICYCLE_ACCIDENT,MOTORCYCLE_ACCIDENT,TRUCK_ACCIDENT,NOT_PRIVATE_PROPERTY,ALCOHOL_INVOLVED,STWD_VEHTYPE_AT_FAULT,CHP_VEHTYPE_AT_FAULT,COUNT_SEVERE_INJ,COUNT_VISIBLE_INJ,COUNT_COMPLAINT_PAIN,COUNT_PED_KILLED,COUNT_PED_INJURED,COUNT_BICYCLIST_KILLED,COUNT_BICYCLIST_INJURED,COUNT_MC_KILLED,COUNT_MC_INJURED,PRIMARY_RAMP,SECONDARY_RAMP,LATITUDE,LONGITUDE,COUNTY,CITY,POINT_X,POINT_Y
9502920,2022,2022-10-03,3000,2022-08-11,0754,7734,892C6,4,5,5,3028,0,0,0,NA,0,751,TRABUCO RD,VIA VICTORIA,0,NA,Y,A,-,N,NA,NA,NA,NA,NA,NA,NA,NA,NA,Y,3,0,2,2,A,-,09,21802,A,N,D,C,A,A,H,-,A,D,0,NA,NA,NA,NA,Y,NA,A,07,0,2,0,0,0,0,0,0,0,-,-,NA,NA,ORANGE,MISSION VIEJO,-117.66072845458984,33.61883544921875
9503445,2022,2022-10-12,3002,2022-08-11,1710,3893,739J3,4,5,5,3025,0,0,0,NA,0,001,BASTANCHURY RD,IMPERIAL HWY,0,NA,Y,A,-,N,NA,NA,NA,NA,NA,NA,NA,NA,NA,Y,4,0,1,2,A,-,07,21658,A,N,B,C,A,A,H,-,A,A,0,NA,NA,NA,Y,Y,NA,A,01,0,0,1,0,0,0,0,0,0,-,-,NA,NA,ORANGE,YORBA LINDA,-117.8315658569336,33.89932632446289
9503457,2022,2022-10-03,3000,2022-08-14,1612,10462,893A2,7,5,4,3048,0,0,0,NA,0,366,RICHARD REESE WY,AVENIDA DE LAS FLORES,32,E,N,A,-,N,NA,NA,NA,NA,NA,NA,NA,NA,NA,N,4,0,1,2,A,-,21,22106,NA,N,C,C,A,A,H,-,A,D,0,NA,NA,NA,NA,Y,NA,D,22,0,0,1,0,0,0,0,0,0,-,-,NA,NA,ORANGE,RANCHO SANTA MARGARITA,-117.59957885742188,33.641143798828125
9503704,2022,2022-09-27,3000,2022-08-20,1557,4246,992H3,6,5,5,3017,0,0,0,NA,0,776,AVENIDA PICO,RT 5,25,W,N,A,-,N,NA,NA,NA,NA,NA,NA,NA,NA,NA,Y,3,0,1,1,A,-,08,22107,NA,N,B,G,A,A,H,-,A,A,0,NA,NA,Y,NA,Y,NA,C,03,0,1,0,0,0,0,0,0,1,-,SF,NA,NA,ORANGE,SAN CLEMENTE,-117.62278747558594,33.438751220703125
9504040,2022,2022-10-06,3000,2022-03-04,2045,8737,798A1,5,5,4,3021,0,0,0,NA,0,022,DALE AV,WEST CERRITOS AV,15,S,N,A,-,N,NA,NA,NA,NA,NA,NA,NA,NA,NA,N,1,1,0,2,A,-,11,21456,C,F,G,B,B,A,H,-,C,A,0,Y,NA,NA,NA,Y,NA,N,60,0,0,0,1,0,0,0,0,0,-,-,NA,NA,ORANGE,STANTON,-117.98448181152344,33.81026077270508
9504357,2022,2022-10-18,3000,2022-07-24,1029,10776,797J1,7,5,4,3021,0,0,0,NA,0,2A22,BEACH BL,CERRITOS AV,0,NA,Y,A,-,Y,ORA,12,39,-,-,11.181,I,5,N,N,4,0,1,2,A,-,03,22350,NA,N,C,C,A,A,H,-,A,A,0,NA,NA,NA,NA,Y,NA,A,07,0,0,1,0,0,0,0,0,0,-,-,NA,NA,ORANGE,STANTON,-117.99311065673828,33.810176849365234
9505021,2022,2022-11-02,3004,2022-10-25,0544,P668,17,2,5,6,3004,0,0,0,NA,0,010,W BAKER ST,MENDOZA DR,0,NA,Y,A,-,N,NA,NA,NA,NA,NA,NA,NA,NA,NA,N,3,0,1,2,A,-,03,22350,NA,N,C,C,A,A,H,-,C,A,0,NA,NA,Y,NA,Y,NA,A,01,0,1,0,0,0,0,0,0,1,-,-,33.68009948730469,-117.90129852294922,ORANGE,COSTA MESA,-117.90116119384766,33.68012237548828
9505533,2022,2022-11-09,3026,2022-10-13,1653,6352,CROSS,4,5,6,3026,0,0,0,NA,0,005,JEFFREY RD,BARRANCA PKWY,0,NA,Y,B,-,N,NA,NA,NA,NA,NA,NA,NA,NA,NA,Y,3,0,2,4,A,-,01,23153,F,N,D,C,A,A,H,-,A,A,0,NA,NA,NA,NA,Y,NA,D,22,0,1,1,0,0,0,0,0,0,-,-,NA,NA,ORANGE,IRVINE,-117.78488159179688,33.673526763916016
9506657,2022,2022-10-20,3000,2022-09-10,0452,10820,798B2,6,5,4,3021,0,0,0,NA,0,022,KATELLA AV,MAGNOLIA AV,0,NA,Y,A,-,N,NA,NA,NA,NA,NA,NA,NA,NA,NA,Y,3,0,1,2,D,-,00,NA,NA,N,D,C,A,A,H,-,B,D,0,NA,NA,NA,NA,Y,NA,-,-,0,1,0,0,0,0,0,0,0,-,-,NA,NA,ORANGE,STANTON,-117.97564697265624,33.80315399169922
9506701,2022,2022-10-12,3000,2022-08-29,1600,5805,891F3,1,5,5,3050,0,0,0,NA,0,765,ASPAN ST,LAMBERT ST,8,W,N,A,-,N,NA,NA,NA,NA,NA,NA,NA,NA,NA,Y,4,0,1,2,A,-,09,21802,A,N,D,C,A,A,H,-,A,A,0,NA,NA,NA,NA,Y,NA,D,22,0,0,1,0,0,0,0,0,0,-,-,NA,NA,ORANGE,LAKE FOREST,-117.71475219726563,33.634254455566406
9507045,2022,2022-10-18,3003,2022-09-20,0716,1268,NA,2,5,5,3003,0,0,0,NA,0,NA,LA PALMA AV,WESTERN AV,0,NA,Y,A,-,N,NA,NA,NA,NA,NA,NA,NA,NA,NA,Y,4,0,2,3,A,-,12,21453,A,N,D,C,A,A,H,-,A,A,0,NA,NA,NA,NA,Y,NA,A,01,0,0,2,0,0,0,0,0,0,-,-,33.84653091430664,-118.02330017089844,ORANGE,BUENA PARK,-118.00238037109376,33.84663391113281
9507231,2022,2022-10-21,3000,2022-08-30,1827,4246,971H5,2,5,4,3029,0,0,0,NA,0,776,STONEHILL DR,CHELTAM WY,72,S,N,A,-,N,NA,NA,NA,NA,NA,NA,NA,NA,NA,N,3,0,1,2,A,-,03,22350,NA,N,B,G,A,A,H,-,A,A,0,NA,Y,NA,NA,Y,NA,A,08,0,1,0,0,0,0,1,0,0,-,-,NA,NA,ORANGE,DANA POINT,-117.69544219970705,33.4763298034668
9508391,2022,2022-10-27,3000,2022-09-24,1830,2742,992G3,6,5,5,3017,0,0,0,NA,0,778,NORTH EL CAMINO REAL,AVENIDA ESTACION,96,S,N,A,-,N,NA,NA,NA,NA,NA,NA,NA,NA,NA,N,3,0,1,2,A,-,11,21954,A,N,G,B,D,A,H,-,A,D,0,Y,NA,NA,NA,Y,NA,N,60,0,1,0,0,1,0,0,0,0,-,-,NA,NA,ORANGE,SAN CLEMENTE,-117.63348388671876,33.43291473388672
9512029,2022,2022-10-24,3012,2022-09-27,1340,686,32,2,5,5,3012,0,0,0,NA,0,003,IDAHO ST,LAMBERT RD,136,S,N,A,-,N,NA,NA,NA,NA,NA,NA,NA,NA,NA,Y,3,0,2,2,A,-,05,21651,A,N,A,C,A,A,H,-,A,A,0,NA,NA,NA,NA,Y,NA,A,01,0,2,0,0,0,0,0,0,0,-,-,NA,NA,ORANGE,LA HABRA,-117.96189880371094,33.92316818237305
9512866,2022,2022-11-09,3009,2022-10-26,1824,4352,095,3,5,6,3009,0,0,0,NA,0,1-3,ERIN RD,TRASK AV,432,N,N,A,-,N,NA,NA,NA,NA,NA,NA,NA,NA,NA,Y,4,0,1,3,A,-,08,22107,NA,N,B,C,A,A,H,-,A,A,0,NA,NA,NA,NA,Y,NA,A,01,0,0,1,0,0,0,0,0,0,-,-,NA,NA,ORANGE,GARDEN GROVE,-117.96233367919922,33.767913818359375
9512922,2022,2022-11-18,3004,2022-09-27,1056,P631,11,2,5,6,3004,0,0,0,NA,0,001,NEWPORT BL,BROADWAY,140,N,N,A,-,Y,ORA,12,55,-,-,1.92,H,-,S,N,3,0,1,2,A,-,08,22107,NA,N,B,C,A,A,H,-,A,A,0,NA,NA,NA,NA,Y,NA,A,07,0,1,0,0,0,0,0,0,0,-,-,33.64237976074219,-117.91770935058594,ORANGE,COSTA MESA,-117.91769409179688,33.642356872558594
9512943,2022,2022-11-18,3004,2022-10-30,0721,P542,11,7,5,6,3004,0,0,0,NA,0,002,NEWPORT BL,VICTORIA ST,0,NA,Y,A,-,N,NA,NA,NA,NA,NA,NA,NA,NA,NA,Y,2,0,2,2,A,-,12,21453,A,N,D,C,A,A,H,-,A,A,0,NA,NA,NA,NA,Y,NA,-,-,1,1,0,0,0,0,0,0,0,-,-,33.652000427246094,-117.90899658203124,ORANGE,COSTA MESA,-117.9088134765625,33.65211486816406
9513504,2022,2022-11-22,3011,2022-10-30,0643,31448,23,7,5,4,3011,0,0,0,NA,0,001,N COAST HWY,CRESCENT BAY DR,0,NA,Y,A,-,Y,ORA,12,1,-,-,10.491,I,5,S,Y,4,0,2,2,A,-,08,22107,NA,N,D,C,A,A,H,-,B,A,0,NA,NA,NA,NA,Y,NA,A,01,0,0,2,0,0,0,0,0,0,-,-,NA,NA,ORANGE,LAGUNA BEACH,-117.80240631103516,33.54913330078125
9515112,2023,2024-03-08,3000,2023-12-08,1040,11256,921J1,5,5,5,3028,0,0,0,NA,0,753,ALICIA PKWY,CHARLINDA DR,1060,W,N,A,-,Y,ORA,12,5,-,-,17.65,R,4,N,Y,4,0,1,2,A,-,07,21658,A,N,B,C,A,A,H,-,A,D,0,NA,NA,NA,NA,Y,NA,A,07,0,0,1,0,0,0,0,0,0,-,-,NA,NA,ORANGE,MISSION VIEJO,-117.69290161132813,33.60619354248047
9515578,2022,2022-11-16,3012,2022-10-11,0806,678,12,2,5,5,3012,0,0,0,NA,0,001,W WHITTIER BL,N IDAHO ST,0,NA,Y,A,-,Y,ORA,12,39,-,-,21.215,I,5,N,N,4,0,1,2,A,-,10,21950,A,F,G,B,B,A,H,-,A,A,0,Y,NA,NA,NA,Y,NA,D,22,0,0,1,0,1,0,0,0,0,-,-,NA,NA,ORANGE,LA HABRA,-117.95921325683594,33.93906021118164
9515773,2022,2022-12-05,3012,2022-10-26,1339,644,49,3,5,5,3012,0,0,0,NA,0,004,HARBOR BL,LAS PALMAS DR,0,NA,Y,A,-,N,NA,NA,NA,NA,NA,NA,NA,NA,NA,Y,3,0,2,2,A,-,12,21453,A,N,D,C,A,A,H,-,A,A,0,NA,NA,NA,NA,Y,NA,A,07,0,1,1,0,0,0,0,0,0,-,-,NA,NA,ORANGE,LA HABRA,-117.93140411376952,33.91203689575195
9515796,2022,2022-12-13,3000,2022-09-01,1908,10186,971J7,4,5,4,3029,0,0,0,NA,0,6M38,DANA POINT HARBOR DR,PUERTO PL,50,W,N,A,-,N,NA,NA,NA,NA,NA,NA,NA,NA,NA,Y,3,0,1,1,A,-,03,22350,NA,N,E,I,A,A,H,-,A,D,0,NA,NA,NA,NA,Y,NA,D,22,0,1,0,0,0,0,0,0,0,-,-,NA,NA,ORANGE,DANA POINT,-117.69027709960938,33.46294021606445
9516076,2022,2022-12-15,3009,2022-11-04,1850,4941,074,5,5,6,3009,0,0,0,NA,0,011,GARDEN GROVE BL,CANNERY ST,381,W,N,A,-,N,NA,NA,NA,NA,NA,NA,NA,NA,NA,Y,3,0,1,1,A,-,03,22350,NA,N,H,A,A,A,H,-,A,D,0,NA,NA,Y,NA,Y,NA,C,02,0,1,0,0,0,0,0,0,1,-,-,NA,NA,ORANGE,GARDEN GROVE,-117.97373199462892,33.773860931396484
9516393,2022,2022-12-16,3000,2022-11-01,1445,1920,797J3,2,5,4,3021,0,0,0,NA,0,721,ORANGEWOOD AV,LENMAR ST,415,W,N,A,-,N,NA,NA,NA,NA,NA,NA,NA,NA,NA,N,3,0,1,2,A,-,08,22103,NA,N,D,C,A,A,H,-,A,D,0,NA,NA,NA,NA,Y,NA,A,01,0,1,0,0,0,0,0,0,0,-,-,NA,NA,ORANGE,STANTON,-117.99574279785156,33.79561233520508
9516537,2022,2023-01-04,3010,2022-12-02,1830,2240,445,5,5,6,3010,0,0,0,NA,0,003,MAGNOLIA,ADAMS,0,NA,Y,C,-,N,NA,NA,NA,NA,NA,NA,NA,NA,NA,N,2,0,1,2,A,-,10,21950,A,N,G,B,B,B,H,-,C,A,0,Y,NA,NA,NA,Y,NA,A,08,1,0,0,0,1,0,0,0,0,-,-,NA,NA,ORANGE,HUNTINGTON BEACH,-117.97129821777344,33.67218780517578
9516544,2022,2023-01-03,3010,2022-11-10,0049,2011,271,4,5,6,3010,0,0,0,NA,0,006,WARNER,GOTHARD,0,NA,Y,A,-,N,NA,NA,NA,NA,NA,NA,NA,NA,NA,Y,3,0,4,2,A,-,12,21453,A,N,D,C,A,A,H,-,C,A,0,NA,NA,NA,NA,Y,NA,A,07,0,2,2,0,0,0,0,0,0,-,-,NA,NA,ORANGE,HUNTINGTON BEACH,-118.00007629394533,33.71563720703125
9516646,2022,2022-12-12,3000,2022-06-29,1540,1332,891J2,3,5,5,3050,0,0,0,NA,0,660,LAKE FOREST DR,TRABUCO RD,0,NA,Y,A,-,N,NA,NA,NA,NA,NA,NA,NA,NA,NA,Y,4,0,1,2,D,-,00,NA,NA,N,A,C,A,A,H,-,A,A,0,NA,NA,NA,NA,Y,NA,-,-,0,0,1,0,0,0,0,0,0,-,-,NA,NA,ORANGE,LAKE FOREST,-117.68607330322266,33.646976470947266
9516703,2022,2022-12-23,3009,2022-11-28,1625,3927,095,1,5,6,3009,0,0,0,NA,0,013,BROOKHURST ST,LARSON AV,0,NA,Y,A,-,N,NA,NA,NA,NA,NA,NA,NA,NA,NA,Y,4,0,2,2,A,-,09,21801,A,N,D,C,A,A,H,-,B,D,0,NA,NA,NA,NA,Y,NA,A,01,0,0,2,0,0,0,0,0,0,-,-,NA,NA,ORANGE,GARDEN GROVE,-117.9551239013672,33.7722282409668
9518293,2023,2023-02-15,3003,2023-01-03,1521,1160,NA,2,5,5,3003,0,0,0,NA,0,003,LA PALMA AV,STANTON AV,0,NA,Y,C,-,N,NA,NA,NA,NA,NA,NA,NA,NA,NA,N,4,0,1,3,A,-,12,21453,A,N,D,C,A,B,H,-,A,A,0,NA,NA,NA,NA,Y,NA,A,07,0,0,1,0,0,0,0,0,0,-,-,33.846858978271484,-117.99358367919922,ORANGE,BUENA PARK,-117.9936981201172,33.846622467041016
9518531,2022,2023-02-07,3003,2022-12-24,2014,1282,NA,6,5,5,3003,0,0,0,NA,0,NA,VALLEY VIEW ST,LA PALMA AV,0,N,N,A,-,N,NA,NA,NA,NA,NA,NA,NA,NA,NA,N,4,0,1,2,A,-,12,21453,A,M,D,C,A,A,H,-,C,A,0,NA,NA,NA,NA,Y,Y,D,22,0,0,1,0,0,0,0,0,0,-,-,NA,NA,ORANGE,BUENA PARK,-118.02846527099608,33.84635543823242
9519931,2023,2023-02-06,3009,2023-01-21,1742,3511,094,6,5,6,3009,0,0,0,NA,0,013,GARDEN GROVE BL,ABBOTT CT,30,W,N,A,-,N,NA,NA,NA,NA,NA,NA,NA,NA,NA,N,3,0,1,1,A,-,04,21703,NA,N,H,A,A,A,H,-,C,D,0,NA,NA,Y,NA,Y,NA,C,02,0,1,0,0,0,0,0,0,1,-,-,NA,NA,ORANGE,GARDEN GROVE,-117.96578216552734,33.77397918701172
9520070,2021,2023-06-17,3000,2021-11-02,1622,9135,797H2,2,5,5,3050,0,0,0,NA,0,065,EL TORO RD,SUMMERWOOD WY,101,E,N,A,-,N,NA,NA,NA,NA,NA,NA,NA,NA,NA,Y,1,1,1,1,A,-,03,22350,NA,N,E,I,A,A,H,-,A,D,0,NA,NA,NA,NA,Y,NA,A,01,1,0,0,0,0,0,0,0,0,-,-,33.651100158691406,-117.66000366210938,ORANGE,LAKE FOREST,-117.66018676757813,33.65126419067383
9520072,2021,2022-11-23,3000,2021-12-07,1509,8564,951H2,2,5,5,3040,0,0,0,NA,0,017,VIA REGGIO,VIA REGGIO 28637,0,NA,N,A,-,N,NA,NA,NA,NA,NA,NA,NA,NA,NA,N,1,1,0,2,C,-,18,NA,NA,N,G,B,F,A,H,-,B,D,0,Y,NA,NA,NA,Y,NA,-,-,0,0,0,1,0,0,0,0,0,-,-,33.548370361328125,-117.70028686523438,ORANGE,LAGUNA NIGUEL,NA,NA
9520073,2021,2022-11-23,3000,2021-12-17,1754,9881,891F7,5,5,4,3045,0,0,0,NA,0,048,PASEO DE VALENCIA,CALLE DE LA PLATA,93,S,N,A,-,N,NA,NA,NA,NA,NA,NA,NA,NA,NA,N,1,1,0,2,A,-,11,21456,C,N,G,B,B,A,H,-,C,A,0,Y,NA,NA,NA,Y,NA,N,60,0,0,0,1,0,0,0,0,0,-,-,33.36349868774414,-117.42459106445313,ORANGE,LAGUNA HILLS,-117.7126007080078,33.60968017578125
9520758,2023,2025-06-25,3000,2023-05-24,2216,8521,798-A,3,5,4,3021,0,0,0,NA,0,017,DALE AV,CERRITOS AV,9,S,N,A,-,N,NA,NA,NA,NA,NA,NA,NA,NA,NA,N,1,1,0,2,A,-,11,21456,A,F,G,B,B,A,H,-,C,A,0,Y,NA,NA,NA,Y,Y,N,60,0,0,0,1,0,0,0,0,0,-,-,33.81013107299805,-117.9846420288086,ORANGE,STANTON,-117.98448181152344,33.81027603149414
9520857,2022,2023-08-22,3019,2022-11-18,1953,3834,SE,5,5,7,3019,0,0,0,NA,0,001,CHESTNUT AV,GRAND AV,750,E,N,A,-,N,NA,NA,NA,NA,NA,NA,NA,NA,NA,N,1,1,0,2,A,-,11,21954,A,N,G,B,D,A,H,-,C,D,0,Y,NA,NA,NA,Y,NA,N,60,0,0,0,1,0,0,0,0,0,-,-,33.74287033081055,-117.85060119628906,ORANGE,SANTA ANA,-117.84781646728516,33.742584228515625
9521026,2022,2022-11-01,3004,2022-10-16,1003,P669,33,7,5,6,3004,0,0,0,NA,0,015,BEAR ST,SOUTH COAST DR,485,S,N,B,-,N,NA,NA,NA,NA,NA,NA,NA,NA,NA,N,4,0,1,2,A,-,12,21453,A,N,D,C,A,B,H,-,A,A,0,NA,NA,NA,NA,Y,NA,A,07,0,0,1,0,0,0,0,0,0,-,-,33.68912124633789,-117.89205932617188,ORANGE,COSTA MESA,-117.89221954345705,33.689109802246094
9521420,2022,2022-11-18,3002,2022-10-14,2325,3893,741E6,5,5,5,3025,0,0,0,NA,0,004,LA PALMA AV,GYPSUM CANYON RD,0,NA,Y,B,C,N,NA,NA,NA,NA,NA,NA,NA,NA,NA,Y,4,0,1,2,A,-,01,23152,A,N,E,I,A,B,H,-,C,A,0,NA,NA,NA,NA,Y,Y,A,01,0,0,1,0,0,0,0,0,0,-,-,NA,NA,ORANGE,YORBA LINDA,-117.71305084228516,33.87383270263672
9521983,2022,2022-11-22,3009,2022-10-20,0800,4156,043,4,5,6,3009,0,0,0,NA,0,011,LAMPSON AV,WESTERN AV,0,NA,Y,A,-,N,NA,NA,NA,NA,NA,NA,NA,NA,NA,Y,4,0,2,3,A,-,03,22350,NA,M,C,C,A,A,H,-,A,A,0,NA,NA,NA,NA,Y,NA,A,01,0,0,2,0,0,0,0,0,0,-,-,NA,NA,ORANGE,GARDEN GROVE,-118.00146484375,33.78105926513672
9525047,2022,2022-12-29,3000,2022-10-06,1422,1149,927C3,4,5,4,3018,0,0,0,NA,0,6M31,CAMINO CAPISTRANO,RT 5,0,NA,Y,A,-,Y,ORA,12,5,-,-,8.765,R,4,S,Y,4,0,1,2,C,-,18,NA,NA,N,B,C,A,A,H,-,A,A,0,NA,NA,NA,NA,Y,NA,-,-,0,0,1,0,0,0,0,0,0,-,-,NA,NA,ORANGE,SAN JUAN CAPISTRANO,-117.66249847412108,33.49103546142578
9526306,2023,2023-03-06,3002,2023-01-20,1735,12120,739H3,5,5,5,3025,0,0,0,NA,0,7A02,ROSE DR,BASTANCHURY RD,57,S,N,A,-,N,NA,NA,NA,NA,NA,NA,NA,NA,NA,N,4,0,1,2,A,-,03,22350,NA,N,C,C,A,A,H,-,C,A,0,NA,NA,NA,NA,Y,NA,A,01,0,0,1,0,0,0,0,0,0,-,-,NA,NA,ORANGE,YORBA LINDA,-117.84202575683594,33.89907455444336
9530373,2022,2022-12-08,3004,2022-11-03,1651,P651,27,4,5,6,3004,0,0,0,NA,0,004,HARBOR BL,SOUTH COAST DR,110,S,N,A,-,N,NA,NA,NA,NA,NA,NA,NA,NA,NA,N,4,0,1,2,A,-,11,21954,A,N,G,B,D,A,H,-,A,A,0,Y,NA,NA,NA,Y,NA,N,60,0,0,1,0,1,0,0,0,0,-,-,33.69110107421875,-117.91909790039063,ORANGE,COSTA MESA,-117.91953277587892,33.69131851196289
9531917,2022,2022-11-21,3000,2022-10-11,1622,3950,973B7,2,5,5,3017,0,0,0,NA,0,777,AVENIDA PICO,AVENIDA LA PATA,89,E,N,B,C,N,NA,NA,NA,NA,NA,NA,NA,NA,NA,N,3,0,2,2,A,-,12,21453,A,N,C,G,A,B,H,-,A,A,0,NA,Y,NA,NA,Y,NA,L,04,0,1,1,0,0,0,1,0,0,-,-,NA,NA,ORANGE,SAN CLEMENTE,-117.60062408447266,33.456329345703125
9532864,2022,2022-12-12,3012,2022-10-31,1440,702,14,1,5,5,3012,0,0,0,NA,0,001,WHITTIER BL,W WHITTIER BL 1305,0,NA,-,A,-,Y,ORA,12,39,-,-,21.13,H,-,N,Y,3,0,2,2,A,-,09,21804,A,N,D,C,A,A,H,-,A,D,0,NA,NA,NA,NA,Y,NA,A,08,0,1,1,0,0,0,0,0,0,-,-,NA,NA,ORANGE,LA HABRA,-117.96058654785156,33.93917465209961
9536240,2022,2023-01-10,3003,2022-11-06,2356,1297,40,7,5,5,3003,0,0,0,NA,0,001,BEACH BL,9TH ST,315,N,N,B,-,Y,ORA,12,39,-,-,15.056,I,5,N,Y,4,0,1,2,A,-,12,21453,NA,N,B,C,A,A,H,-,C,A,0,NA,NA,NA,NA,Y,NA,A,01,0,0,1,0,0,0,0,0,0,-,-,33.515968322753906,-117.59529876708984,ORANGE,BUENA PARK,-117.99807739257813,33.865840911865234
9536499,2022,2023-01-20,3012,2022-09-17,2007,677,12,6,5,5,3012,0,0,0,NA,0,001,N IDAHO ST,W WHITTIER BL,0,NA,Y,A,-,Y,ORA,12,39,-,-,21.215,I,5,N,N,4,0,1,2,A,-,05,21650,1,N,H,G,A,A,H,-,C,A,0,NA,Y,NA,NA,Y,NA,L,04,0,0,1,0,0,0,1,0,0,-,-,NA,NA,ORANGE,LA HABRA,-117.95921325683594,33.93906021118164
9538255,2022,2023-01-18,3009,2022-12-19,1538,4874,075,1,5,6,3009,0,0,0,NA,0,013,CANNERY ST,GARDEN GROVE BL,0,NA,Y,A,-,N,NA,NA,NA,NA,NA,NA,NA,NA,NA,N,3,0,1,2,A,-,12,22450,A,N,D,G,A,A,H,-,A,D,0,NA,Y,NA,NA,Y,NA,A,01,0,1,0,0,0,0,1,0,0,-,-,NA,NA,ORANGE,GARDEN GROVE,-117.97248077392578,33.773868560791016
9538260,2022,2023-01-18,3004,2022-12-09,1322,P655,04,5,5,6,3004,0,0,0,NA,0,006,EAST 17TH ST,TUSTIN AV,0,NA,Y,A,-,N,NA,NA,NA,NA,NA,NA,NA,NA,NA,Y,3,0,1,2,A,-,09,21801,A,N,D,C,A,A,H,-,A,A,0,NA,NA,NA,NA,Y,NA,A,01,0,1,0,0,0,0,0,0,0,-,-,33.63077163696289,-117.91207885742188,ORANGE,COSTA MESA,-117.9120635986328,33.630760192871094
9538989,2022,2023-02-16,3004,2022-12-26,1300,P651,14,1,5,6,3004,0,0,0,NA,0,009,ORIOLE DR,PLACENTIA AV,4,E,N,A,-,N,NA,NA,NA,NA,NA,NA,NA,NA,NA,N,3,0,1,2,A,-,09,21804,A,F,D,C,A,A,H,-,A,D,0,NA,NA,Y,NA,Y,NA,O,05,0,1,0,0,0,0,0,0,1,-,-,33.67129898071289,-117.93540191650392,ORANGE,COSTA MESA,-117.93576049804688,33.67135238647461
9539579,2022,2023-01-20,3000,2022-06-13,1443,5013,971H5,1,5,4,3029,0,0,0,NA,0,736,STONEHILL DR,GOLDEN LANTERN,56,E,N,A,-,N,NA,NA,NA,NA,NA,NA,NA,NA,NA,N,4,0,1,2,A,-,21,22106,NA,F,C,C,A,A,H,-,A,A,0,NA,NA,NA,NA,Y,NA,A,01,0,0,1,0,0,0,0,0,0,-,-,NA,NA,ORANGE,DANA POINT,-117.69760894775392,33.476341247558594
9539895,2022,2023-02-03,3000,2022-12-31,0903,9843,891F2,6,5,5,3050,0,0,0,NA,0,164,BAKE PKWY,JERONIMO RD,34,W,N,B,C,N,NA,NA,NA,NA,NA,NA,NA,NA,NA,Y,4,0,1,1,A,-,03,22350,NA,N,E,I,A,B,H,-,A,A,0,NA,NA,NA,NA,Y,NA,A,01,0,0,1,0,0,0,0,0,0,-,-,33.664859771728516,-117.71135711669922,ORANGE,LAKE FOREST,-117.71123504638672,33.64495849609375
9540610,2022,2023-02-21,3004,2022-12-23,2215,P704,04,5,5,6,3004,0,0,0,NA,0,015,IRVINE AV,CABRILLO ST,0,NA,Y,A,-,N,NA,NA,NA,NA,NA,NA,NA,NA,NA,Y,3,0,1,2,A,-,07,21658,A,N,B,C,A,A,H,-,D,D,0,NA,NA,NA,NA,Y,NA,A,01,0,1,0,0,0,0,0,0,0,-,-,33.62955856323242,-117.90756225585938,ORANGE,COSTA MESA,-117.90763854980467,33.62946319580078
9541219,2022,2023-01-20,3012,2022-11-09,1227,644,15,3,5,5,3012,0,0,0,NA,0,001,LA HABRA BL,MONTE VISTA ST,0,NA,Y,A,-,N,NA,NA,NA,NA,NA,NA,NA,NA,NA,Y,4,0,3,2,A,-,09,21801,A,N,D,C,A,A,H,-,A,A,0,NA,NA,NA,NA,Y,NA,A,01,0,0,3,0,0,0,0,0,0,-,-,NA,NA,ORANGE,LA HABRA,-117.95488739013672,33.931861877441406
9541392,2022,2023-01-11,3009,2022-11-19,2304,4903,122,6,5,6,3009,0,0,0,NA,0,021,9TH ST,CHAPMAN AV,51,N,N,A,-,N,NA,NA,NA,NA,NA,NA,NA,NA,NA,N,3,0,1,2,D,-,00,NA,NA,N,A,C,A,A,H,-,C,A,0,NA,NA,NA,NA,Y,NA,-,-,0,1,0,0,0,0,0,0,0,-,-,NA,NA,ORANGE,GARDEN GROVE,-117.93248748779295,33.78886795043945