CASE_ID,ACCIDENT_YEAR,PROC_DATE,JURIS,COLLISION_DATE,COLLISION_TIME,OFFICER_ID,REPORTING_DISTRICT,DAY_OF_WEEK,CHP_SHIFT,POPULATION,CNTY_CITY_LOC,SPECIAL_COND,BEAT_TYPE,CHP_BEAT_TYPE,CITY_DIVISION_LAPD,CHP_BEAT_CLASS,BEAT_NUMBER,PRIMARY_RD,SECONDARY_RD,DISTANCE,DIRECTION,INTERSECTION,WEATHER_1,WEATHER_2,STATE_HWY_IND,CALTRANS_COUNTY,CALTRANS_DISTRICT,STATE_ROUTE,ROUTE_SUFFIX,POSTMILE_PREFIX,POSTMILE,LOCATION_TYPE,RAMP_INTERSECTION,SIDE_OF_HWY,TOW_AWAY,COLLISION_SEVERITY,NUMBER_KILLED,NUMBER_INJURED,PARTY_COUNT,PRIMARY_COLL_FACTOR,PCF_CODE_OF_VIOL,PCF_VIOL_CATEGORY,PCF_VIOLATION,PCF_VIOL_SUBSECTION,HIT_AND_RUN,TYPE_OF_COLLISION,MVIW,PED_ACTION,ROAD_SURFACE,ROAD_COND_1,ROAD_COND_2,LIGHTING,CONTROL_DEVICE,CHP_ROAD_TYPE,PEDESTRIAN_ACCIDENT,BICYCLE_ACCIDENT,MOTORCYCLE_ACCIDENT,TRUCK_ACCIDENT,NOT_PRIVATE_PROPERTY,ALCOHOL_INVOLVED,STWD_VEHTYPE_AT_FAULT,CHP_VEHTYPE_AT_FAULT,COUNT_SEVERE_INJ,COUNT_VISIBLE_INJ,COUNT_COMPLAINT_PAIN,COUNT_PED_KILLED,COUNT_PED_INJURED,COUNT_BICYCLIST_KILLED,COUNT_BICYCLIST_INJURED,COUNT_MC_KILLED,COUNT_MC_INJURED,PRIMARY_RAMP,SECONDARY_RAMP,LATITUDE,LONGITUDE,COUNTY,CITY,POINT_X,POINT_Y
9541518,2022,2023-02-02,3009,2022-12-05,1200,5062,136,1,5,6,3009,0,0,0,NA,0,023,HARBOR BL,WOODBURY RD,140,N,N,A,-,N,NA,NA,NA,NA,NA,NA,NA,NA,NA,N,4,0,3,2,A,-,07,21658,A,M,B,C,A,A,H,-,A,A,0,NA,NA,NA,NA,Y,NA,A,01,0,0,3,0,0,0,0,0,0,-,-,NA,NA,ORANGE,GARDEN GROVE,-117.92040252685548,33.76427459716797
9541883,2022,2023-01-20,3009,2022-12-02,1150,3486,13,5,5,6,3009,0,0,0,NA,0,094,BROOKHURST ST,TRASK AV,0,NA,Y,A,-,N,NA,NA,NA,NA,NA,NA,NA,NA,NA,N,4,0,1,2,A,-,03,22350,NA,N,D,C,A,A,H,-,A,A,0,NA,Y,NA,NA,Y,NA,L,04,0,0,1,0,0,0,1,0,0,-,-,NA,NA,ORANGE,GARDEN GROVE,-117.955078125,33.76679229736328
9542491,2022,2023-02-03,3012,2022-12-02,0646,644,46,5,5,5,3012,0,0,0,NA,0,004,HARBOR BL,EDWARDS DR,159,N,N,A,-,N,NA,NA,NA,NA,NA,NA,NA,NA,NA,Y,4,0,1,1,A,-,08,22107,NA,N,E,I,A,A,H,-,A,D,0,NA,NA,NA,NA,Y,NA,D,22,0,0,1,0,0,0,0,0,0,-,-,NA,NA,ORANGE,LA HABRA,-117.93305206298828,33.92143630981445
9542908,2022,2023-02-01,3012,2022-12-08,1934,653,NA,4,5,5,3012,0,0,0,NA,0,003,S MONTE VISTA,LA HABRA BL,12,S,N,A,-,N,NA,NA,NA,NA,NA,NA,NA,NA,NA,N,4,0,1,2,A,-,03,22350,NA,F,C,C,A,A,H,-,C,A,0,NA,NA,NA,NA,Y,NA,A,01,0,0,1,0,0,0,0,0,0,-,-,NA,NA,ORANGE,LA HABRA,-117.95488739013672,33.931827545166016
9544153,2022,2023-02-01,3000,2022-12-10,0151,10327,797J2,6,5,4,3021,0,0,0,NA,0,322,BEACH BL,KATELLA AV,0,NA,Y,A,-,Y,ORA,12,39,-,-,10.66,I,5,S,Y,4,0,1,2,A,-,12,21453,A,N,D,C,A,A,H,-,C,A,0,NA,NA,NA,NA,Y,NA,A,01,0,0,1,0,0,0,0,0,0,-,-,NA,NA,ORANGE,STANTON,-117.99325561523438,33.80289077758789
9547548,2023,2023-04-17,3004,2023-02-12,1801,P655,23,7,5,6,3004,0,0,0,NA,0,015,SUNFLOWER AV,SAKIOKA DR,0,NA,Y,A,-,N,NA,NA,NA,NA,NA,NA,NA,NA,NA,Y,3,0,1,2,D,-,00,NA,NA,N,D,C,A,A,H,-,C,A,0,NA,NA,NA,NA,Y,NA,-,-,0,1,0,0,0,0,0,0,0,-,-,33.694190979003906,-117.87696838378906,ORANGE,COSTA MESA,-117.87706756591795,33.69405746459961
9548687,2022,2023-02-13,3009,2022-12-23,1717,4303,EAST,5,5,6,3009,0,0,0,NA,0,022,BUARO ST,TWINTREE AV,0,NA,Y,A,-,N,NA,NA,NA,NA,NA,NA,NA,NA,NA,N,2,0,2,2,A,-,03,22350,NA,N,D,G,A,A,H,-,B,A,0,NA,Y,NA,NA,Y,NA,A,01,1,1,0,0,0,0,2,0,0,-,-,NA,NA,ORANGE,GARDEN GROVE,-117.91922760009766,33.78383255004883
9549883,2023,2023-03-17,3004,2023-02-23,734,P648,01,4,5,6,3004,0,0,0,NA,0,015,PLACENTIA AV,CENTER ST,0,NA,Y,A,-,N,NA,NA,NA,NA,NA,NA,NA,NA,NA,Y,3,0,2,2,A,-,09,21802,A,N,D,C,A,B,H,-,A,D,0,NA,NA,NA,NA,Y,NA,A,01,0,2,0,0,0,0,0,0,0,-,-,33.641998291015625,-117.93199920654295,ORANGE,COSTA MESA,-117.93198394775392,33.64205551147461
9550246,2023,2023-03-16,3003,2023-02-15,805,1299,NA,3,5,5,3003,0,0,0,NA,0,NA,KNOTT AV,ORANGETHORPE AV,73,N,N,A,-,N,NA,NA,NA,NA,NA,NA,NA,NA,NA,N,3,0,2,2,A,-,08,22107,NA,N,D,C,A,A,H,-,A,A,0,NA,NA,NA,NA,Y,NA,A,01,0,1,1,0,0,0,0,0,0,-,-,33.85929870605469,-118.0115966796875,ORANGE,BUENA PARK,-118.01129150390624,33.85911178588867
9550796,2023,2023-05-03,3005,2023-03-07,1613,8141,C13,2,5,4,3005,0,0,0,NA,0,001,LINCOLN AV,DENNI ST,0,NA,Y,A,-,N,NA,NA,NA,NA,NA,NA,NA,NA,NA,Y,3,0,3,2,A,-,12,21453,A,N,D,C,A,A,H,-,A,A,0,NA,NA,NA,NA,Y,NA,A,07,0,3,0,0,0,0,0,0,0,-,-,NA,NA,ORANGE,CYPRESS,-118.05461120605467,33.83161926269531
9551885,2023,2023-04-13,3000,2023-02-02,339,12182,891J2,4,5,5,3050,0,0,0,NA,0,7A55,LAKE FOREST DR,TRABUCO RD,0,NA,Y,A,-,N,NA,NA,NA,NA,NA,NA,NA,NA,NA,Y,4,0,2,2,D,-,00,NA,NA,N,D,C,A,A,H,-,C,A,0,NA,NA,NA,NA,Y,NA,-,-,0,0,2,0,0,0,0,0,0,-,-,NA,NA,ORANGE,LAKE FOREST,-117.68607330322266,33.646976470947266
9553056,2023,2023-03-04,3012,2023-01-26,817,611,36,4,5,5,3012,0,0,0,NA,0,003,IDAHO ST,LAS LOMAS DR,21,S,N,A,-,N,NA,NA,NA,NA,NA,NA,NA,NA,NA,Y,3,0,1,2,A,-,09,21801,A,N,D,C,A,A,H,-,A,A,0,NA,NA,NA,NA,Y,NA,A,01,0,1,0,0,0,0,0,0,0,-,-,NA,NA,ORANGE,LA HABRA,-117.95919036865234,33.921443939208984
9554851,2023,2023-03-23,3004,2023-02-25,102,P690,03,6,5,6,3004,0,0,0,NA,0,001,NEWPORT BL,EAST 17TH ST,270,S,N,C,-,Y,ORA,12,55,-,-,1.38,H,-,S,Y,3,0,1,1,A,-,03,22350,NA,N,F,I,A,B,G,-,C,A,0,NA,NA,NA,NA,Y,NA,A,01,0,1,0,0,0,0,0,0,0,-,-,33.63536834716797,-117.92250061035156,ORANGE,COSTA MESA,-117.92234802246094,33.63549041748047
9555029,2023,2023-03-17,3004,2023-03-08,1539,P655,20,3,5,6,3004,0,0,0,NA,0,004,HARBOR BL,GISLER ST,450,S,N,A,-,N,NA,NA,NA,NA,NA,NA,NA,NA,NA,N,2,0,2,2,A,-,03,22350,NA,N,A,G,A,A,H,-,A,D,0,NA,Y,NA,NA,Y,NA,L,04,2,0,0,0,0,0,2,0,0,-,-,33.68571853637695,-117.91924285888672,ORANGE,COSTA MESA,-117.91947174072266,33.68574523925781
9555210,2023,2023-04-14,3004,2023-02-22,1511,P677,03,3,5,6,3004,0,0,0,NA,0,001,NEWPORT BL,EAST 17TH ST,0,NA,Y,A,-,Y,ORA,12,55,-,-,1.513,I,5,N,Y,3,0,2,2,A,-,09,21453,C,N,D,C,A,A,H,-,A,A,0,NA,NA,NA,NA,Y,NA,A,07,0,2,0,0,0,0,0,0,0,-,-,33.63639831542969,-117.9219970703125,ORANGE,COSTA MESA,-117.92168426513672,33.637428283691406
9555258,2023,2023-04-14,3004,2023-03-09,1513,P676,02,4,5,6,3004,0,0,0,NA,0,001,NEWPORT BL,E 16TH ST,0,NA,Y,A,-,Y,ORA,12,55,-,-,1.231,I,5,N,Y,3,0,3,2,A,-,01,23153,F,N,D,C,A,A,H,-,A,A,0,NA,NA,NA,NA,Y,NA,A,01,0,3,0,0,0,0,0,0,0,-,-,33.632999420166016,-117.9219970703125,ORANGE,COSTA MESA,-117.9226303100586,33.633419036865234
9556074,2023,2023-04-20,3012,2023-01-19,1731,644,25,4,5,5,3012,0,0,0,NA,0,002,EUCLID ST,LA HABRA BL,0,NA,Y,A,-,N,NA,NA,NA,NA,NA,NA,NA,NA,NA,Y,4,0,2,2,A,-,12,21453,A,N,D,C,A,A,H,-,B,A,0,NA,NA,NA,NA,Y,NA,D,22,0,0,2,0,0,0,0,0,0,-,-,NA,NA,ORANGE,LA HABRA,-117.94612884521484,33.931861877441406
9557989,2023,2023-05-05,3002,2023-03-18,855,11172,740C3,6,5,5,3025,0,0,0,NA,0,001,ORIENTE DR,BOEING AV,211,E,N,A,-,N,NA,NA,NA,NA,NA,NA,NA,NA,NA,N,4,0,1,2,A,-,21,22106,NA,N,C,C,A,A,H,-,A,D,0,NA,NA,NA,NA,Y,NA,D,22,0,0,1,0,0,0,0,0,0,-,-,NA,NA,ORANGE,YORBA LINDA,-117.81015777587892,33.89402770996094
9558574,2023,2023-04-05,3009,2023-02-22,714,4156,105,3,5,6,3009,0,0,0,NA,0,1-3,BENTON ST,GARDEN GROVE BL,15,S,N,A,-,N,NA,NA,NA,NA,NA,NA,NA,NA,NA,Y,3,0,1,2,A,-,10,21950,A,N,G,B,B,A,H,-,A,D,0,Y,NA,NA,NA,Y,NA,A,07,0,1,0,0,1,0,0,0,0,-,-,33.7740592956543,-117.94640350341795,ORANGE,GARDEN GROVE,-117.94640350341795,33.774017333984375
9559723,2023,2023-04-29,3004,2023-03-06,504,P704,23,1,5,6,3004,0,0,0,NA,0,015,MAIN ST,SUNFLOWER AV,0,NA,Y,A,-,N,NA,NA,NA,NA,NA,NA,NA,NA,NA,Y,3,0,1,2,A,-,12,21453,A,N,A,C,A,A,H,-,C,A,0,NA,NA,NA,NA,Y,NA,A,01,0,1,0,0,0,0,0,0,0,-,-,33.69445037841797,-117.86840057373048,ORANGE,COSTA MESA,-117.86820220947266,33.69405746459961
9562024,2023,2023-04-27,3000,2023-03-01,725,11001,892F4,3,5,5,3028,0,0,0,NA,0,1A58,ALICIA PKWY,OLYMPIAD RD,0,NA,N,C,-,N,NA,NA,NA,NA,NA,NA,NA,NA,NA,N,4,0,1,2,A,-,03,22350,NA,N,C,C,A,B,H,-,A,A,0,NA,NA,NA,NA,Y,NA,A,01,0,0,1,0,0,0,0,0,0,-,-,NA,NA,ORANGE,MISSION VIEJO,-117.63433074951172,33.6292839050293
9564185,2023,2023-04-17,3000,2023-02-13,1442,12182,891J4,1,5,5,3050,0,0,0,NA,0,7A63,MONTCLIFF DR,EL TORO RD,0,NA,Y,A,-,N,NA,NA,NA,NA,NA,NA,NA,NA,NA,Y,3,0,4,2,A,-,09,21802,A,N,D,C,A,A,H,-,A,A,0,NA,NA,NA,NA,Y,NA,A,01,0,2,2,0,0,0,0,0,0,-,-,NA,NA,ORANGE,LAKE FOREST,-117.67788696289063,33.63820266723633
9564242,2023,2023-05-04,3004,2023-04-05,1825,P691,05,3,5,6,3004,0,0,0,NA,0,015,SANTA ANA AV,CABRILLO ST,485,N,N,A,-,N,NA,NA,NA,NA,NA,NA,NA,NA,NA,N,3,0,2,1,A,-,03,22350,NA,N,E,I,A,A,H,-,A,A,0,NA,Y,NA,NA,Y,NA,L,04,0,1,1,0,0,0,2,0,0,-,-,33.6349983215332,-117.91300201416016,ORANGE,COSTA MESA,-117.9133529663086,33.63511276245117
9564603,2023,2023-04-28,3000,2023-03-08,439,9519,798B2,3,5,4,3021,0,0,0,NA,0,222,KATELLA AV,YANA DR,334,E,N,A,-,N,NA,NA,NA,NA,NA,NA,NA,NA,NA,N,4,0,2,2,A,-,09,21801,A,N,D,C,A,A,H,-,C,D,0,NA,NA,NA,NA,Y,NA,A,01,0,0,2,0,0,0,0,0,0,-,-,NA,NA,ORANGE,STANTON,-117.98190307617188,33.8030891418457
9567057,2023,2023-04-24,3006,2023-02-23,433,344,27,4,5,3,3006,0,0,0,NA,0,002,LA PALMA AV,WALKER ST,0,NA,Y,C,-,N,NA,NA,NA,NA,NA,NA,NA,NA,NA,Y,3,0,1,2,A,-,12,21453,A,N,D,C,A,B,H,-,C,A,0,NA,NA,NA,NA,Y,NA,A,01,0,1,0,0,0,0,0,0,0,-,-,NA,NA,ORANGE,LA PALMA,-118.03723907470705,33.846290588378906
9568548,2023,2023-05-15,3011,2023-04-13,1447,31600,42,4,5,4,3011,0,0,0,NA,0,022,RT 1,ANITA ST,130,S,N,B,-,Y,ORA,12,1,-,-,8.68,H,-,S,Y,4,0,1,2,A,-,08,22107,NA,N,B,C,A,A,H,-,A,D,0,NA,NA,NA,NA,Y,NA,A,01,0,0,1,0,0,0,0,0,0,-,-,NA,NA,ORANGE,LAGUNA BEACH,-117.77738189697266,33.53462600708008
9568683,2023,2023-06-01,3005,2023-05-09,1209,8272,C22,2,5,4,3005,0,0,0,NA,0,002,WALKER ST,HANOVER DR,0,NA,Y,A,-,N,NA,NA,NA,NA,NA,NA,NA,NA,NA,Y,2,0,2,2,A,-,09,21801,A,N,D,C,A,A,H,-,A,A,0,NA,NA,NA,NA,Y,NA,A,01,1,1,0,0,0,0,0,0,0,-,-,NA,NA,ORANGE,CYPRESS,-118.03688049316406,33.821449279785156
9568734,2023,2023-05-23,3000,2023-04-07,630,10294,892A4,5,5,5,3050,0,0,0,NA,0,065,LIVE OAK CANYON RD,SANTIAGO CANYON RD,13,NA,N,B,E,N,NA,NA,NA,NA,NA,NA,NA,NA,NA,Y,4,0,2,1,A,-,03,22350,NA,N,A,J,A,A,H,-,D,D,0,NA,NA,NA,NA,Y,NA,A,01,0,0,2,0,0,0,0,0,0,-,-,NA,NA,ORANGE,LAKE FOREST,-117.6206512451172,33.683326721191406
9569426,2023,2023-07-05,3012,2023-05-23,1426,383,36,2,5,5,3012,0,0,0,NA,0,003,IMPERIAL HWY,IMPERIAL HWY 1000,43,W,N,B,-,Y,ORA,12,90,-,-,1.17,H,-,E,Y,3,0,3,2,A,-,09,21804,A,N,D,C,A,A,H,-,A,A,0,NA,NA,NA,NA,Y,NA,A,01,0,1,2,0,0,0,0,0,0,-,-,NA,NA,ORANGE,LA HABRA,-117.95644378662108,33.91725540161133
9571314,2023,2023-04-26,3009,2023-03-23,1613,4917,093,4,5,6,3009,0,0,0,NA,0,1-2,BROOKHURST ST,PAVILLION WY,0,NA,Y,A,-,N,NA,NA,NA,NA,NA,NA,NA,NA,NA,N,4,0,1,2,A,-,10,21950,A,N,A,B,B,A,H,-,A,A,0,Y,NA,NA,NA,Y,NA,A,08,0,0,1,0,1,0,0,0,0,-,-,NA,NA,ORANGE,GARDEN GROVE,-117.95877838134766,33.78689956665039
9571476,2023,2023-06-01,3003,2023-04-23,1426,1160,NA,7,5,5,3003,0,0,0,NA,0,002,BEACH BL,AUTO CENTER DR,0,NA,Y,A,-,Y,ORA,12,39,-,-,15.15,I,5,S,N,4,0,1,2,A,-,12,21453,A,N,D,C,A,A,H,-,A,A,0,NA,NA,NA,NA,Y,NA,A,01,0,0,1,0,0,0,0,0,0,-,-,33.867801666259766,-117.99832916259766,ORANGE,BUENA PARK,-117.99827575683594,33.86762237548828
9572857,2023,2023-05-27,3003,2023-04-24,1830,1248,NA,1,5,5,3003,0,0,0,NA,0,003,STANTON AV,ACKERMAN ST,15,N,N,A,-,N,NA,NA,NA,NA,NA,NA,NA,NA,NA,N,4,0,1,2,A,-,08,22107,NA,N,D,C,A,A,H,-,A,A,0,NA,NA,Y,NA,Y,NA,A,01,0,0,1,0,0,0,0,0,1,-,-,NA,NA,ORANGE,BUENA PARK,-117.99375152587892,33.85818099975586
9573788,2023,2023-04-21,3002,2023-03-31,639,11172,740F5,5,5,5,3025,0,0,0,NA,0,003,FAIRMONT BL,PASEO DE LAS PALOMAS,0,NA,Y,A,-,N,NA,NA,NA,NA,NA,NA,NA,NA,NA,N,3,0,1,2,A,-,09,21803,A,N,B,G,A,A,H,-,A,A,0,NA,Y,NA,NA,Y,NA,A,01,0,1,0,0,0,0,1,0,0,-,-,NA,NA,ORANGE,YORBA LINDA,-117.78575134277344,33.87936782836914
9574767,2023,2023-05-19,3003,2023-04-12,1606,652,NA,3,5,5,3003,0,0,0,NA,0,001,MALVERN AV,CAJON AV,0,NA,Y,B,-,N,NA,NA,NA,NA,NA,NA,NA,NA,NA,N,4,0,2,2,D,-,00,NA,NA,N,A,C,A,A,H,-,A,A,0,NA,NA,NA,NA,Y,NA,-,-,0,0,2,0,0,0,0,0,0,-,-,33.87839889526367,-117.99130249023438,ORANGE,BUENA PARK,-117.9924774169922,33.88105773925781
9577381,2023,2023-05-04,3000,2023-04-13,1310,11752,891F7,4,5,4,3045,0,0,0,NA,0,746,CALLE DE LA MAGDALENA,PASEO DE VALENCIA,0,NA,Y,A,-,N,NA,NA,NA,NA,NA,NA,NA,NA,NA,Y,4,0,1,2,A,-,12,21453,A,N,D,C,A,A,H,-,A,A,0,NA,NA,NA,NA,Y,NA,A,01,0,0,1,0,0,0,0,0,0,-,-,NA,NA,ORANGE,LAGUNA HILLS,-117.71150970458984,33.60823059082031
9578985,2023,2023-05-17,3000,2023-03-22,800,10853,992H4,3,5,5,3017,0,0,0,NA,0,775,CALLE OSO,AVENIDA DEL PONIENTE,11,N,N,A,-,N,NA,NA,NA,NA,NA,NA,NA,NA,NA,N,4,0,1,2,A,-,11,21950,B,N,G,B,D,A,H,-,A,A,0,Y,NA,NA,NA,Y,NA,N,60,0,0,1,0,1,0,0,0,0,-,-,NA,NA,ORANGE,SAN CLEMENTE,-117.62416076660156,33.427249908447266
9579524,2023,2023-05-20,3005,2023-05-08,803,8272,C22,1,5,4,3005,0,0,0,NA,0,003,VALLEY VIEW ST,BALL RD,454,S,N,A,-,N,NA,NA,NA,NA,NA,NA,NA,NA,NA,Y,3,0,1,2,A,-,09,21801,A,N,D,C,A,A,H,-,A,D,0,NA,NA,NA,NA,Y,NA,A,08,0,1,0,0,0,0,0,0,0,-,-,NA,NA,ORANGE,CYPRESS,-118.0282974243164,33.81580352783203
9580596,2023,2023-06-15,3000,2023-05-01,1000,11797,972E7,1,5,5,3017,0,0,0,NA,0,777,CAMINO DE LOS MARES,OCEAN VIEW PLZ,157,E,N,C,-,N,NA,NA,NA,NA,NA,NA,NA,NA,NA,Y,4,0,1,2,A,-,03,22350,NA,N,C,E,A,B,H,-,A,D,0,NA,NA,NA,Y,Y,NA,D,22,0,0,1,0,0,0,0,0,0,-,-,NA,NA,ORANGE,SAN CLEMENTE,NA,NA
9581149,2023,2023-06-26,3012,2023-05-14,1753,702,27,7,5,5,3012,0,0,0,NA,0,002,LA HABRA BL,HARBOR BL,121,E,N,A,-,N,NA,NA,NA,NA,NA,NA,NA,NA,NA,N,4,0,1,2,A,-,05,21650,NA,N,D,C,A,A,H,-,A,D,0,NA,NA,NA,NA,Y,NA,M,94,0,0,1,0,0,0,0,0,0,-,-,NA,NA,ORANGE,LA HABRA,-117.93265533447266,33.931880950927734
9581838,2023,2023-05-24,3000,2023-03-29,836,12240,891G6,3,5,5,3050,0,0,0,NA,0,7A63,ROCKFIELD BL,EL TORO RD,186,N,N,C,-,N,NA,NA,NA,NA,NA,NA,NA,NA,NA,N,4,0,1,2,A,-,09,21804,A,N,D,C,A,B,H,-,A,D,0,NA,NA,NA,NA,Y,NA,A,01,0,0,1,0,0,0,0,0,0,-,-,NA,NA,ORANGE,LAKE FOREST,-117.70511627197266,33.617393493652344
9582283,2023,2023-06-06,3000,2023-04-19,1736,12255,922C7,3,5,5,3028,0,0,0,NA,0,7A53,MARGUERITE PKWY,CENTER DR,250,N,N,A,-,N,NA,NA,NA,NA,NA,NA,NA,NA,NA,Y,3,0,1,2,C,-,18,NA,NA,N,D,G,A,A,H,-,A,D,0,NA,Y,NA,NA,Y,NA,-,-,0,1,0,0,0,0,1,0,0,-,-,NA,NA,ORANGE,MISSION VIEJO,-117.6584930419922,33.5617561340332
9583148,2023,2023-07-06,3009,2023-06-09,2309,4111,154,5,5,6,3009,0,0,0,NA,0,022,HASTER ST,GARDEN GROVE BL,574,N,N,A,-,N,NA,NA,NA,NA,NA,NA,NA,NA,NA,Y,4,0,1,2,A,-,01,23152,A,N,B,C,A,A,H,-,C,A,0,NA,NA,NA,NA,Y,Y,A,01,0,0,1,0,0,0,0,0,0,-,-,NA,NA,ORANGE,GARDEN GROVE,-117.90611267089844,33.77608108520508
9583987,2023,2023-08-08,3000,2023-05-29,1759,10853,992H2,1,5,5,3017,0,0,0,NA,0,776,AVENIDA PICO,TRITON WY,108,W,N,A,-,N,NA,NA,NA,NA,NA,NA,NA,NA,NA,N,4,0,1,1,A,-,08,22107,NA,N,E,I,A,A,H,-,A,D,0,NA,Y,NA,NA,Y,NA,L,04,0,0,1,0,0,0,1,0,0,-,-,NA,NA,ORANGE,SAN CLEMENTE,-117.61744689941406,33.44133377075195
9584477,2023,2023-05-18,3000,2023-04-08,1133,12255,892H3,6,5,4,3048,0,0,0,NA,0,753,SANTA MARGARITA PKWY,CALLE CORTA,540,W,N,A,-,N,NA,NA,NA,NA,NA,NA,NA,NA,NA,N,3,0,2,2,A,-,03,22350,NA,N,F,G,A,A,H,-,A,D,0,NA,Y,NA,NA,Y,NA,L,04,0,2,0,0,0,0,2,0,0,-,-,NA,NA,ORANGE,RANCHO SANTA MARGARITA,-117.61221313476563,33.63733673095703
9586075,2023,2023-05-31,3012,2023-03-14,2241,680,33,2,5,5,3012,0,0,0,NA,0,004,LAMBERT RD,MONTE VISTA ST,0,NA,Y,C,-,N,NA,NA,NA,NA,NA,NA,NA,NA,NA,Y,3,0,2,2,A,-,12,22450,A,N,D,C,A,B,H,-,C,A,0,NA,NA,NA,NA,Y,NA,A,01,0,2,0,0,0,0,0,0,0,-,-,NA,NA,ORANGE,LA HABRA,-117.95484161376952,33.92466354370117
9587007,2023,2023-09-07,3012,2023-07-28,2328,677,32,5,5,5,3012,0,0,0,NA,0,003,SOUTH BEACH BL,W LAMBERT RD,0,NA,Y,A,-,Y,ORA,12,39,-,-,19.671,I,5,N,Y,3,0,3,4,A,-,01,23152,B,N,D,C,A,A,H,-,C,A,0,NA,NA,NA,NA,Y,Y,D,22,0,1,2,0,0,0,0,0,0,-,-,NA,NA,ORANGE,LA HABRA,-117.96768951416016,33.924652099609375
9587675,2023,2023-06-08,3009,2023-05-16,835,5003,21,2,5,6,3009,0,0,0,NA,0,112,EUCLID ST,PATRICIA DR,0,NA,Y,A,-,N,NA,NA,NA,NA,NA,NA,NA,NA,NA,Y,4,0,2,2,A,-,09,21801,A,N,D,C,A,A,H,-,A,A,0,NA,NA,NA,NA,Y,NA,A,01,0,0,2,0,0,0,0,0,0,-,-,NA,NA,ORANGE,GARDEN GROVE,-117.94130706787108,33.79228210449219
9587722,2023,2023-06-26,3003,2023-05-21,1808,1290,NA,7,5,5,3003,0,0,0,NA,0,NA,STANTON AV,LA PALMA,372,S,N,A,-,N,NA,NA,NA,NA,NA,NA,NA,NA,NA,Y,4,0,1,2,A,-,09,21804,A,N,D,C,A,A,H,-,A,D,0,NA,NA,NA,NA,Y,NA,A,01,0,0,1,0,0,0,0,0,0,-,-,33.504390716552734,-117.53359985351563,ORANGE,BUENA PARK,-117.99370574951172,33.84560012817383
9588222,2023,2023-06-27,3004,2023-06-13,1715,P557,30,2,5,6,3004,0,0,0,NA,0,014,RED HILL AV,PULLMAN ST,0,NA,Y,A,-,N,NA,NA,NA,NA,NA,NA,NA,NA,NA,Y,3,0,1,2,A,-,08,22107,NA,N,D,C,A,A,H,-,A,-,0,NA,NA,NA,NA,Y,NA,A,01,0,1,0,0,0,0,0,0,0,-,-,33.6845703125,-117.86942291259766,ORANGE,COSTA MESA,-117.86939239501952,33.68451690673828
9591588,2023,2023-08-07,3004,2023-06-08,2250,P641,88,4,5,6,3004,0,0,0,NA,0,002,FAIR DR,NEWPORT BL,0,NA,Y,A,-,Y,ORA,12,55,-,R,3.589,R,4,S,Y,3,0,1,2,A,-,12,21453,A,N,D,D,A,A,H,-,C,A,0,NA,NA,NA,NA,Y,NA,D,22,0,1,0,0,0,0,0,0,0,-,-,33.66339874267578,-117.89800262451172,ORANGE,COSTA MESA,-117.89968872070313,33.66120529174805
9592309,2023,2023-06-26,3004,2023-06-09,1336,P669,17,5,5,6,3004,0,0,0,NA,0,010,W ALMOND AV,MENDOZA DR,93,W,N,B,-,N,NA,NA,NA,NA,NA,NA,NA,NA,NA,N,4,0,3,3,D,-,00,NA,NA,N,C,C,A,A,H,-,A,A,0,NA,NA,NA,NA,Y,NA,-,-,0,0,3,0,0,0,0,0,0,-,-,33.68006134033203,-117.9013900756836,ORANGE,COSTA MESA,NA,NA
9597456,2023,2023-07-20,3005,2023-06-18,1605,8269,C28,7,5,4,3005,0,0,0,NA,0,003,CERRITOS AV,ANGELA AV,62,E,N,A,-,N,NA,NA,NA,NA,NA,NA,NA,NA,NA,Y,3,0,1,3,A,-,03,22350,NA,N,D,C,A,A,H,-,A,A,0,NA,NA,NA,NA,Y,NA,A,01,0,1,0,0,0,0,0,0,0,-,-,NA,NA,ORANGE,CYPRESS,-118.03397369384766,33.81023025512695
9603087,2023,2023-07-27,3009,2023-06-30,1731,3819,115,5,5,6,3009,0,0,0,NA,0,021,TRASK AV,ASHWOOD ST,0,NA,Y,A,-,N,NA,NA,NA,NA,NA,NA,NA,NA,NA,Y,3,0,1,2,A,-,09,21801,A,N,D,C,A,A,H,-,A,D,0,NA,NA,Y,NA,Y,NA,A,07,0,1,0,0,0,0,0,0,1,-,-,NA,NA,ORANGE,GARDEN GROVE,-117.93598175048828,33.766929626464844
9606395,2023,2023-10-03,3000,2023-08-06,639,11341,921G1,7,5,4,3045,0,0,0,NA,0,145,PASEO DE VALENCIA,LOS ALISOS BL,0,NA,Y,B,-,N,NA,NA,NA,NA,NA,NA,NA,NA,NA,Y,3,0,2,2,-,-,-,NA,NA,N,D,C,A,A,H,-,A,A,0,NA,NA,NA,NA,Y,NA,-,-,0,1,1,0,0,0,0,0,0,-,-,NA,NA,ORANGE,LAGUNA HILLS,-117.70378875732422,33.60467529296875
9606630,2023,2023-08-24,3000,2023-07-25,1836,4246,993B7,2,5,5,3017,0,0,0,NA,0,776,SOUTH EL CAMINO REAL,AVENIDA SAN LUIS REY,0,NA,Y,B,-,N,NA,NA,NA,NA,NA,NA,NA,NA,NA,Y,4,0,2,2,A,-,09,21801,A,N,D,C,A,A,H,-,A,A,0,NA,NA,NA,NA,Y,NA,A,07,0,0,2,0,0,0,0,0,0,-,-,NA,NA,ORANGE,SAN CLEMENTE,-117.5977020263672,33.40520095825195