CASE_ID,ACCIDENT_YEAR,PROC_DATE,JURIS,COLLISION_DATE,COLLISION_TIME,OFFICER_ID,REPORTING_DISTRICT,DAY_OF_WEEK,CHP_SHIFT,POPULATION,CNTY_CITY_LOC,SPECIAL_COND,BEAT_TYPE,CHP_BEAT_TYPE,CITY_DIVISION_LAPD,CHP_BEAT_CLASS,BEAT_NUMBER,PRIMARY_RD,SECONDARY_RD,DISTANCE,DIRECTION,INTERSECTION,WEATHER_1,WEATHER_2,STATE_HWY_IND,CALTRANS_COUNTY,CALTRANS_DISTRICT,STATE_ROUTE,ROUTE_SUFFIX,POSTMILE_PREFIX,POSTMILE,LOCATION_TYPE,RAMP_INTERSECTION,SIDE_OF_HWY,TOW_AWAY,COLLISION_SEVERITY,NUMBER_KILLED,NUMBER_INJURED,PARTY_COUNT,PRIMARY_COLL_FACTOR,PCF_CODE_OF_VIOL,PCF_VIOL_CATEGORY,PCF_VIOLATION,PCF_VIOL_SUBSECTION,HIT_AND_RUN,TYPE_OF_COLLISION,MVIW,PED_ACTION,ROAD_SURFACE,ROAD_COND_1,ROAD_COND_2,LIGHTING,CONTROL_DEVICE,CHP_ROAD_TYPE,PEDESTRIAN_ACCIDENT,BICYCLE_ACCIDENT,MOTORCYCLE_ACCIDENT,TRUCK_ACCIDENT,NOT_PRIVATE_PROPERTY,ALCOHOL_INVOLVED,STWD_VEHTYPE_AT_FAULT,CHP_VEHTYPE_AT_FAULT,COUNT_SEVERE_INJ,COUNT_VISIBLE_INJ,COUNT_COMPLAINT_PAIN,COUNT_PED_KILLED,COUNT_PED_INJURED,COUNT_BICYCLIST_KILLED,COUNT_BICYCLIST_INJURED,COUNT_MC_KILLED,COUNT_MC_INJURED,PRIMARY_RAMP,SECONDARY_RAMP,LATITUDE,LONGITUDE,COUNTY,CITY,POINT_X,POINT_Y
6606465,2014,2016-05-28,9690,2014-07-26,1045,016583,NA,6,1,5,3028,0,1,1,NA,2,056,RT 5,OSO PKWY,1700,N,N,A,-,Y,ORA,12,5,-,-,15.61,H,-,N,Y,3,0,1,3,A,-,07,21658,A,N,B,C,A,A,H,-,A,D,1,NA,NA,NA,NA,Y,NA,A,01,0,1,0,0,0,0,0,0,0,-,-,33.58668,-117.67133,ORANGE,MISSION VIEJO,-117.67151355,33.58596421
6609885,2014,2016-01-15,3001,2014-08-21,1717,415,NA,4,5,7,3001,0,0,0,NA,0,0D1,EUCLID ST,GLENOAKS AV,40,N,N,A,-,N,NA,NA,NA,NA,NA,NA,NA,NA,NA,Y,3,0,2,2,A,-,03,22350,NA,N,C,C,A,A,H,-,A,A,0,NA,NA,NA,NA,Y,NA,A,01,0,1,1,0,0,0,0,0,0,-,-,NA,NA,ORANGE,ANAHEIM,-117.94161281,33.84305964
6610033,2014,2016-05-28,9675,2014-08-17,0218,020594,NA,7,3,7,3019,0,1,1,NA,2,502,RT 5,LA VETA AV,500,N,N,A,-,Y,ORA,12,5,-,-,34.297,R,2,S,Y,2,0,1,1,A,-,01,23152,A,N,E,I,A,A,H,-,C,D,1,NA,NA,NA,NA,Y,Y,A,01,1,0,0,0,0,0,0,0,0,TO,-,33.7798,-117.87913,ORANGE,SANTA ANA,-117.87959572,33.78137439
6610045,2014,2016-06-07,9675,2014-08-13,2249,018017,NA,3,3,6,3026,0,1,1,NA,2,406,RT 405,JAMBOREE RD,750,N,N,A,-,Y,ORA,12,405,-,-,7.11,H,-,N,Y,3,0,1,1,A,-,08,22107,NA,N,F,A,A,A,H,-,A,D,6,NA,NA,NA,NA,Y,NA,A,07,0,1,0,0,0,0,0,0,0,-,-,33.67889,-117.84663,ORANGE,IRVINE,-117.84643835,33.67821223
6610889,2014,2016-05-28,9675,2014-08-27,1630,18834,NA,3,2,4,3002,0,1,3,NA,2,570,RT 57,LAMBERT RD,200,S,N,A,-,Y,ORA,12,57,-,-,20.92,H,-,S,N,4,0,1,2,A,-,03,22350,NA,N,C,C,A,A,H,-,A,D,6,NA,NA,NA,NA,Y,NA,A,07,0,0,1,0,0,0,0,0,0,-,-,33.92404,-117.88044,ORANGE,BREA,-117.88031011,33.92555931
6611164,2014,2014-09-23,3010,2014-08-29,1308,1225,437,5,5,6,3010,0,0,0,NA,0,003,ADAMS,BROOKHURST,89,E,N,A,-,N,NA,NA,NA,NA,NA,NA,NA,NA,NA,Y,4,0,1,3,A,-,03,22350,NA,N,C,C,A,A,H,-,A,A,0,NA,NA,NA,NA,Y,NA,A,01,0,0,1,0,0,0,0,0,0,-,-,NA,NA,ORANGE,HUNTINGTON BEACH,-117.9536785,33.67244
6611672,2014,2014-09-19,3019,2014-08-27,1032,1795,SC,3,5,7,3019,0,0,0,NA,0,004,TOWNSEND ST,MCFADDEN AV,0,NA,Y,A,-,N,NA,NA,NA,NA,NA,NA,NA,NA,NA,N,4,0,1,2,A,-,09,21804,A,N,H,G,A,A,H,-,A,A,0,NA,Y,NA,NA,Y,NA,L,04,0,0,1,0,0,0,1,0,0,-,-,NA,NA,ORANGE,SANTA ANA,-117.89541007,33.73450008
6611676,2014,2014-09-19,3019,2014-08-18,1212,2528,SC,1,5,7,3019,0,0,0,NA,0,004,BAKER ST,MCFADDEN AV,0,NA,Y,A,-,N,NA,NA,NA,NA,NA,NA,NA,NA,NA,N,4,0,1,2,A,-,09,21804,NA,N,D,G,A,A,H,-,A,A,0,NA,Y,NA,NA,Y,NA,L,04,0,0,1,0,0,0,1,0,0,-,-,NA,NA,ORANGE,SANTA ANA,-117.88295002,33.73447001
6612173,2014,2014-09-17,3001,2014-08-22,1623,1740,NA,5,5,7,3001,0,0,0,NA,0,0D3,WEST BALL RD,S DISNEYLAND DR,75,E,N,A,-,N,NA,NA,NA,NA,NA,NA,NA,NA,NA,Y,4,0,3,3,A,-,03,22350,NA,N,C,C,A,A,H,-,A,A,0,NA,NA,NA,NA,Y,NA,A,01,0,0,3,0,0,0,0,0,0,-,-,NA,NA,ORANGE,ANAHEIM,-117.92219,33.81815
6612216,2014,2014-09-16,3001,2014-08-25,1747,A1252,NA,1,5,7,3001,0,0,0,NA,0,EAST,E LINCOLN AV,RIO VISTA ST,402,E,N,A,-,N,NA,NA,NA,NA,NA,NA,NA,NA,NA,Y,4,0,5,2,A,-,09,21804,A,N,D,C,A,A,H,-,A,D,0,NA,NA,NA,NA,Y,NA,A,01,0,0,5,0,0,0,0,0,0,-,-,NA,NA,ORANGE,ANAHEIM,-117.87033517,33.83687438
6612217,2014,2014-09-17,3001,2014-08-25,1655,471,NA,1,5,7,3001,0,0,0,NA,0,0D4,E CANYON RIM RD,S HUMMINGBIRD CIR,0,NA,Y,A,-,N,NA,NA,NA,NA,NA,NA,NA,NA,NA,Y,3,0,2,2,A,-,09,21801,A,N,D,C,A,A,H,-,A,D,0,NA,NA,NA,NA,Y,NA,A,07,0,2,0,0,0,0,0,0,0,-,-,NA,NA,ORANGE,ANAHEIM,-117.75551008,33.84662012
6612224,2014,2016-05-21,3001,2014-08-25,1243,1007,NA,1,5,7,3001,0,0,0,NA,0,0D4,RT 90,RT 91,1,S,N,A,-,Y,ORA,12,90,-,-,12.741,I,5,W,Y,4,0,2,2,A,-,12,21453,A,N,D,C,A,A,H,-,A,A,0,NA,NA,NA,NA,Y,NA,A,01,0,0,2,0,0,0,0,0,0,-,WF,NA,NA,ORANGE,ANAHEIM,-117.79046665,33.85566979
6612240,2014,2014-09-16,3001,2014-08-30,1450,A1555,NA,6,5,7,3001,0,0,0,NA,0,0D2,E BELMONT ST,N BAXTER ST,0,NA,Y,A,-,N,NA,NA,NA,NA,NA,NA,NA,NA,NA,Y,3,0,1,1,A,-,03,22350,NA,M,E,I,A,A,H,-,A,A,0,NA,NA,NA,NA,Y,NA,A,01,0,1,0,0,0,0,0,0,0,-,-,NA,NA,ORANGE,ANAHEIM,-117.89359008,33.84780007
6614725,2014,2014-09-18,3008,2014-08-21,1252,1177,NA,4,5,6,3008,0,0,0,NA,0,0Z2,BASTANCHURY RD,MORELIA AV,237,E,N,A,-,N,NA,NA,NA,NA,NA,NA,NA,NA,NA,Y,3,0,1,2,A,-,09,21801,A,N,D,C,A,A,H,-,A,D,0,NA,NA,NA,NA,Y,NA,A,01,0,1,0,0,0,0,0,0,0,-,-,NA,NA,ORANGE,FULLERTON,-117.93253692,33.8936015
6615005,2014,2014-09-23,3019,2014-08-25,1748,3151,SE,1,5,7,3019,0,0,0,NA,0,003,FLOWER ST,WARNER AV,0,NA,Y,A,-,N,NA,NA,NA,NA,NA,NA,NA,NA,NA,Y,4,0,2,2,A,-,09,21801,A,N,A,C,A,A,H,-,A,A,0,NA,NA,NA,NA,Y,NA,D,22,0,0,2,0,0,0,0,0,0,-,-,NA,NA,ORANGE,SANTA ANA,-117.87669,33.71615002
6615010,2014,2014-09-22,3010,2014-08-17,1700,1176,252,7,5,6,3010,0,0,0,NA,0,007,GANGES LN,VOLGA DR,37,S,N,A,-,N,NA,NA,NA,NA,NA,NA,NA,NA,NA,Y,3,0,1,6,A,-,01,23152,A,N,-,E,A,A,H,-,A,D,0,NA,NA,NA,NA,Y,NA,A,01,0,1,0,0,0,0,0,0,0,-,-,NA,NA,ORANGE,HUNTINGTON BEACH,-117.99737114,33.72778856
6616694,2014,2014-09-22,3003,2014-08-02,2124,657,NA,6,5,5,3003,0,0,0,NA,0,NA,VALLEY VIEW AV,SAN RAFAEL,0,NA,Y,C,-,N,NA,NA,NA,NA,NA,NA,NA,NA,NA,N,3,0,1,2,A,-,11,21956,A,N,G,B,E,B,H,-,E,D,0,Y,NA,NA,NA,Y,NA,N,60,0,1,0,0,1,0,0,0,0,-,-,NA,NA,ORANGE,BUENA PARK,-118.02844011,33.84292003
6619490,2014,2016-01-15,3000,2014-09-01,1710,4308,971E3,1,5,4,3029,0,0,0,NA,0,338,PACIFIC COAST HWY,CROWN VALLEY PKWY,464,S,N,A,-,N,NA,NA,NA,NA,NA,NA,NA,NA,NA,Y,4,0,1,3,A,-,03,22350,NA,N,C,C,A,A,H,-,A,A,0,NA,NA,NA,NA,Y,NA,A,01,0,0,1,0,0,0,0,0,0,-,-,NA,NA,ORANGE,DANA POINT,-117.72611556,33.4859417
6621380,2014,2016-06-16,3012,2014-09-23,1447,288,26,2,5,5,3012,0,0,0,NA,0,002,WHITTIER BL,STONEWOOD ST,640,E,N,A,-,Y,ORA,12,39,-,-,22.56,H,-,N,Y,4,0,1,2,A,-,07,21658,A,N,B,C,A,A,H,-,A,D,0,NA,NA,NA,NA,Y,NA,A,01,0,0,1,0,0,0,0,0,0,-,-,NA,NA,ORANGE,LA HABRA,-117.93515826,33.93904588
6621669,2014,2014-09-30,3009,2014-09-08,0729,1925,52,1,5,6,3009,0,0,0,NA,0,NA,WESTERN AV,CHAPMAN AV,312,N,N,A,B,N,NA,NA,NA,NA,NA,NA,NA,NA,NA,N,4,0,1,2,A,-,03,22350,NA,N,C,C,A,A,H,-,A,A,0,NA,NA,NA,NA,Y,NA,A,01,0,0,1,0,0,0,0,0,0,-,-,NA,NA,ORANGE,GARDEN GROVE,-118.00153719,33.78918534
6621672,2014,2014-09-19,3008,2014-08-27,1436,1284,22,3,5,6,3008,0,0,0,NA,0,NA,CHAPMAN AV,FORD AV,0,NA,Y,A,-,N,NA,NA,NA,NA,NA,NA,NA,NA,NA,N,4,0,1,2,A,-,03,22350,NA,N,C,C,A,A,C,-,A,D,0,NA,NA,NA,NA,Y,NA,A,07,0,0,1,0,0,0,0,0,0,-,-,NA,NA,ORANGE,FULLERTON,-117.93092001,33.87383009
6622191,2014,2014-10-03,3008,2014-09-09,1720,1452,NA,2,5,6,3008,0,0,0,NA,0,002,ORANGETHORPE AV,HIGHLAND AV,0,NA,Y,A,-,N,NA,NA,NA,NA,NA,NA,NA,NA,NA,Y,3,0,2,2,A,-,09,21801,A,N,A,C,A,A,H,-,A,A,0,NA,NA,NA,NA,Y,NA,-,NA,0,1,1,0,0,0,0,0,0,-,-,NA,NA,ORANGE,FULLERTON,-117.92867006,33.85945003
6622467,2014,2015-02-25,3014,2014-09-13,0151,1441,RD15,6,5,5,3014,0,0,0,NA,0,0A1,NEWPORT BL,26TH ST,204,E,N,A,-,N,NA,NA,NA,NA,NA,NA,NA,NA,NA,N,2,0,2,4,A,-,01,23152,A,F,G,B,E,A,H,-,C,A,0,Y,NA,NA,NA,Y,Y,A,01,1,1,0,0,2,0,0,0,0,-,-,33.61127,-117.92887,ORANGE,NEWPORT BEACH,-117.92897416,33.6112474
6622485,2014,2014-10-08,3024,2014-09-05,1239,162,P-40,5,5,5,3024,0,0,0,NA,0,EAST,MARGO LN,BROOKHURST ST,6,W,N,A,-,N,NA,NA,NA,NA,NA,NA,NA,NA,NA,N,3,0,1,2,A,-,05,21650,1,N,D,G,A,A,H,-,A,A,0,NA,Y,NA,NA,Y,NA,L,04,0,1,0,0,0,0,1,0,0,-,-,NA,NA,ORANGE,WESTMINSTER,-117.95481969,33.7344
6625474,2014,2014-10-07,3001,2014-09-08,1700,1373,NA,1,5,7,3001,0,0,0,NA,0,0D2,W CORONET AV,N LIGHTHOUSE LN,322,E,N,B,-,N,NA,NA,NA,NA,NA,NA,NA,NA,NA,Y,3,0,1,1,A,-,03,22350,NA,N,E,I,A,A,H,-,A,A,0,NA,NA,NA,NA,Y,NA,A,01,0,1,0,0,0,0,0,0,0,-,-,NA,NA,ORANGE,ANAHEIM,-117.95082543,33.85205049
6625727,2014,2016-05-28,3004,2014-08-13,0140,P609,01,3,5,6,3004,0,0,0,NA,0,001,NEWPORT BL,HARBOR BL,0,NA,Y,A,-,Y,ORA,12,55,-,-,1.82,I,5,S,N,4,0,1,2,A,-,08,22107,NA,N,F,A,A,A,H,-,C,A,0,NA,NA,Y,NA,Y,NA,C,02,0,0,1,0,0,0,0,0,1,-,-,33.6412,-117.91877,ORANGE,COSTA MESA,-117.91881017,33.64108076
6625743,2014,2016-01-15,3004,2014-08-27,2013,P429,35,3,5,6,3004,0,0,0,NA,0,002,VANGUARD WY,NEWPORT BL,0,NA,Y,A,-,N,NA,NA,NA,NA,NA,NA,NA,NA,NA,N,4,0,2,2,A,-,09,21453,B,N,D,C,A,A,H,-,E,A,0,NA,NA,NA,NA,Y,NA,A,01,0,0,2,0,0,0,0,0,0,-,-,NA,NA,ORANGE,COSTA MESA,-117.90354012,33.65788012
6629352,2014,2014-10-09,3001,2014-09-14,1107,1508,NA,7,5,7,3001,0,0,0,NA,0,0D3,DISNEYLAND DR,BALL RD,573,S,N,A,-,N,NA,NA,NA,NA,NA,NA,NA,NA,NA,N,4,0,1,2,A,-,07,21658,A,N,D,C,A,A,H,-,A,A,0,NA,NA,NA,NA,Y,NA,A,01,0,0,1,0,0,0,0,0,0,-,-,NA,NA,ORANGE,ANAHEIM,-117.92244459,33.81661378
6629359,2014,2014-10-09,3001,2014-09-11,1734,415,NA,4,5,7,3001,0,0,0,NA,0,0D4,KRAEMER BL,CORONADO ST,528,N,N,A,-,N,NA,NA,NA,NA,NA,NA,NA,NA,NA,Y,3,0,1,2,A,-,08,22100,A,N,B,C,A,A,H,-,A,D,0,NA,NA,Y,NA,Y,NA,A,08,0,1,0,0,0,0,0,0,1,-,-,NA,NA,ORANGE,ANAHEIM,-117.85905679,33.85595431
6630381,2014,2016-06-16,3012,2014-09-16,0730,586,14,2,5,5,3012,0,0,0,NA,0,001,WHITTIER BL,CORTO WY,14,W,N,A,-,Y,ORA,12,39,-,-,21,H,-,S,Y,3,0,2,4,A,-,06,21755,NA,N,D,C,A,A,H,-,A,D,0,NA,NA,NA,NA,Y,NA,A,07,0,1,1,0,0,0,0,0,0,-,-,NA,NA,ORANGE,LA HABRA,-117.96260927,33.93944844
6630930,2014,2014-11-04,3010,2014-09-14,1706,2116,165,7,5,6,3010,0,0,0,NA,0,008,WARNER AV,SANDRA LEE LN,0,NA,Y,A,-,N,NA,NA,NA,NA,NA,NA,NA,NA,NA,Y,4,0,2,3,A,-,03,22350,NA,N,C,C,A,A,H,-,A,A,0,NA,NA,NA,NA,Y,Y,A,07,0,0,2,0,0,0,0,0,0,-,-,NA,NA,ORANGE,HUNTINGTON BEACH,-118.04938012,33.71472005
6631188,2014,2014-10-02,3015,2014-08-26,1343,1098,23E,2,5,6,3015,0,0,0,NA,0,731,NORTH TUSTIN ST,E WALNUT AV,112,S,N,A,-,N,NA,NA,NA,NA,NA,NA,NA,NA,NA,N,4,0,1,1,A,-,03,22350,NA,N,A,I,A,A,H,-,A,D,0,NA,NA,Y,NA,Y,NA,C,02,0,0,1,0,0,0,0,0,1,-,-,NA,NA,ORANGE,ORANGE,-117.83569439,33.79473299
6631691,2014,2014-11-04,3026,2014-09-19,1703,4779,NA,5,5,6,3026,0,0,0,NA,0,00C,SPECTRUM CENTER DR,PACIFICA,30,N,N,A,-,N,NA,NA,NA,NA,NA,NA,NA,NA,NA,Y,3,0,2,2,A,-,03,22350,NA,N,C,C,A,A,D,-,A,A,0,NA,NA,NA,NA,Y,NA,A,01,0,1,1,0,0,0,0,0,0,-,-,NA,NA,ORANGE,IRVINE,-117.74699863,33.65139074
6631726,2014,2016-05-31,9670,2014-09-17,0812,16199,NA,3,1,4,3020,0,1,1,NA,2,044,RT 405,7TH ST,528,N,N,A,-,Y,ORA,12,405,-,-,23.38,H,-,N,Y,2,0,1,2,A,-,07,21658,A,N,B,C,A,A,D,-,A,D,1,NA,NA,Y,NA,Y,NA,A,01,1,0,0,0,0,0,0,0,1,-,-,33.77625,-118.0878,ORANGE,SEAL BEACH,-118.08664993,33.77530279
6631747,2014,2014-11-04,3014,2014-09-14,1100,1395,RD16,7,5,5,3014,0,0,0,NA,0,0A1,SEASHORE DR,44TH ST,60,E,N,A,-,N,NA,NA,NA,NA,NA,NA,NA,NA,NA,N,3,0,1,2,A,-,08,22107,NA,N,H,G,A,A,H,-,A,D,0,NA,Y,NA,NA,Y,NA,L,04,0,1,0,0,0,0,1,0,0,-,-,33.6201,-117.9392,ORANGE,NEWPORT BEACH,-117.93888062,33.61987613
6632210,2014,2016-05-28,3012,2014-09-10,2111,557,3012,3,5,5,3012,0,0,0,NA,0,003,IMPERIAL HWY,BEACH BL,10,E,N,A,-,Y,ORA,12,90,-,-,0.51,H,-,W,N,3,0,1,2,A,-,-,NA,NA,N,B,J,A,A,H,-,C,A,0,NA,NA,NA,NA,Y,NA,-,NA,0,1,0,0,0,0,0,0,0,-,-,NA,NA,ORANGE,LA HABRA,-117.96783121,33.91742175
6633246,2014,2014-09-30,3019,2014-09-02,1143,2771,NE,2,5,7,3019,0,0,0,NA,0,002,17TH ST,MABURY ST,0,NA,Y,A,-,N,NA,NA,NA,NA,NA,NA,NA,NA,NA,Y,4,0,2,3,A,-,09,21802,A,N,D,C,A,A,H,-,A,D,0,NA,NA,NA,NA,Y,NA,A,01,0,0,2,0,0,0,0,0,0,-,-,NA,NA,ORANGE,SANTA ANA,-117.84382007,33.75992006
6633466,2014,2014-10-30,3001,2014-09-10,1816,A1252,NA,3,5,7,3001,0,0,0,NA,0,0D1,BROOKHURST ST,CATALINA ST,48,N,N,A,-,N,NA,NA,NA,NA,NA,NA,NA,NA,NA,Y,3,0,2,2,A,-,01,23152,A,N,C,C,A,A,H,-,A,A,0,NA,NA,NA,NA,Y,Y,A,07,0,1,1,0,0,0,0,0,0,-,-,NA,NA,ORANGE,ANAHEIM,-117.95901,33.8363816
6634912,2014,2014-10-09,3001,2014-09-09,1925,471A1218,NA,2,5,7,3001,0,0,0,NA,0,0D1,SOUTH MAGNOLIA AV,W LINCOLN AV,264,S,N,A,-,N,NA,NA,NA,NA,NA,NA,NA,NA,NA,N,3,0,1,2,A,-,05,21650,1,N,D,G,A,A,H,-,B,D,0,NA,Y,NA,NA,Y,NA,L,04,0,1,0,0,0,0,1,0,0,-,-,NA,NA,ORANGE,ANAHEIM,-117.97598585,33.83144624
6634916,2014,2014-10-09,3001,2014-09-11,1619,1397,NA,4,5,7,3001,0,0,0,NA,0,0D1,WEST BROADWAY,SOUTH MAGNOLIA AV,127,E,N,A,-,N,NA,NA,NA,NA,NA,NA,NA,NA,NA,Y,4,0,2,2,A,-,09,21804,A,N,D,C,A,A,H,-,A,D,0,NA,NA,NA,NA,Y,NA,A,01,0,0,2,0,0,0,0,0,0,-,-,NA,NA,ORANGE,ANAHEIM,-117.97554278,33.82858
6635864,2014,2016-05-28,9675,2014-09-14,0905,15784,NA,7,1,7,3001,0,1,3,NA,2,094,RT 91,IMPERIAL HWY,1200,W,N,A,-,Y,ORA,12,91,-,R,11.3,H,-,W,Y,3,0,1,2,A,-,03,22350,NA,N,C,C,A,A,H,-,A,D,1,NA,NA,NA,NA,Y,NA,A,01,0,1,0,0,0,0,0,0,0,-,-,33.85477,-117.80014,ORANGE,ANAHEIM,-117.79465412,33.85439089
6636841,2014,2014-10-31,3013,2014-09-12,1704,178,NA,5,5,3,3013,0,0,0,NA,0,NA,KATELLA AV,LOS ALAMITOS BL,34,W,N,A,-,N,NA,NA,NA,NA,NA,NA,NA,NA,NA,Y,4,0,2,2,A,-,03,22350,NA,N,C,C,A,A,H,-,A,A,0,NA,NA,NA,NA,Y,NA,A,01,0,0,2,0,0,0,0,0,0,-,-,NA,NA,ORANGE,LOS ALAMITOS,-118.07204168,33.80303
6636857,2014,2014-10-31,3019,2014-09-05,1336,2666,NE,5,5,7,3019,0,0,0,NA,0,002,MAIN ST,WALKIE WY,42,N,N,A,-,N,NA,NA,NA,NA,NA,NA,NA,NA,NA,N,4,0,1,2,A,-,03,22350,NA,N,C,C,A,A,H,-,A,A,0,NA,NA,NA,NA,Y,NA,A,07,0,0,1,0,0,0,0,0,0,-,-,NA,NA,ORANGE,SANTA ANA,-117.86746,33.77076514
6636888,2014,2016-05-28,3011,2014-09-18,1412,31241,34,4,5,4,3011,0,0,0,NA,0,001,RT 133,RT 1,50,N,N,A,-,Y,ORA,12,133,-,-,0.001,H,-,N,Y,4,0,1,2,A,-,08,22100,A,N,B,C,A,A,H,-,A,A,0,NA,NA,NA,NA,Y,NA,A,01,0,0,1,0,0,0,0,0,0,-,-,NA,NA,ORANGE,LAGUNA BEACH,-117.78535761,33.5427661
6637515,2014,2014-11-05,3024,2014-09-14,1959,156,P21,7,5,5,3024,0,0,0,NA,0,EAST,BUSHARD ST,OASIS AV,15,S,N,A,-,N,NA,NA,NA,NA,NA,NA,NA,NA,NA,N,4,0,1,2,A,-,10,21950,A,N,G,B,B,A,H,-,C,D,0,Y,NA,NA,NA,Y,NA,A,01,0,0,1,0,1,0,0,0,0,-,-,NA,NA,ORANGE,WESTMINSTER,-117.963618,33.75624891
6637937,2014,2016-05-28,9675,2014-09-20,1450,020766,NA,6,2,5,3022,0,1,1,NA,2,503,RT 5,RED HILL AV,78,N,N,A,-,Y,ORA,12,5,-,R,29.13,H,-,N,Y,4,0,1,2,A,-,03,22350,NA,N,C,C,A,A,H,-,A,D,1,NA,NA,NA,NA,Y,NA,A,01,0,0,1,0,0,0,0,0,0,-,-,33.73409,-117.81562,ORANGE,TUSTIN,-117.81558381,33.73389129
6639027,2014,2014-10-20,3000,2014-09-05,2045,5013,862C6,5,5,5,3050,0,0,0,NA,0,762,RANCHO PKWY,LAKE FOREST DR,97,N,N,A,-,N,NA,NA,NA,NA,NA,NA,NA,NA,NA,Y,4,0,2,2,A,-,01,23152,A,N,C,C,A,A,H,-,C,A,0,NA,NA,NA,NA,Y,Y,D,22,0,0,2,0,0,0,0,0,0,-,-,NA,NA,ORANGE,LAKE FOREST,-117.66177435,33.66938048
6640468,2014,2014-10-10,3000,2014-09-22,1800,4308,971H5,1,5,4,3029,0,0,0,NA,0,338,SELVA RD,ROBLES,26,E,N,A,-,N,NA,NA,NA,NA,NA,NA,NA,NA,NA,Y,4,0,1,2,A,-,09,21801,A,N,D,C,A,A,H,-,A,D,0,NA,NA,NA,NA,Y,NA,A,01,0,0,1,0,0,0,0,0,0,-,-,NA,NA,ORANGE,DANA POINT,-117.70229496,33.47278
6640945,2014,2014-10-14,3019,2014-09-16,1710,2776,WE,2,5,7,3019,0,0,0,NA,0,001,NEWHOPE ST,MCFADDEN AV,80,S,N,A,-,N,NA,NA,NA,NA,NA,NA,NA,NA,NA,N,4,0,2,2,A,-,03,22350,NA,N,C,C,A,A,H,-,A,D,0,NA,NA,NA,NA,Y,NA,D,22,0,0,2,0,0,0,0,0,0,-,-,NA,NA,ORANGE,SANTA ANA,-117.92864902,33.73801067
6641742,2014,2016-05-24,3010,2014-09-16,0841,164,162,2,5,6,3010,0,0,0,NA,0,008,RT 1,4TH ST,0,NA,Y,A,-,Y,ORA,12,1,-,-,24.721,I,6,S,N,3,0,1,2,A,-,09,21801,A,N,H,G,A,A,H,-,A,D,0,NA,Y,NA,NA,Y,NA,D,22,0,1,0,0,0,0,1,0,0,-,-,NA,NA,ORANGE,HUNTINGTON BEACH,-118.00198535,33.65703794
6641944,2014,2016-04-06,3001,2014-09-20,0043,415,NA,6,5,7,3001,0,0,0,NA,0,0D4,IMPERIAL HWY,RT 91,0,NA,Y,A,-,N,NA,NA,NA,NA,NA,NA,NA,NA,NA,Y,4,0,1,2,A,-,12,21453,A,N,D,C,A,A,H,-,C,A,0,NA,NA,NA,NA,Y,NA,-,-,0,0,1,0,0,0,0,0,0,-,EF,NA,NA,ORANGE,ANAHEIM,-117.79048,33.85459
6642079,2014,2014-10-27,3010,2014-09-18,1819,251,443,4,5,6,3010,0,0,0,NA,0,003,DELAWARE,INDIANAPOLIS,0,NA,Y,A,-,N,NA,NA,NA,NA,NA,NA,NA,NA,NA,Y,4,0,1,2,A,-,09,21802,A,N,D,C,A,A,H,-,A,D,0,NA,NA,NA,NA,Y,NA,-,-,0,0,1,0,0,0,0,0,0,-,-,NA,NA,ORANGE,HUNTINGTON BEACH,-117.99289014,33.66489004
6643192,2014,2014-11-05,3016,2014-09-17,0739,1153,25,3,5,5,3016,0,0,0,NA,0,002,CHAPMAN AV,MISSION WY,20,W,N,A,-,N,NA,NA,NA,NA,NA,NA,NA,NA,NA,Y,4,0,2,3,A,-,03,22350,NA,N,C,C,A,A,H,-,A,D,0,NA,NA,NA,NA,Y,NA,A,01,0,0,2,0,0,0,0,0,0,-,-,NA,NA,ORANGE,PLACENTIA,-117.85862441,33.87145905
6643195,2014,2014-11-05,3016,2014-09-13,2053,1243,21,6,5,5,3016,0,0,0,NA,0,002,ORANGETHORPE AV,IOWA PL,56,W,N,A,-,N,NA,NA,NA,NA,NA,NA,NA,NA,NA,Y,4,0,3,2,A,-,01,23153,A,N,C,C,A,A,H,-,C,A,0,NA,NA,NA,NA,Y,Y,A,07,0,0,3,0,0,0,0,0,0,-,-,NA,NA,ORANGE,PLACENTIA,-117.87852782,33.86091055
6645312,2014,2014-10-27,3001,2014-09-29,0733,1508,NA,1,5,7,3001,0,0,0,NA,0,0D2,EAST ROMNEYA DR,N BAXTER ST,532,E,N,A,-,N,NA,NA,NA,NA,NA,NA,NA,NA,NA,Y,4,0,2,2,A,-,21,22106,NA,N,B,C,A,A,H,-,A,D,0,NA,NA,NA,NA,Y,NA,A,01,0,0,2,0,0,0,0,0,0,-,-,NA,NA,ORANGE,ANAHEIM,-117.891872,33.85087209
6645570,2014,2014-10-28,3007,2014-09-19,1737,292,55,5,5,5,3007,0,0,0,NA,0,301,SLATER,BROOKHURST,50,E,N,A,-,N,NA,NA,NA,NA,NA,NA,NA,NA,NA,N,3,0,1,2,A,-,08,22107,NA,N,D,G,A,A,H,-,A,A,0,NA,Y,NA,NA,Y,NA,A,07,0,1,0,0,0,0,1,0,0,-,-,NA,NA,ORANGE,FOUNTAIN VALLEY,-117.95436128,33.70895217
6646762,2014,2014-12-10,3001,2014-09-23,0715,1508,NA,2,5,7,3001,0,0,0,NA,0,0D1,WEST BALL RD,SOUTH BROOKHURST ST,377,E,N,A,-,N,NA,NA,NA,NA,NA,NA,NA,NA,NA,N,4,0,1,2,A,-,03,22350,NA,N,C,C,A,A,H,-,A,A,0,NA,NA,NA,NA,Y,NA,A,01,0,0,1,0,0,0,0,0,0,-,-,NA,NA,ORANGE,ANAHEIM,-117.95770195,33.81778806
6647355,2014,2014-10-16,9690,2014-08-21,1805,020623,NA,4,2,9,3000,0,3,5,NA,2,004,SELLAS,SNAPDRAGON,0,NA,Y,A,-,N,NA,NA,NA,NA,NA,NA,NA,NA,NA,Y,3,0,1,2,A,-,08,22107,NA,N,B,C,A,A,H,-,A,D,0,NA,NA,NA,NA,Y,NA,A,07,0,1,0,0,0,0,0,0,0,-,-,NA,NA,ORANGE,UNINCORPORATED,-117.6354301,33.55412004
6648017,2014,2016-05-26,3014,2014-09-19,1006,1374,RD41,5,5,5,3014,0,0,0,NA,0,0A3,RT 1,BAYSIDE DR,198,W,N,A,-,Y,ORA,12,1,-,R,18.03,H,-,S,N,3,0,1,2,A,-,03,22350,NA,N,H,G,A,A,H,-,A,D,0,NA,Y,NA,NA,Y,NA,D,22,0,1,0,0,0,0,1,0,0,-,-,33.6162,-117.902,ORANGE,NEWPORT BEACH,-117.90017788,33.61608373