CASE_ID,ACCIDENT_YEAR,PROC_DATE,JURIS,COLLISION_DATE,COLLISION_TIME,OFFICER_ID,REPORTING_DISTRICT,DAY_OF_WEEK,CHP_SHIFT,POPULATION,CNTY_CITY_LOC,SPECIAL_COND,BEAT_TYPE,CHP_BEAT_TYPE,CITY_DIVISION_LAPD,CHP_BEAT_CLASS,BEAT_NUMBER,PRIMARY_RD,SECONDARY_RD,DISTANCE,DIRECTION,INTERSECTION,WEATHER_1,WEATHER_2,STATE_HWY_IND,CALTRANS_COUNTY,CALTRANS_DISTRICT,STATE_ROUTE,ROUTE_SUFFIX,POSTMILE_PREFIX,POSTMILE,LOCATION_TYPE,RAMP_INTERSECTION,SIDE_OF_HWY,TOW_AWAY,COLLISION_SEVERITY,NUMBER_KILLED,NUMBER_INJURED,PARTY_COUNT,PRIMARY_COLL_FACTOR,PCF_CODE_OF_VIOL,PCF_VIOL_CATEGORY,PCF_VIOLATION,PCF_VIOL_SUBSECTION,HIT_AND_RUN,TYPE_OF_COLLISION,MVIW,PED_ACTION,ROAD_SURFACE,ROAD_COND_1,ROAD_COND_2,LIGHTING,CONTROL_DEVICE,CHP_ROAD_TYPE,PEDESTRIAN_ACCIDENT,BICYCLE_ACCIDENT,MOTORCYCLE_ACCIDENT,TRUCK_ACCIDENT,NOT_PRIVATE_PROPERTY,ALCOHOL_INVOLVED,STWD_VEHTYPE_AT_FAULT,CHP_VEHTYPE_AT_FAULT,COUNT_SEVERE_INJ,COUNT_VISIBLE_INJ,COUNT_COMPLAINT_PAIN,COUNT_PED_KILLED,COUNT_PED_INJURED,COUNT_BICYCLIST_KILLED,COUNT_BICYCLIST_INJURED,COUNT_MC_KILLED,COUNT_MC_INJURED,PRIMARY_RAMP,SECONDARY_RAMP,LATITUDE,LONGITUDE,COUNTY,CITY,POINT_X,POINT_Y
8086458,2016,2016-07-18,3000,2016-06-03,1647,9696,951G7,5,5,5,3040,0,0,0,NA,0,743,NIGUEL RD,CLUB HOUSE DR,476,N,N,A,-,N,NA,NA,NA,NA,NA,NA,NA,NA,NA,Y,4,0,2,2,A,-,03,22350,NA,N,C,C,A,A,H,-,A,D,0,NA,NA,NA,NA,Y,NA,A,07,0,0,2,0,0,0,0,0,0,-,-,NA,NA,ORANGE,LAGUNA NIGUEL,-117.70848072,33.50986514
8087599,2016,2016-07-25,3001,2016-07-09,1949,1614,CENTR,6,5,7,3001,0,0,0,NA,0,024,EAST SANTA ANA ST,SOUTH ANAHEIM BL,0,NA,Y,A,-,N,NA,NA,NA,NA,NA,NA,NA,NA,NA,Y,3,0,2,2,A,-,12,21453,A,N,D,C,A,A,H,-,B,A,0,NA,NA,NA,NA,Y,NA,A,01,0,1,1,0,0,0,0,0,0,-,-,NA,NA,ORANGE,ANAHEIM,-117.91242007,33.83112008
8091000,2016,2016-07-29,3024,2016-06-30,1544,420,P15,4,5,5,3024,0,0,0,NA,0,WEST,SPRINGDALE ST,MAHOGANY AV,34,S,N,A,-,N,NA,NA,NA,NA,NA,NA,NA,NA,NA,N,4,0,1,2,A,-,03,22350,NA,N,C,C,A,A,H,-,A,D,0,NA,NA,NA,NA,Y,NA,D,22,0,0,1,0,0,0,0,0,0,-,-,NA,NA,ORANGE,WESTMINSTER,-118.02454839,33.75648679
8091176,2016,2017-02-22,3010,2016-07-14,1514,1085,173,4,5,6,3010,0,0,0,NA,0,008,RT 1,WARNER,7940,E,N,A,-,Y,ORA,12,1,-,-,28.37,H,-,N,N,4,0,1,3,A,-,21,22106,NA,N,C,C,A,A,H,-,A,D,0,NA,NA,NA,NA,Y,NA,A,01,0,0,1,0,0,0,0,0,0,-,-,NA,NA,ORANGE,HUNTINGTON BEACH,-118.04648759,33.69498569
8091788,2016,2016-08-01,3012,2016-07-19,1613,288,45,2,5,5,3012,0,0,0,NA,0,0SE,EUCLID ST,LAS LOMAS DR,27,S,N,A,-,N,NA,NA,NA,NA,NA,NA,NA,NA,NA,N,4,0,1,2,A,-,03,22350,NA,N,C,C,A,A,H,-,A,A,0,NA,NA,NA,NA,Y,NA,A,01,0,0,1,0,0,0,0,0,0,-,-,NA,NA,ORANGE,LA HABRA,-117.9460786,33.92087599
8091796,2016,2017-02-22,3012,2016-07-08,1843,640,26,5,5,5,3012,0,0,0,NA,0,002,MAPLE ST,WHITTIER BL,0,NA,Y,A,-,Y,ORA,12,39,-,-,22.389,I,6,N,N,4,0,1,2,A,-,21,22106,NA,N,C,C,A,A,H,-,A,D,0,NA,NA,NA,NA,Y,NA,A,01,0,0,1,0,0,0,0,0,0,-,-,NA,NA,ORANGE,LA HABRA,-117.93873334,33.93904285
8092653,2016,2017-02-22,3000,2016-06-26,2116,7840,424,7,5,4,3021,0,0,0,NA,0,797J4,BEACH BL,ORANGEWOOD AV,76,S,N,A,-,Y,ORA,12,39,-,-,10.16,H,-,N,N,4,0,1,2,A,-,03,22350,NA,N,C,C,A,A,H,-,C,D,0,NA,NA,NA,NA,Y,NA,A,07,0,0,1,0,0,0,0,0,0,-,-,NA,NA,ORANGE,STANTON,-117.99291152,33.79541607
8092680,2016,2016-08-05,3022,2016-07-08,1431,1255,NA,5,5,5,3022,0,0,0,NA,0,NA,JAMBOREE RD,PORTOLA PKWY,186,S,N,A,-,N,NA,NA,NA,NA,NA,NA,NA,NA,NA,Y,4,0,1,2,A,-,03,22350,NA,N,C,C,A,A,H,-,A,A,0,NA,NA,NA,NA,Y,NA,D,22,0,0,1,0,0,0,0,0,0,-,-,33.74387,-117.77148,ORANGE,TUSTIN,-117.77179536,33.74350464
8093188,2016,2016-07-29,3024,2016-07-16,1342,411,P26,6,5,5,3024,0,0,0,NA,0,EAST,MAGNOLIA ST,CHANNING AV,0,NA,Y,A,-,N,NA,NA,NA,NA,NA,NA,NA,NA,NA,Y,3,0,1,2,A,-,05,21651,NA,N,A,C,A,A,H,-,A,D,0,NA,NA,NA,NA,Y,NA,A,08,0,1,0,0,0,0,0,0,0,-,-,NA,NA,ORANGE,WESTMINSTER,-117.97226008,33.74673008
8093761,2016,2016-07-26,3000,2016-06-02,1645,3358,972C5,4,5,4,3018,0,0,0,NA,0,731,AVENIDA CALIFORNIA,PASEO DEL PUERTO,391,S,N,A,-,N,NA,NA,NA,NA,NA,NA,NA,NA,NA,Y,3,0,1,1,A,-,03,22350,NA,N,E,J,A,A,H,-,A,D,0,NA,NA,NA,NA,Y,NA,A,01,0,1,0,0,0,0,0,0,0,-,-,NA,NA,ORANGE,SAN JUAN CAPISTRANO,-117.67284815,33.47086185
8093946,2016,2016-07-27,3000,2016-06-30,2000,1920,892B4,4,5,5,3028,0,0,0,NA,0,755,TRABUCO RD,LOS ALISOS BL,0,NA,Y,A,-,N,NA,NA,NA,NA,NA,NA,NA,NA,NA,Y,4,0,1,2,A,-,12,21453,A,N,D,C,A,A,H,-,B,A,0,NA,NA,NA,NA,Y,NA,A,07,0,0,1,0,0,0,0,0,0,-,-,NA,NA,ORANGE,MISSION VIEJO,-117.66542004,33.62893005
8094073,2016,2016-07-28,3003,2016-03-21,1800,601,113,1,5,5,3003,0,0,0,NA,0,005,SAN FRANCISCO DR,SAN RIO DR,180,E,N,A,-,N,NA,NA,NA,NA,NA,NA,NA,NA,NA,Y,4,0,1,4,A,-,08,22107,NA,N,A,C,A,A,H,-,A,D,0,NA,NA,NA,NA,Y,NA,D,22,0,0,1,0,0,0,0,0,0,-,-,33.8347,-118.023,ORANGE,BUENA PARK,-118.0230286,33.83473273
8094257,2016,2016-08-03,3004,2016-07-20,1027,P459,09,3,5,6,3004,0,0,0,NA,0,012,VICTORIA ST,POMONA AV,187,W,N,A,-,N,NA,NA,NA,NA,NA,NA,NA,NA,NA,Y,4,0,1,2,A,-,08,22107,NA,N,D,C,A,A,H,-,A,D,0,NA,NA,NA,NA,Y,NA,A,01,0,0,1,0,0,0,0,0,0,-,-,33.3908,-117.5542,ORANGE,COSTA MESA,-117.92834196,33.65244966
8095245,2016,2016-08-15,3000,2016-06-13,0024,5163,921G6,1,5,5,3040,0,0,0,NA,0,903,CAMINO BAGA,ALISO NIGUEL,6,E,N,A,-,N,NA,NA,NA,NA,NA,NA,NA,NA,NA,N,3,0,1,2,A,-,-,NA,NA,N,H,G,A,A,H,-,C,D,0,NA,Y,NA,NA,Y,NA,L,04,0,1,0,0,0,0,1,0,0,-,-,NA,NA,ORANGE,LAGUNA NIGUEL,-117.70505413,33.5692897
8095269,2016,2016-08-03,3001,2016-07-22,0206,415,NA,5,5,7,3001,0,0,0,NA,0,0D1,NUTWOOD ST,SLOOP AV,90,S,N,A,-,N,NA,NA,NA,NA,NA,NA,NA,NA,NA,Y,3,0,1,2,A,-,08,22107,NA,N,C,E,A,A,H,-,C,D,0,NA,NA,NA,NA,Y,NA,A,01,0,1,0,0,0,0,0,0,0,-,-,NA,NA,ORANGE,ANAHEIM,-117.95015338,33.80886327
8095481,2016,2016-08-02,3001,2016-07-27,1615,406,1,3,5,7,3001,0,0,0,NA,0,013,WEST BALL RD,SOUTH MAGNOLIA AV,60,W,N,A,-,N,NA,NA,NA,NA,NA,NA,NA,NA,NA,Y,3,0,2,3,A,-,03,22350,NA,N,C,C,A,A,H,-,A,B,0,NA,NA,NA,NA,Y,NA,A,01,0,2,0,0,0,0,0,0,0,-,-,NA,NA,ORANGE,ANAHEIM,-117.97604707,33.81759807
8095502,2016,2016-08-03,3001,2016-07-26,1608,406,NA,2,5,7,3001,0,0,0,NA,0,0D1,SOUTH KNOTT AV,WEST ORANGE AV,43,N,N,A,-,N,NA,NA,NA,NA,NA,NA,NA,NA,NA,N,4,0,1,4,A,-,03,22350,NA,N,C,C,A,A,A,-,A,D,0,NA,NA,NA,NA,Y,NA,A,08,0,0,1,0,0,0,0,0,0,-,-,NA,NA,ORANGE,ANAHEIM,-118.01088166,33.82469789
8095503,2016,2016-08-03,3001,2016-07-26,0849,1410,NA,2,5,7,3001,0,0,0,NA,0,0D3,WEST BALL RD,SOUTH HARBOR BL,200,W,N,A,-,N,NA,NA,NA,NA,NA,NA,NA,NA,NA,N,4,0,1,2,A,-,03,22350,NA,N,C,C,A,A,H,-,A,D,0,NA,NA,NA,NA,Y,NA,A,01,0,0,1,0,0,0,0,0,0,-,-,NA,NA,ORANGE,ANAHEIM,-117.91615692,33.81803
8096200,2016,2016-08-08,3001,2016-07-28,2121,415,NA,4,5,7,3001,0,0,0,NA,0,0D3,HARBOR BL,MANCHESTER AV,528,S,N,A,-,N,NA,NA,NA,NA,NA,NA,NA,NA,NA,Y,4,0,3,3,A,-,03,22350,NA,N,C,C,A,A,H,-,C,D,0,NA,NA,NA,NA,Y,NA,A,01,0,0,3,0,0,0,0,0,0,-,-,NA,NA,ORANGE,ANAHEIM,-117.91540973,33.81124261
8098087,2016,2016-08-17,3001,2016-08-08,1836,1006,NA,1,5,7,3001,0,0,0,NA,0,0D2,N CITRON ST,W LA VERNE,93,N,N,A,-,N,NA,NA,NA,NA,NA,NA,NA,NA,NA,N,4,0,1,2,A,-,17,22517,NA,N,C,G,A,A,H,-,A,D,0,NA,Y,NA,NA,Y,NA,A,08,0,0,1,0,0,0,1,0,0,-,-,NA,NA,ORANGE,ANAHEIM,-117.9270011,33.84455582
8098559,2016,2016-08-09,3019,2016-07-15,1000,2630,NE,5,5,7,3019,0,0,0,NA,0,002,BROADWAY,WASHINGTON AV,0,NA,Y,A,-,N,NA,NA,NA,NA,NA,NA,NA,NA,NA,Y,4,0,2,3,A,-,12,21453,A,N,B,C,A,A,H,-,A,A,0,NA,NA,NA,NA,Y,NA,I,11,0,0,2,0,0,0,0,0,0,-,-,33.75599,-117.86976,ORANGE,SANTA ANA,-117.86967001,33.75576002
8099361,2016,2016-08-09,3010,2016-07-28,1641,1096,422,4,5,6,3010,0,0,0,NA,0,005,YORKTOWN,MAIN,569,W,N,A,-,N,NA,NA,NA,NA,NA,NA,NA,NA,NA,N,3,0,1,2,A,-,05,21650,1,N,D,G,A,A,H,-,A,A,0,NA,Y,NA,NA,Y,NA,L,04,0,1,0,0,0,0,1,0,0,-,-,NA,NA,ORANGE,HUNTINGTON BEACH,-118.00361579,33.6793
8099893,2016,2016-08-12,3004,2016-07-29,2210,P459,13,5,5,6,3004,0,0,0,NA,0,008,FAIRVIEW RD,FAIR DR,0,NA,Y,A,-,N,NA,NA,NA,NA,NA,NA,NA,NA,NA,N,4,0,1,2,A,-,11,21456,B,N,G,B,B,A,H,-,C,A,0,Y,NA,NA,NA,Y,NA,N,60,0,0,1,0,1,0,0,0,0,-,-,33.3949,-117.5426,ORANGE,COSTA MESA,-117.90774,33.66382001
8100100,2016,2016-10-19,3003,2016-08-02,1906,1192,3003,2,5,5,3003,0,0,0,NA,0,001,ORANGETHORPE AV,BEACH BL,96,E,N,A,-,N,NA,NA,NA,NA,NA,NA,NA,NA,NA,N,4,0,1,2,A,-,00,23350,NA,N,C,C,A,A,H,-,A,A,0,NA,NA,NA,NA,Y,NA,A,01,0,0,1,0,0,0,0,0,0,-,-,33.859,-117.9976,ORANGE,BUENA PARK,-117.9978645,33.85899
8100985,2016,2017-02-22,3020,2016-06-08,1320,317,NA,3,5,4,3020,0,0,0,NA,0,00S,RT 1,8TH ST,0,NA,Y,A,-,Y,ORA,12,1,-,-,33.251,I,5,S,Y,4,0,3,2,A,-,09,21801,A,N,D,C,A,A,H,-,A,A,0,NA,NA,NA,NA,Y,NA,-,NA,0,0,3,0,0,0,0,0,0,-,-,NA,NA,ORANGE,SEAL BEACH,-118.10347286,33.7448069
8102019,2016,2016-08-08,3019,2016-07-01,0800,2630,SE,5,5,7,3019,0,0,0,NA,0,003,STANDARD AV,EDINGER AV,30,N,N,A,-,N,NA,NA,NA,NA,NA,NA,NA,NA,NA,N,4,0,1,2,D,-,00,NA,NA,M,D,G,A,A,H,-,A,A,0,NA,Y,NA,NA,Y,NA,-,-,0,0,1,0,0,0,1,0,0,-,-,33.72685,-117.85628,ORANGE,SANTA ANA,-117.85645075,33.72698224
8103180,2016,2016-08-22,3009,2016-07-29,2500,3397,42,5,5,6,3009,0,0,0,NA,0,1-1,WESTERN,LAMPSON,22,N,N,A,-,N,NA,NA,NA,NA,NA,NA,NA,NA,NA,N,3,0,1,3,A,-,03,22350,NA,N,-,C,A,A,H,-,A,A,0,NA,NA,NA,NA,Y,NA,A,01,0,1,0,0,0,0,0,0,0,-,-,NA,NA,ORANGE,GARDEN GROVE,-118.00146,33.78112032
8103200,2016,2016-08-22,3003,2016-06-23,0846,1124,80,4,5,5,3003,0,0,0,NA,0,005,LA PALMA AV,SAN RAFAEL DR,0,NA,Y,A,-,N,NA,NA,NA,NA,NA,NA,NA,NA,NA,Y,4,0,1,2,A,-,12,21453,A,N,D,C,A,A,H,-,A,A,0,NA,NA,NA,NA,Y,NA,A,01,0,0,1,0,0,0,0,0,0,-,-,33.8464,-118.024,ORANGE,BUENA PARK,-118.02423007,33.84661002
8103222,2016,2016-08-23,3010,2016-08-07,1732,1096,464,7,5,6,3010,0,0,0,NA,0,002,STILWELL,MAGNOLIA,0,NA,Y,A,-,N,NA,NA,NA,NA,NA,NA,NA,NA,NA,Y,3,0,1,2,A,-,09,21802,A,N,D,C,A,A,H,-,A,A,0,NA,NA,NA,NA,Y,NA,D,22,0,1,0,0,0,0,0,0,0,-,-,NA,NA,ORANGE,HUNTINGTON BEACH,-117.97099011,33.65402006
8103854,2016,2016-09-30,3007,2016-09-18,1815,296,43,7,5,5,3007,0,0,0,NA,0,001,SLATER,MAGNOLIA,0,NA,Y,A,-,N,NA,NA,NA,NA,NA,NA,NA,NA,NA,N,3,0,1,2,A,-,12,21453,A,N,D,C,A,A,H,-,B,A,0,NA,NA,NA,NA,Y,NA,A,07,0,1,0,0,0,0,0,0,0,-,-,NA,NA,ORANGE,FOUNTAIN VALLEY,-117.97184001,33.70853002
8104245,2016,2017-03-03,3010,2016-07-28,1828,1176,472,4,5,6,3010,0,0,0,NA,0,002,RT 1,RT 39,300,N,N,A,-,Y,ORA,12,1,-,-,23.8,H,-,S,N,4,0,1,1,C,-,18,NA,NA,N,E,J,A,A,H,-,A,D,0,NA,NA,Y,NA,Y,NA,-,-,0,0,1,0,0,0,0,0,1,-,-,NA,NA,ORANGE,HUNTINGTON BEACH,-117.98913627,33.64904313
8105421,2016,2016-08-25,3019,2016-08-09,1515,2875,SE,2,5,7,3019,0,0,0,NA,0,003,HOBART ST,MAPLE ST,11,E,N,A,-,N,NA,NA,NA,NA,NA,NA,NA,NA,NA,Y,3,0,1,2,A,-,01,23152,A,M,G,B,E,A,H,-,A,D,0,Y,NA,NA,NA,Y,Y,A,01,0,1,0,0,1,0,0,0,0,-,-,33.72971,-117.8641,ORANGE,SANTA ANA,-117.86400392,33.72985059
81076654,2019,2019-09-17,3014,2019-09-06,1222,1508,RD34,5,5,5,3014,0,0,0,NA,0,A3,DOVE ST,WESTERLY PL,0,NA,Y,A,-,N,NA,NA,NA,NA,NA,NA,NA,NA,NA,Y,2,0,2,2,A,-,09,21801,A,N,A,C,A,A,H,-,A,D,0,NA,NA,NA,NA,Y,NA,A,01,1,0,1,0,0,0,0,0,0,-,-,33.665199279785156,-117.86660003662108,ORANGE,NEWPORT BEACH,-117.8665771484375,33.66521072387695
8107972,2016,2016-08-26,3001,2016-08-15,1838,A2289,NA,1,5,7,3001,0,0,0,NA,0,0D2,EAST LA PALMA AV,N BAXTER ST,209,W,N,A,-,N,NA,NA,NA,NA,NA,NA,NA,NA,NA,Y,3,0,4,5,A,-,08,22102,NA,N,D,C,A,A,H,-,B,D,0,NA,NA,NA,NA,Y,NA,A,07,0,2,2,0,0,0,0,0,0,-,-,NA,NA,ORANGE,ANAHEIM,-117.8942667,33.84727
8108016,2016,2016-08-29,3014,2016-07-24,1007,1419,RD12,7,5,5,3014,0,0,0,NA,0,0A1,E BALBOA BL,CORONADO ST,49,W,N,A,-,N,NA,NA,NA,NA,NA,NA,NA,NA,NA,N,3,0,1,2,A,-,00,21760,C,N,H,G,A,A,H,-,A,A,0,NA,Y,NA,NA,Y,NA,D,22,0,1,0,0,0,0,1,0,0,-,-,33.604,-117.904,ORANGE,NEWPORT BEACH,-117.90393394,33.60341812
8108024,2016,2017-02-18,3015,2016-07-21,1645,1533,NA,4,5,6,3015,0,0,0,NA,0,311,GLASSELL ST,RT 22,29,S,N,A,-,Y,ORA,12,22,-,R,12.03,R,4,W,Y,4,0,1,3,A,-,03,22350,NA,N,C,C,A,A,H,-,A,A,0,NA,NA,NA,NA,Y,NA,A,01,0,0,1,0,0,0,0,0,0,-,WF,NA,NA,ORANGE,ORANGE,-117.84995747,33.77523641
8108157,2016,2016-08-29,3014,2016-07-25,0912,1046,RD28,1,5,5,3014,0,0,0,NA,0,0A2,SHERINGTON PL,IRVINE AV,620,E,N,A,-,N,NA,NA,NA,NA,NA,NA,NA,NA,NA,Y,3,0,1,2,A,-,01,23152,F,M,C,E,A,A,H,-,A,D,0,NA,NA,NA,NA,Y,NA,A,01,0,1,0,0,0,0,0,0,0,-,-,33.6265,-117.9078,ORANGE,NEWPORT BEACH,-117.90782606,33.62655484
8108698,2016,2016-08-26,3019,2016-07-22,0810,2460,SE,5,5,7,3019,0,0,0,NA,0,003,SANTA ANA BL,GARFIELD ST,0,NA,Y,A,-,N,NA,NA,NA,NA,NA,NA,NA,NA,NA,Y,4,0,2,2,A,-,09,21802,A,N,D,C,A,A,H,-,A,A,0,NA,NA,NA,NA,Y,NA,A,01,0,0,2,0,0,0,0,0,0,-,-,33.75151,-117.8604,ORANGE,SANTA ANA,-117.86027011,33.75138006
8109465,2016,2016-08-26,3026,2016-07-29,2124,544,C,5,5,6,3026,0,0,0,NA,0,00C,IRVINE CENTER DR,HARVARD,0,NA,Y,A,-,N,NA,NA,NA,NA,NA,NA,NA,NA,NA,N,4,0,2,2,A,-,09,21453,C,N,D,C,A,A,H,-,C,A,0,NA,NA,NA,NA,Y,NA,A,01,0,0,2,0,0,0,0,0,0,-,-,NA,NA,ORANGE,IRVINE,-117.80257,33.70086007
8109477,2016,2016-08-26,3026,2016-07-27,1658,519,1,3,5,6,3026,0,0,0,NA,0,00U,RED HILL,DEERE,228,N,N,A,-,N,NA,NA,NA,NA,NA,NA,NA,NA,NA,Y,4,0,4,4,A,-,03,22350,NA,N,C,C,A,A,H,-,A,D,0,NA,NA,NA,NA,Y,NA,A,01,0,0,4,0,0,0,0,0,0,-,-,NA,NA,ORANGE,IRVINE,-117.84557042,33.70325958
8109509,2016,2016-08-26,3026,2016-07-30,0917,313,NA,6,5,6,3026,0,0,0,NA,0,00C,WEST YALE LOOP,ECHO RUN,16,W,Y,A,-,N,NA,NA,NA,NA,NA,NA,NA,NA,NA,N,4,0,1,2,A,-,09,21802,A,N,D,G,A,A,H,-,A,A,0,NA,Y,NA,NA,Y,NA,A,01,0,0,1,0,0,0,1,0,0,-,-,NA,NA,ORANGE,IRVINE,-117.81324365,33.66946365
8109559,2016,2016-08-29,3024,2016-08-11,1655,363,P 15,4,5,5,3024,0,0,0,NA,0,WEST,WESTMINSTER BL,SHERWOOD ST,126,W,N,A,-,N,NA,NA,NA,NA,NA,NA,NA,NA,NA,Y,4,0,3,2,A,-,09,21801,A,N,D,C,A,A,H,-,A,D,0,NA,NA,NA,NA,Y,NA,A,01,0,0,3,0,0,0,0,0,0,-,-,NA,NA,ORANGE,WESTMINSTER,-118.02615344,33.75905995
81104195,2019,2019-10-23,3014,2019-10-08,1814,1346,RD16,2,5,5,3014,0,0,0,NA,0,A1,BALBOA BLVD,SR-1 (W COAST HWY),11,S,N,A,-,Y,NA,NA,NA,NA,NA,NA,NA,NA,NA,N,4,0,1,2,A,-,11,21456,B,N,G,B,B,A,H,-,A,A,0,Y,NA,NA,NA,Y,NA,N,60,0,0,1,0,1,0,0,0,0,-,-,33.62260055541992,-117.93910217285156,ORANGE,NEWPORT BEACH,NA,NA
81104205,2019,2019-10-23,3014,2019-10-20,0814,1418,RD39,7,5,5,3014,0,0,0,NA,0,A3,JAMBOREE RD,BACK BAY DR,13,N,N,A,-,N,NA,NA,NA,NA,NA,NA,NA,NA,NA,N,3,0,1,2,A,-,08,22107,NA,N,G,B,B,A,H,-,A,A,0,Y,NA,NA,NA,Y,NA,A,07,0,1,0,0,1,0,0,0,0,-,-,NA,NA,ORANGE,NEWPORT BEACH,-117.88890838623048,33.61526870727539
8110882,2016,2016-08-30,3026,2016-08-11,1415,4779,U,4,5,6,3026,0,0,0,NA,0,00U,RED HILL AV,ALTON PKWY,0,NA,Y,A,-,N,NA,NA,NA,NA,NA,NA,NA,NA,NA,Y,4,0,1,2,A,-,12,21453,A,N,D,C,A,A,H,-,A,A,0,NA,NA,NA,NA,Y,NA,A,01,0,0,1,0,0,0,0,0,0,-,-,NA,NA,ORANGE,IRVINE,-117.84874005,33.70007001
81109576,2019,2019-10-30,3014,2019-10-23,1742,1374,RD15,3,5,5,3014,0,0,0,NA,0,A1,NEWPORT BLVD,32ND ST,15,S,N,A,-,N,NA,NA,NA,NA,NA,NA,NA,NA,NA,Y,3,0,2,2,A,-,01,23152,NA,N,G,B,B,A,H,-,B,A,0,Y,NA,Y,NA,Y,Y,C,02,0,2,0,0,1,0,0,0,1,-,-,33.61589813232422,-117.9303970336914,ORANGE,NEWPORT BEACH,-117.930419921875,33.61594009399414
8112322,2016,2017-02-18,3024,2016-08-10,2021,156,P06,3,5,5,3024,0,0,0,NA,0,WEST,RT 39,TRASK AV,440,N,N,A,-,Y,ORA,12,39,-,-,8.22,H,-,S,N,4,0,1,2,A,-,03,22350,NA,N,C,C,A,A,H,-,C,A,0,NA,NA,NA,NA,Y,NA,A,01,0,0,1,0,0,0,0,0,0,-,-,NA,NA,ORANGE,WESTMINSTER,-117.99064789,33.76764491
8113340,2016,2016-09-07,3007,2016-08-25,1538,300,26,4,5,5,3007,0,0,0,NA,0,002,EUCLID,STONECRESS,0,NA,Y,A,-,N,NA,NA,NA,NA,NA,NA,NA,NA,NA,Y,4,0,3,5,A,-,21,22106,NA,N,C,C,A,A,H,-,A,D,0,NA,NA,NA,NA,Y,NA,A,01,0,0,3,0,0,0,0,0,0,-,-,NA,NA,ORANGE,FOUNTAIN VALLEY,-117.93723001,33.72035009
8113803,2016,2016-09-08,3019,2016-08-19,1112,2776,WE,5,5,7,3019,0,0,0,NA,0,001,BRISTOL ST,MEMORY LN,154,N,N,A,-,N,NA,NA,NA,NA,NA,NA,NA,NA,NA,Y,4,0,2,3,A,-,07,21658,A,N,C,C,A,A,H,-,A,D,0,NA,NA,NA,NA,Y,NA,A,07,0,0,2,0,0,0,0,0,0,-,-,33.77309,-117.88463,ORANGE,SANTA ANA,-117.88484218,33.77355214
81144932,2019,2019-12-17,3014,2019-11-17,2255,1503,RD17,7,5,5,3014,0,0,0,NA,0,A2,COAST HWY W,61ST STREET,0,W,N,A,-,Y,NA,NA,NA,NA,NA,NA,NA,NA,NA,N,1,1,0,1,A,-,03,22350,NA,N,E,I,A,A,H,-,C,D,0,NA,NA,NA,NA,Y,NA,A,01,0,0,0,0,0,0,0,0,0,-,-,33.62590026855469,-117.94840240478516,ORANGE,NEWPORT BEACH,-117.94847106933594,33.62586975097656
81149800,2019,2019-12-23,3024,2019-11-16,1524,435,P-31,6,5,5,3024,0,0,0,NA,0,EAST,BEACH BOULEVARD (SR 39),MCFADDEN AVENUE,0,NA,Y,A,-,Y,NA,NA,39,NA,NA,NA,NA,NA,NA,N,3,0,5,4,A,-,03,22350,NA,N,C,C,A,A,H,-,A,D,0,NA,NA,NA,NA,Y,NA,D,22,0,2,3,0,0,0,0,0,0,-,-,33.73762130737305,-117.98924255371094,ORANGE,WESTMINSTER,-117.98931121826172,33.73761749267578
81159366,2019,2020-01-06,3024,2019-11-26,0929,329,P-35,2,5,5,3024,0,0,0,NA,0,EAST,BROOKHURST STREET,MCFADDEN AVENUE,208,N,N,A,-,N,NA,NA,NA,NA,NA,NA,NA,NA,NA,N,4,0,1,2,A,-,09,21804,A,F,G,B,F,A,H,-,A,D,0,Y,NA,NA,NA,Y,NA,A,01,0,0,1,0,1,0,0,0,0,-,-,33.73653030395508,-117.95783233642578,ORANGE,WESTMINSTER,-117.9548568725586,33.738250732421875
81162338,2019,2020-01-09,3014,2019-12-09,1626,1435,RD67,1,5,5,3014,0,0,0,NA,0,A4,E. COAST HWY (SR-1),NEWPORT COAST DR,0,NA,Y,A,-,N,NA,NA,1,NA,NA,NA,NA,NA,NA,N,4,0,1,2,A,-,09,21453,B,N,D,G,A,A,H,-,A,A,0,NA,Y,NA,NA,Y,NA,A,01,0,0,1,0,0,0,1,0,0,-,-,33.58290100097656,-117.8490982055664,ORANGE,NEWPORT BEACH,-117.84903717041016,33.58298873901367
81162351,2019,2020-01-09,3014,2019-12-31,1240,1462,RD43,2,5,5,3014,0,0,0,NA,0,A3,AVOCADO AVE,SECOND AVE,18,N,N,A,-,N,NA,NA,NA,NA,NA,NA,NA,NA,NA,Y,4,0,1,2,A,-,09,21801,A,N,D,C,A,A,H,-,A,D,0,NA,NA,NA,NA,Y,NA,A,01,0,0,1,0,0,0,0,0,0,-,-,33.60300064086914,-117.8781967163086,ORANGE,NEWPORT BEACH,-117.87831878662108,33.60328674316406
81163716,2019,2020-01-13,3024,2019-12-06,1743,412,P-21,5,5,5,3024,0,0,0,NA,0,EAST,WESTMINSTER AVENUE,BUSHARD STREET,0,NA,Y,A,-,N,NA,NA,NA,NA,NA,NA,NA,NA,NA,N,4,0,1,2,A,-,10,21950,A,N,G,B,B,B,H,-,C,A,0,Y,NA,NA,NA,Y,NA,D,22,0,0,1,0,1,0,0,0,0,-,-,33.75843048095703,-117.96627044677734,ORANGE,WESTMINSTER,-117.96363067626952,33.75947952270508
8116428,2016,2016-09-13,3004,2016-08-30,1208,P459,09,2,5,6,3004,0,0,0,NA,0,003,HARBOR BL,HAMILTON ST,0,NA,Y,A,-,N,NA,NA,NA,NA,NA,NA,NA,NA,NA,N,4,0,1,2,A,-,12,21453,A,N,D,C,A,A,H,-,A,A,0,NA,NA,NA,NA,Y,NA,D,22,0,0,1,0,0,0,0,0,0,-,-,33.9202,-117.5508,ORANGE,COSTA MESA,-117.91907011,33.65075003