CASE_ID,ACCIDENT_YEAR,PROC_DATE,JURIS,COLLISION_DATE,COLLISION_TIME,OFFICER_ID,REPORTING_DISTRICT,DAY_OF_WEEK,CHP_SHIFT,POPULATION,CNTY_CITY_LOC,SPECIAL_COND,BEAT_TYPE,CHP_BEAT_TYPE,CITY_DIVISION_LAPD,CHP_BEAT_CLASS,BEAT_NUMBER,PRIMARY_RD,SECONDARY_RD,DISTANCE,DIRECTION,INTERSECTION,WEATHER_1,WEATHER_2,STATE_HWY_IND,CALTRANS_COUNTY,CALTRANS_DISTRICT,STATE_ROUTE,ROUTE_SUFFIX,POSTMILE_PREFIX,POSTMILE,LOCATION_TYPE,RAMP_INTERSECTION,SIDE_OF_HWY,TOW_AWAY,COLLISION_SEVERITY,NUMBER_KILLED,NUMBER_INJURED,PARTY_COUNT,PRIMARY_COLL_FACTOR,PCF_CODE_OF_VIOL,PCF_VIOL_CATEGORY,PCF_VIOLATION,PCF_VIOL_SUBSECTION,HIT_AND_RUN,TYPE_OF_COLLISION,MVIW,PED_ACTION,ROAD_SURFACE,ROAD_COND_1,ROAD_COND_2,LIGHTING,CONTROL_DEVICE,CHP_ROAD_TYPE,PEDESTRIAN_ACCIDENT,BICYCLE_ACCIDENT,MOTORCYCLE_ACCIDENT,TRUCK_ACCIDENT,NOT_PRIVATE_PROPERTY,ALCOHOL_INVOLVED,STWD_VEHTYPE_AT_FAULT,CHP_VEHTYPE_AT_FAULT,COUNT_SEVERE_INJ,COUNT_VISIBLE_INJ,COUNT_COMPLAINT_PAIN,COUNT_PED_KILLED,COUNT_PED_INJURED,COUNT_BICYCLIST_KILLED,COUNT_BICYCLIST_INJURED,COUNT_MC_KILLED,COUNT_MC_INJURED,PRIMARY_RAMP,SECONDARY_RAMP,LATITUDE,LONGITUDE,COUNTY,CITY,POINT_X,POINT_Y
81616775,2021,2021-11-05,3015,2021-11-02,1759,1386,RD32,2,5,6,3015,0,0,0,NA,0,114,ACACIA AVE,BATAVIA ST,60,W,N,A,-,N,NA,NA,NA,NA,NA,NA,NA,NA,NA,N,3,0,1,2,D,-,00,NA,NA,N,G,B,F,A,H,-,A,D,0,Y,NA,NA,NA,Y,NA,-,-,0,1,0,0,1,0,0,0,0,-,-,33.79042053222656,-117.86190795898438,ORANGE,ORANGE,-117.86203002929688,33.790401458740234
81616928,2021,2021-11-05,3019,2021-10-13,1254,3444,NE,3,5,7,3019,0,0,0,NA,0,002,TUSTIN AVENUE,4TH STREET,20,N,N,A,-,N,NA,NA,NA,NA,NA,NA,NA,NA,NA,N,3,0,1,2,A,-,04,21703,NA,N,C,C,A,A,H,-,A,A,0,NA,NA,Y,NA,Y,NA,C,02,0,1,0,0,0,0,0,0,1,-,-,33.74797821044922,-117.83438110351563,ORANGE,SANTA ANA,-117.83412933349608,33.74819564819336
81619662,2021,2021-11-09,3019,2021-10-20,1255,3766,SC,3,5,7,3019,0,0,0,NA,0,004,MACARTHUR BOULEVARD,GREENVILLE STREET,160,E,N,A,-,N,NA,NA,NA,NA,NA,NA,NA,NA,NA,N,4,0,1,2,A,-,03,22350,NA,M,C,C,A,A,H,-,A,D,0,NA,NA,NA,NA,Y,NA,A,01,0,0,1,0,0,0,0,0,0,-,-,33.70016098022461,-117.90403747558594,ORANGE,SANTA ANA,-117.90353393554688,33.699886322021484
81622145,2021,2021-11-11,3022,2021-10-15,1214,1154,South,5,5,5,3022,0,0,0,NA,0,NA,WALNUT AV,NEWPORT AV,340,E,N,A,-,N,NA,NA,NA,NA,NA,NA,NA,NA,NA,Y,3,0,1,1,D,-,00,NA,NA,N,F,A,A,A,H,-,A,D,0,NA,NA,Y,NA,Y,NA,-,-,0,1,0,0,0,0,0,0,1,-,-,NA,NA,ORANGE,TUSTIN,-117.82681274414063,33.73201370239258
81622206,2021,2021-11-11,3019,2021-10-05,0943,3196,WE,2,5,7,3019,0,0,0,NA,0,001,WISTERIA PLACE,EUCLID STREET,450,W,N,A,-,N,NA,NA,NA,NA,NA,NA,NA,NA,NA,N,4,0,1,2,A,-,21,22106,NA,N,D,C,A,A,H,-,A,D,0,NA,NA,NA,NA,Y,NA,A,01,0,0,1,0,0,0,0,0,0,-,-,33.73611068725586,-117.93766021728516,ORANGE,SANTA ANA,-117.93882751464844,33.73594284057617
81623858,2021,2021-11-15,3010,2021-11-09,0942,1118,447,2,5,6,3010,0,0,0,NA,0,003,BROOKHURST ST,ADAMS AVE,195,N,N,A,-,N,NA,NA,NA,NA,NA,NA,NA,NA,NA,N,4,0,1,2,A,-,04,21703,NA,N,C,C,A,A,H,-,A,A,0,NA,NA,NA,NA,Y,NA,A,07,0,0,1,0,0,0,0,0,0,-,-,33.670719146728516,-117.95482635498048,ORANGE,HUNTINGTON BEACH,-117.95397186279295,33.67283630371094
81625445,2021,2021-11-16,3019,2021-10-31,1144,3755,SC,7,5,7,3019,0,0,0,NA,0,004,SEGERSTROM AVENUE,GREENVILLE STREET,200,W,N,A,-,N,NA,NA,NA,NA,NA,NA,NA,NA,NA,Y,4,0,1,5,A,-,08,22107,NA,N,C,E,A,A,H,-,A,D,0,NA,NA,NA,NA,Y,NA,A,01,0,0,1,0,0,0,0,0,0,-,-,33.70878982543945,-117.90448760986328,ORANGE,SANTA ANA,-117.9047622680664,33.708831787109375
81627237,2021,2021-11-17,3014,2021-11-07,1007,1555,RD26,7,5,5,3014,0,0,0,NA,0,A2,SR-1 (W. COAST HWY),DOVER DR,617,W,N,A,-,Y,NA,NA,1,NA,NA,NA,NA,NA,NA,N,2,0,2,1,A,-,08,22107,NA,N,E,I,A,A,H,-,A,D,0,NA,NA,NA,NA,Y,NA,A,01,1,1,0,0,0,0,0,0,0,-,-,33.61592102050781,-117.9094009399414,ORANGE,NEWPORT BEACH,-117.9094009399414,33.61599349975586
81630115,2021,2021-11-19,3024,2021-10-16,0043,509,P-25,6,5,5,3024,0,0,0,NA,0,EAST,BEACH BOULEVARD (SR 39),BOLSA AVENUE,0,NA,Y,A,-,Y,NA,NA,39,NA,NA,NA,NA,NA,NA,Y,3,0,2,2,A,-,12,21453,A,F,D,C,A,A,H,-,E,A,0,NA,NA,NA,NA,Y,NA,A,01,0,1,1,0,0,0,0,0,0,-,-,33.74467086791992,-117.98948669433594,ORANGE,WESTMINSTER,-117.98939514160156,33.74467086791992
81631347,2021,2021-11-22,3007,2021-10-20,1810,312,57,3,5,5,3007,0,0,0,NA,0,002,EUCLID,SOUTHPARK,0,NA,Y,A,-,N,NA,NA,NA,NA,NA,NA,NA,NA,NA,Y,4,0,3,3,A,-,09,21801,A,N,D,C,A,A,H,-,A,A,0,NA,NA,NA,NA,Y,NA,A,01,0,0,3,0,0,0,0,0,0,-,-,NA,NA,ORANGE,FOUNTAIN VALLEY,-117.93704223632813,33.70424270629883
81631495,2021,2021-11-22,3007,2021-10-14,1129,295,33,4,5,5,3007,0,0,0,NA,0,001,HEIL,WALNUT,0,NA,Y,A,-,N,NA,NA,NA,NA,NA,NA,NA,NA,NA,Y,4,0,2,2,A,-,09,21804,A,N,D,C,A,A,H,-,A,D,0,NA,NA,NA,NA,Y,NA,A,01,0,0,2,0,0,0,0,0,0,-,-,NA,NA,ORANGE,FOUNTAIN VALLEY,-117.96790313720705,33.72320556640625
81632154,2021,2021-11-22,3007,2021-10-09,0804,315,54,6,5,5,3007,0,0,0,NA,0,003,BUSHARD,TALBERT,0,NA,Y,A,-,N,NA,NA,NA,NA,NA,NA,NA,NA,NA,Y,3,0,3,2,A,-,09,21801,A,N,A,C,A,A,H,-,A,A,0,NA,NA,NA,NA,Y,NA,A,01,0,1,2,0,0,0,0,0,0,-,-,NA,NA,ORANGE,FOUNTAIN VALLEY,-117.96292877197266,33.70163345336914
81632742,2021,2021-11-23,3001,2021-11-21,1913,A1047,NA,7,5,7,3001,0,0,0,NA,0,D-3,MANCHESTER AVENUE,ORANGEWOOD AVENUE,38,N,N,A,-,N,NA,NA,NA,NA,NA,NA,NA,NA,NA,Y,3,0,2,2,A,-,01,23152,A,N,C,C,A,A,H,-,C,A,0,NA,NA,NA,NA,Y,Y,A,01,0,1,1,0,0,0,0,0,0,-,-,33.79623031616211,-117.89611053466795,ORANGE,ANAHEIM,-117.89627075195313,33.79607009887695
81633834,2021,2021-11-24,3010,2021-11-17,1543,1261,169,3,5,6,3010,0,0,0,NA,0,007,HEIL AVE,GOLDENWEST ST,60,W,N,A,-,N,NA,NA,NA,NA,NA,NA,NA,NA,NA,N,4,0,1,2,A,-,08,22107,NA,N,H,G,A,A,H,-,A,D,0,NA,Y,NA,NA,Y,NA,A,07,0,0,1,0,0,0,1,0,0,-,-,33.722808837890625,-118.00666809082033,ORANGE,HUNTINGTON BEACH,-118.00686645507813,33.722808837890625
81633873,2021,2021-11-24,3019,2021-11-22,0811,3767,WE,1,5,7,3019,0,0,0,NA,0,001,LA VETA AVENUE,ROUTE 22 WB OFF (W),60,W,N,A,B,N,NA,NA,NA,NA,NA,NA,NA,NA,NA,Y,3,0,1,2,A,-,01,23152,A,F,C,C,A,A,H,-,A,A,0,NA,NA,NA,NA,Y,Y,D,22,0,1,0,0,0,0,0,0,0,-,-,33.78007888793945,-117.88150787353516,ORANGE,SANTA ANA,NA,NA
81635106,2021,2021-11-25,3015,2021-11-08,1257,1240,RD23,1,5,6,3015,0,0,0,NA,0,723-M,CENTER ST,WALNUT AVE,20,S,N,A,-,N,NA,NA,NA,NA,NA,NA,NA,NA,NA,N,3,0,1,2,A,-,11,21950,B,N,G,B,D,A,H,-,A,A,0,Y,NA,NA,NA,Y,NA,N,60,0,1,0,0,1,0,0,0,0,-,-,33.795169830322266,-117.84990692138672,ORANGE,ORANGE,-117.84982299804688,33.79502487182617
81635390,2021,2021-11-26,3001,2021-11-24,0545,A2700,NA,3,5,7,3001,0,0,0,NA,0,NA,EUCLID STREET,FRANCIS DRIVE,95,N,N,A,-,N,NA,NA,NA,NA,NA,NA,NA,NA,NA,Y,3,0,1,2,A,-,09,21804,A,N,C,C,A,A,H,-,B,A,0,NA,NA,Y,NA,Y,NA,A,01,0,1,0,0,0,0,0,0,1,-,-,33.8459587097168,-117.9416275024414,ORANGE,ANAHEIM,-117.94165802001952,33.845951080322266
81635567,2021,2021-11-26,3007,2021-09-11,0621,273,15,6,5,5,3007,0,0,0,NA,0,001,EDINGER,WARD,0,NA,Y,A,-,N,NA,NA,NA,NA,NA,NA,NA,NA,NA,Y,1,1,0,2,A,-,12,21453,A,F,G,B,B,A,H,-,A,A,0,Y,NA,NA,NA,Y,NA,-,99,0,0,0,1,0,0,0,0,0,-,-,NA,NA,ORANGE,FOUNTAIN VALLEY,-117.9459991455078,33.73072052001953
81635706,2021,2021-11-29,3007,2021-09-07,1655,274,29,2,5,5,3007,0,0,0,NA,0,002,HARBOR,BRIGHTON RIVER,0,NA,Y,A,-,N,NA,NA,NA,NA,NA,NA,NA,NA,NA,Y,4,0,1,2,A,-,09,21804,A,M,D,C,A,A,H,-,A,A,0,NA,NA,NA,NA,Y,NA,A,01,0,0,1,0,0,0,0,0,0,-,-,NA,NA,ORANGE,FOUNTAIN VALLEY,-117.91983,33.7243
81636202,2021,2021-11-29,3007,2021-08-14,0811,328,56,6,5,5,3007,0,0,0,NA,0,002,SLATER AV,WARD ST,0,NA,Y,A,-,N,NA,NA,NA,NA,NA,NA,NA,NA,NA,Y,4,0,1,2,A,-,03,22350,NA,N,C,C,A,A,H,-,A,A,0,NA,NA,NA,NA,Y,NA,A,01,0,0,1,0,0,0,0,0,0,-,-,NA,NA,ORANGE,FOUNTAIN VALLEY,-117.94570159912108,33.709041595458984
81636267,2021,2021-11-29,3008,2021-09-29,1649,1387,Zone,3,5,6,3008,0,0,0,NA,0,NA,RICHMAN AVE,HILL AVE,0,NA,Y,A,-,N,NA,NA,NA,NA,NA,NA,NA,NA,NA,Y,4,0,1,2,A,-,09,21802,A,N,D,C,A,A,H,-,A,A,0,NA,NA,Y,NA,Y,NA,A,01,0,0,1,0,0,0,0,0,1,-,-,NA,NA,ORANGE,FULLERTON,-117.9330825805664,33.861061096191406
8163820,2016,2016-11-29,3001,2016-09-26,0608,A1068,NA,1,5,7,3001,0,0,0,NA,0,0D3,EAST LA PALMA AV,N WHITTIER ST,72,E,N,A,-,N,NA,NA,NA,NA,NA,NA,NA,NA,NA,N,2,0,1,2,A,-,11,21954,A,N,G,B,D,A,H,-,C,D,0,Y,NA,NA,Y,Y,NA,N,60,1,0,0,0,1,0,0,0,0,-,-,NA,NA,ORANGE,ANAHEIM,-117.88523344,33.84727
81639093,2021,2021-12-01,3019,2021-10-15,0654,3196,SE,5,5,7,3019,0,0,0,NA,0,003,1ST STREET,HALLADAY STREET,172,E,N,B,-,N,NA,NA,NA,NA,NA,NA,NA,NA,NA,Y,4,0,3,4,A,-,03,22350,NA,M,C,C,A,A,H,-,A,D,0,NA,NA,NA,NA,Y,NA,A,07,0,0,3,0,0,0,0,0,0,-,-,33.744598388671875,-117.85974884033205,ORANGE,SANTA ANA,-117.85907745361328,33.745460510253906
81639127,2021,2021-12-01,3010,2021-11-28,1821,2055,465,7,5,6,3010,0,0,0,NA,0,002,HAMILTON AVE,SPYGLASS LN,202,W,N,A,-,N,NA,NA,NA,NA,NA,NA,NA,NA,NA,N,3,0,1,2,A,-,08,22107,NA,N,C,E,A,A,H,-,C,D,0,NA,NA,NA,NA,Y,NA,A,07,0,1,0,0,0,0,0,0,0,-,-,33.650299072265625,-117.96028137207033,ORANGE,HUNTINGTON BEACH,-117.9611587524414,33.650550842285156
81643084,2021,2021-12-06,3010,2021-12-01,1350,2055,156,3,5,6,3010,0,0,0,NA,0,008,DAVIS LN,HENDRICKSEN DR,175,S,N,A,-,N,NA,NA,NA,NA,NA,NA,NA,NA,NA,Y,4,0,1,2,A,-,21,22106,NA,N,B,E,A,A,H,-,A,D,0,NA,NA,NA,NA,Y,NA,A,01,0,0,1,0,0,0,0,0,0,-,-,33.72853088378906,-118.03321075439452,ORANGE,HUNTINGTON BEACH,-118.03347778320313,33.72861099243164
81643096,2021,2021-12-06,3007,2021-06-28,1346,304,55,1,5,5,3007,0,0,0,NA,0,003,SAN MATEO,SLATER,4,S,N,A,-,N,NA,NA,NA,NA,NA,NA,NA,NA,NA,N,3,0,1,2,A,-,00,21650,B,N,D,G,A,A,H,-,A,A,0,NA,Y,NA,NA,Y,NA,L,04,0,1,0,0,0,0,1,0,0,-,-,NA,NA,ORANGE,FOUNTAIN VALLEY,-117.95133972167967,33.70895004272461
81643269,2021,2021-12-06,3008,2021-10-23,1436,1116,Zone,6,5,6,3008,0,0,0,NA,0,NA,ASSOCIATED RD,MILTON AVE,0,NA,Y,B,-,N,NA,NA,NA,NA,NA,NA,NA,NA,NA,Y,3,0,2,2,A,-,09,21802,A,N,D,C,A,A,H,-,A,A,0,NA,NA,Y,NA,Y,NA,O,05,0,2,0,0,0,0,0,0,1,-,-,NA,NA,ORANGE,FULLERTON,-117.88562774658205,33.891265869140625
81644651,2021,2021-12-07,3022,2021-11-10,0449,1299,South,3,5,5,3022,0,0,0,NA,0,NA,RED HILL AV,RT 5 NB ONRAMP,4,N,N,A,-,Y,NA,NA,5,NA,NA,NA,NA,NA,NA,Y,3,0,1,1,A,-,08,22107,NA,N,E,I,A,A,H,-,C,A,0,NA,NA,NA,NA,Y,NA,A,01,0,1,0,0,0,0,0,0,0,-,-,33.73400115966797,-117.8151397705078,ORANGE,TUSTIN,-117.81536102294922,33.73371887207031
81647030,2021,2021-12-09,3001,2021-11-30,1536,A1622,D-2,2,5,7,3001,0,0,0,NA,0,D-2,BROADWAY,CLEMENTINE STREET,140,W,N,A,-,N,NA,NA,NA,NA,NA,NA,NA,NA,NA,N,4,0,1,2,A,-,03,22350,NA,N,C,C,A,A,H,-,A,A,0,NA,NA,NA,NA,Y,NA,A,01,0,0,1,0,0,0,0,0,0,-,-,33.83243179321289,-117.91639709472656,ORANGE,ANAHEIM,-117.9167709350586,33.8325309753418
81648390,2021,2021-12-10,3001,2021-12-07,0845,A1466,D-2,2,5,7,3001,0,0,0,NA,0,D-2,EUCLID STREET,RT 5 NBOFF/R,0,NA,Y,B,C,N,NA,NA,NA,NA,NA,NA,NA,NA,NA,N,4,0,3,3,A,-,09,21453,C,N,D,C,A,B,H,-,A,C,0,NA,NA,NA,NA,Y,NA,A,01,0,0,3,0,0,0,0,0,0,-,-,33.83681869506836,-117.94154357910156,ORANGE,ANAHEIM,-117.941601,33.836549
81648519,2021,2021-12-10,3010,2021-11-12,1720,1243,423,5,5,6,3010,0,0,0,NA,0,003,BEACH BL - SR39,ELLIS AVE,520,S,N,A,-,Y,NA,NA,NA,NA,NA,NA,NA,NA,NA,Y,3,0,1,2,A,-,09,21801,A,N,D,D,A,A,H,-,C,D,0,NA,NA,NA,NA,Y,NA,A,08,0,1,0,0,0,0,0,0,0,-,-,33.69279098510742,-117.98944091796876,ORANGE,HUNTINGTON BEACH,-117.98873901367188,33.692535400390625
81648612,2021,2021-12-10,3024,2021-10-27,0815,435,P-39,3,5,5,3024,0,0,0,NA,0,EAST,MCFADDEN AVENUE,BUSHARD STREET,90,W,N,A,-,N,NA,NA,NA,NA,NA,NA,NA,NA,NA,N,4,0,1,2,A,-,07,21658,A,F,B,C,A,A,H,-,A,D,0,NA,NA,NA,NA,Y,NA,A,07,0,0,1,0,0,0,0,0,0,-,-,33.73775863647461,-117.96346282958984,ORANGE,WESTMINSTER,-117.96372222900392,33.73762512207031
81648711,2021,2021-12-10,3007,2021-05-09,0638,316,57,7,5,5,3007,0,0,0,NA,0,002,NEWHOPE,SLATER,1159,S,N,A,-,N,NA,NA,NA,NA,NA,NA,NA,NA,NA,Y,2,0,1,1,A,-,03,22350,NA,N,E,I,A,A,H,-,A,D,0,NA,NA,NA,NA,Y,NA,A,01,1,0,0,0,0,0,0,0,0,-,-,NA,NA,ORANGE,FOUNTAIN VALLEY,-117.92909240722656,33.70618438720703
81649545,2021,2021-12-13,3007,2021-11-10,1330,1148,27,3,5,5,3007,0,0,0,NA,0,002,EUCLID ST,HEIL AVE,235,N,N,A,-,N,NA,NA,NA,NA,NA,NA,NA,NA,NA,Y,4,0,3,2,A,-,03,22350,NA,N,C,C,A,A,C,D,A,D,0,NA,NA,NA,NA,Y,NA,A,07,0,0,3,0,0,0,0,0,0,-,-,NA,NA,ORANGE,FOUNTAIN VALLEY,-117.93727111816406,33.724273681640625
81651099,2021,2021-12-14,3015,2021-11-16,1752,1658,NA,2,5,6,3015,0,0,0,NA,0,231,TUSTIN ST,SEBA AVE,403,S,N,A,-,N,NA,NA,NA,NA,NA,NA,NA,NA,NA,Y,4,0,1,2,A,-,09,21801,A,N,D,C,A,A,H,-,C,D,0,NA,NA,NA,NA,Y,NA,A,01,0,0,1,0,0,0,0,0,0,-,-,33.77497863769531,-117.83599090576172,ORANGE,ORANGE,-117.83576202392578,33.77475357055664
81651209,2021,2021-12-14,3010,2021-12-10,1840,1015,NA,5,5,6,3010,0,0,0,NA,0,NA,OLIVE AVE,13TH ST,0,NA,Y,B,-,N,NA,NA,NA,NA,NA,NA,NA,NA,NA,Y,3,0,1,2,C,-,18,NA,NA,N,H,G,A,A,H,-,C,A,0,NA,Y,NA,NA,Y,NA,-,-,0,1,0,0,0,0,1,0,0,-,-,33.664100646972656,-118.00756072998048,ORANGE,HUNTINGTON BEACH,-118.00750732421876,33.66411209106445
81652967,2021,2021-12-15,3007,2021-11-14,1743,319,54,7,5,5,3007,0,0,0,NA,0,003,BROOKHURST,SLATER,27,N,N,A,-,N,NA,NA,NA,NA,NA,NA,NA,NA,NA,N,4,0,1,2,A,-,03,22350,NA,M,C,C,A,A,H,-,C,A,0,NA,NA,NA,NA,Y,NA,A,01,0,0,1,0,0,0,0,0,0,-,-,NA,NA,ORANGE,FOUNTAIN VALLEY,-117.95451354980467,33.709083557128906
81653540,2021,2021-12-16,3001,2021-12-14,1858,A0979,D-4,2,5,7,3001,0,0,0,NA,0,D-4,SANTA ANA CANYON ROAD,LAKEVIEW AVENUE,51,W,N,B,-,N,NA,NA,NA,NA,NA,NA,NA,NA,NA,N,4,0,1,2,A,-,03,22350,NA,N,C,C,A,B,H,-,C,A,0,NA,NA,NA,NA,Y,NA,A,01,0,0,1,0,0,0,0,0,0,-,-,33.84727096557617,-117.81301879882813,ORANGE,ANAHEIM,-117.81362152099608,33.84966278076172
81654132,2021,2021-12-16,3007,2021-12-11,2005,326,44,6,5,5,3007,0,0,0,NA,0,001,SLATER AVE,DIXIE ST,0,NA,Y,A,-,N,NA,NA,NA,NA,NA,NA,NA,NA,NA,N,2,0,1,2,A,-,11,21954,A,N,G,B,E,A,H,-,C,D,0,Y,NA,NA,NA,Y,Y,N,60,1,0,0,0,1,0,0,0,0,-,-,NA,NA,ORANGE,FOUNTAIN VALLEY,-117.96146392822266,33.708797454833984
81657143,2021,2021-12-21,3010,2021-12-12,2233,1205,423,7,5,6,3010,0,0,0,NA,0,003,BEACH BL - SR39,GARFIELD AVE,0,NA,Y,A,-,Y,NA,NA,NA,NA,NA,NA,NA,NA,NA,Y,3,0,1,2,A,-,12,21453,A,N,D,C,A,A,H,-,C,A,0,NA,NA,Y,NA,Y,NA,C,02,0,1,0,0,0,0,0,0,1,-,-,33.686710357666016,-117.9892120361328,ORANGE,HUNTINGTON BEACH,-117.98866271972656,33.68674087524414
81657145,2021,2021-12-21,3010,2021-12-13,1508,1118,139,1,5,6,3010,0,0,0,NA,0,009,EDWARDS ST,ALEXANDRIA DR,17,N,N,B,-,N,NA,NA,NA,NA,NA,NA,NA,NA,NA,Y,4,0,1,2,A,-,08,22107,NA,N,A,C,A,A,H,-,A,A,0,NA,NA,NA,NA,Y,NA,D,22,0,0,1,0,0,0,0,0,0,-,-,33.74285125732422,-118.01571655273438,ORANGE,HUNTINGTON BEACH,-118.01569366455078,33.74302673339844
81657148,2021,2021-12-21,3010,2021-12-15,1143,3042,253,3,5,6,3010,0,0,0,NA,0,007,BEACH BL - SR39,MACDONALD AVE,368,N,N,A,-,Y,NA,NA,NA,NA,NA,NA,NA,NA,NA,N,4,0,1,2,A,-,04,21703,NA,N,C,C,A,A,H,-,A,D,0,NA,NA,NA,NA,Y,NA,A,01,0,0,1,0,0,0,0,0,0,-,-,33.72499084472656,-117.9892807006836,ORANGE,HUNTINGTON BEACH,-117.98912811279295,33.726287841796875
81658286,2021,2021-12-22,3010,2021-12-17,1411,1243,464,5,5,6,3010,0,0,0,NA,0,002,NEWLAND ST,ATLANTA AVE,22,N,N,A,-,N,NA,NA,NA,NA,NA,NA,NA,NA,NA,Y,4,0,1,1,A,-,08,22100,B,N,E,I,A,A,H,-,A,A,0,NA,NA,NA,NA,Y,NA,A,01,0,0,1,0,0,0,0,0,0,-,-,33.65637969970703,-117.98098754882813,ORANGE,HUNTINGTON BEACH,-117.97974395751952,33.65774154663086
81658354,2021,2021-12-22,3008,2021-11-06,0258,1351,Zone,6,5,6,3008,0,0,0,NA,0,NA,STATE COLLEGE BLVD,YORBA LINDA BLVD,500,N,N,A,-,N,NA,NA,NA,NA,NA,NA,NA,NA,NA,Y,3,0,1,1,A,-,01,23152,A,M,E,I,A,A,H,-,C,D,0,NA,NA,NA,NA,Y,Y,A,01,0,1,0,0,0,0,0,0,0,-,-,NA,NA,ORANGE,FULLERTON,-117.89044952392578,33.88926315307617
81661766,2021,2021-12-27,3001,2021-12-24,1817,A1047,NA,5,5,7,3001,0,0,0,NA,0,D-2,ANAHEIM BOULEVARD,MILLS DRIVE,0,NA,Y,A,B,N,NA,NA,NA,NA,NA,NA,NA,NA,NA,N,4,0,1,2,A,-,09,21802,A,N,D,D,A,A,H,-,C,D,0,NA,NA,NA,NA,Y,NA,A,01,0,0,1,0,0,0,0,0,0,-,-,33.84519958496094,-117.91708374023438,ORANGE,ANAHEIM,-117.9171142578125,33.84529113769531
8166584,2016,2018-09-26,3000,2016-09-08,1110,1056,922C6,4,5,5,3028,0,0,0,NA,0,051,MARGUERITE PKWY,VENADO DR,0,NA,Y,A,-,N,NA,NA,NA,NA,NA,NA,NA,NA,NA,Y,1,1,1,2,A,-,09,21801,A,N,D,C,A,A,H,-,A,A,0,NA,NA,NA,NA,Y,NA,A,01,1,0,0,0,0,0,0,0,0,-,-,33.56556,-117.6579,ORANGE,MISSION VIEJO,-117.65780005,33.56597007
8166608,2016,2018-09-26,3010,2016-08-27,0230,2116,263,6,5,6,3010,0,0,0,NA,0,006,RT 39,TERRY DR,170,N,N,A,-,Y,ORA,12,39,-,-,4.91,H,-,N,Y,1,1,0,3,A,-,11,21954,A,N,G,B,D,A,H,-,C,A,0,Y,NA,NA,NA,Y,Y,N,60,0,0,0,1,0,0,0,0,0,-,-,NA,NA,ORANGE,HUNTINGTON BEACH,-117.98907428,33.71970959
81667968,2021,2022-01-03,3024,2021-11-16,1028,510,P-31,2,5,5,3024,0,0,0,NA,0,EAST,BEACH BOULEVARD (SR 39),BOLSA AVENUE,15,N,N,A,-,Y,NA,NA,39,NA,NA,NA,NA,NA,NA,N,4,0,1,2,A,-,03,22350,NA,N,C,C,A,A,H,-,A,A,0,NA,NA,NA,NA,Y,NA,A,07,0,0,1,0,0,0,0,0,0,-,-,33.74467086791992,-117.98948669433594,ORANGE,WESTMINSTER,-117.98939514160156,33.74467086791992
81669335,2021,2022-01-04,3010,2021-12-29,1349,2126,436,3,5,6,3010,0,0,0,NA,0,003,YORKTOWN AVE,BUSHARD ST,26,W,N,C,-,N,NA,NA,NA,NA,NA,NA,NA,NA,NA,N,4,0,1,2,C,-,18,NA,NA,M,C,C,A,B,H,-,A,A,0,NA,NA,NA,NA,Y,NA,-,-,0,0,1,0,0,0,0,0,0,-,-,33.67967987060547,-117.96250152587892,ORANGE,HUNTINGTON BEACH,-117.96271514892578,33.679561614990234
81670261,2021,2022-01-04,3002,2021-11-01,1306,1684,NA,1,5,4,3002,0,0,0,NA,0,011,CENTRAL AV,PUENTE ST,366,W,N,B,-,N,NA,NA,NA,NA,NA,NA,NA,NA,NA,N,3,0,1,2,A,-,09,21800,A,N,D,G,A,A,H,-,A,A,0,NA,Y,NA,NA,Y,NA,-,-,0,1,0,0,0,0,1,0,0,-,-,33.93190002441406,-117.91565704345705,ORANGE,BREA,-117.91683197021484,33.93186950683594
81670340,2021,2022-01-04,3002,2021-12-06,1545,1646,NA,1,5,4,3002,0,0,0,NA,0,012,BIRCH ST,ASSOCIATED RD (E),252,E,N,A,-,N,NA,NA,NA,NA,NA,NA,NA,NA,NA,Y,4,0,1,2,A,-,03,22350,NA,N,C,C,A,A,H,-,A,A,0,NA,NA,NA,NA,Y,NA,A,07,0,0,1,0,0,0,0,0,0,-,-,33.91828918457031,-117.87032318115234,ORANGE,BREA,-117.8751983642578,33.9180908203125
81671841,2021,2022-01-06,3019,2021-12-06,1228,3545,NE,1,5,7,3019,0,0,0,NA,0,002,GRAND AVENUE,15TH STREET (N),0,NA,Y,A,-,N,NA,NA,NA,NA,NA,NA,NA,NA,NA,N,4,0,1,2,A,-,09,21804,A,N,D,C,A,A,H,-,A,A,0,NA,NA,NA,NA,Y,NA,A,07,0,0,1,0,0,0,0,0,0,-,-,33.75785827636719,-117.85193634033205,ORANGE,SANTA ANA,-117.85192108154295,33.757720947265625