CASE_ID,ACCIDENT_YEAR,PROC_DATE,JURIS,COLLISION_DATE,COLLISION_TIME,OFFICER_ID,REPORTING_DISTRICT,DAY_OF_WEEK,CHP_SHIFT,POPULATION,CNTY_CITY_LOC,SPECIAL_COND,BEAT_TYPE,CHP_BEAT_TYPE,CITY_DIVISION_LAPD,CHP_BEAT_CLASS,BEAT_NUMBER,PRIMARY_RD,SECONDARY_RD,DISTANCE,DIRECTION,INTERSECTION,WEATHER_1,WEATHER_2,STATE_HWY_IND,CALTRANS_COUNTY,CALTRANS_DISTRICT,STATE_ROUTE,ROUTE_SUFFIX,POSTMILE_PREFIX,POSTMILE,LOCATION_TYPE,RAMP_INTERSECTION,SIDE_OF_HWY,TOW_AWAY,COLLISION_SEVERITY,NUMBER_KILLED,NUMBER_INJURED,PARTY_COUNT,PRIMARY_COLL_FACTOR,PCF_CODE_OF_VIOL,PCF_VIOL_CATEGORY,PCF_VIOLATION,PCF_VIOL_SUBSECTION,HIT_AND_RUN,TYPE_OF_COLLISION,MVIW,PED_ACTION,ROAD_SURFACE,ROAD_COND_1,ROAD_COND_2,LIGHTING,CONTROL_DEVICE,CHP_ROAD_TYPE,PEDESTRIAN_ACCIDENT,BICYCLE_ACCIDENT,MOTORCYCLE_ACCIDENT,TRUCK_ACCIDENT,NOT_PRIVATE_PROPERTY,ALCOHOL_INVOLVED,STWD_VEHTYPE_AT_FAULT,CHP_VEHTYPE_AT_FAULT,COUNT_SEVERE_INJ,COUNT_VISIBLE_INJ,COUNT_COMPLAINT_PAIN,COUNT_PED_KILLED,COUNT_PED_INJURED,COUNT_BICYCLIST_KILLED,COUNT_BICYCLIST_INJURED,COUNT_MC_KILLED,COUNT_MC_INJURED,PRIMARY_RAMP,SECONDARY_RAMP,LATITUDE,LONGITUDE,COUNTY,CITY,POINT_X,POINT_Y
81867500,2022,2022-09-19,3008,2022-08-08,1120,1295,ZONE,1,5,6,3008,0,0,0,NA,0,NA,EUCLID ST,LAKEVIEW DR,0,NA,Y,A,-,N,NA,NA,NA,NA,NA,NA,NA,NA,NA,Y,3,0,1,2,A,-,09,21801,A,N,A,C,A,A,H,-,A,A,0,NA,NA,NA,Y,Y,NA,F,26,0,1,0,0,0,0,0,0,0,-,-,NA,NA,ORANGE,FULLERTON,-117.94094848632813,33.90406036376953
81869505,2022,2022-09-21,3019,2022-09-18,1658,3702,SC,7,5,7,3019,0,0,0,NA,0,004,FAIRVIEW STREET,EDINGER AVENUE,184,S,N,A,-,N,NA,NA,NA,NA,NA,NA,NA,NA,NA,Y,1,1,0,2,A,-,01,23153,A,F,G,B,F,A,H,-,A,D,0,Y,NA,NA,NA,Y,Y,D,22,0,0,0,1,0,0,0,0,0,-,-,33.72703170776367,-117.90664672851563,ORANGE,SANTA ANA,-117.90634155273438,33.72682571411133
81871768,2022,2022-09-23,3024,2022-08-15,1202,435,P-27,1,5,5,3024,0,0,0,NA,0,EAST,BOLSA AVENUE,SAIGON,55,E,N,A,-,N,NA,NA,NA,NA,NA,NA,NA,NA,NA,N,4,0,1,2,A,-,07,21658,A,N,B,C,A,A,D,-,A,A,0,NA,NA,NA,NA,Y,NA,A,07,0,0,1,0,0,0,0,0,0,-,-,NA,NA,ORANGE,WESTMINSTER,-117.9681396484375,33.744930267333984
81872545,2022,2022-09-26,3019,2022-09-01,0855,3449,SC,4,5,7,3019,0,0,0,NA,0,004,OLIVE STREET,SEGERSTROM AVENUE,100,N,N,A,-,N,NA,NA,NA,NA,NA,NA,NA,NA,NA,N,4,0,2,2,A,-,08,22107,NA,N,D,C,A,A,H,-,A,D,0,NA,NA,NA,NA,Y,NA,A,01,0,0,2,0,0,0,0,0,0,-,-,33.70954895019531,-117.877197265625,ORANGE,SANTA ANA,-117.8773956298828,33.70999526977539
81878451,2022,2022-09-30,3019,2022-09-06,0741,2801,SE,2,5,7,3019,0,0,0,NA,0,003,FLOWER STREET,BORCHARD AVENUE,0,NA,Y,A,-,N,NA,NA,NA,NA,NA,NA,NA,NA,NA,Y,4,0,3,3,A,-,09,21802,A,N,B,C,A,A,H,-,A,D,0,NA,NA,NA,NA,Y,NA,A,01,0,0,3,0,0,0,0,0,0,-,-,33.72829055786133,-117.87698364257813,ORANGE,SANTA ANA,-117.87652587890624,33.72893142700195
81879847,2022,2022-10-03,3024,2022-08-21,0734,435,P-37,7,5,5,3024,0,0,0,NA,0,EAST,MCFADDEN AVENUE,BEACH BOULEVARD (SR 39),145,E,N,B,-,Y,NA,NA,NA,NA,NA,NA,NA,NA,NA,Y,4,0,3,4,A,-,01,23152,A,N,C,C,A,A,H,-,A,A,0,NA,NA,NA,NA,Y,Y,A,01,0,0,3,0,0,0,0,0,0,-,-,NA,NA,ORANGE,WESTMINSTER,-117.9888153076172,33.73747634887695
8188086,2016,2016-12-12,3000,2016-11-07,1258,4280,891D7,1,5,3,3051,0,0,0,NA,0,280,EL TORO RD,HOME DEPOT DR,22,E,N,A,-,N,NA,NA,NA,NA,NA,NA,NA,NA,NA,Y,4,0,1,2,A,-,09,21453,B,N,D,C,A,A,H,-,A,A,0,NA,NA,NA,NA,Y,NA,A,01,0,0,1,0,0,0,0,0,0,-,-,NA,NA,ORANGE,LAGUNA WOODS,-117.72977802,33.609253
81881095,2022,2022-10-04,3001,2022-10-01,1203,A2582,D-1,6,5,7,3001,0,0,0,NA,0,015,BROOKHURST STREET,CRESCENT AVENUE,0,NA,Y,A,-,N,NA,NA,NA,NA,NA,NA,NA,NA,NA,N,4,0,1,2,A,-,10,21950,A,N,G,B,B,A,H,-,A,A,0,Y,NA,NA,NA,Y,NA,A,01,0,0,1,0,1,0,0,0,0,-,-,33.83955001831055,-117.95919036865234,ORANGE,ANAHEIM,-117.95904541015624,33.839820861816406
81882423,2022,2022-10-05,3001,2022-10-03,1842,A2461,D-1,1,5,7,3001,0,0,0,NA,0,D-1,BEACH BOULEVARD,ANACAPA WAY,0,NA,Y,A,-,Y,NA,NA,NA,NA,NA,NA,NA,NA,NA,N,4,0,1,2,A,-,01,21200,5,N,D,G,A,A,H,-,A,A,0,NA,Y,Y,NA,Y,Y,L,04,0,0,1,0,0,0,1,0,0,-,-,NA,NA,ORANGE,ANAHEIM,-117.9934539794922,33.83435821533203
81882469,2022,2022-10-05,3019,2022-09-08,1747,3165,NE,4,5,7,3019,0,0,0,NA,0,002,TUSTIN AVENUE,4TH STREET,70,S,N,B,-,N,NA,NA,NA,NA,NA,NA,NA,NA,NA,Y,4,0,1,2,A,-,09,21804,A,N,D,C,A,A,H,-,A,D,0,NA,NA,NA,NA,Y,NA,A,07,0,0,1,0,0,0,0,0,0,-,-,33.7469596862793,-117.8342514038086,ORANGE,SANTA ANA,-117.83412933349608,33.747947692871094
81883502,2022,2022-10-06,3001,2022-09-25,0913,A2318,D-2,7,5,7,3001,0,0,0,NA,0,D-2,NORTH STREET,PHILADELPHIA STREET,0,NA,Y,-,-,N,NA,NA,NA,NA,NA,NA,NA,NA,NA,Y,4,0,1,3,A,-,09,21802,A,N,D,C,A,A,H,-,A,A,0,NA,NA,NA,NA,Y,NA,A,07,0,0,1,0,0,0,0,0,0,-,-,33.844730377197266,-117.91426849365234,ORANGE,ANAHEIM,-117.91427612304688,33.84484100341797
81883568,2022,2022-10-06,3010,2022-10-01,1421,2137,349,6,5,6,3010,0,0,0,NA,0,004,19TH ST,SCLP PECAN AVE,18,N,N,A,-,N,NA,NA,NA,NA,NA,NA,NA,NA,NA,Y,4,0,1,2,A,-,09,21802,A,N,D,C,A,A,H,-,A,A,0,NA,NA,NA,NA,Y,NA,D,22,0,0,1,0,0,0,0,0,0,-,-,NA,NA,ORANGE,HUNTINGTON BEACH,-118.01055145263672,33.66940689086914
81883630,2022,2022-10-06,3008,2022-07-11,1313,1407,ZONE,1,5,6,3008,0,0,0,NA,0,NA,HARBOR BLVD,WILSHIRE AVE,0,NA,Y,A,-,N,NA,NA,NA,NA,NA,NA,NA,NA,NA,N,4,0,1,2,D,-,00,NA,NA,N,B,C,A,A,H,-,A,A,0,NA,NA,NA,NA,Y,NA,-,-,0,0,1,0,0,0,0,0,0,-,-,NA,NA,ORANGE,FULLERTON,-117.92440032958984,33.872398376464844
8188456,2016,2016-12-14,3000,2016-10-03,2050,5271,972E7,1,5,5,3017,0,0,0,NA,0,472,CAMINO DE LOS MARES,THEATER PLAZA,0,NA,Y,A,-,N,NA,NA,NA,NA,NA,NA,NA,NA,NA,Y,3,0,1,2,A,-,09,21453,C,N,-,C,A,A,H,-,C,A,0,NA,NA,NA,NA,Y,NA,A,01,0,1,0,0,0,0,0,0,0,-,-,NA,NA,ORANGE,SAN CLEMENTE,NA,NA
81885778,2022,2022-10-10,3010,2022-10-06,1552,3042,349,4,5,6,3010,0,0,0,NA,0,004,PALM AVE,11TH ST,0,NA,Y,B,-,N,NA,NA,NA,NA,NA,NA,NA,NA,NA,Y,4,0,1,2,D,-,00,NA,NA,N,D,C,A,A,H,-,A,A,0,NA,NA,NA,NA,Y,NA,-,-,0,0,1,0,0,0,0,0,0,-,-,33.665428161621094,-118.00338745117188,ORANGE,HUNTINGTON BEACH,-118.0023193359375,33.66642761230469
81886850,2022,2022-10-11,3001,2022-10-07,1901,A1047,NA,5,5,7,3001,0,0,0,NA,0,D-1,KNOTT AVENUE,LINCOLN AVENUE,160,S,N,A,-,N,NA,NA,NA,NA,NA,NA,NA,NA,NA,Y,4,0,2,4,A,-,03,22350,NA,N,D,C,A,A,H,-,C,D,0,NA,NA,NA,NA,Y,NA,A,01,0,0,2,0,0,0,0,0,0,-,-,NA,NA,ORANGE,ANAHEIM,-118.01106262207033,33.83210754394531
81886864,2022,2022-10-11,3001,2022-10-09,2103,A2755,D-2,7,5,7,3001,0,0,0,NA,0,D-2,LA PALMA AVENUE,COLUMBINE STREET,0,NA,Y,A,-,N,NA,NA,NA,NA,NA,NA,NA,NA,NA,Y,4,0,2,2,A,-,01,23152,A,M,D,C,A,A,H,-,D,A,0,NA,NA,NA,NA,Y,Y,A,01,0,0,2,0,0,0,0,0,0,-,-,NA,NA,ORANGE,ANAHEIM,-117.9555206298828,33.84699249267578
81886912,2022,2022-10-11,3010,2022-10-01,1449,2151,431,6,5,6,3010,0,0,0,NA,0,004,MAIN ST,YORKTOWN AVE,380,N,N,A,-,N,NA,NA,NA,NA,NA,NA,NA,NA,NA,N,3,0,1,2,A,-,05,21650,1,N,H,G,A,A,H,-,A,D,0,NA,Y,NA,NA,Y,NA,M,91,0,1,0,0,0,0,1,0,0,-,-,33.6793212890625,-118.00167846679688,ORANGE,HUNTINGTON BEACH,-118.00176239013672,33.68035888671875
81886939,2022,2022-10-11,3008,2022-08-30,2018,1605,ZONE,2,5,6,3008,0,0,0,NA,0,NA,COMMONWEALTH AVE,RAYMOND AVE,60,W,N,A,-,N,NA,NA,NA,NA,NA,NA,NA,NA,NA,Y,3,0,2,3,A,-,01,23153,A,N,C,C,A,A,H,-,C,A,0,NA,NA,NA,Y,Y,Y,A,01,0,1,1,0,0,0,0,0,0,-,-,NA,NA,ORANGE,FULLERTON,-117.90716552734376,33.87049102783203
81887929,2022,2022-10-12,3015,2022-09-19,1821,1495,RD 51,1,5,6,3015,0,0,0,NA,0,311,CHAPMAN AVE,MARKS WAY,34,W,N,A,-,N,NA,NA,NA,NA,NA,NA,NA,NA,NA,N,4,0,1,3,A,-,09,21801,A,N,D,C,A,A,H,-,A,D,0,NA,NA,NA,NA,Y,NA,A,01,0,0,1,0,0,0,0,0,0,-,-,33.78786849975586,-117.8732681274414,ORANGE,ORANGE,-117.8734893798828,33.78791046142578
81889847,2022,2022-10-13,3007,2022-10-05,0605,304,56,3,5,5,3007,0,0,0,NA,0,002,SLATER,LOS JARDINES WEST,12,W,N,A,-,N,NA,NA,NA,NA,NA,NA,NA,NA,NA,N,4,0,1,2,A,-,10,21950,A,N,G,B,B,A,H,-,B,A,0,Y,NA,NA,NA,Y,NA,A,07,0,0,1,0,1,0,0,0,0,-,-,NA,NA,ORANGE,FOUNTAIN VALLEY,-117.94332885742188,33.709381103515625
81890904,2022,2022-10-17,3010,2022-10-01,1128,2151,149,6,5,6,3010,0,0,0,NA,0,009,MCFADDEN AVE,EDWARDS ST,0,NA,Y,A,-,N,NA,NA,NA,NA,NA,NA,NA,NA,NA,N,3,0,1,2,A,-,11,21456,B,N,G,B,E,A,H,-,A,A,0,Y,NA,NA,NA,Y,NA,N,60,0,1,0,0,1,0,0,0,0,-,-,33.73714828491211,-118.0157470703125,ORANGE,HUNTINGTON BEACH,-118.01559448242188,33.7372932434082
81890968,2022,2022-10-17,3024,2022-08-13,1212,426,P-11,6,5,5,3024,0,0,0,NA,0,WEST,HOOVER STREET,21ST STREET,0,NA,Y,A,-,N,NA,NA,NA,NA,NA,NA,NA,NA,NA,N,4,0,1,2,A,-,12,22450,A,N,D,C,A,A,H,-,A,D,0,NA,NA,NA,NA,Y,NA,D,22,0,0,1,0,0,0,0,0,0,-,-,33.76271057128906,-117.99839019775392,ORANGE,WESTMINSTER,-117.99845886230467,33.7628173828125
8189114,2016,2016-12-15,3001,2016-12-05,0943,A1555,NA,1,5,7,3001,0,0,0,NA,0,002,WEST CORONET AV,NORTH MAPLE ST,0,NA,Y,A,-,N,NA,NA,NA,NA,NA,NA,NA,NA,NA,N,2,0,1,2,A,-,09,21802,A,N,D,G,A,A,H,-,A,A,0,NA,Y,NA,NA,Y,NA,A,07,1,0,0,0,0,0,1,0,0,-,-,NA,NA,ORANGE,ANAHEIM,-117.95491007,33.85338005
8189313,2016,2017-01-24,3000,2016-11-12,0117,8788,862D7,6,5,5,3050,0,0,0,NA,0,464,PORTOLA PKWY,EL TORO RD,0,NA,Y,A,-,N,NA,NA,NA,NA,NA,NA,NA,NA,NA,Y,4,0,1,2,A,-,12,21453,A,N,A,C,A,A,H,-,C,A,0,NA,NA,NA,NA,Y,NA,-,-,0,0,1,0,0,0,0,0,0,-,-,NA,NA,ORANGE,LAKE FOREST,-117.65264,33.65986009
81895728,2022,2022-10-21,3001,2022-10-04,1733,A1278,NA,2,5,7,3001,0,0,0,NA,0,D-4,CAMINO GRANDE,NOHL RANCH ROAD,407,W,N,A,-,N,NA,NA,NA,NA,NA,NA,NA,NA,NA,Y,3,0,1,2,A,-,08,22107,NA,N,C,E,A,A,H,-,A,D,0,NA,NA,NA,NA,Y,NA,A,01,0,1,0,0,0,0,0,0,0,-,-,33.83567810058594,-117.76374816894533,ORANGE,ANAHEIM,-117.7645263671875,33.8354377746582
81896666,2022,2022-10-24,3001,2022-10-20,1744,A1397,NA,4,5,7,3001,0,0,0,NA,0,D-1,WESTERN AVENUE,CABOT DRIVE,0,S,Y,A,-,N,NA,NA,NA,NA,NA,NA,NA,NA,NA,Y,4,0,2,2,A,-,09,21802,A,N,D,C,A,A,H,-,A,A,0,NA,NA,NA,NA,Y,NA,A,01,0,0,2,0,0,0,0,0,0,-,-,33.83060073852539,-118.00209808349608,ORANGE,ANAHEIM,-118.00222778320313,33.83063888549805
81896898,2022,2022-10-24,3019,2022-10-05,0427,3576,SC,3,5,7,3019,0,0,0,NA,0,004,WARNER AVENUE,PACIFIC AVENUE,50,W,N,A,-,N,NA,NA,NA,NA,NA,NA,NA,NA,NA,N,4,0,1,2,A,-,03,22350,NA,F,C,C,A,A,H,-,C,A,0,NA,NA,NA,NA,Y,NA,A,01,0,0,1,0,0,0,0,0,0,-,-,33.71623992919922,-117.88758850097656,ORANGE,SANTA ANA,-117.88810729980467,33.716156005859375
81896928,2022,2022-10-24,3019,2022-10-08,2309,3718,NE,6,5,7,3019,0,0,0,NA,0,002,1ST STREET,LYON STREET,85,E,N,A,-,Y,NA,NA,NA,NA,NA,NA,NA,NA,NA,N,4,0,1,2,A,-,08,22107,NA,N,B,C,A,A,H,-,C,D,0,NA,NA,NA,NA,Y,NA,A,07,0,0,1,0,0,0,0,0,0,-,-,33.74544906616211,-117.84522247314452,ORANGE,SANTA ANA,-117.84464263916016,33.74546813964844
81898057,2022,2022-10-24,3014,2022-10-16,1617,1447,RD43,7,5,5,3014,0,0,0,NA,0,A3,BAYSIDE DR,EL PASEO DR,485,W,N,A,-,N,NA,NA,NA,NA,NA,NA,NA,NA,NA,N,3,0,1,2,A,-,03,22350,NA,N,C,E,A,A,H,-,A,D,0,NA,NA,NA,NA,Y,NA,M,91,0,1,0,0,0,0,0,0,0,-,-,33.608238220214844,-117.88558197021484,ORANGE,NEWPORT BEACH,-117.8856201171875,33.60806655883789
81898552,2022,2022-10-25,3014,2022-06-21,2000,1609,RD15,2,5,5,3014,0,0,0,NA,0,A1,W BALBOA BLVD,21ST ST,15,W,N,A,-,N,NA,NA,NA,NA,NA,NA,NA,NA,NA,N,3,0,1,2,A,-,03,22350,NA,M,C,C,A,A,H,-,B,A,0,NA,NA,NA,NA,Y,NA,-,-,0,1,0,0,0,0,0,0,0,-,-,33.60900115966797,-117.91999816894533,ORANGE,NEWPORT BEACH,-117.92872619628906,33.608211517333984
81898557,2022,2022-10-25,3014,2022-10-02,1210,1516,RD15,7,5,5,3014,0,0,0,NA,0,A1,SEASHORE DR,36TH ST,15,E,N,A,-,N,NA,NA,NA,NA,NA,NA,NA,NA,NA,N,3,0,2,2,A,-,17,21657,NA,N,D,C,A,A,H,-,A,D,0,NA,NA,NA,NA,Y,NA,M,94,0,2,0,0,0,0,0,0,0,-,-,33.61619186401367,-117.93518829345705,ORANGE,NEWPORT BEACH,-117.93528747558594,33.616249084472656
81900487,2022,2022-10-27,3010,2022-10-16,1531,2137,169,7,5,6,3010,0,0,0,NA,0,007,GOLDENWEST ST,NCLP WARNER AVE,80,N,N,A,-,N,NA,NA,NA,NA,NA,NA,NA,NA,NA,Y,3,0,6,5,A,-,03,22350,NA,N,C,C,A,A,H,-,A,A,0,NA,NA,NA,NA,Y,NA,A,07,0,1,5,0,0,0,0,0,0,-,-,NA,NA,ORANGE,HUNTINGTON BEACH,-118.0065689086914,33.7155876159668
81900495,2022,2022-10-27,3010,2022-10-20,1249,1015,451,4,5,6,3010,0,0,0,NA,0,004,PACIFIC COAST HWY - SR1,6TH ST (N),25,N,N,A,-,Y,ORA,NA,1,NA,NA,30.181,H,NA,R,Y,3,0,1,2,A,-,07,21658,A,N,C,C,A,A,H,-,A,D,0,NA,NA,NA,NA,Y,NA,A,01,0,1,0,0,0,0,0,0,0,-,-,33.71461868286133,-118.06659698486328,ORANGE,HUNTINGTON BEACH,-118.06649017333984,33.71470642089844
8190053,2016,2016-12-21,3001,2016-12-07,1403,1410,NA,3,5,7,3001,0,0,0,NA,0,0D2,EAST BROADWAY,S PHILADELPHIA ST,0,NA,Y,A,-,N,NA,NA,NA,NA,NA,NA,NA,NA,NA,N,3,0,3,2,A,-,09,21802,A,N,D,C,A,A,H,-,A,A,0,NA,NA,NA,NA,Y,NA,A,07,0,2,1,0,0,0,0,0,0,-,-,NA,NA,ORANGE,ANAHEIM,-117.91068005,33.83392004
81904679,2022,2022-10-31,3016,2022-10-08,1219,1300,NA,6,5,5,3016,0,0,0,NA,0,NA,VALPARAISO DRIVE,VALPARAISO WAY,30,E,N,A,-,N,NA,NA,NA,NA,NA,NA,NA,NA,NA,Y,3,0,1,3,A,-,08,22107,NA,N,A,E,A,A,H,-,A,D,0,NA,NA,NA,NA,Y,NA,A,01,0,1,0,0,0,0,0,0,0,-,-,33.8840217590332,-117.84245300292967,ORANGE,PLACENTIA,-117.84291076660156,33.88465118408203
81904967,2022,2022-10-31,3008,2022-09-12,1909,1605,ZONE,1,5,6,3008,0,0,0,NA,0,NA,STATE COLLEGE BLVD,VISTA DEL SOL,0,NA,Y,A,-,N,NA,NA,NA,NA,NA,NA,NA,NA,NA,N,3,0,1,2,A,-,09,21801,A,N,D,C,A,A,H,-,B,D,0,NA,NA,Y,NA,Y,NA,A,01,0,1,0,0,0,0,0,0,1,-,-,NA,NA,ORANGE,FULLERTON,-117.8915786743164,33.89240646362305
81907178,2022,2022-11-02,3015,2022-11-01,1453,1694,44S,2,5,6,3015,0,0,0,NA,0,712M,HEWES ST,JORDAN AVE,0,NA,Y,A,-,N,NA,NA,NA,NA,NA,NA,NA,NA,NA,Y,4,0,1,2,A,-,09,21802,A,N,D,C,A,A,H,-,A,A,0,NA,NA,NA,NA,Y,NA,A,07,0,0,1,0,0,0,0,0,0,-,-,33.77878952026367,-117.80507659912108,ORANGE,ORANGE,-117.8052215576172,33.77882766723633
81908141,2022,2022-11-03,3019,2022-10-16,2341,3791,SE,7,5,7,3019,0,0,0,NA,0,003,MAPLE STREET,1ST STREET,200,S,N,A,-,N,NA,NA,NA,NA,NA,NA,NA,NA,NA,N,4,0,1,2,A,-,08,22107,NA,N,A,E,A,A,H,-,C,D,0,NA,NA,NA,NA,Y,NA,A,01,0,0,1,0,0,0,0,0,0,-,-,33.74531173706055,-117.86312866210938,ORANGE,SANTA ANA,-117.86338043212892,33.74489212036133
81909265,2022,2022-11-04,3026,2022-09-27,2015,685,NA,2,5,6,3026,0,0,0,NA,0,004,HARVARD,DEERFIELD,0,NA,Y,A,-,N,NA,NA,NA,NA,NA,NA,NA,NA,NA,Y,3,0,1,2,A,-,08,22107,NA,N,A,C,A,A,H,-,C,A,0,NA,NA,NA,NA,Y,NA,A,01,0,1,0,0,0,0,0,0,0,-,-,NA,NA,ORANGE,IRVINE,-117.80137634277344,33.70221710205078
81910352,2022,2022-11-07,3019,2022-10-13,1434,3382,SC,4,5,7,3019,0,0,0,NA,0,004,FAIRVIEW STREET,DAHL LANE,100,S,N,A,-,N,NA,NA,NA,NA,NA,NA,NA,NA,NA,Y,3,0,3,2,A,-,03,22350,NA,N,C,C,A,A,H,-,A,D,0,NA,NA,NA,NA,Y,NA,A,01,0,1,2,0,0,0,0,0,0,-,-,33.731529235839844,-117.90634155273438,ORANGE,SANTA ANA,-117.90642547607422,33.731224060058594
8191067,2016,2016-12-20,3019,2016-11-18,1749,3458,NE,5,5,7,3019,0,0,0,NA,0,002,1ST ST,PARTON ST,94,W,N,A,-,N,NA,NA,NA,NA,NA,NA,NA,NA,NA,Y,4,0,1,2,A,-,03,22350,NA,N,C,C,A,A,H,-,B,D,0,NA,NA,NA,NA,Y,NA,D,22,0,0,1,0,0,0,0,0,0,-,-,NA,NA,ORANGE,SANTA ANA,-117.87476848,33.74542
8191083,2016,2016-12-21,3003,2016-12-07,1747,752,3003,3,5,5,3003,0,0,0,NA,0,004,KNOTT AV,THELMA AV,190,S,N,A,-,N,NA,NA,NA,NA,NA,NA,NA,NA,NA,N,4,0,2,3,A,-,03,22350,NA,N,C,C,A,A,H,-,C,D,0,NA,NA,NA,NA,Y,NA,D,22,0,0,2,0,0,0,0,0,0,-,-,33.8502,-118.0112,ORANGE,BUENA PARK,-118.01125895,33.85026906
81911957,2022,2022-11-08,3019,2022-08-07,2055,3788,NE,7,5,7,3019,0,0,0,NA,0,002,PASADENA AVENUE,SANTA CLARA AVENUE,97,N,N,A,-,N,NA,NA,NA,NA,NA,NA,NA,NA,NA,Y,4,0,1,4,A,-,08,22107,NA,F,A,E,E,A,H,-,C,D,0,Y,NA,NA,NA,Y,NA,A,01,0,0,1,0,1,0,0,0,0,-,-,33.765899658203125,-117.83293914794922,ORANGE,SANTA ANA,-117.8332290649414,33.767425537109375
81913191,2022,2022-11-09,3026,2022-10-29,0135,636,NA,6,5,6,3026,0,0,0,NA,0,001,CULVER,MAIN,0,NA,Y,A,-,N,NA,NA,NA,NA,NA,NA,NA,NA,NA,Y,3,0,1,2,A,-,01,23152,A,N,A,C,A,A,H,-,C,A,0,NA,NA,NA,NA,Y,Y,A,01,0,1,0,0,0,0,0,0,0,-,-,NA,NA,ORANGE,IRVINE,-117.81643676757813,33.675994873046875
81913385,2022,2022-11-09,3008,2022-09-15,1230,1407,ZONE,4,5,6,3008,0,0,0,NA,0,NA,LEMON ST,BERKELEY AVE,270,S,N,A,-,N,NA,NA,NA,NA,NA,NA,NA,NA,NA,Y,4,0,1,2,A,-,09,21804,A,N,D,C,A,A,H,-,A,D,0,NA,NA,NA,NA,Y,NA,A,01,0,0,1,0,0,0,0,0,0,-,-,NA,NA,ORANGE,FULLERTON,-117.91982269287108,33.878028869628906
81914303,2022,2022-11-10,3001,2022-11-02,2310,A1397,NA,3,5,7,3001,0,0,0,NA,0,D-2,LEMON STREET,SR 91 E/B ON RAMP,0,NA,Y,B,-,Y,NA,NA,NA,NA,NA,NA,NA,NA,NA,Y,4,0,2,2,A,-,12,21453,A,N,D,C,A,A,H,-,D,A,0,NA,NA,NA,NA,Y,NA,A,01,0,0,2,0,0,0,0,0,0,-,-,NA,NA,ORANGE,ANAHEIM,-117.91980743408205,33.854312896728516
81915445,2022,2022-11-11,3019,2022-11-09,0530,3831,SC,3,5,7,3019,0,0,0,NA,0,004,FAIRVIEW STREET,DAHL LANE,500,S,N,B,-,N,NA,NA,NA,NA,NA,NA,NA,NA,NA,Y,4,0,1,1,A,-,08,22107,NA,N,E,I,A,B,H,-,B,D,0,NA,NA,NA,NA,Y,NA,A,01,0,0,1,0,0,0,0,0,0,-,-,33.731239318847656,-117.90682983398438,ORANGE,SANTA ANA,-117.90612030029295,33.73015594482422
81915847,2022,2022-11-14,3001,2022-10-29,1950,A1906,NA,6,5,7,3001,0,0,0,NA,0,NA,BROOKHURST STREET,CATALINA AVENUE,79,N,N,A,-,N,NA,NA,NA,NA,NA,NA,NA,NA,NA,Y,4,0,2,5,A,-,03,22350,NA,N,C,C,A,A,H,-,C,A,0,NA,NA,NA,NA,Y,NA,I,11,0,0,2,0,0,0,0,0,0,-,-,33.83604049682617,-117.95922088623048,ORANGE,ANAHEIM,-117.9590072631836,33.83649826049805
81916220,2022,2022-11-14,3010,2022-11-04,1901,1205,431,5,5,6,3010,0,0,0,NA,0,004,MAIN ST,YORKTOWN AVE,215,S,N,A,-,N,NA,NA,NA,NA,NA,NA,NA,NA,NA,N,3,0,1,2,A,-,11,21954,A,N,G,B,D,A,H,-,C,A,0,Y,NA,NA,NA,Y,NA,N,60,0,1,0,0,1,0,0,0,0,-,-,33.6793212890625,-118.00167846679688,ORANGE,HUNTINGTON BEACH,-118.00174713134766,33.67873001098633
81916274,2022,2022-11-14,3008,2022-09-25,0453,1643,ZONE,7,5,6,3008,0,0,0,NA,0,NA,HARBOR BLVD,BASTANCHURY RD,380,S,N,A,-,N,NA,NA,NA,NA,NA,NA,NA,NA,NA,Y,3,0,1,1,A,-,08,22107,NA,N,E,I,A,A,H,-,C,A,0,NA,NA,NA,NA,Y,NA,A,01,0,1,0,0,0,0,0,0,0,-,-,NA,NA,ORANGE,FULLERTON,-117.9288330078125,33.89459228515625
81917651,2022,2022-11-15,3001,2022-11-03,1039,A1825,D-2,4,5,7,3001,0,0,0,NA,0,D-2,BROADWAY,OLIVE STREET,0,NA,Y,A,-,N,NA,NA,NA,NA,NA,NA,NA,NA,NA,Y,3,0,2,2,A,-,09,21806,A,N,A,C,A,A,H,-,A,A,0,NA,NA,NA,NA,Y,NA,A,01,0,1,1,0,0,0,0,0,0,-,-,NA,NA,ORANGE,ANAHEIM,-117.9094467163086,33.834205627441406
81917654,2022,2022-11-15,3001,2022-11-11,1537,A1397,NA,5,5,7,3001,0,0,0,NA,0,D-2,LA PALMA AVENUE,EUCLID STREET,183,W,N,A,-,N,NA,NA,NA,NA,NA,NA,NA,NA,NA,Y,4,0,1,2,A,-,09,21804,A,N,D,C,A,A,H,-,A,D,0,NA,NA,NA,NA,Y,NA,A,01,0,0,1,0,0,0,0,0,0,-,-,NA,NA,ORANGE,ANAHEIM,-117.94226837158205,33.84709167480469