CASE_ID,ACCIDENT_YEAR,PROC_DATE,JURIS,COLLISION_DATE,COLLISION_TIME,OFFICER_ID,REPORTING_DISTRICT,DAY_OF_WEEK,CHP_SHIFT,POPULATION,CNTY_CITY_LOC,SPECIAL_COND,BEAT_TYPE,CHP_BEAT_TYPE,CITY_DIVISION_LAPD,CHP_BEAT_CLASS,BEAT_NUMBER,PRIMARY_RD,SECONDARY_RD,DISTANCE,DIRECTION,INTERSECTION,WEATHER_1,WEATHER_2,STATE_HWY_IND,CALTRANS_COUNTY,CALTRANS_DISTRICT,STATE_ROUTE,ROUTE_SUFFIX,POSTMILE_PREFIX,POSTMILE,LOCATION_TYPE,RAMP_INTERSECTION,SIDE_OF_HWY,TOW_AWAY,COLLISION_SEVERITY,NUMBER_KILLED,NUMBER_INJURED,PARTY_COUNT,PRIMARY_COLL_FACTOR,PCF_CODE_OF_VIOL,PCF_VIOL_CATEGORY,PCF_VIOLATION,PCF_VIOL_SUBSECTION,HIT_AND_RUN,TYPE_OF_COLLISION,MVIW,PED_ACTION,ROAD_SURFACE,ROAD_COND_1,ROAD_COND_2,LIGHTING,CONTROL_DEVICE,CHP_ROAD_TYPE,PEDESTRIAN_ACCIDENT,BICYCLE_ACCIDENT,MOTORCYCLE_ACCIDENT,TRUCK_ACCIDENT,NOT_PRIVATE_PROPERTY,ALCOHOL_INVOLVED,STWD_VEHTYPE_AT_FAULT,CHP_VEHTYPE_AT_FAULT,COUNT_SEVERE_INJ,COUNT_VISIBLE_INJ,COUNT_COMPLAINT_PAIN,COUNT_PED_KILLED,COUNT_PED_INJURED,COUNT_BICYCLIST_KILLED,COUNT_BICYCLIST_INJURED,COUNT_MC_KILLED,COUNT_MC_INJURED,PRIMARY_RAMP,SECONDARY_RAMP,LATITUDE,LONGITUDE,COUNTY,CITY,POINT_X,POINT_Y
82366035,2024,2024-04-17,3015,2024-04-13,1002,1336,RD67,6,5,6,3015,0,0,0,NA,0,722M,CANAL ST,LINCOLN AVE,22,S,N,A,-,N,NA,NA,NA,NA,NA,NA,NA,NA,NA,Y,3,0,2,3,A,-,08,22107,NA,N,A,C,A,A,H,-,A,A,0,NA,NA,NA,NA,Y,NA,A,07,0,1,1,0,0,0,0,0,0,-,-,33.83523178100586,-117.83950805664063,ORANGE,ORANGE,-117.83967590332033,33.835227966308594
82366048,2024,2024-04-17,3001,2024-03-23,1642,A1962,D-2,6,5,7,3001,0,0,0,NA,0,D-2,LA PALMA AVENUE,HARBOR BOULEVARD,50,E,N,B,-,N,NA,NA,NA,NA,NA,NA,NA,NA,NA,Y,4,0,2,3,A,-,08,22107,NA,N,B,C,A,A,H,-,A,A,0,NA,NA,NA,NA,Y,NA,A,01,0,0,2,0,0,0,0,0,0,-,-,33.84722900390625,-117.9237823486328,ORANGE,ANAHEIM,-117.92368316650392,33.84720993041992
82367289,2024,2024-04-18,3010,2024-04-15,2030,3172,349,1,5,6,3010,0,0,0,NA,0,004,OLIVE AVE,16TH ST,50,W,N,A,-,N,NA,NA,NA,NA,NA,NA,NA,NA,NA,Y,3,0,1,4,A,-,01,23152,A,N,B,E,A,A,H,-,C,A,0,NA,NA,NA,NA,Y,Y,A,01,0,1,0,0,0,0,0,0,0,-,-,33.66587829589844,-118.00994873046876,ORANGE,HUNTINGTON BEACH,-118.0100555419922,33.66593933105469
82368366,2024,2024-04-22,3001,2024-04-08,758,A2755,NA,1,5,7,3001,0,0,0,NA,0,D-2,LA PALMA AVENUE,KEMP STREET,126,E,N,A,-,N,NA,NA,NA,NA,NA,NA,NA,NA,NA,Y,3,0,2,2,A,-,08,22107,NA,N,E,I,A,A,H,-,A,D,0,NA,NA,NA,NA,Y,NA,A,07,0,1,1,0,0,0,0,0,0,-,-,NA,NA,ORANGE,ANAHEIM,-117.91610717773438,33.847251892089844
82368433,2024,2024-04-19,3019,2024-04-04,1115,3702,SC,4,5,7,3019,0,0,0,NA,0,004,SPRUCE STREET,EDINGER AVENUE,0,NA,Y,A,-,N,NA,NA,NA,NA,NA,NA,NA,NA,NA,N,3,0,1,2,A,-,08,22107,NA,M,D,G,A,A,H,-,A,A,0,NA,Y,NA,NA,Y,NA,-,99,0,1,0,0,0,0,1,0,0,-,-,33.726951599121094,-117.8890380859375,ORANGE,SANTA ANA,-117.88905334472656,33.727210998535156
82368553,2024,2024-04-19,3024,2024-03-14,1533,468,P-13,4,5,5,3024,0,0,0,NA,0,EAST,NEWLAND STREET,TRASK AVENUE,0,NA,Y,A,-,N,NA,NA,NA,NA,NA,NA,NA,NA,NA,Y,4,0,2,2,A,-,09,21801,A,N,A,C,A,A,H,-,A,A,0,NA,NA,NA,NA,Y,NA,A,01,0,0,2,0,0,0,0,0,0,-,-,33.76670837402344,-117.98068237304688,ORANGE,WESTMINSTER,-117.98108673095705,33.7666130065918
82372383,2024,2024-04-22,3014,2024-04-05,1940,1562,NA,5,5,5,3014,0,0,0,NA,0,A3,SANTA CRUZ DR,SAN CLEMENTE DR,95,S,N,A,G,N,NA,NA,NA,NA,NA,NA,NA,NA,NA,N,4,0,1,2,A,-,08,22107,NA,N,B,C,A,A,H,-,C,D,0,NA,NA,NA,NA,Y,NA,A,01,0,0,1,0,0,0,0,0,0,-,-,33.620418548583984,-117.87625885009766,ORANGE,NEWPORT BEACH,-117.87630462646484,33.620662689208984
82372489,2024,2024-04-23,3001,2024-04-11,1729,A2339,D-1,4,5,7,3001,0,0,0,NA,0,D-1,WESTERN AVENUE,ORANGE AVENUE,0,NA,Y,A,-,N,NA,NA,NA,NA,NA,NA,NA,NA,NA,N,3,0,2,2,A,-,12,21453,A,N,A,C,A,A,H,-,A,A,0,NA,NA,NA,NA,Y,NA,-,-,0,1,1,0,0,0,0,0,0,-,-,NA,NA,ORANGE,ANAHEIM,-118.0021514892578,33.82461929321289
82378003,2024,2024-04-30,3019,2024-04-10,1733,3702,SC,3,5,7,3019,0,0,0,NA,0,004,RAITT STREET,HARVARD STREET,140,S,N,A,-,N,NA,NA,NA,NA,NA,NA,NA,NA,NA,N,4,0,1,1,A,-,08,22107,NA,N,E,I,A,A,H,-,A,D,0,NA,NA,NA,NA,Y,NA,A,01,0,0,1,0,0,0,0,0,0,-,-,33.7206916809082,-117.89540100097656,ORANGE,SANTA ANA,-117.89552307128906,33.720550537109375
82378029,2024,2024-04-30,3019,2024-04-19,809,3196,SE,5,5,7,3019,0,0,0,NA,0,003,1ST STREET,OAK STREET,6,W,N,B,-,N,NA,NA,NA,NA,NA,NA,NA,NA,NA,N,4,0,1,2,A,-,09,21801,A,N,D,C,A,A,H,-,A,D,0,NA,NA,NA,NA,Y,NA,A,01,0,0,1,0,0,0,0,0,0,-,-,33.74462127685547,-117.8623504638672,ORANGE,SANTA ANA,-117.86226654052734,33.74544143676758
82378325,2024,2024-04-30,3014,2024-04-06,1800,1462,NA,6,5,5,3014,0,0,0,NA,0,A2,SEASHORE DR,WALNUT ST,7,W,N,A,-,N,NA,NA,NA,NA,NA,NA,NA,NA,NA,N,2,0,1,2,A,-,03,22350,NA,N,H,G,A,A,H,-,A,D,0,NA,NA,NA,NA,Y,Y,M,91,1,0,0,0,0,0,0,0,0,-,-,33.626800537109375,-117.95098876953124,ORANGE,NEWPORT BEACH,-117.9510498046875,33.62689208984375
82379089,2024,2024-05-01,3019,2024-04-14,1552,3424,SC,7,5,7,3019,0,0,0,NA,0,004,FLOWER STREET,BISHOP STREET,0,NA,Y,B,-,N,NA,NA,NA,NA,NA,NA,NA,NA,NA,N,3,0,3,3,A,-,12,21453,A,N,D,C,A,A,H,-,A,A,0,NA,NA,NA,NA,Y,NA,A,01,0,1,2,0,0,0,0,0,0,-,-,33.73942184448242,-117.87631225585938,ORANGE,SANTA ANA,-117.87642669677734,33.73939895629883
82379096,2024,2024-05-01,3019,2024-04-20,1211,3941,SE,6,5,7,3019,0,0,0,NA,0,003,1ST STREET,GRAND AVENUE,0,NA,Y,A,-,N,NA,NA,NA,NA,NA,NA,NA,NA,NA,Y,4,0,1,2,A,-,12,21453,A,N,D,C,A,A,H,-,A,A,0,NA,NA,NA,NA,Y,NA,A,01,0,0,1,0,0,0,0,0,0,-,-,33.74546813964844,-117.85211181640624,ORANGE,SANTA ANA,-117.85184478759766,33.7454833984375
82379117,2024,2024-05-01,3019,2024-04-29,550,3449,SE,1,5,7,3019,0,0,0,NA,0,003,HALLADAY STREET,GOETZ AVENUE,0,NA,Y,A,-,N,NA,NA,NA,NA,NA,NA,NA,NA,NA,N,4,0,1,2,A,-,03,22350,NA,N,B,C,A,A,H,-,A,A,0,NA,NA,NA,NA,Y,NA,A,01,0,0,1,0,0,0,0,0,0,-,-,33.71147918701172,-117.85958099365234,ORANGE,SANTA ANA,-117.8594970703125,33.71140670776367
82379973,2024,2024-05-02,3019,2024-04-22,1230,2801,NE,1,5,7,3019,0,0,0,NA,0,002,1ST STREET,ROUTE 5 SB ONRAMP,0,NA,Y,A,-,N,NA,NA,NA,NA,NA,NA,NA,NA,NA,N,4,0,2,2,D,-,00,NA,NA,N,D,C,A,A,H,-,A,A,0,NA,NA,NA,NA,Y,NA,-,-,0,0,2,0,0,0,0,0,0,-,-,33.74546813964844,-117.84316253662108,ORANGE,SANTA ANA,-117.84252166748048,33.74568176269531
82381648,2024,2024-05-06,3001,2024-04-19,906,A2312,D-1,5,5,7,3001,0,0,0,NA,0,D-1,BALL ROAD,NUTWOOD STREET,13,E,N,A,-,N,NA,NA,NA,NA,NA,NA,NA,NA,NA,N,4,0,1,2,A,-,05,21650,NA,N,D,G,A,A,H,-,A,A,0,NA,Y,NA,NA,Y,NA,A,01,0,0,1,0,0,0,1,0,0,-,-,33.81761169433594,-117.95014190673828,ORANGE,ANAHEIM,-117.95006561279295,33.81787872314453
82382033,2024,2024-05-06,3024,2024-03-29,1015,468,NA,5,5,5,3024,0,0,0,NA,0,WEST,WESTMINSTER BOULEVARD,RONDEAU STREET,0,NA,Y,A,-,N,NA,NA,NA,NA,NA,NA,NA,NA,NA,Y,4,0,1,2,A,-,09,21801,A,N,D,C,A,A,H,-,A,D,0,NA,NA,NA,NA,Y,NA,A,01,0,0,1,0,0,0,0,0,0,-,-,33.759151458740234,-118.00859832763672,ORANGE,WESTMINSTER,-118.00858306884766,33.759124755859375
82383387,2024,2024-05-07,3024,2024-04-05,1410,572,NA,5,5,5,3024,0,0,0,NA,0,WEST,GOLDENWEST STREET,MAIN STREET,97,S,N,A,G,N,NA,NA,NA,NA,NA,NA,NA,NA,NA,Y,3,0,1,3,A,-,03,22350,NA,N,C,C,A,A,H,-,A,A,0,NA,NA,NA,NA,Y,NA,A,01,0,1,0,0,0,0,0,0,0,-,-,33.7554817199707,-118.0072021484375,ORANGE,WESTMINSTER,-118.00711059570313,33.75520324707031
82384414,2024,2024-05-08,3001,2024-04-27,911,A1508,NA,6,5,7,3001,0,0,0,NA,0,D-4,SANTA ANA CANYON ROAD,ROOSEVELT ROAD,0,NA,Y,B,-,N,NA,NA,NA,NA,NA,NA,NA,NA,NA,Y,3,0,3,2,A,-,09,21453,C,N,D,C,A,A,H,-,A,A,0,NA,NA,NA,NA,Y,NA,A,01,0,2,1,0,0,0,0,0,0,-,-,33.86716842651367,-117.7460479736328,ORANGE,ANAHEIM,-117.74615478515624,33.86725997924805
82384418,2024,2024-05-08,3001,2024-04-28,2145,A1047,NA,7,5,7,3001,0,0,0,NA,0,D-1,BALL ROAD,EAST GATES STREET,30,W,N,A,-,N,NA,NA,NA,NA,NA,NA,NA,NA,NA,Y,3,0,1,1,A,-,01,23152,A,N,E,I,A,A,H,-,C,D,0,NA,NA,NA,NA,Y,Y,D,22,0,1,0,0,0,0,0,0,0,-,-,NA,NA,ORANGE,ANAHEIM,-117.9982452392578,33.817378997802734
82384460,2024,2024-05-08,3010,2024-05-02,1419,1208,NA,4,5,6,3010,0,0,0,NA,0,002,MAGNOLIA ST,STILWELL DR,235,N,N,A,-,N,NA,NA,NA,NA,NA,NA,NA,NA,NA,N,3,0,1,2,A,-,03,22350,NA,N,H,G,A,A,H,-,A,D,0,NA,Y,NA,NA,Y,NA,M,91,0,1,0,0,0,0,1,0,0,-,-,33.65388870239258,-117.9710693359375,ORANGE,HUNTINGTON BEACH,-117.97100067138672,33.6546630859375
82386557,2024,2024-05-10,3002,2024-04-23,2325,1719,NA,2,5,4,3002,0,0,0,NA,0,014,BREA BL,DATE ST,30,S,N,A,-,N,NA,NA,NA,NA,NA,NA,NA,NA,NA,N,3,0,1,1,A,-,08,22107,NA,N,E,I,A,A,H,-,C,D,0,NA,NA,NA,NA,Y,NA,A,01,0,1,0,0,0,0,0,0,0,-,-,33.9149284362793,-117.90126037597656,ORANGE,BREA,-117.90129089355467,33.9148063659668
82388632,2024,2024-05-13,3014,2024-05-03,1606,1418,NA,5,5,5,3014,0,0,0,NA,0,A2,PLACENTIA AVE,15TH ST,0,NA,Y,A,-,N,NA,NA,NA,NA,NA,NA,NA,NA,NA,Y,4,0,1,2,A,-,17,21451,A,N,A,C,A,A,H,-,A,A,0,NA,NA,NA,NA,Y,NA,A,01,0,0,1,0,0,0,0,0,0,-,-,NA,NA,ORANGE,NEWPORT BEACH,-117.93180847167967,33.628868103027344
82388935,2024,2024-05-14,3010,2024-05-10,2034,1118,NA,5,5,6,3010,0,0,0,NA,0,007,HEIL AVE,BEACH BL - SR39 BLVD,17,W,N,A,-,Y,ORA,NA,39,NA,NA,5.12,H,NA,L,N,4,0,1,2,A,-,11,21461,5,N,G,B,B,A,H,-,C,A,0,Y,NA,NA,NA,Y,NA,N,60,0,0,1,0,1,0,0,0,0,-,-,33.72269058227539,-117.98934936523438,ORANGE,HUNTINGTON BEACH,-117.98932647705078,33.72269058227539
82389971,2024,2024-05-15,3015,2024-05-09,1757,1648,NA,4,5,6,3015,0,0,0,NA,0,713M,BATAVIA ST,PALM AVE,67,S,N,A,-,N,NA,NA,NA,NA,NA,NA,NA,NA,NA,Y,3,0,3,2,A,-,03,22350,NA,N,C,C,A,A,H,-,A,A,0,NA,NA,NA,NA,Y,NA,I,09,0,3,0,0,0,0,0,0,0,-,-,33.791038513183594,-117.86176300048828,ORANGE,ORANGE,-117.86183166503906,33.79133605957031
82390084,2024,2024-05-15,3019,2024-02-23,1805,3735,NA,5,5,7,3019,0,0,0,NA,0,003,ORANGE AVENUE,MCFADDEN AVENUE,155,S,N,A,-,N,NA,NA,NA,NA,NA,NA,NA,NA,NA,N,3,0,1,2,A,-,08,22107,NA,N,D,G,A,A,H,-,C,D,0,NA,Y,NA,NA,Y,NA,A,01,0,1,0,0,0,0,1,0,0,-,-,33.73276901245117,-117.8655014038086,ORANGE,SANTA ANA,-117.86515045166016,33.733253479003906
82392218,2024,2024-05-23,3001,2024-05-13,2100,A2973,NA,1,5,7,3001,0,0,0,NA,0,024,STATE COLLEGE BOULEVARD,WESTPORT DRIVE,355,N,N,A,-,N,NA,NA,NA,NA,NA,NA,NA,NA,NA,N,4,0,1,2,A,-,11,21456,NA,N,A,G,A,A,H,-,C,A,0,NA,Y,NA,Y,Y,Y,L,04,0,0,1,0,0,0,1,0,0,-,-,33.83681106567383,-117.88941192626952,ORANGE,ANAHEIM,-117.88917541503906,33.837764739990234
82393584,2024,2024-05-20,3022,2024-04-29,737,1360,NA,1,5,5,3022,0,0,0,NA,0,NA,NEWPORT AV,NISSON RD,266,S,N,A,-,N,NA,NA,NA,NA,NA,NA,NA,NA,NA,Y,3,0,1,3,A,-,03,22350,NA,N,D,C,A,A,H,-,A,A,0,NA,NA,NA,NA,Y,NA,A,01,0,1,0,0,0,0,0,0,0,-,-,33.7365608215332,-117.82347869873048,ORANGE,TUSTIN,-117.82405090332033,33.736141204833984
82394645,2024,2025-01-24,3008,2024-03-27,1250,1582,NA,3,5,6,3008,0,0,0,NA,0,NA,LEMON ST,91 RAMP,0,NA,Y,A,-,N,NA,NA,NA,NA,NA,NA,NA,NA,NA,Y,4,0,2,2,D,-,00,NA,NA,N,D,C,A,A,H,-,A,A,0,NA,NA,NA,NA,Y,NA,-,-,0,0,2,0,0,0,0,0,0,-,-,33.854461669921875,-117.91996002197266,ORANGE,FULLERTON,NA,NA
82395690,2024,2024-05-22,3001,2024-05-20,1730,A2961,NA,1,5,7,3001,0,0,0,NA,0,D-2,LA PALMA AVENUE,BAXTER STREET,60,E,N,A,-,N,NA,NA,NA,NA,NA,NA,NA,NA,NA,N,4,0,2,2,A,-,03,22350,NA,F,C,C,A,A,H,-,C,A,0,NA,NA,NA,NA,Y,NA,A,01,0,0,2,0,0,0,0,0,0,-,-,33.847328186035156,-117.89356231689452,ORANGE,ANAHEIM,-117.89337921142578,33.84727096557617
82397741,2024,2024-05-24,3019,2024-05-20,612,2801,NA,1,5,7,3019,0,0,0,NA,0,003,DYER ROAD,PULLMAN STREET,0,NA,Y,B,-,N,NA,NA,NA,NA,NA,NA,NA,NA,NA,Y,3,0,2,2,A,-,12,21453,A,N,D,C,A,A,H,-,B,A,0,NA,NA,NA,NA,Y,NA,D,22,0,1,1,0,0,0,0,0,0,-,-,33.708431243896484,-117.84851837158205,ORANGE,SANTA ANA,-117.84838104248048,33.708438873291016
82398578,2024,2024-05-27,3001,2024-05-22,1536,A1397,NA,3,5,7,3001,0,0,0,NA,0,D-2,ORANGETHORPE AVENUE,LEMON STREET,1056,E,N,A,-,N,NA,NA,NA,NA,NA,NA,NA,NA,NA,N,2,0,1,2,A,-,08,22107,NA,N,D,G,A,A,H,-,A,D,0,NA,Y,NA,NA,Y,NA,L,04,1,0,0,0,0,0,1,0,0,-,-,33.85948181152344,-117.91961669921876,ORANGE,ANAHEIM,-117.91639709472656,33.8595085144043
82400010,2024,2024-05-28,3026,2024-05-14,1552,697,NA,2,5,6,3026,0,0,0,NA,0,009,RIDGE VALLEY,CADENCE,0,NA,Y,A,-,N,NA,NA,NA,NA,NA,NA,NA,NA,NA,N,4,0,1,3,B,-,22,NA,NA,N,D,G,A,A,H,-,A,D,0,NA,NA,NA,NA,Y,NA,M,91,0,0,1,0,0,0,0,0,0,-,-,NA,NA,ORANGE,IRVINE,-117.73946380615234,33.685123443603516
82400503,2024,2024-05-28,3026,2024-05-26,1340,548,NA,7,5,6,3026,0,0,0,NA,0,003,FEDERATION WAY,TURTLE RIDGE DR,580,N,N,A,-,N,NA,NA,NA,NA,NA,NA,NA,NA,NA,Y,3,0,1,1,A,-,03,22350,NA,N,E,I,A,A,H,-,A,D,0,NA,NA,NA,NA,Y,NA,A,07,0,1,0,0,0,0,0,0,0,-,-,33.631778717041016,-117.83084106445313,ORANGE,IRVINE,-117.83074951171876,33.63140869140625
82400557,2024,2024-05-28,3014,2024-05-23,808,1374,NA,4,5,5,3014,0,0,0,NA,0,A3,BRISTOL ST N,BIRCH ST,0,NA,Y,B,-,N,NA,NA,NA,NA,NA,NA,NA,NA,NA,Y,4,0,1,2,A,-,12,21453,NA,N,D,C,A,A,H,-,A,A,0,NA,NA,NA,NA,Y,NA,A,07,0,0,1,0,0,0,0,0,0,-,-,33.66170120239258,-117.87290954589844,ORANGE,NEWPORT BEACH,-117.8728256225586,33.6616096496582
82401679,2024,2024-05-30,3001,2024-05-26,1155,A2467,NA,7,5,7,3001,0,0,0,NA,0,D-2,DOGWOOD AVENUE,MAPLE STREET,79,E,N,A,B,N,NA,NA,NA,NA,NA,NA,NA,NA,NA,N,4,0,1,2,A,-,21,22106,NA,N,D,C,A,A,H,-,A,D,0,NA,NA,NA,NA,Y,NA,A,01,0,0,1,0,0,0,0,0,0,-,-,33.845890045166016,-117.95517730712892,ORANGE,ANAHEIM,-117.95493316650392,33.846153259277344
82401768,2024,2024-05-30,3019,2024-05-28,703,2801,NA,2,5,7,3019,0,0,0,NA,0,004,FLOWER STREET,MYRTLE STREET,0,NA,Y,B,-,N,NA,NA,NA,NA,NA,NA,NA,NA,NA,Y,3,0,5,2,A,-,09,21802,A,N,D,C,A,A,H,-,A,D,0,NA,NA,NA,NA,Y,NA,D,22,0,3,2,0,0,0,0,0,0,-,-,33.74108123779297,-117.87660980224608,ORANGE,SANTA ANA,-117.87642669677734,33.741737365722656
82402771,2024,2024-05-31,3019,2024-04-20,300,3729,NA,6,5,7,3019,0,0,0,NA,0,001,17TH STREET,BRISTOL STREET,0,NA,Y,A,-,N,NA,NA,NA,NA,NA,NA,NA,NA,NA,Y,4,0,2,2,A,-,12,21453,A,N,D,C,A,A,H,-,C,A,0,NA,NA,NA,NA,Y,NA,D,22,0,0,2,0,0,0,0,0,0,-,-,33.76002883911133,-117.88511657714844,ORANGE,SANTA ANA,-117.88507843017578,33.760135650634766
82404795,2024,2024-06-04,3001,2024-05-29,1526,A1962,NA,3,5,7,3001,0,0,0,NA,0,D-2,EUCLID STREET,GLEN AVENUE,128,N,N,A,-,N,NA,NA,NA,NA,NA,NA,NA,NA,NA,Y,3,0,2,2,A,-,09,21804,A,N,D,C,A,A,H,-,A,D,0,NA,NA,NA,NA,Y,NA,A,01,0,1,1,0,0,0,0,0,0,-,-,NA,NA,ORANGE,ANAHEIM,-117.94168853759766,33.848602294921875
82404861,2024,2024-06-04,3010,2024-05-30,1444,1208,NA,4,5,6,3010,0,0,0,NA,0,002,BUSHARD ST,BROOKHURST ST,12,W,N,A,-,N,NA,NA,NA,NA,NA,NA,NA,NA,NA,N,3,0,1,2,A,-,05,21650,1,N,H,G,A,A,H,-,A,A,0,NA,Y,NA,NA,Y,NA,L,04,0,1,0,0,0,0,1,0,0,-,-,33.63779067993164,-117.96166229248048,ORANGE,HUNTINGTON BEACH,-117.96168518066406,33.63802719116211
82406247,2024,2024-06-05,3019,2024-05-11,2002,3730,NA,6,5,7,3019,0,0,0,NA,0,001,5TH STREET,HAWLEY STREET,300,W,N,A,-,N,NA,NA,NA,NA,NA,NA,NA,NA,NA,Y,3,0,1,1,A,-,01,23152,G,N,E,I,A,A,H,-,C,D,0,NA,NA,NA,NA,Y,Y,A,01,0,1,0,0,0,0,0,0,0,-,-,33.74869155883789,-117.8989715576172,ORANGE,SANTA ANA,-117.90001678466795,33.74869918823242
82406307,2024,2024-06-05,3002,2024-05-11,111,1709,NA,6,5,4,3002,0,0,0,NA,0,014,LAMBERT RD,BERRY ST,0,NA,Y,A,-,N,NA,NA,NA,NA,NA,NA,NA,NA,NA,Y,3,0,1,2,D,-,00,NA,NA,N,D,C,A,A,H,-,C,A,0,NA,NA,NA,NA,Y,NA,-,-,0,1,0,0,0,0,0,0,0,-,-,33.92464065551758,-117.90673828125,ORANGE,BREA,-117.9067611694336,33.92463684082031
82408382,2024,2024-06-07,3019,2024-05-23,1350,3929,NA,4,5,7,3019,0,0,0,NA,0,001,1ST STREET,MAIN STREET,80,E,N,A,-,N,NA,NA,NA,NA,NA,NA,NA,NA,NA,N,4,0,1,2,D,-,00,NA,NA,M,C,C,A,A,H,-,A,A,0,NA,NA,NA,NA,Y,NA,-,-,0,0,1,0,0,0,0,0,0,-,-,33.744659423828125,-117.86779022216795,ORANGE,SANTA ANA,-117.8673858642578,33.74541091918945
82408386,2024,2024-06-07,3019,2024-05-25,1302,3927,NA,6,5,7,3019,0,0,0,NA,0,001,WARNER AVENUE,RAITT STREET,266,E,N,A,-,N,NA,NA,NA,NA,NA,NA,NA,NA,NA,N,3,0,1,1,A,-,08,22107,NA,N,E,I,A,A,H,-,A,A,0,NA,NA,NA,NA,Y,NA,A,01,0,1,0,0,0,0,0,0,0,-,-,33.71535110473633,-117.89630889892578,ORANGE,SANTA ANA,-117.89522552490234,33.71559143066406
82408478,2024,2024-06-07,3002,2024-05-15,1136,1737,NA,3,5,4,3002,0,0,0,NA,0,011,BREA BL,CENTRAL AV,785,S,N,A,-,N,NA,NA,NA,NA,NA,NA,NA,NA,NA,N,2,0,1,2,A,-,03,22350,NA,N,C,J,A,A,C,-,A,D,0,NA,NA,NA,NA,Y,NA,A,07,1,0,0,0,0,0,0,0,0,-,-,33.932098388671875,-117.89396667480467,ORANGE,BREA,-117.8947296142578,33.9300422668457
82409464,2024,2024-06-10,3010,2024-05-31,1229,2090,NA,5,5,6,3010,0,0,0,NA,0,NA,GOTHARD ST,PROMENADE PKWY,22,S,N,A,-,N,NA,NA,NA,NA,NA,NA,NA,NA,NA,Y,2,0,1,2,A,-,08,22107,NA,F,H,G,A,A,H,-,A,A,0,NA,Y,NA,NA,Y,NA,-,99,1,0,0,0,0,0,1,0,0,-,-,33.6904182434082,-118.0012664794922,ORANGE,HUNTINGTON BEACH,-118.00080871582033,33.69144058227539
82410870,2024,2024-06-10,3019,2024-06-09,2250,3777,NA,7,5,7,3019,0,0,0,NA,0,002,WARNER AVENUE,FLOWER STREET,10,E,N,A,-,N,NA,NA,NA,NA,NA,NA,NA,NA,NA,N,4,0,1,2,A,-,08,22107,NA,N,D,C,A,A,H,-,C,A,0,NA,NA,NA,NA,Y,NA,D,22,0,0,1,0,0,0,0,0,0,-,-,33.716129302978516,-117.87702178955078,ORANGE,SANTA ANA,-117.87665557861328,33.716148376464844
82411062,2024,2024-06-13,3008,2024-04-23,1937,1484,NA,2,5,6,3008,0,0,0,NA,0,NA,GILBERT ST,STERN GOODMAN ST,0,NA,Y,A,-,N,NA,NA,NA,NA,NA,NA,NA,NA,NA,Y,4,0,1,2,A,-,01,23152,F,M,D,C,A,A,H,-,C,A,0,NA,NA,Y,NA,Y,NA,A,01,0,0,1,0,0,0,0,0,1,-,-,33.87937927246094,-117.96678161621094,ORANGE,FULLERTON,-117.96636199951172,33.87934875488281
82414440,2024,2024-06-13,3014,2024-05-18,1703,1632,NA,6,5,5,3014,0,0,0,NA,0,A4,COAST HIGHWAY E,GOLDENROD AVE,95,E,N,A,-,Y,NA,NA,NA,NA,NA,NA,NA,NA,NA,N,3,0,1,3,D,-,00,NA,NA,N,H,G,A,A,H,-,A,D,0,NA,Y,NA,NA,Y,NA,-,-,0,1,0,0,0,0,1,0,0,-,-,33.599998474121094,-117.87198638916016,ORANGE,NEWPORT BEACH,-117.87268829345705,33.60089874267578
82417745,2024,2024-06-18,3014,2024-05-19,2151,1605,NA,7,5,5,3014,0,0,0,NA,0,A2,IRVINE AVE,DOVER DR,0,NA,Y,A,-,N,NA,NA,NA,NA,NA,NA,NA,NA,NA,Y,3,0,1,2,A,-,12,21453,NA,N,D,C,A,A,H,-,C,A,0,NA,NA,NA,NA,Y,NA,-,-,0,1,0,0,0,0,0,0,0,-,-,33.633888244628906,-117.90309143066406,ORANGE,NEWPORT BEACH,-117.9030532836914,33.633880615234375
82418979,2024,2024-06-20,3010,2024-06-12,1254,1107,NA,3,5,6,3010,0,0,0,NA,0,003,BROOKHURST ST,MEREDITH DR,4,S,N,A,-,N,NA,NA,NA,NA,NA,NA,NA,NA,NA,Y,3,0,7,2,A,-,09,21802,A,N,D,C,A,A,H,-,A,A,0,NA,NA,NA,NA,Y,NA,A,01,0,3,4,0,0,0,0,0,0,-,-,33.66912841796875,-117.95388793945313,ORANGE,HUNTINGTON BEACH,-117.9539031982422,33.669090270996094