CASE_ID,ACCIDENT_YEAR,PROC_DATE,JURIS,COLLISION_DATE,COLLISION_TIME,OFFICER_ID,REPORTING_DISTRICT,DAY_OF_WEEK,CHP_SHIFT,POPULATION,CNTY_CITY_LOC,SPECIAL_COND,BEAT_TYPE,CHP_BEAT_TYPE,CITY_DIVISION_LAPD,CHP_BEAT_CLASS,BEAT_NUMBER,PRIMARY_RD,SECONDARY_RD,DISTANCE,DIRECTION,INTERSECTION,WEATHER_1,WEATHER_2,STATE_HWY_IND,CALTRANS_COUNTY,CALTRANS_DISTRICT,STATE_ROUTE,ROUTE_SUFFIX,POSTMILE_PREFIX,POSTMILE,LOCATION_TYPE,RAMP_INTERSECTION,SIDE_OF_HWY,TOW_AWAY,COLLISION_SEVERITY,NUMBER_KILLED,NUMBER_INJURED,PARTY_COUNT,PRIMARY_COLL_FACTOR,PCF_CODE_OF_VIOL,PCF_VIOL_CATEGORY,PCF_VIOLATION,PCF_VIOL_SUBSECTION,HIT_AND_RUN,TYPE_OF_COLLISION,MVIW,PED_ACTION,ROAD_SURFACE,ROAD_COND_1,ROAD_COND_2,LIGHTING,CONTROL_DEVICE,CHP_ROAD_TYPE,PEDESTRIAN_ACCIDENT,BICYCLE_ACCIDENT,MOTORCYCLE_ACCIDENT,TRUCK_ACCIDENT,NOT_PRIVATE_PROPERTY,ALCOHOL_INVOLVED,STWD_VEHTYPE_AT_FAULT,CHP_VEHTYPE_AT_FAULT,COUNT_SEVERE_INJ,COUNT_VISIBLE_INJ,COUNT_COMPLAINT_PAIN,COUNT_PED_KILLED,COUNT_PED_INJURED,COUNT_BICYCLIST_KILLED,COUNT_BICYCLIST_INJURED,COUNT_MC_KILLED,COUNT_MC_INJURED,PRIMARY_RAMP,SECONDARY_RAMP,LATITUDE,LONGITUDE,COUNTY,CITY,POINT_X,POINT_Y
84702709,2025,2025-05-28,3019,2025-05-10,144,3967,NA,6,5,7,3019,0,0,0,NA,0,004,YALE STREET,MAYWOOD AVENUE,75,S,N,A,-,N,NA,NA,NA,NA,NA,NA,NA,NA,NA,Y,4,0,2,2,A,-,03,22350,NA,F,C,C,A,A,H,-,C,D,0,NA,NA,NA,NA,Y,NA,-,99,0,0,2,0,0,0,0,0,0,-,-,33.717769622802734,-117.91632080078124,ORANGE,SANTA ANA,-117.9161376953125,33.71745300292969
84706575,2025,2025-05-30,3010,2025-05-17,1200,2090,NA,6,5,6,3010,0,0,0,NA,0,008,SIMS LN,TWINTREE DR,0,NA,Y,B,-,N,NA,NA,NA,NA,NA,NA,NA,NA,NA,Y,3,0,1,2,A,-,09,21804,A,N,D,C,A,A,H,-,A,D,0,NA,NA,NA,NA,Y,NA,A,01,0,1,0,0,0,0,0,0,0,-,-,NA,NA,ORANGE,HUNTINGTON BEACH,-118.04795074462892,33.717140197753906
84706594,2025,2025-05-30,3010,2025-05-20,1132,1107,NA,2,5,6,3010,0,0,0,NA,0,NA,MCFADDEN AVE,GOLDENWEST ST,286,E,N,A,-,N,NA,NA,NA,NA,NA,NA,NA,NA,NA,N,4,0,1,1,A,-,03,22350,NA,N,E,I,A,A,H,-,A,A,0,NA,Y,NA,NA,Y,NA,M,91,0,0,1,0,0,0,1,0,0,-,-,33.73733139038086,-118.00657653808594,ORANGE,HUNTINGTON BEACH,-118.00597381591795,33.73737335205078
84708114,2025,2025-06-02,3019,2025-05-22,329,3811,NA,4,5,7,3019,0,0,0,NA,0,004,BROOK STREET,SHELTON STREET,20,E,N,A,-,N,NA,NA,NA,NA,NA,NA,NA,NA,NA,N,4,0,1,1,A,-,08,22107,NA,N,E,I,A,A,H,-,C,D,0,NA,NA,NA,NA,Y,NA,J,48,0,0,1,0,0,0,0,0,0,-,-,33.736019134521484,-117.8807373046875,ORANGE,SANTA ANA,-117.88071441650392,33.735958099365234
84708686,2025,2025-06-02,3026,2025-05-26,1841,11846,NA,1,5,6,3026,0,0,0,NA,0,001,MACARTHUR BLVD,SKY PARK E,0,NA,Y,B,-,N,NA,NA,NA,NA,NA,NA,NA,NA,NA,Y,2,0,2,2,A,-,03,22350,NA,N,D,C,A,A,H,-,A,A,0,NA,NA,NA,NA,Y,NA,A,07,1,1,0,0,0,0,0,0,0,-,-,33.68906021118164,-117.85285949707033,ORANGE,IRVINE,-117.8534698486328,33.688926696777344
84708867,2025,2025-06-06,3008,2025-04-09,1357,1676,NA,3,5,6,3008,0,0,0,NA,0,NA,BREA BLVD,ROLLING HILLS DR,0,NA,Y,A,-,N,NA,NA,NA,NA,NA,NA,NA,NA,NA,Y,3,0,1,2,A,-,09,21801,A,N,A,C,A,A,H,-,A,A,0,NA,NA,NA,NA,Y,NA,A,01,0,1,0,0,0,0,0,0,0,-,-,33.903079986572266,-117.90746307373048,ORANGE,FULLERTON,-117.90756988525392,33.90312576293945
84713896,2025,2025-06-05,3008,2025-04-02,737,1658,NA,3,5,6,3008,0,0,0,NA,0,NA,CHAPMAN AVE,HARBOR BLVD,0,NA,Y,A,-,N,NA,NA,NA,NA,NA,NA,NA,NA,NA,N,4,0,2,2,A,-,03,22350,NA,N,C,D,A,A,H,-,A,A,0,NA,NA,NA,NA,Y,NA,A,01,0,0,2,0,0,0,0,0,0,-,-,33.873931884765625,-117.92433166503906,ORANGE,FULLERTON,-117.9243392944336,33.873931884765625
8471396,2017,2017-10-31,3019,2017-09-24,1037,3458,SE,7,5,7,3019,0,0,0,NA,0,003,GRAND AV,MCFADDEN AV,0,NA,Y,A,-,N,NA,NA,NA,NA,NA,NA,NA,NA,NA,Y,4,0,1,2,A,-,09,21800,A,N,D,C,A,A,H,-,A,B,0,NA,NA,NA,NA,Y,NA,-,-,0,0,1,0,0,0,0,0,0,-,-,33.73361,-117.85011,ORANGE,SANTA ANA,-117.85039013,33.73370001
84715377,2025,2025-06-06,3001,2025-05-15,736,A2367,NA,4,5,7,3001,0,0,0,NA,0,D-3,SIMMONS AVENUE,NAUTICAL STREET,325,W,N,A,G,N,NA,NA,NA,NA,NA,NA,NA,NA,NA,Y,4,0,2,2,A,-,08,22107,NA,N,D,C,A,A,H,-,A,D,0,NA,NA,NA,NA,Y,NA,A,01,0,0,2,0,0,0,0,0,0,-,-,NA,NA,ORANGE,ANAHEIM,-117.90129089355467,33.792503356933594
84715546,2025,2025-06-06,3019,2025-05-29,1543,3653,NA,4,5,7,3019,0,0,0,NA,0,001,FAIRVIEW STREET,9TH STREET,0,NA,Y,A,-,N,NA,NA,NA,NA,NA,NA,NA,NA,NA,Y,4,0,2,2,A,-,09,21801,A,N,D,C,A,A,H,-,A,A,0,NA,NA,NA,NA,Y,NA,A,07,0,0,2,0,0,0,0,0,0,-,-,33.752418518066406,-117.90242004394533,ORANGE,SANTA ANA,-117.90253448486328,33.752403259277344
8471566,2017,2017-10-23,3008,2017-06-14,0938,1378,NA,3,5,6,3008,0,0,0,NA,0,0Z2,BASTANCHURY RD,LAGUNA RD,0,NA,Y,A,-,N,NA,NA,NA,NA,NA,NA,NA,NA,NA,N,4,0,1,2,D,-,00,NA,NA,N,H,C,A,A,H,-,A,A,0,NA,NA,NA,NA,Y,NA,-,-,0,0,1,0,0,0,0,0,0,-,-,NA,NA,ORANGE,FULLERTON,-117.93058007,33.89470008
84717214,2025,2025-06-09,3011,2025-05-23,1630,31626,NA,5,5,4,3011,0,0,0,NA,0,NA,SR 133 LAGUNA CANYON ROAD,CANYON ACRES,3030,N,-,A,-,Y,NA,NA,NA,NA,NA,NA,NA,NA,NA,N,3,0,1,2,A,-,05,21650,1,N,H,G,A,A,H,-,A,D,0,NA,Y,NA,NA,Y,NA,L,04,0,1,0,0,0,0,1,0,0,-,-,NA,NA,ORANGE,LAGUNA BEACH,-117.77207946777344,33.561336517333984
84717222,2025,2025-06-09,3001,2025-05-15,1421,A2972,NA,4,5,7,3001,0,0,0,NA,0,024,EAST STREET,BROADWAY,0,NA,Y,A,-,N,NA,NA,NA,NA,NA,NA,NA,NA,NA,Y,4,0,1,2,A,-,12,21453,A,N,D,C,A,A,H,-,A,A,0,NA,NA,NA,NA,Y,NA,A,01,0,0,1,0,0,0,0,0,0,-,-,33.83607864379883,-117.90213775634766,ORANGE,ANAHEIM,-117.90193939208984,33.83592224121094
84717916,2025,2025-06-09,3014,2025-05-11,1711,1579,NA,7,5,5,3014,0,0,0,NA,0,A2,IRVINE AVE,WESTCLIFF DR,439,N,N,A,-,N,NA,NA,NA,NA,NA,NA,NA,NA,NA,N,3,0,1,2,A,-,03,22350,NA,N,D,J,A,A,H,-,A,D,0,NA,NA,NA,NA,Y,NA,M,91,0,1,0,0,0,0,0,0,0,-,-,33.62929916381836,-117.90738677978516,ORANGE,NEWPORT BEACH,-117.90774536132813,33.629356384277344
84720779,2025,2025-06-16,3001,2025-05-06,1634,A2092,NA,2,5,7,3001,0,0,0,NA,0,D-3,ANAHEIM BOULEVARD,CERRITOS AVENUE,195,N,N,A,-,N,NA,NA,NA,NA,NA,NA,NA,NA,NA,N,3,0,1,2,A,-,07,21658,A,N,D,G,A,A,H,-,A,D,0,NA,Y,NA,NA,Y,NA,L,04,0,1,0,0,0,0,1,0,0,-,-,33.80929183959961,-117.9063720703125,ORANGE,ANAHEIM,-117.90615844726563,33.81113815307617
84720797,2025,2025-06-11,3001,2025-05-20,747,A2657,NA,2,5,7,3001,0,0,0,NA,0,013,MAGNOLIA AVENUE,BROADWAY,0,NA,Y,A,-,N,NA,NA,NA,NA,NA,NA,NA,NA,NA,Y,4,0,2,2,A,-,09,21801,A,N,D,C,A,A,H,-,A,A,0,NA,NA,NA,NA,Y,NA,D,22,0,0,2,0,0,0,0,0,0,-,-,33.82868957519531,-117.97575378417967,ORANGE,ANAHEIM,-117.97595977783205,33.82857894897461
84720946,2025,2025-06-11,3010,2025-05-26,232,6069,NA,1,5,6,3010,0,0,0,NA,0,006,BEACH BL - SR39 BLVD,BLAYLOCK DR,358,S,N,A,-,Y,ORA,NA,39,NA,NA,4.5,H,NA,R,N,4,0,1,2,A,-,03,22350,NA,F,C,C,A,A,H,-,C,D,0,NA,NA,NA,NA,Y,NA,-,99,0,0,1,0,0,0,0,0,0,-,-,33.713871002197266,-117.9890365600586,ORANGE,HUNTINGTON BEACH,-117.98898315429688,33.713871002197266
84722475,2025,2025-06-13,3001,2025-04-01,2212,A2654,NA,2,5,7,3001,0,0,0,NA,0,D-3,KATELLA AVENUE,STADIUM CROSSING,62,W,N,A,-,N,NA,NA,NA,NA,NA,NA,NA,NA,NA,N,4,0,1,3,A,-,03,22350,NA,N,C,C,A,A,H,-,A,D,0,NA,NA,NA,NA,Y,NA,D,22,0,0,1,0,0,0,0,0,0,-,-,33.80356979370117,-117.88661956787108,ORANGE,ANAHEIM,-117.8869171142578,33.803524017333984
84722700,2025,2025-06-12,3010,2025-06-03,1552,1107,NA,2,5,6,3010,0,0,0,NA,0,NA,GOLDENWEST ST,WARNER AVE,353,N,N,A,-,N,NA,NA,NA,NA,NA,NA,NA,NA,NA,N,4,0,1,2,A,-,09,21801,A,N,D,G,A,A,H,-,A,D,0,NA,Y,NA,NA,Y,NA,A,01,0,0,1,0,0,0,1,0,0,-,-,33.71464920043945,-118.00665283203124,ORANGE,HUNTINGTON BEACH,-118.00650787353516,33.71485137939453
84724204,2025,2025-06-13,3011,2025-05-23,2330,31626,NA,5,5,4,3011,0,0,0,NA,0,NA,FOREST AVE,SR133,9,E,-,A,-,Y,NA,NA,NA,NA,NA,NA,NA,NA,NA,N,4,0,1,1,A,-,03,22350,NA,N,E,I,A,A,H,-,C,A,0,NA,NA,NA,NA,Y,NA,J,49,0,0,1,0,0,0,0,0,0,-,-,NA,NA,ORANGE,LAGUNA BEACH,-117.7821807861328,33.54635238647461
84725759,2025,2025-06-16,3026,2025-05-30,1451,605,NA,5,5,6,3026,0,0,0,NA,0,007,YALE AVE,SOUTHWOOD,311,S,N,A,-,N,NA,NA,NA,NA,NA,NA,NA,NA,NA,N,3,0,1,2,A,-,03,22350,NA,N,C,G,A,A,H,-,A,D,0,NA,Y,NA,NA,Y,NA,L,04,0,1,0,0,0,0,1,0,0,-,-,33.707279205322266,-117.77130889892578,ORANGE,IRVINE,-117.77176666259766,33.706565856933594
84725798,2025,2025-06-16,3026,2025-05-24,1510,726,NA,6,5,6,3026,0,0,0,NA,0,001,HARVARD AVE,SAN JUAN,0,NA,Y,A,-,N,NA,NA,NA,NA,NA,NA,NA,NA,NA,Y,4,0,2,2,A,-,09,21801,A,N,D,C,A,A,H,-,A,A,0,NA,NA,NA,NA,Y,NA,A,01,0,0,2,0,0,0,0,0,0,-,-,33.68669891357422,-117.82073974609376,ORANGE,IRVINE,-117.82094573974608,33.68688201904297
84726469,2025,2025-06-16,3008,2025-05-06,648,1495,NA,2,5,6,3008,0,0,0,NA,0,NA,BASTANCHURY RD,STATE COLLEGE BLVD,50,E,N,B,-,N,NA,NA,NA,NA,NA,NA,NA,NA,NA,N,4,0,1,2,A,-,03,22350,NA,N,C,C,A,A,H,-,A,A,0,NA,NA,NA,NA,Y,NA,A,01,0,0,1,0,0,0,0,0,0,-,-,33.89664077758789,-117.89099884033205,ORANGE,FULLERTON,-117.8916473388672,33.897701263427734
8472807,2017,2017-10-30,3004,2017-10-02,1703,P640,13,1,5,6,3004,0,0,0,NA,0,013,VICTORIA ST,DOCTORS CIR,490,E,N,A,-,N,NA,NA,NA,NA,NA,NA,NA,NA,NA,N,4,0,1,2,A,-,09,21801,A,N,H,G,A,A,H,-,A,D,0,NA,Y,NA,NA,Y,NA,A,01,0,0,1,0,0,0,1,0,0,-,-,33.6524,-117.9112,ORANGE,COSTA MESA,-117.91129379,33.6526292
84729769,2025,2025-06-18,3019,2025-06-06,2125,3982,NA,5,5,7,3019,0,0,0,NA,0,003,CAMILE STREET,ROSS STREET (E),138,W,N,-,-,N,NA,NA,NA,NA,NA,NA,NA,NA,NA,Y,4,0,1,2,A,-,03,22350,NA,N,A,E,A,A,H,-,C,A,0,NA,NA,NA,NA,Y,NA,A,01,0,0,1,0,0,0,0,0,0,-,-,33.74068069458008,-117.87200164794922,ORANGE,SANTA ANA,-117.87274169921876,33.740726470947266
8473130,2017,2017-11-30,3010,2017-10-04,1513,1109,271,3,5,6,3010,0,0,0,NA,0,006,GOTHARD,SLATER,538,N,N,A,-,N,NA,NA,NA,NA,NA,NA,NA,NA,NA,Y,3,0,5,3,A,-,03,22350,NA,N,C,C,A,A,H,-,A,D,0,NA,NA,NA,NA,Y,NA,A,07,0,1,4,0,0,0,0,0,0,-,-,NA,NA,ORANGE,HUNTINGTON BEACH,-117.99998768,33.70982492
8473144,2017,2017-11-30,3000,2017-10-11,0945,10576,922C6,3,5,5,3028,0,0,0,NA,0,751,CROWN VALLEY PKWY,DR GUEVARA WY,568,E,N,A,-,N,NA,NA,NA,NA,NA,NA,NA,NA,NA,N,2,0,1,1,A,-,08,22107,NA,N,E,I,A,A,H,-,A,A,0,NA,NA,NA,NA,Y,NA,A,01,1,0,0,0,0,0,0,0,0,-,-,NA,NA,ORANGE,MISSION VIEJO,-117.66615519,33.56344035
8473156,2017,2017-12-01,3022,2017-10-11,1152,1315,SOUTH,3,5,5,3022,0,0,0,NA,0,NA,NEWPORT AV,1ST ST,0,NA,Y,A,-,N,NA,NA,NA,NA,NA,NA,NA,NA,NA,Y,4,0,1,2,A,-,09,21453,C,N,A,C,A,A,H,-,A,A,0,NA,NA,NA,NA,Y,NA,A,01,0,0,1,0,0,0,0,0,0,-,-,NA,NA,ORANGE,TUSTIN,-117.81478008,33.74546006
8473175,2017,2017-12-01,3010,2017-10-01,1157,2084,456,7,5,6,3010,0,0,0,NA,0,002,BUSHARD,INDIANAPOLIS,0,NA,Y,A,-,N,NA,NA,NA,NA,NA,NA,NA,NA,NA,Y,3,0,2,2,A,-,09,21801,A,N,D,C,A,A,H,-,A,A,0,NA,NA,NA,NA,Y,NA,A,07,0,1,1,0,0,0,0,0,0,-,-,NA,NA,ORANGE,HUNTINGTON BEACH,-117.96241009,33.66504007
84734302,2025,2025-06-23,3010,2025-06-14,257,2086,NA,6,5,6,3010,0,0,0,NA,0,004,PACIFIC COAST HWY - SR1,SEAPOINT ST,172,N,N,A,-,Y,ORA,NA,1,NA,NA,27.079,H,NA,R,Y,4,0,1,1,A,-,01,23152,A,N,E,I,A,A,H,-,C,A,0,NA,NA,NA,NA,Y,Y,A,01,0,0,1,0,0,0,0,0,0,-,-,33.68040084838867,-118.0325927734375,ORANGE,HUNTINGTON BEACH,-118.03255462646484,33.6804313659668
84734717,2025,2025-06-23,3008,2025-05-10,40,1614,NA,6,5,6,3008,0,0,0,NA,0,002,WALNUT AVE,LINCOLN AVE,0,NA,Y,A,-,N,NA,NA,NA,NA,NA,NA,NA,NA,NA,Y,3,0,1,3,A,-,01,23152,A,N,A,E,A,A,H,-,C,D,0,NA,NA,NA,NA,Y,Y,A,01,0,1,0,0,0,0,0,0,0,-,-,33.86846160888672,-117.91069793701172,ORANGE,FULLERTON,-117.91085815429688,33.868385314941406
84738169,2025,2025-07-25,3014,2025-06-15,210,1525,NA,7,5,5,3014,0,0,0,NA,0,A1,BALBOA BLVD W,20TH ST,0,NA,Y,A,-,N,NA,NA,NA,NA,NA,NA,NA,NA,NA,N,2,0,1,2,A,-,10,21950,A,F,G,B,B,A,H,-,C,A,0,Y,NA,NA,NA,Y,Y,-,-,1,0,0,0,1,0,0,0,0,-,-,33.6083984375,-117.92709350585938,ORANGE,NEWPORT BEACH,-117.9272232055664,33.608421325683594
84738479,2025,2025-06-25,3019,2025-06-21,1024,3892,NA,6,5,7,3019,0,0,0,NA,0,002,17TH STREET,SANTIAGO AVENUE,90,E,N,A,-,N,NA,NA,NA,NA,NA,NA,NA,NA,NA,N,4,0,1,2,A,-,08,22107,NA,N,C,C,A,A,H,-,A,A,0,NA,NA,NA,NA,Y,NA,A,01,0,0,1,0,0,0,0,0,0,-,-,33.759071350097656,-117.86004638671876,ORANGE,SANTA ANA,-117.85985565185548,33.76004409790039
8474177,2017,2017-10-25,3008,2017-09-24,2220,1522,NA,7,5,6,3008,0,0,0,NA,0,ZONE3,PLACENTIA AV,MADISON AV,0,NA,Y,A,-,N,NA,NA,NA,NA,NA,NA,NA,NA,NA,Y,4,0,1,2,A,-,09,21801,A,N,D,C,A,A,H,-,C,A,0,NA,NA,NA,NA,Y,NA,A,01,0,0,1,0,0,0,0,0,0,-,-,NA,NA,ORANGE,FULLERTON,-117.87644013,33.88268009
8474560,2017,2017-11-01,3001,2017-09-25,1759,1880,NA,1,5,7,3001,0,0,0,NA,0,003,BALL RD,HARBOR BL,65,W,N,A,-,N,NA,NA,NA,NA,NA,NA,NA,NA,NA,N,3,0,1,2,A,-,01,23152,F,N,B,C,A,A,H,-,A,D,0,NA,NA,NA,NA,Y,NA,A,01,0,1,0,0,0,0,0,0,0,-,-,NA,NA,ORANGE,ANAHEIM,-117.9157135,33.81803
84752855,2025,2025-07-08,3019,2025-06-26,2200,2676,NA,4,5,7,3019,0,0,0,NA,0,002,ALLEY N/O 17TH S/O 19TH,17TH STREET,126,N,N,A,-,N,NA,NA,NA,NA,NA,NA,NA,NA,NA,N,4,0,1,2,D,-,00,NA,NA,N,D,G,A,A,H,-,C,D,0,NA,Y,NA,NA,Y,NA,-,-,0,0,1,0,0,0,1,0,0,-,-,33.75933837890625,-117.87625122070313,ORANGE,SANTA ANA,NA,NA
84754621,2025,2025-07-10,3008,2025-05-20,1114,1407,NA,2,5,6,3008,0,0,0,NA,0,NA,ACACIA AVE,KIMBERLY AVE,0,NA,Y,A,-,N,NA,NA,NA,NA,NA,NA,NA,NA,NA,Y,3,0,3,2,A,-,09,21802,A,N,D,C,A,A,H,-,A,D,0,NA,NA,NA,NA,Y,NA,A,01,0,1,2,0,0,0,0,0,0,-,-,33.86207962036133,-117.89808654785156,ORANGE,FULLERTON,-117.89816284179688,33.8631477355957
84754639,2025,2025-07-09,3008,2025-05-25,1847,1687,NA,7,5,6,3008,0,0,0,NA,0,NA,VALENCIA DR,EUCLID ST,0,NA,Y,A,-,N,NA,NA,NA,NA,NA,NA,NA,NA,NA,N,4,0,2,2,A,-,09,21801,A,N,C,C,A,A,H,-,A,A,0,NA,NA,NA,NA,Y,NA,A,01,0,0,2,0,0,0,0,0,0,-,-,33.866600036621094,-117.9417724609375,ORANGE,FULLERTON,-117.9419403076172,33.86658477783203
84759082,2025,2025-07-14,3016,2025-06-25,740,2218,NA,3,5,5,3016,0,0,0,NA,0,001,GOLDEN AVENUE,ROSE DRIVE,320,W,N,B,-,N,NA,NA,NA,NA,NA,NA,NA,NA,NA,N,3,0,1,2,A,-,04,21703,NA,N,C,G,A,A,H,-,A,D,0,NA,Y,NA,NA,Y,NA,L,04,0,1,0,0,0,0,1,0,0,-,-,33.90409851074219,-117.84227752685548,ORANGE,PLACENTIA,-117.84320831298828,33.90391540527344
84759310,2025,2025-07-14,3022,2025-06-17,1515,1452,NA,2,5,5,3022,0,0,0,NA,0,NA,MAIN ST,ZOO LANE,422,E,N,A,-,N,NA,NA,NA,NA,NA,NA,NA,NA,NA,Y,4,0,2,2,A,-,09,21804,A,N,D,C,A,A,H,-,A,D,0,NA,NA,NA,NA,Y,NA,A,01,0,0,2,0,0,0,0,0,0,-,-,NA,NA,ORANGE,TUSTIN,NA,NA
84762763,2025,2025-07-15,3026,2025-07-10,922,8929,NA,4,5,6,3026,0,0,0,NA,0,004,WALNUT TO JAMBOREE SB RAMP,WALNUT AVE,24,S,N,A,-,N,NA,NA,NA,NA,NA,NA,NA,NA,NA,N,2,0,1,2,A,-,00,4,NA,N,H,G,A,A,H,-,A,A,0,NA,Y,NA,NA,Y,NA,M,91,1,0,0,0,0,0,1,0,0,-,-,33.71154022216797,-117.80052947998048,ORANGE,IRVINE,-122.05405426025392,37.11407470703125
84763494,2025,2025-07-16,3014,2025-07-14,1419,1555,NA,1,5,5,3014,0,0,0,NA,0,A3,JAMBOREE RD,SANTA BARBARA DR,0,NA,Y,A,-,N,NA,NA,NA,NA,NA,NA,NA,NA,NA,Y,4,0,3,2,A,-,09,21453,C,N,D,C,A,A,H,-,A,A,0,NA,NA,NA,NA,Y,NA,A,01,0,0,3,0,0,0,0,0,0,-,-,33.623191833496094,-117.88120269775392,ORANGE,NEWPORT BEACH,-117.88140869140624,33.62331771850586
8476453,2017,2017-10-27,3001,2017-10-06,1039,A1278,NA,5,5,7,3001,0,0,0,NA,0,0D2,WEST BROADWAY,SOUTH WEST ST,0,NA,Y,A,-,N,NA,NA,NA,NA,NA,NA,NA,NA,NA,Y,3,0,1,2,A,-,12,21453,A,N,D,C,A,A,H,-,A,A,0,NA,NA,NA,NA,Y,NA,A,08,0,1,0,0,0,0,0,0,0,-,-,NA,NA,ORANGE,ANAHEIM,-117.92637003,33.83030006
8476457,2017,2017-10-27,3001,2017-10-05,1739,1851,NA,4,5,7,3001,0,0,0,NA,0,0D2,SOUTH STATE COLLEGE BL,EAST VERMONT AV,155,N,N,A,-,N,NA,NA,NA,NA,NA,NA,NA,NA,NA,N,4,0,1,2,A,-,03,22350,A,N,C,C,A,A,H,-,A,A,0,NA,NA,NA,NA,Y,NA,A,01,0,0,1,0,0,0,0,0,0,-,-,NA,NA,ORANGE,ANAHEIM,-117.88935,33.82832493
84765665,2025,2025-07-17,3022,2025-07-09,1048,1467,NA,3,5,5,3022,0,0,0,NA,0,NA,NEWPORT AV,1ST ST,0,NA,Y,A,-,N,NA,NA,NA,NA,NA,NA,NA,NA,NA,Y,4,0,1,3,A,-,12,21453,A,N,D,C,A,A,H,-,A,A,0,NA,NA,NA,NA,Y,NA,A,01,0,0,1,0,0,0,0,0,0,-,-,33.745601654052734,-117.81472778320313,ORANGE,TUSTIN,-117.81478118896484,33.74546432495117
84765878,2025,2025-07-17,3010,2025-07-12,1155,1022,NA,6,5,6,3010,0,0,0,NA,0,006,17222 GOTHARD ST,CEDAR DR,210,S,N,A,-,N,NA,NA,NA,NA,NA,NA,NA,NA,NA,N,4,0,1,1,B,-,22,NA,NA,N,H,G,A,A,H,-,A,D,0,NA,Y,NA,NA,Y,NA,-,-,0,0,1,0,0,0,1,0,0,-,-,33.71221160888672,-118.0002212524414,ORANGE,HUNTINGTON BEACH,-118.00003051757813,33.712303161621094
8476623,2017,2017-11-08,3026,2017-08-28,2136,551,PORTO,1,5,6,3026,0,0,0,NA,0,00P,TRABUCO,MONROE,0,NA,Y,A,-,N,NA,NA,NA,NA,NA,NA,NA,NA,NA,N,3,0,2,2,A,-,01,23152,A,N,D,C,A,A,H,-,C,A,0,NA,NA,NA,NA,Y,Y,A,01,0,1,1,0,0,0,0,0,0,-,-,NA,NA,ORANGE,IRVINE,-117.77651005,33.70644004
8477218,2017,2017-10-24,3022,2017-09-16,1936,1273,SOUTH,6,5,5,3022,0,0,0,NA,0,NA,MCFADDEN AV,PASADENA AV,0,NA,Y,A,-,N,NA,NA,NA,NA,NA,NA,NA,NA,NA,N,4,0,1,2,A,-,12,21453,A,N,D,G,A,A,H,-,C,A,0,NA,Y,NA,NA,Y,Y,L,04,0,0,1,0,0,0,1,0,0,-,-,33.73377,-117.83176,ORANGE,TUSTIN,-117.83181003,33.73385007
84777762,2025,2025-07-28,3016,2025-05-30,623,1257,NA,5,5,5,3016,0,0,0,NA,0,NA,PLACENTIA AVENUE,SANTA FE AVENUE,0,NA,Y,A,-,N,NA,NA,NA,NA,NA,NA,NA,NA,NA,Y,3,0,2,2,A,-,09,21804,A,N,D,C,A,A,H,-,A,A,0,NA,NA,NA,NA,Y,NA,A,01,0,2,0,0,0,0,0,0,0,-,-,33.87125015258789,-117.87979888916016,ORANGE,PLACENTIA,-117.8797607421875,33.87116622924805
84781782,2025,2025-07-29,3026,2025-07-22,1912,11846,NA,2,5,6,3026,0,0,0,NA,0,004,WALNUT AVE,KAZAN ST,0,NA,Y,A,-,N,NA,NA,NA,NA,NA,NA,NA,NA,NA,N,2,0,1,2,A,-,12,21453,A,N,D,G,A,A,H,-,A,A,0,NA,Y,NA,NA,Y,NA,L,04,1,0,0,0,0,0,1,0,0,-,-,33.69377899169922,-117.77246856689452,ORANGE,IRVINE,-117.7732391357422,33.69466781616211
84781966,2025,2025-07-31,3001,2025-06-14,131,A2892,NA,6,5,7,3001,0,0,0,NA,0,D-2,ANAHEIM BOULEVARD,91 FREEWAY OFF RAMP,9,S,N,A,-,Y,NA,NA,NA,NA,NA,NA,NA,NA,NA,Y,4,0,1,2,A,-,12,21453,A,N,D,C,A,A,H,-,C,A,0,NA,NA,NA,NA,Y,NA,A,01,0,0,1,0,0,0,0,0,0,-,-,NA,NA,ORANGE,ANAHEIM,NA,NA
84783588,2025,2025-07-31,3001,2025-06-14,1629,A2960,NA,6,5,7,3001,0,0,0,NA,0,D-4,SANTA ANA CANYON ROAD,GYPSUM CANYON ROAD,1800,W,N,A,-,N,NA,NA,NA,NA,NA,NA,NA,NA,NA,N,4,0,1,2,A,-,03,22350,NA,N,C,C,A,A,H,-,A,D,0,NA,NA,NA,NA,Y,NA,A,01,0,0,1,0,0,0,0,0,0,-,-,NA,NA,ORANGE,ANAHEIM,-117.71617889404295,33.86580276489258
84783766,2025,2025-09-02,3010,2025-07-22,1954,3119,NA,2,5,6,3010,0,0,0,NA,0,005,GARFIELD AVE,DELAWARE ST,3,W,N,A,-,N,NA,NA,NA,NA,NA,NA,NA,NA,NA,Y,2,0,1,3,C,-,18,NA,NA,N,G,B,E,A,H,-,C,A,0,Y,NA,NA,NA,Y,NA,-,-,1,0,0,0,1,0,0,0,0,-,-,33.68655014038086,-117.99302673339844,ORANGE,HUNTINGTON BEACH,-117.99314880371094,33.68666076660156