CASE_ID,ACCIDENT_YEAR,PROC_DATE,JURIS,COLLISION_DATE,COLLISION_TIME,OFFICER_ID,REPORTING_DISTRICT,DAY_OF_WEEK,CHP_SHIFT,POPULATION,CNTY_CITY_LOC,SPECIAL_COND,BEAT_TYPE,CHP_BEAT_TYPE,CITY_DIVISION_LAPD,CHP_BEAT_CLASS,BEAT_NUMBER,PRIMARY_RD,SECONDARY_RD,DISTANCE,DIRECTION,INTERSECTION,WEATHER_1,WEATHER_2,STATE_HWY_IND,CALTRANS_COUNTY,CALTRANS_DISTRICT,STATE_ROUTE,ROUTE_SUFFIX,POSTMILE_PREFIX,POSTMILE,LOCATION_TYPE,RAMP_INTERSECTION,SIDE_OF_HWY,TOW_AWAY,COLLISION_SEVERITY,NUMBER_KILLED,NUMBER_INJURED,PARTY_COUNT,PRIMARY_COLL_FACTOR,PCF_CODE_OF_VIOL,PCF_VIOL_CATEGORY,PCF_VIOLATION,PCF_VIOL_SUBSECTION,HIT_AND_RUN,TYPE_OF_COLLISION,MVIW,PED_ACTION,ROAD_SURFACE,ROAD_COND_1,ROAD_COND_2,LIGHTING,CONTROL_DEVICE,CHP_ROAD_TYPE,PEDESTRIAN_ACCIDENT,BICYCLE_ACCIDENT,MOTORCYCLE_ACCIDENT,TRUCK_ACCIDENT,NOT_PRIVATE_PROPERTY,ALCOHOL_INVOLVED,STWD_VEHTYPE_AT_FAULT,CHP_VEHTYPE_AT_FAULT,COUNT_SEVERE_INJ,COUNT_VISIBLE_INJ,COUNT_COMPLAINT_PAIN,COUNT_PED_KILLED,COUNT_PED_INJURED,COUNT_BICYCLIST_KILLED,COUNT_BICYCLIST_INJURED,COUNT_MC_KILLED,COUNT_MC_INJURED,PRIMARY_RAMP,SECONDARY_RAMP,LATITUDE,LONGITUDE,COUNTY,CITY,POINT_X,POINT_Y
8507316,2017,2017-12-14,3019,2017-11-10,0517,3325,SC,5,5,7,3019,0,0,0,NA,0,003,EDINGER AV,FAIRVIEW ST,0,NA,Y,A,-,N,NA,NA,NA,NA,NA,NA,NA,NA,NA,Y,4,0,1,2,A,-,12,21453,A,N,D,C,A,A,H,-,C,A,0,NA,NA,NA,NA,Y,NA,A,01,0,0,1,0,0,0,0,0,0,-,-,33.72732,-117.90616,ORANGE,SANTA ANA,-117.90617007,33.72731011
8507340,2017,2017-12-14,3019,2017-11-18,1439,3439,NA,6,5,7,3019,0,0,0,NA,0,0WE,BROADWAY,15TH ST,0,NA,Y,A,-,N,NA,NA,NA,NA,NA,NA,NA,NA,NA,Y,4,0,2,2,A,-,12,21453,A,N,D,C,A,A,H,-,A,A,0,NA,NA,NA,NA,Y,NA,-,-,0,0,2,0,0,0,0,0,0,-,-,33.75809,-117.86971,ORANGE,SANTA ANA,-117.86966011,33.75784008
85076078,2025,2026-02-27,3026,2025-10-24,2100,743,NA,5,5,6,3026,0,0,0,NA,0,003,HARVARD AVE,BERKELEY,0,NA,Y,A,-,N,NA,NA,NA,NA,NA,NA,NA,NA,NA,N,3,0,1,2,A,-,09,21800,A,N,D,G,A,A,H,-,C,A,0,NA,Y,NA,NA,Y,NA,A,01,0,1,0,0,0,0,1,0,0,-,-,33.65113830566406,-117.83515167236328,ORANGE,IRVINE,-117.83512115478516,33.65127944946289
85077086,2025,2026-03-02,3026,2025-11-03,2307,704,NA,1,5,6,3026,0,0,0,NA,0,005,WEST YALE LOOP,TIMBER RUN,36,N,N,A,-,N,NA,NA,NA,NA,NA,NA,NA,NA,NA,Y,3,0,3,2,A,-,12,22450,A,N,D,C,A,A,H,-,C,D,0,NA,NA,NA,NA,Y,NA,A,01,0,3,0,0,0,0,0,0,0,-,-,33.6728515625,-117.81458282470705,ORANGE,IRVINE,-117.81459808349608,33.67294692993164
8507920,2017,2018-07-05,3003,2017-11-28,2032,1047,3003,2,5,5,3003,0,0,0,NA,0,002,BEACH BL,ARTESIA BL,400,N,N,A,-,Y,ORA,12,39,-,-,15.65,H,-,S,N,3,0,1,2,A,-,05,21650,1,N,D,G,A,A,H,-,C,D,0,NA,Y,NA,NA,Y,NA,L,04,0,1,0,0,0,0,1,0,0,-,-,NA,NA,ORANGE,BUENA PARK,-117.9983336,33.87460878
85082100,2025,2026-03-04,3026,2025-09-27,1407,680,NA,6,5,6,3026,0,0,0,NA,0,006,IRVINE CENTER DR,ALTON PKWY,0,NA,Y,B,-,N,NA,NA,NA,NA,NA,NA,NA,NA,NA,Y,4,0,2,2,A,-,12,21453,A,N,D,C,A,A,H,-,A,A,0,NA,NA,NA,NA,Y,NA,A,01,0,0,2,0,0,0,0,0,0,-,-,33.65412139892578,-117.74894714355467,ORANGE,IRVINE,-117.74903106689452,33.65522003173828
85082313,2025,2026-03-04,3026,2025-10-03,1226,12434,NA,5,5,6,3026,0,0,0,NA,0,007,ORCHARD HILLS DR,WOLF TRAIL,0,NA,Y,B,-,N,NA,NA,NA,NA,NA,NA,NA,NA,NA,N,3,0,1,2,A,-,12,21453,A,N,D,G,A,A,H,-,A,A,0,NA,Y,NA,NA,Y,NA,M,91,0,1,0,0,0,0,1,0,0,-,-,33.731300354003906,-117.74520111083984,ORANGE,IRVINE,-117.74546813964844,33.73155975341797
85082477,2025,2026-03-04,3026,2025-10-09,1830,14173,NA,4,5,6,3026,0,0,0,NA,0,003,CAMPUS DR,EAST PELTASON DRIVE,143,E,N,A,-,N,NA,NA,NA,NA,NA,NA,NA,NA,NA,N,3,0,2,2,A,-,00,4,NA,N,C,C,A,A,H,-,B,D,0,NA,NA,Y,NA,Y,NA,C,03,0,2,0,0,0,0,0,0,2,-,-,33.64775848388672,-117.83535766601563,ORANGE,IRVINE,-117.83492279052734,33.647823333740234
85083411,2025,2026-03-05,3026,2025-10-27,929,4779,NA,1,5,6,3026,0,0,0,NA,0,004,CULVER DR,BARRANCA PKWY,437,S,N,B,-,N,NA,NA,NA,NA,NA,NA,NA,NA,NA,Y,4,0,2,2,A,-,09,21801,A,N,D,C,A,A,H,-,A,D,0,NA,NA,NA,NA,Y,NA,A,07,0,0,2,0,0,0,0,0,0,-,-,33.68362045288086,-117.80774688720705,ORANGE,IRVINE,-117.80931854248048,33.683170318603516
8508472,2017,2017-12-14,3003,2017-09-22,2025,1176,NA,5,5,5,3003,0,0,0,NA,0,003,LA PALMA AV,ON THE MAL,0,NA,Y,A,-,N,NA,NA,NA,NA,NA,NA,NA,NA,NA,N,4,0,1,2,D,-,00,NA,NA,N,G,B,B,A,H,-,C,A,0,Y,NA,NA,NA,Y,NA,-,-,0,0,1,0,1,0,0,0,0,-,-,33.84672,-117.98763,ORANGE,BUENA PARK,-117.98749100000002,33.846631
8509452,2017,2017-12-14,3009,2017-11-06,1322,3073,073,1,5,6,3009,0,0,0,NA,0,012,MAGNOLIA ST,CHAPMAN AV,19,S,N,A,-,N,NA,NA,NA,NA,NA,NA,NA,NA,NA,Y,4,0,1,2,A,-,03,22350,NA,N,C,C,A,A,H,-,A,A,0,NA,NA,NA,NA,Y,NA,A,01,0,0,1,0,0,0,0,0,0,-,-,33.78847,-117.97539,ORANGE,GARDEN GROVE,-117.97540275,33.78841901
8511856,2017,2018-01-05,3001,2017-11-09,0707,1410,NA,4,5,7,3001,0,0,0,NA,0,0D1,W CATHERINE DR,N EUCLID ST,3,W,N,A,-,N,NA,NA,NA,NA,NA,NA,NA,NA,NA,N,4,0,1,2,A,-,09,21804,A,N,D,G,A,A,H,-,A,D,0,NA,Y,NA,NA,Y,NA,L,04,0,0,1,0,0,0,1,0,0,-,-,NA,NA,ORANGE,ANAHEIM,-117.94164974,33.84488873
8512044,2017,2017-12-26,3000,2017-08-22,2222,10077,891H1,2,5,5,3050,0,0,0,NA,0,765,PASEO CIPRES,PASEO CIPRES 25171,0,NA,N,A,-,N,NA,NA,NA,NA,NA,NA,NA,NA,NA,Y,3,0,1,1,A,-,08,22107,NA,N,E,I,A,A,H,-,C,D,0,NA,NA,NA,NA,Y,Y,A,01,0,1,0,0,0,0,0,0,0,-,-,NA,NA,ORANGE,LAKE FOREST,-117.69132,33.657298
8516315,2017,2018-07-09,3024,2017-12-14,1402,329,P 40,4,5,5,3024,0,0,0,NA,0,EAST,RT 39,MCFADDEN AV,0,NA,Y,A,-,Y,ORA,12,39,-,-,6.141,I,5,S,Y,4,0,1,2,D,-,00,NA,NA,N,D,C,A,A,H,-,A,A,0,NA,NA,NA,NA,Y,NA,-,-,0,0,1,0,0,0,0,0,0,-,-,NA,NA,ORANGE,WESTMINSTER,-117.98954068,33.73745554
8516448,2017,2018-01-04,3026,2017-12-07,1438,519,CROSS,4,5,6,3026,0,0,0,NA,0,005,ALTON PKWY,YALE LOOP,340,E,N,A,-,N,NA,NA,NA,NA,NA,NA,NA,NA,NA,N,3,0,1,2,A,-,00,27207,NA,N,H,G,A,A,H,-,A,D,0,NA,Y,NA,NA,Y,NA,L,04,0,1,0,0,0,0,1,0,0,-,-,NA,NA,ORANGE,IRVINE,-117.80874269,33.67838702
8517370,2017,2018-01-03,3000,2017-11-03,0907,3602,971J5,5,5,4,3029,0,0,0,NA,0,735,STONEHILL DR,SELVA RD,33,W,N,A,-,N,NA,NA,NA,NA,NA,NA,NA,NA,NA,N,4,0,1,2,A,-,09,21453,C,N,D,C,A,A,H,-,A,A,0,NA,NA,NA,NA,Y,NA,A,01,0,0,1,0,0,0,0,0,0,-,-,NA,NA,ORANGE,DANA POINT,-117.69153793,33.47631066
8517924,2017,2017-12-14,3000,2017-10-27,1745,8564,992H3,5,5,5,3017,0,0,0,NA,0,671,AVENIDA PICO,AVENIDA VISTA HERMOSA,0,NA,Y,A,-,N,NA,NA,NA,NA,NA,NA,NA,NA,NA,Y,4,0,1,2,A,-,12,21453,A,N,D,C,A,A,H,-,C,A,0,NA,NA,NA,NA,Y,NA,A,07,0,0,1,0,0,0,0,0,0,-,-,NA,NA,ORANGE,SAN CLEMENTE,-117.59229009,33.45906003
8517979,2017,2017-12-26,3015,2017-11-15,1644,1386,11,3,5,6,3015,0,0,0,NA,0,711,SOUTH LEWIS ST,WEST CHAPMAN AV,300,S,N,A,-,N,NA,NA,NA,NA,NA,NA,NA,NA,NA,Y,4,0,1,3,A,-,09,21804,A,N,D,C,A,A,H,-,C,D,0,NA,NA,NA,NA,Y,NA,A,01,0,0,1,0,0,0,0,0,0,-,-,NA,NA,ORANGE,ORANGE,-117.89750081,33.78803758
8519871,2017,2018-01-04,3009,2017-12-01,2300,3397,112,5,5,6,3009,0,0,0,NA,0,021,CHAPMAN AV,EUCLID ST,55,E,N,A,-,N,NA,NA,NA,NA,NA,NA,NA,NA,NA,N,4,0,1,2,A,-,01,23152,A,N,C,C,A,A,H,-,C,A,0,NA,NA,NA,NA,Y,Y,A,01,0,0,1,0,0,0,0,0,0,-,-,NA,NA,ORANGE,GARDEN GROVE,-117.94109366,33.78861129
8520102,2017,2018-01-03,3007,2017-11-08,0832,263,16,3,5,5,3007,0,0,0,NA,0,002,EDINGER,LOS GATOS,346,E,N,A,-,N,NA,NA,NA,NA,NA,NA,NA,NA,NA,Y,4,0,1,2,A,-,03,22350,NA,N,C,C,A,A,H,-,A,D,0,NA,NA,Y,NA,Y,NA,C,02,0,0,1,0,0,0,0,0,1,-,-,NA,NA,ORANGE,FOUNTAIN VALLEY,-117.94059511,33.73087661
8520706,2017,2018-01-05,3010,2017-12-09,1748,1208,175,6,5,6,3010,0,0,0,NA,0,008,WARNER,ALGONQUIN,610,W,N,A,-,N,NA,NA,NA,NA,NA,NA,NA,NA,NA,Y,4,0,3,3,A,-,03,22350,NA,N,C,C,A,A,H,-,C,D,0,NA,NA,NA,NA,Y,NA,D,22,0,0,3,0,0,0,0,0,0,-,-,NA,NA,ORANGE,HUNTINGTON BEACH,-118.05037606,33.71331855
8520805,2017,2018-01-08,3022,2017-12-09,1749,1237,SOUTH,6,5,5,3022,0,0,0,NA,0,NA,MCFADDEN AV,PASADENA AV,450,W,N,A,-,N,NA,NA,NA,NA,NA,NA,NA,NA,NA,N,3,0,1,3,A,-,03,22350,NA,N,C,C,A,A,H,-,C,A,0,NA,NA,NA,Y,Y,NA,A,01,0,1,0,0,0,0,0,0,0,-,-,33.73377,-117.83176,ORANGE,TUSTIN,-117.83328613,33.73382385
8521198,2017,2018-01-03,3019,2017-11-30,0846,3525,NE,4,5,7,3019,0,0,0,NA,0,002,GRAND AV,SANTA CLARA AV,100,N,N,A,-,N,NA,NA,NA,NA,NA,NA,NA,NA,NA,N,4,0,2,2,A,-,21,22106,NA,N,C,C,A,A,H,-,A,A,0,NA,NA,NA,NA,Y,NA,A,07,0,0,2,0,0,0,0,0,0,-,-,33.76719,-117.85136,ORANGE,SANTA ANA,-117.85151521,33.76746384
8522314,2017,2018-01-08,3019,2017-12-04,0750,2460,NE,1,5,7,3019,0,0,0,NA,0,001,17TH ST,HELIOTROPE DR,75,E,N,A,-,N,NA,NA,NA,NA,NA,NA,NA,NA,NA,Y,4,0,1,3,A,-,07,21658,A,N,D,C,A,A,H,-,A,D,0,NA,NA,NA,NA,Y,NA,A,01,0,0,1,0,0,0,0,0,0,-,-,33.7599,-117.875,ORANGE,SANTA ANA,-117.87464383,33.76011
8522490,2017,2018-01-04,3001,2017-11-22,1805,2128,NA,3,5,7,3001,0,0,0,NA,0,0D1,WEST GREENACRE AV,GRAMERCY AV,410,E,N,A,-,N,NA,NA,NA,NA,NA,NA,NA,NA,NA,N,3,0,1,2,A,-,11,21954,A,N,G,B,D,A,H,-,C,D,0,Y,NA,NA,NA,Y,NA,N,60,0,1,0,0,1,0,0,0,0,-,-,NA,NA,ORANGE,ANAHEIM,-117.96442756,33.84201276
8523635,2017,2018-01-04,3024,2017-12-18,0818,329,P35,1,5,5,3024,0,0,0,NA,0,EAST,BELGRADE ST,MCFADDEN AV,600,N,N,A,-,N,NA,NA,NA,NA,NA,NA,NA,NA,NA,N,3,0,2,3,A,-,08,22107,NA,N,G,B,D,A,H,-,A,D,0,Y,NA,NA,NA,Y,NA,A,01,0,2,0,0,2,0,0,0,0,-,-,38.73771,-117.95755,ORANGE,WESTMINSTER,-117.95761813,33.73929495
8525883,2017,2018-01-05,3010,2017-12-17,1820,1095,425,7,5,6,3010,0,0,0,NA,0,003,GARFIELD,BUSHARD,84,E,N,A,-,N,NA,NA,NA,NA,NA,NA,NA,NA,NA,Y,4,0,2,2,A,-,01,23153,A,N,C,C,A,A,H,-,C,A,0,NA,NA,NA,NA,Y,Y,A,01,0,0,2,0,0,0,0,0,0,-,-,NA,NA,ORANGE,HUNTINGTON BEACH,-117.9624745,33.68677
8525911,2017,2018-01-05,3010,2017-12-05,0845,0147,451,2,5,6,3010,0,0,0,NA,0,004,INDIANAPOLIS,ALABAMA,0,NA,Y,A,-,N,NA,NA,NA,NA,NA,NA,NA,NA,NA,N,3,0,1,2,A,-,12,22450,A,N,D,C,A,A,H,-,A,A,0,NA,NA,NA,NA,Y,NA,A,07,0,1,0,0,0,0,0,0,0,-,-,NA,NA,ORANGE,HUNTINGTON BEACH,-117.99664003,33.66484002
8526424,2017,2018-01-10,3015,2017-12-06,1949,1583,97,3,5,6,3015,0,0,0,NA,0,121,N SANTIAGO BL,E TAFT AV,20,S,N,A,-,N,NA,NA,NA,NA,NA,NA,NA,NA,NA,Y,4,0,2,3,A,-,03,22350,NA,N,C,C,A,A,H,-,C,A,0,NA,NA,NA,NA,Y,NA,A,01,0,0,2,0,0,0,0,0,0,-,-,NA,NA,ORANGE,ORANGE,-117.8232372,33.81763623
8526428,2017,2018-01-10,3015,2017-12-10,1833,1345,46,7,5,6,3015,0,0,0,NA,0,311,N HANDY,E ADAMS AV,8,N,N,A,-,N,NA,NA,NA,NA,NA,NA,NA,NA,NA,Y,3,0,1,1,A,-,03,22350,NA,N,A,I,A,A,H,-,D,D,0,NA,NA,NA,NA,Y,Y,A,01,0,1,0,0,0,0,0,0,0,-,-,NA,NA,ORANGE,ORANGE,-117.82699061,33.80665192
8528378,2017,2018-01-19,3002,2017-12-15,1256,1562,325X,5,5,4,3002,0,0,0,NA,0,011,BERRY ST,CENTRAL AV,24,S,N,A,-,N,NA,NA,NA,NA,NA,NA,NA,NA,NA,Y,4,0,1,2,A,-,01,23152,F,M,C,C,A,A,H,-,A,A,0,NA,NA,NA,NA,Y,NA,D,22,0,0,1,0,0,0,0,0,0,-,-,NA,NA,ORANGE,BREA,-117.9065059,33.93181785
8530095,2017,2018-01-18,3026,2017-11-20,0741,543,CROSS,1,5,6,3026,0,0,0,NA,0,00U,BLUE LAKE N,WEST YALE LOOP,10,E,N,A,-,N,NA,NA,NA,NA,NA,NA,NA,NA,NA,N,3,0,1,2,A,-,05,21650,1,N,H,G,A,A,H,-,A,A,0,NA,Y,NA,NA,Y,NA,L,04,0,1,0,0,0,0,1,0,0,-,-,NA,NA,ORANGE,IRVINE,-117.81117559,33.67708169
8530171,2017,2018-01-18,3000,2017-12-14,1341,1916,891G7,4,5,4,3045,0,0,0,NA,0,746,AVENIDA DE LA CARLOTA,LOS ALISOS BL,567,N,N,A,-,N,NA,NA,NA,NA,NA,NA,NA,NA,NA,Y,4,0,2,2,A,-,09,21801,A,N,D,C,A,A,H,-,A,A,0,NA,NA,NA,NA,Y,NA,A,01,0,0,2,0,0,0,0,0,0,-,-,NA,NA,ORANGE,LAGUNA HILLS,-117.70022342,33.60796052
8530418,2017,2018-01-19,3024,2017-12-22,2100,418,P41,5,5,5,3024,0,0,0,NA,0,EAST,BROOKHURST ST,BOLSA AV,0,NA,Y,A,-,N,NA,NA,NA,NA,NA,NA,NA,NA,NA,Y,4,0,2,3,A,-,01,23152,A,N,D,C,A,A,H,-,C,A,0,NA,NA,NA,NA,Y,Y,A,01,0,0,2,0,0,0,0,0,0,-,-,33.74495,-117.95472,ORANGE,WESTMINSTER,-117.95497012,33.74486008
8530942,2017,2018-01-23,3001,2017-12-18,1740,2187,NA,1,5,7,3001,0,0,0,NA,0,0D2,WEST SANTA ANA ST,S CITRON ST,150,E,N,A,-,N,NA,NA,NA,NA,NA,NA,NA,NA,NA,N,4,0,1,2,D,-,00,NA,NA,N,D,C,A,A,H,-,D,D,0,NA,NA,NA,NA,Y,NA,-,-,0,0,1,0,0,0,0,0,0,-,-,NA,NA,ORANGE,ANAHEIM,-117.92141335,33.82906427
8531845,2017,2018-01-26,3019,2017-12-11,0826,3516,WE,1,5,7,3019,0,0,0,NA,0,001,FAIRVIEW ST,STRAWBERRY LN,170,N,N,A,-,N,NA,NA,NA,NA,NA,NA,NA,NA,NA,N,4,0,1,2,A,-,03,22350,NA,N,C,C,A,A,H,-,A,D,0,NA,NA,NA,NA,Y,NA,D,22,0,0,1,0,0,0,0,0,0,-,-,33.76238,-117.9029,ORANGE,SANTA ANA,-117.90286331,33.76259593
8531910,2017,2018-01-22,3019,2017-12-16,1610,2647,SE,6,5,7,3019,0,0,0,NA,0,003,SAINT ANDREW PL,KILSON DR,37,W,N,A,-,N,NA,NA,NA,NA,NA,NA,NA,NA,NA,N,4,0,1,2,A,-,11,21954,A,N,G,B,-,A,H,-,B,D,0,Y,NA,NA,NA,Y,NA,N,60,0,0,1,0,1,0,0,0,0,-,-,33.72249,-117.86143,ORANGE,SANTA ANA,-117.86166138,33.72235136
8532026,2017,2018-01-19,3019,2017-12-08,1734,3201,WE,5,5,7,3019,0,0,0,NA,0,003,BRISTOL ST,CIVIC CENTER DR,50,N,N,A,-,N,NA,NA,NA,NA,NA,NA,NA,NA,NA,Y,4,0,2,5,A,-,03,22350,NA,N,C,C,A,A,H,-,C,D,0,NA,NA,NA,NA,Y,NA,A,07,0,0,2,0,0,0,0,0,0,-,-,33.7515,-117.88535,ORANGE,SANTA ANA,-117.88510695,33.75163705
8533828,2017,2018-01-18,3004,2017-12-22,1736,P627,35,5,5,6,3004,0,0,0,NA,0,008,WEST WILSON ST,FAIRVIEW RD,300,E,N,A,-,N,NA,NA,NA,NA,NA,NA,NA,NA,NA,N,4,0,1,5,A,-,03,22350,NA,N,C,C,A,A,H,-,B,A,0,NA,NA,NA,NA,Y,NA,A,01,0,0,1,0,0,0,0,0,0,-,-,33.6564,-117.9072,ORANGE,COSTA MESA,-117.906697,33.6563
8534176,2017,2018-01-24,3001,2017-12-02,0923,1278,D3,6,5,7,3001,0,0,0,NA,0,NA,WEST KATELLA AV,SOUTH HARBOR BL,771,E,N,A,-,N,NA,NA,NA,NA,NA,NA,NA,NA,NA,N,4,0,1,2,A,-,03,22350,NA,F,C,C,A,A,H,-,A,A,0,NA,NA,NA,NA,Y,NA,A,07,0,0,1,0,0,0,0,0,0,-,-,NA,NA,ORANGE,ANAHEIM,-117.91287808,33.80341228
8535986,2017,2018-03-07,3001,2017-11-18,0555,1278,NA,6,5,7,3001,0,0,0,NA,0,0D2,NORTH STATE COLLEGE BL,EAST SYCAMORE ST,14,S,N,A,-,N,NA,NA,NA,NA,NA,NA,NA,NA,NA,Y,3,0,2,2,A,-,09,21802,A,N,D,C,A,A,H,-,B,A,0,NA,NA,NA,NA,Y,NA,A,01,0,1,1,0,0,0,0,0,0,-,-,NA,NA,ORANGE,ANAHEIM,-117.88929,33.84585162
8536754,2018,2018-01-29,3019,2018-01-14,1503,3491,NE,7,5,7,3019,0,0,0,NA,0,002,TUSTIN AV,GROVEMONT ST,20,N,N,A,-,N,NA,NA,NA,NA,NA,NA,NA,NA,NA,Y,3,0,1,1,A,-,01,23152,A,N,E,I,A,A,H,-,A,D,0,NA,NA,NA,NA,Y,Y,A,07,0,1,0,0,0,0,0,0,0,-,-,33.770931243896484,-117.83556365966795,ORANGE,SANTA ANA,-117.83576965332033,33.771183013916016
8536909,2017,2018-01-30,3002,2017-12-29,0146,1408,B15,5,5,4,3002,0,0,0,NA,0,B11,ORANGEWOOD DR,TAMARACK AV,1600,E,N,A,-,N,NA,NA,NA,NA,NA,NA,NA,NA,NA,Y,4,0,1,2,A,-,03,22350,NA,N,B,E,A,A,H,-,C,D,0,NA,NA,NA,NA,Y,NA,A,01,0,0,1,0,0,0,0,0,0,-,-,NA,NA,ORANGE,BREA,-117.89509191,33.93512171
8536945,2017,2018-01-30,3026,2017-12-31,2142,577,PORTO,7,5,6,3026,0,0,0,NA,0,NA,IRVINE BL,MARKETPLACE,0,NA,Y,A,-,N,NA,NA,NA,NA,NA,NA,NA,NA,NA,N,4,0,1,2,A,-,12,21453,A,N,H,G,A,A,-,-,C,A,0,NA,Y,NA,NA,Y,NA,A,07,0,0,1,0,0,0,1,0,0,-,-,NA,NA,ORANGE,IRVINE,-117.78329,33.72805
8537190,2018,2018-01-30,3014,2018-01-12,0908,1462,RD66,5,5,5,3014,0,0,0,NA,0,0A4,NEWPORT COAST DR,PROVENCE,0,NA,Y,E,-,N,NA,NA,NA,NA,NA,NA,NA,NA,NA,N,4,0,5,2,A,-,12,21453,A,N,D,C,A,A,H,-,A,A,0,NA,NA,NA,NA,Y,NA,A,07,0,0,5,0,0,0,0,0,0,-,-,33.58300018310547,-117.83799743652344,ORANGE,NEWPORT BEACH,-117.83863830566406,33.58380126953125
8538733,2018,2018-02-01,3002,2018-01-12,1336,1672,528Y,5,5,4,3002,0,0,0,NA,0,213,STATE COLLEGE BL,BREA MALL S,0,NA,Y,A,-,N,NA,NA,NA,NA,NA,NA,NA,NA,NA,Y,4,0,2,2,A,-,12,21453,A,N,D,C,A,A,H,-,A,A,0,NA,NA,NA,NA,Y,NA,A,01,0,0,2,0,0,0,0,0,0,-,-,NA,NA,ORANGE,BREA,-117.88603973388672,33.91286087036133
8539138,2017,2018-01-30,3000,2017-12-15,1730,8725,992H4,5,5,5,3017,0,0,0,NA,0,174,NORTH EL CAMINO REAL,CANADA,0,NA,Y,A,-,N,NA,NA,NA,NA,NA,NA,NA,NA,NA,N,4,0,1,2,A,-,10,21950,A,N,G,B,B,A,H,-,C,D,0,Y,NA,NA,NA,Y,NA,A,01,0,0,1,0,1,0,0,0,0,-,-,NA,NA,ORANGE,SAN CLEMENTE,-117.61979009,33.43051001
8540042,2018,2018-01-30,3022,2018-01-09,0658,1154,NORTH,2,5,5,3022,0,0,0,NA,0,NA,EL CAMINO REAL,PARKCENTER LN,14,E,N,C,-,N,NA,NA,NA,NA,NA,NA,NA,NA,NA,N,2,0,1,2,A,-,10,21950,A,N,G,B,B,B,H,-,A,D,0,Y,NA,NA,NA,Y,NA,A,08,1,0,0,0,1,0,0,0,0,-,-,33.729408264160156,-117.80422973632813,ORANGE,TUSTIN,-117.80413055419922,33.7293701171875
8540077,2017,2018-01-27,3008,2017-07-17,1521,938,NA,1,5,6,3008,0,0,0,NA,0,Z-111,ASSOCIATED RD,BASTANCHURY RD,1060,N,N,A,-,N,NA,NA,NA,NA,NA,NA,NA,NA,NA,Y,3,0,1,2,A,-,11,21950,B,N,G,B,D,A,H,-,A,D,0,Y,NA,NA,NA,Y,NA,N,60,0,1,0,0,1,0,0,0,0,-,-,NA,NA,ORANGE,FULLERTON,-117.88475291,33.89615498
8540116,2017,2018-01-29,3008,2017-10-17,1342,111Y,NA,2,5,6,3008,0,0,0,NA,0,Z-2,HARBOR BL,IMPERIAL HWY,600,S,N,A,-,N,NA,NA,NA,NA,NA,NA,NA,NA,NA,Y,4,0,1,3,A,-,03,22350,NA,N,C,C,A,A,H,-,A,D,0,NA,NA,NA,NA,Y,NA,A,01,0,0,1,0,0,0,0,0,0,-,-,NA,NA,ORANGE,FULLERTON,-117.93306082,33.91576549
8540623,2017,2018-01-29,3000,2017-02-05,2051,2872,971G2,7,5,5,3040,0,0,0,NA,0,743,NIGUEL RD,RIDGEWAY AV,1,NA,N,C,-,N,NA,NA,NA,NA,NA,NA,NA,NA,NA,N,2,0,1,2,D,-,00,NA,NA,F,D,G,A,B,H,-,C,A,0,NA,Y,NA,NA,Y,Y,-,-,1,0,0,0,0,0,1,0,0,-,-,33.47792,-117.70112,ORANGE,LAGUNA NIGUEL,-117.71067009,33.49615007
8542144,2018,2018-02-02,3015,2018-01-17,2329,1458,114,3,5,6,3015,0,0,0,NA,0,132,SANTIAGO CANYON RD,KENNYMEAD ST,263,W,N,A,-,N,NA,NA,NA,NA,NA,NA,NA,NA,NA,Y,2,0,1,1,A,-,01,23152,A,M,E,I,A,A,H,-,C,D,0,NA,NA,NA,NA,Y,Y,D,22,1,0,0,0,0,0,0,0,0,-,-,NA,NA,ORANGE,ORANGE,-117.7756576538086,33.81483459472656
8542186,2018,2018-02-01,3009,2018-01-10,1823,4087,112,3,5,6,3009,0,0,0,NA,0,021,CHAPMAN AV,GARY ST,50,W,N,A,-,N,NA,NA,NA,NA,NA,NA,NA,NA,NA,N,4,0,1,1,A,-,08,22107,NA,N,E,I,A,A,H,-,C,A,0,NA,NA,NA,NA,Y,NA,A,01,0,0,1,0,0,0,0,0,0,-,-,NA,NA,ORANGE,GARDEN GROVE,-117.94878387451172,33.788639068603516
8542420,2017,2018-02-05,3000,2017-11-18,1322,3358,952B4,6,5,4,3018,0,0,0,NA,0,731,RANCHO VIEJO,VILLAGE RD,69,N,N,A,-,N,NA,NA,NA,NA,NA,NA,NA,NA,NA,Y,4,0,1,2,D,-,00,NA,NA,N,D,C,A,A,H,-,A,A,0,NA,NA,NA,NA,Y,NA,-,-,0,0,1,0,0,0,0,0,0,-,-,NA,NA,ORANGE,SAN JUAN CAPISTRANO,-117.6730515,33.53052739
8542579,2018,2018-02-02,3015,2018-01-06,1620,1550,44N,6,5,6,3015,0,0,0,NA,0,002,E WASHINGTON AV,S PARK ST,0,NA,Y,A,-,N,NA,NA,NA,NA,NA,NA,NA,NA,NA,N,3,0,1,2,A,-,11,21954,A,N,G,B,D,A,H,-,B,D,0,Y,NA,NA,NA,Y,NA,N,60,0,1,0,0,1,0,0,0,0,-,-,NA,NA,ORANGE,ORANGE,-117.80680847167967,33.78635025024414
8543235,2017,2018-02-05,3026,2017-12-15,2133,538,NA,5,5,6,3026,0,0,0,NA,0,00P,BAKE,MUIRLANDS,628,N,N,A,-,N,NA,NA,NA,NA,NA,NA,NA,NA,NA,Y,4,0,1,2,A,-,03,22350,NA,N,C,C,A,A,H,-,C,D,0,NA,NA,NA,NA,Y,NA,A,01,0,0,1,0,0,0,0,0,0,-,-,NA,NA,ORANGE,IRVINE,-117.71475009,33.64110326