CASE_ID,ACCIDENT_YEAR,PROC_DATE,JURIS,COLLISION_DATE,COLLISION_TIME,OFFICER_ID,REPORTING_DISTRICT,DAY_OF_WEEK,CHP_SHIFT,POPULATION,CNTY_CITY_LOC,SPECIAL_COND,BEAT_TYPE,CHP_BEAT_TYPE,CITY_DIVISION_LAPD,CHP_BEAT_CLASS,BEAT_NUMBER,PRIMARY_RD,SECONDARY_RD,DISTANCE,DIRECTION,INTERSECTION,WEATHER_1,WEATHER_2,STATE_HWY_IND,CALTRANS_COUNTY,CALTRANS_DISTRICT,STATE_ROUTE,ROUTE_SUFFIX,POSTMILE_PREFIX,POSTMILE,LOCATION_TYPE,RAMP_INTERSECTION,SIDE_OF_HWY,TOW_AWAY,COLLISION_SEVERITY,NUMBER_KILLED,NUMBER_INJURED,PARTY_COUNT,PRIMARY_COLL_FACTOR,PCF_CODE_OF_VIOL,PCF_VIOL_CATEGORY,PCF_VIOLATION,PCF_VIOL_SUBSECTION,HIT_AND_RUN,TYPE_OF_COLLISION,MVIW,PED_ACTION,ROAD_SURFACE,ROAD_COND_1,ROAD_COND_2,LIGHTING,CONTROL_DEVICE,CHP_ROAD_TYPE,PEDESTRIAN_ACCIDENT,BICYCLE_ACCIDENT,MOTORCYCLE_ACCIDENT,TRUCK_ACCIDENT,NOT_PRIVATE_PROPERTY,ALCOHOL_INVOLVED,STWD_VEHTYPE_AT_FAULT,CHP_VEHTYPE_AT_FAULT,COUNT_SEVERE_INJ,COUNT_VISIBLE_INJ,COUNT_COMPLAINT_PAIN,COUNT_PED_KILLED,COUNT_PED_INJURED,COUNT_BICYCLIST_KILLED,COUNT_BICYCLIST_INJURED,COUNT_MC_KILLED,COUNT_MC_INJURED,PRIMARY_RAMP,SECONDARY_RAMP,LATITUDE,LONGITUDE,COUNTY,CITY,POINT_X,POINT_Y
8613890,2018,2018-04-27,3009,2018-04-12,1413,3965,071,4,5,6,3009,0,0,0,NA,0,012,MAGNOLIA ST,ORANGEWOOD AV,0,NA,Y,A,-,N,NA,NA,NA,NA,NA,NA,NA,NA,NA,Y,4,0,1,2,A,-,09,21800,D,N,D,C,A,A,H,-,A,B,0,NA,NA,NA,NA,Y,NA,A,01,0,0,1,0,0,0,0,0,0,-,-,33.79576110839844,-117.9755630493164,ORANGE,GARDEN GROVE,-117.9755630493164,33.79576110839844
8614014,2018,2018-04-27,3009,2018-04-10,1355,4500,075,2,5,6,3009,0,0,0,NA,0,013,MAGNOLIA ST,BESTEL AV,130,N,N,A,-,N,NA,NA,NA,NA,NA,NA,NA,NA,NA,Y,4,0,2,3,A,-,03,22350,NA,N,C,C,A,A,H,-,A,D,0,NA,NA,NA,NA,Y,NA,A,01,0,0,2,0,0,0,0,0,0,-,-,NA,NA,ORANGE,GARDEN GROVE,-117.97246551513672,33.7691764831543
8615475,2018,2018-05-09,3019,2018-04-25,0758,3548,SC,3,5,7,3019,0,0,0,NA,0,004,SEGERSTROM AV,SPRUCE ST,92,E,N,A,-,N,NA,NA,NA,NA,NA,NA,NA,NA,NA,Y,4,0,3,3,A,-,03,22350,NA,N,C,C,A,A,H,-,A,D,0,NA,NA,NA,NA,Y,NA,D,22,0,0,3,0,0,0,0,0,0,-,-,33.70745849609375,-117.88863372802734,ORANGE,SANTA ANA,-117.88851928710938,33.707401275634766
8615788,2018,2018-08-10,3010,2018-02-25,1602,1016,422,7,5,6,3010,0,0,0,NA,0,005,RT 39,GARFIELD,200,S,N,A,-,Y,ORA,12,39,-,-,2.61,H,-,S,N,4,0,1,2,A,-,03,22350,NA,F,C,C,A,A,H,-,A,A,0,NA,NA,NA,NA,Y,NA,A,01,0,0,1,0,0,0,0,0,0,-,-,NA,NA,ORANGE,HUNTINGTON BEACH,-117.98888397216795,33.6862907409668
8615954,2018,2018-08-27,3014,2018-04-10,1846,1511,RD25,2,5,5,3014,0,0,0,NA,0,0A2,RT 55,HOSPITAL RD,457,N,N,A,-,Y,ORA,12,55,-,-,0.69,H,-,N,Y,3,0,1,1,A,-,01,23152,NA,N,E,I,A,A,H,-,A,D,0,NA,NA,NA,NA,Y,Y,A,01,0,1,0,0,0,0,0,0,0,-,-,33.62689971923828,-117.92759704589844,ORANGE,NEWPORT BEACH,-117.92759704589844,33.62704849243164
8615973,2018,2018-08-17,3010,2018-04-12,0103,3042,413,4,5,6,3010,0,0,0,NA,0,005,RT 39,ELLIS,0,NA,Y,A,-,Y,ORA,12,39,-,-,3.12,I,5,S,Y,4,0,2,2,A,-,12,21453,A,N,D,C,A,A,H,-,C,A,0,NA,NA,NA,NA,Y,NA,A,01,0,0,2,0,0,0,0,0,0,-,-,NA,NA,ORANGE,HUNTINGTON BEACH,-117.98895263671876,33.693748474121094
8617463,2018,2018-06-04,3016,2018-03-31,0902,1239,43,6,5,5,3016,0,0,0,NA,0,002,ORANGETHORPE AV,LAKEVIEW AV,0,NA,Y,A,-,N,NA,NA,NA,NA,NA,NA,NA,NA,NA,Y,4,0,1,1,C,-,18,NA,NA,N,E,J,A,A,H,-,A,D,0,NA,NA,NA,NA,Y,NA,-,-,0,0,1,0,0,0,0,0,0,-,-,33.86674118041992,-117.81851959228516,ORANGE,PLACENTIA,-117.81852722167967,33.86676025390625
8617933,2018,2018-05-25,3009,2018-05-09,1245,3927,104,3,5,6,3009,0,0,0,NA,0,1-2,BROOKHURST ST,GARDEN GROVE BL,59,S,N,A,-,N,NA,NA,NA,NA,NA,NA,NA,NA,NA,N,4,0,2,2,A,-,03,22350,NA,N,C,C,A,A,C,-,A,A,0,NA,NA,NA,NA,Y,NA,A,01,0,0,2,0,0,0,0,0,0,-,-,33.77404022216797,-117.95514678955078,ORANGE,GARDEN GROVE,-117.95514678955078,33.77388000488281
8618425,2018,2018-05-29,3010,2018-05-14,1421,3171,431,1,5,6,3010,0,0,0,NA,0,004,17TH ST,MAIN ST,153,S,N,A,-,N,NA,NA,NA,NA,NA,NA,NA,NA,NA,N,3,0,1,2,A,-,05,21651,A,N,D,G,A,A,H,-,A,A,0,NA,Y,NA,NA,Y,NA,L,04,0,1,0,0,0,0,1,0,0,-,-,NA,NA,ORANGE,HUNTINGTON BEACH,-118.00202178955078,33.67496109008789
8618601,2018,2018-08-23,3010,2018-04-30,0915,1122,472,1,5,6,3010,0,0,0,NA,0,002,RT 1,TWINDOLPHIN,0,S,N,A,-,Y,ORA,12,1,-,-,23.81,H,-,N,N,3,0,1,1,D,-,00,NA,NA,N,E,I,A,A,H,-,A,D,0,NA,Y,NA,NA,Y,NA,-,-,0,1,0,0,0,0,1,0,0,-,-,NA,NA,ORANGE,HUNTINGTON BEACH,-117.98918914794922,33.64928436279297
8619748,2018,2018-06-04,3001,2018-04-10,1746,1851,102,2,5,7,3001,0,0,0,NA,0,NA,SOUTH STATE COLLEGE BL,EAST VERMONT AV,9,N,N,A,-,N,NA,NA,NA,NA,NA,NA,NA,NA,NA,Y,4,0,1,2,A,-,12,21453,A,N,D,C,A,A,H,-,A,A,0,NA,NA,NA,NA,Y,NA,-,-,0,0,1,0,0,0,0,0,0,-,-,NA,NA,ORANGE,ANAHEIM,-117.88935089111328,33.82792282104492
8619843,2018,2018-05-23,3000,2018-05-09,0320,5805,862E2,3,5,5,3050,0,0,0,NA,0,765,SANTIAGO CANYON RD,FALCON,1451,W,N,B,-,N,NA,NA,NA,NA,NA,NA,NA,NA,NA,Y,3,0,1,1,A,-,01,23152,A,N,E,I,A,A,H,-,D,D,0,NA,NA,NA,NA,Y,Y,A,01,0,1,0,0,0,0,0,0,0,-,-,NA,NA,ORANGE,LAKE FOREST,-117.64202117919922,33.70475387573242
8620157,2018,2018-05-23,3026,2018-05-02,0559,337,PORTO,3,5,6,3026,0,0,0,NA,0,008,IRVINE BL,JEFFREY RD,30,W,N,B,-,N,NA,NA,NA,NA,NA,NA,NA,NA,NA,N,2,0,1,2,A,-,03,22350,NA,F,G,B,E,B,H,-,B,A,0,Y,NA,NA,NA,Y,Y,-,NA,1,0,0,0,1,0,0,0,0,-,-,33.70738983154297,-117.75987243652344,ORANGE,IRVINE,-117.7511749267578,33.707454681396484
8620238,2018,2018-05-24,3026,2018-04-06,1211,8929,CROSS,5,5,6,3026,0,0,0,NA,0,004,OAK CANYON,VALLEY OAK,383,E,N,A,-,N,NA,NA,NA,NA,NA,NA,NA,NA,NA,Y,4,0,1,2,A,-,09,21804,A,N,D,C,A,A,H,-,A,D,0,NA,NA,NA,NA,Y,NA,A,01,0,0,1,0,0,0,0,0,0,-,-,NA,NA,ORANGE,IRVINE,-117.76472473144533,33.674922943115234
8620719,2018,2018-05-22,3005,2018-04-26,1623,8233,C35,4,5,4,3005,0,0,0,NA,0,003,CERRITOS AV,HOLDER ST,400,W,N,A,-,N,NA,NA,NA,NA,NA,NA,NA,NA,NA,Y,3,0,1,3,A,-,03,22350,NA,N,C,C,A,A,H,-,A,A,0,NA,NA,NA,NA,Y,NA,A,01,0,1,0,0,0,0,0,0,0,-,-,NA,NA,ORANGE,CYPRESS,-118.020751953125,33.80989456176758
8621951,2018,2018-05-29,3005,2018-05-08,0952,7694,C20,2,5,4,3005,0,0,0,NA,0,002,BALL,DENNI,0,NA,Y,A,-,N,NA,NA,NA,NA,NA,NA,NA,NA,NA,Y,4,0,1,2,A,-,12,21453,A,N,D,C,A,A,H,-,A,A,0,NA,NA,NA,NA,Y,NA,A,01,0,0,1,0,0,0,0,0,0,-,-,NA,NA,ORANGE,CYPRESS,-118.0544204711914,33.816978454589844
8622769,2018,2018-06-01,3019,2018-05-14,2030,3425,NA,1,5,7,3019,0,0,0,NA,0,NA,1ST ST,NEWHOPE ST,185,E,N,A,-,N,NA,NA,NA,NA,NA,NA,NA,NA,NA,N,3,0,1,2,A,-,05,21650,1,F,H,G,A,A,H,-,C,D,0,NA,Y,NA,NA,Y,Y,L,04,0,1,0,0,0,0,1,0,0,-,-,NA,NA,ORANGE,SANTA ANA,-117.92815399169922,33.74510955810547
8623070,2018,2018-05-30,3004,2018-04-11,1122,P542,11,3,5,6,3004,0,0,0,NA,0,012,VICTORIA ST,COLLEGE AV,280,E,N,A,-,N,NA,NA,NA,NA,NA,NA,NA,NA,NA,N,3,0,1,2,A,-,09,21804,A,N,H,G,A,A,H,-,A,D,0,NA,Y,NA,NA,Y,NA,A,07,0,1,0,0,0,0,1,0,0,-,-,33.65250015258789,-117.91919708251952,ORANGE,COSTA MESA,-117.915771484375,33.6525993347168
8623403,2018,2018-06-13,3000,2018-05-18,1850,6717,892A3,5,5,5,3050,0,0,0,NA,0,18760,EL TORO RD,MONTCLIFF DR,0,NA,Y,A,-,N,NA,NA,NA,NA,NA,NA,NA,NA,NA,Y,4,0,3,2,A,-,09,21802,A,N,D,C,A,A,H,-,A,A,0,NA,NA,NA,NA,Y,NA,A,01,0,0,3,0,0,0,0,0,0,-,-,33.38179016113281,-117.4040069580078,ORANGE,LAKE FOREST,-117.677978515625,33.63832092285156
8623687,2018,2018-05-30,3019,2018-05-01,1721,2776,SE,2,5,7,3019,0,0,0,NA,0,003,MAIN ST,RUSSELL AV,114,S,N,B,-,N,NA,NA,NA,NA,NA,NA,NA,NA,NA,N,4,0,1,2,A,-,09,21804,A,N,H,G,A,A,H,-,A,D,0,NA,Y,NA,NA,Y,NA,A,01,0,0,1,0,0,0,1,0,0,-,-,33.73255920410156,-117.86776733398438,ORANGE,SANTA ANA,-117.86775970458984,33.732337951660156
8624602,2018,2018-07-30,3019,2018-05-12,1624,3450,SC,6,5,7,3019,0,0,0,NA,0,003,BEAR ST,MACARTHUR BL,12,N,N,A,-,N,NA,NA,NA,NA,NA,NA,NA,NA,NA,N,4,0,1,2,A,-,03,22350,NA,N,C,C,A,A,H,-,A,A,0,NA,NA,NA,NA,Y,NA,A,01,0,0,1,0,0,0,0,0,0,-,-,33.700111389160156,-117.89218139648438,ORANGE,SANTA ANA,-117.89227294921876,33.70014190673828
8624955,2018,2018-07-19,3007,2018-05-26,1737,308,56,6,5,5,3007,0,0,0,NA,0,001,EUCLID,SLATER,0,NA,Y,A,-,N,NA,NA,NA,NA,NA,NA,NA,NA,NA,N,3,0,3,2,A,-,09,21801,A,N,D,C,A,A,H,-,A,A,0,NA,NA,NA,NA,Y,NA,A,01,0,1,2,0,0,0,0,0,0,-,-,NA,NA,ORANGE,FOUNTAIN VALLEY,-117.93711853027344,33.70912170410156
8626490,2018,2018-06-04,3026,2018-04-23,1350,601,CROSS,1,5,6,3026,0,0,0,NA,0,NA,MCGAW AV,ARMSTRONG AV,670,E,N,A,-,N,NA,NA,NA,NA,NA,NA,NA,NA,NA,Y,4,0,1,2,A,-,09,21801,A,N,D,C,A,A,H,-,A,D,0,NA,NA,Y,NA,Y,NA,A,07,0,0,1,0,0,0,0,0,1,-,-,33.69355010986328,-117.8459930419922,ORANGE,IRVINE,-117.84433746337892,33.69232177734375
8627061,2018,2018-06-06,3007,2018-05-09,1133,250,54,3,5,5,3007,0,0,0,NA,0,003,TALBERT,BUSHARD,0,NA,Y,A,-,N,NA,NA,NA,NA,NA,NA,NA,NA,NA,N,4,0,1,2,A,-,09,21801,A,N,D,C,A,A,H,-,A,A,0,NA,NA,NA,Y,Y,NA,A,08,0,0,1,0,0,0,0,0,0,-,-,NA,NA,ORANGE,FOUNTAIN VALLEY,-117.96292877197266,33.701629638671875
8627368,2018,2018-06-06,3007,2018-05-18,1322,250,26,5,5,5,3007,0,0,0,NA,0,002,EUCLID,BLUE ALLIUM,620,N,N,A,-,N,NA,NA,NA,NA,NA,NA,NA,NA,NA,N,2,0,1,2,A,-,01,23152,F,F,C,E,A,A,H,-,A,D,0,NA,NA,NA,NA,Y,NA,A,01,1,0,0,0,0,0,0,0,0,-,-,NA,NA,ORANGE,FOUNTAIN VALLEY,-117.93717193603516,33.727508544921875
8627419,2018,2018-06-06,3003,2018-05-12,1102,1223,107,6,5,5,3003,0,0,0,NA,0,003,STANTON AV,CRESCENT AV,0,NA,Y,B,-,N,NA,NA,NA,NA,NA,NA,NA,NA,NA,N,3,0,2,3,A,-,12,21453,A,N,D,C,A,A,H,-,A,A,0,NA,NA,NA,NA,Y,NA,-,NA,0,1,1,0,0,0,0,0,0,-,-,33.8390998840332,-117.99340057373048,ORANGE,BUENA PARK,-117.99365234375,33.83940124511719
8627737,2018,2018-06-04,3000,2018-04-30,1340,5036,922E2,1,5,5,3028,0,0,0,NA,0,750,FELIPE RD,HAWK HILL,0,NA,Y,B,-,N,NA,NA,NA,NA,NA,NA,NA,NA,NA,Y,2,0,3,2,A,-,09,21804,A,N,D,C,A,A,H,-,A,A,0,NA,NA,NA,NA,Y,NA,A,08,2,1,0,0,0,0,0,0,0,-,-,NA,NA,ORANGE,MISSION VIEJO,-117.64057159423828,33.59397888183594
8628014,2018,2018-06-07,3009,2018-05-05,1757,4576,NA,6,5,6,3009,0,0,0,NA,0,1-2,BROOKHURST ST,BIXBY AV,0,NA,Y,A,-,N,NA,NA,NA,NA,NA,NA,NA,NA,NA,Y,4,0,2,3,A,-,12,21453,A,N,D,C,A,A,H,-,A,A,0,NA,NA,NA,NA,Y,NA,A,01,0,0,2,0,0,0,0,0,0,-,-,NA,NA,ORANGE,GARDEN GROVE,-117.95873260498048,33.78437042236328
8628076,2018,2018-06-08,3000,2018-05-18,2032,6717,862C5,5,5,5,3050,0,0,0,NA,0,18760,PORTOLA PKWY,AUTO CENTER DR,40,N,N,A,-,N,NA,NA,NA,NA,NA,NA,NA,NA,NA,Y,4,0,2,2,A,-,03,22350,NA,N,C,C,A,A,H,-,C,A,0,NA,NA,NA,NA,Y,NA,A,01,0,0,2,0,0,0,0,0,0,-,-,33.403709411621094,-117.39356994628906,ORANGE,LAKE FOREST,-117.65980529785156,33.67688751220703
8628173,2018,2018-06-13,3001,2018-05-16,0724,1410,NA,3,5,7,3001,0,0,0,NA,0,0D3,WEST CERRITOS AV,SOUTH EUCLID ST,354,E,N,A,-,N,NA,NA,NA,NA,NA,NA,NA,NA,NA,N,3,0,2,4,A,-,03,22350,NA,N,C,C,A,A,H,-,A,A,0,NA,NA,NA,NA,Y,NA,A,01,0,1,1,0,0,0,0,0,0,-,-,NA,NA,ORANGE,ANAHEIM,-117.94028472900392,33.810569763183594
8628480,2018,2018-06-08,3001,2018-05-22,1652,471,NA,2,5,7,3001,0,0,0,NA,0,D 4,NORTH LAKEVIEW AV,E MCKINNON DR,388,N,N,B,-,N,NA,NA,NA,NA,NA,NA,NA,NA,NA,N,4,0,1,2,A,-,09,21804,A,N,D,C,A,A,H,-,A,D,0,NA,NA,NA,NA,Y,NA,A,01,0,0,1,0,0,0,0,0,0,-,-,NA,NA,ORANGE,ANAHEIM,-117.8163604736328,33.85377883911133
8628504,2018,2018-06-11,3007,2018-03-06,1751,246,54,2,5,5,3007,0,0,0,NA,0,001,BUSHARD,SLATER,240,S,N,A,-,N,NA,NA,NA,NA,NA,NA,NA,NA,NA,Y,4,0,1,2,A,-,03,22350,NA,N,C,C,A,A,H,-,B,A,0,NA,NA,NA,NA,Y,NA,A,01,0,0,1,0,0,0,0,0,0,-,-,NA,NA,ORANGE,FOUNTAIN VALLEY,-117.96303558349608,33.708091735839844
8628785,2018,2018-06-18,3015,2018-05-29,0752,1098,44N,2,5,6,3015,0,0,0,NA,0,731,S EARLHAM ST,E WASHINGTON AV,0,NA,Y,B,-,N,NA,NA,NA,NA,NA,NA,NA,NA,NA,Y,4,0,2,2,A,-,09,21802,A,N,D,C,A,A,H,-,A,A,0,NA,NA,NA,NA,Y,NA,D,22,0,0,2,0,0,0,0,0,0,-,-,NA,NA,ORANGE,ORANGE,-117.80789947509766,33.78636169433594
8628908,2018,2018-06-18,3019,2018-05-25,2107,3454,NA,5,5,7,3019,0,0,0,NA,0,NA,1ST ST,LACY ST,90,W,N,A,-,N,NA,NA,NA,NA,NA,NA,NA,NA,NA,N,2,0,1,2,D,-,00,NA,NA,F,G,B,D,A,H,-,B,D,0,Y,NA,NA,NA,Y,Y,-,-,1,0,0,0,1,0,0,0,0,-,-,33.74563980102539,-117.86083221435548,ORANGE,SANTA ANA,-117.86087799072266,33.74557113647461
8631144,2018,2018-07-06,3019,2018-05-05,1525,9018,SC,6,5,7,3019,0,0,0,NA,0,004,SOUTH BRISTOL ST,W ALTON,300,S,N,A,-,N,NA,NA,NA,NA,NA,NA,NA,NA,NA,N,4,0,1,2,A,-,21,22106,NA,N,G,B,E,A,H,-,A,A,0,Y,NA,NA,NA,Y,NA,A,01,0,0,1,0,1,0,0,0,0,-,-,NA,NA,ORANGE,SANTA ANA,-117.8856201171875,33.702857971191406
8631664,2018,2018-06-11,3013,2018-04-07,0026,191,L02,6,5,3,3013,0,0,0,NA,0,004,BLOOMFIELD ST,BALL RD,19,S,N,A,-,N,NA,NA,NA,NA,NA,NA,NA,NA,NA,Y,4,0,1,1,A,-,08,22107,NA,N,E,I,A,A,H,-,C,A,0,NA,NA,NA,NA,Y,NA,A,01,0,0,1,0,0,0,0,0,0,-,-,NA,NA,ORANGE,LOS ALAMITOS,-118.06313323974608,33.81754684448242
8631719,2018,2018-06-07,3019,2018-05-20,0708,3517,NE,7,5,7,3019,0,0,0,NA,0,001,SANTA ANA BL,FLOWER ST,222,E,N,A,-,N,NA,NA,NA,NA,NA,NA,NA,NA,NA,Y,4,0,1,1,A,-,01,23152,A,N,E,I,A,B,H,-,A,D,0,NA,NA,NA,NA,Y,Y,A,01,0,0,1,0,0,0,0,0,0,-,-,33.74797058105469,-117.8761978149414,ORANGE,SANTA ANA,-117.8757553100586,33.74797821044922
8633123,2018,2018-06-15,3020,2018-05-29,1142,365,S14,2,5,4,3020,0,0,0,NA,0,002,MARLIN AV,SEAL BEACH BL,15,W,N,A,-,N,NA,NA,NA,NA,NA,NA,NA,NA,NA,Y,4,0,1,1,A,-,08,22107,NA,N,E,I,A,A,H,-,A,A,0,NA,NA,NA,NA,Y,NA,A,07,0,0,1,0,0,0,0,0,0,-,-,NA,NA,ORANGE,SEAL BEACH,-118.09444427490234,33.742408752441406
8633257,2018,2018-06-18,3003,2018-05-28,1845,1226,3003,1,5,5,3003,0,0,0,NA,0,001,STANTON AV,8TH ST,0,NA,Y,A,-,N,NA,NA,NA,NA,NA,NA,NA,NA,NA,Y,3,0,1,2,A,-,09,21802,A,N,D,C,A,A,H,-,A,A,0,NA,NA,NA,NA,Y,NA,D,22,0,1,0,0,0,0,0,0,0,-,-,33.8671989440918,-117.99379730224608,ORANGE,BUENA PARK,-117.99382781982422,33.867210388183594
8633668,2018,2018-06-18,3000,2018-04-19,2150,5455,893C2,4,5,4,3048,0,0,0,NA,0,767,SANTA MARGARITA PKWY,ANTONIO PKWY,0,NA,Y,A,-,N,NA,NA,NA,NA,NA,NA,NA,NA,NA,Y,3,0,2,2,A,-,03,22350,NA,N,C,C,A,A,H,-,C,A,0,NA,NA,NA,NA,Y,NA,A,01,0,1,1,0,0,0,0,0,0,-,-,NA,NA,ORANGE,RANCHO SANTA MARGARITA,-117.58110809326172,33.64876174926758
8634345,2018,2018-06-19,3008,2018-04-19,2123,1546,ZONE2,4,5,6,3008,0,0,0,NA,0,NA,EUCLID ST,LAGUNA RD,726,S,N,A,-,N,NA,NA,NA,NA,NA,NA,NA,NA,NA,Y,3,0,2,2,A,-,01,23152,F,N,C,E,A,A,H,-,C,D,0,NA,NA,NA,NA,Y,NA,A,07,0,1,1,0,0,0,0,0,0,-,-,NA,NA,ORANGE,FULLERTON,-117.94196319580078,33.89896011352539
8635330,2018,2018-06-21,3011,2018-06-05,2019,31273,32,2,5,4,3011,0,0,0,NA,0,001,ROSA BONHEUR DR,CLIFF DR,30,N,N,A,-,N,NA,NA,NA,NA,NA,NA,NA,NA,NA,N,3,0,1,2,D,-,00,NA,NA,N,H,A,A,A,H,-,C,D,0,NA,Y,NA,NA,Y,Y,-,-,0,1,0,0,0,0,1,0,0,-,-,NA,NA,ORANGE,LAGUNA BEACH,-117.78507232666016,33.54457092285156
8635456,2018,2018-06-25,3007,2018-05-25,1453,284,65,5,5,5,3007,0,0,0,NA,0,003,BROOKHURST,TALBERT,430,S,N,B,-,N,NA,NA,NA,NA,NA,NA,NA,NA,NA,N,4,0,1,2,A,-,09,21801,A,N,D,C,A,A,H,-,A,D,0,NA,NA,NA,NA,Y,NA,A,07,0,0,1,0,0,0,0,0,0,-,-,NA,NA,ORANGE,FOUNTAIN VALLEY,-117.95438385009766,33.700523376464844
8635912,2018,2018-06-26,3010,2018-06-04,1215,1225,455,1,5,6,3010,0,0,0,NA,0,002,INDIANAPOLIS,BUSHARD,0,NA,Y,B,-,N,NA,NA,NA,NA,NA,NA,NA,NA,NA,Y,4,0,2,2,A,-,12,21453,A,N,D,C,A,A,H,-,A,A,0,NA,NA,NA,NA,Y,NA,A,01,0,0,2,0,0,0,0,0,0,-,-,NA,NA,ORANGE,HUNTINGTON BEACH,-117.96240997314452,33.6650390625
8637025,2018,2018-06-28,3000,2018-05-25,2105,2742,993B6,5,5,5,3017,0,0,0,NA,0,778,SOUTH EL CAMINO REAL,AVENIDA MENDOCINO,0,NA,Y,A,-,N,NA,NA,NA,NA,NA,NA,NA,NA,NA,Y,3,0,1,2,A,-,09,21801,A,N,D,C,A,A,H,-,C,A,0,NA,NA,NA,NA,Y,NA,A,01,0,1,0,0,0,0,0,0,0,-,-,NA,NA,ORANGE,SAN CLEMENTE,-117.60077667236328,33.41170120239258
8637195,2018,2018-06-13,3004,2018-05-16,1704,P664,02,3,5,6,3004,0,0,0,NA,0,001,NEWPORT BL,HARBOR BL,149,S,N,A,-,N,NA,NA,55,NA,NA,NA,NA,NA,NA,Y,4,0,1,3,A,-,03,22350,NA,F,C,C,A,A,H,-,A,A,0,NA,NA,NA,NA,Y,Y,D,22,0,0,1,0,0,0,0,0,0,-,-,33.64120101928711,-117.91840362548828,ORANGE,COSTA MESA,-117.91854858398438,33.6413459777832
8637324,2018,2018-06-18,3024,2018-05-26,0918,455,P-12,6,5,5,3024,0,0,0,NA,0,WEST,TRASK AV,HOOVER ST,0,NA,Y,A,-,N,NA,NA,NA,NA,NA,NA,NA,NA,NA,Y,4,0,2,2,A,-,09,21801,A,N,A,C,A,A,H,-,A,A,0,NA,NA,NA,NA,Y,NA,A,01,0,0,2,0,0,0,0,0,0,-,-,NA,NA,ORANGE,WESTMINSTER,-117.99848175048828,33.766441345214844
8637477,2018,2018-06-12,3014,2018-05-19,1322,1395,RD36,6,5,5,3014,0,0,0,NA,0,0A3,EASTBLUFF DR,JAMBOREE RD,850,W,N,A,-,N,NA,NA,NA,NA,NA,NA,NA,NA,NA,N,3,0,1,2,A,-,08,22107,NA,N,H,E,A,A,H,-,A,D,0,NA,Y,NA,NA,Y,NA,L,04,0,1,0,0,0,0,1,0,0,-,-,33.645599365234375,-117.86920166015624,ORANGE,NEWPORT BEACH,-117.87579345703124,33.63327407836914
8637485,2018,2018-06-12,3014,2018-05-26,1410,1395,RD44,6,5,5,3014,0,0,0,NA,0,0A4,BAYSIDE DR,IRIS AV,0,NA,Y,A,-,N,NA,NA,NA,NA,NA,NA,NA,NA,NA,N,4,0,1,1,A,-,03,22350,NA,N,H,I,A,A,H,-,A,A,0,NA,Y,NA,NA,Y,NA,L,04,0,0,1,0,0,0,1,0,0,-,-,33.5973014831543,-117.87370300292967,ORANGE,NEWPORT BEACH,-117.8737564086914,33.59737014770508
8637486,2018,2018-06-14,3015,2018-05-20,1349,1581,22E,7,5,6,3015,0,0,0,NA,0,211,S GLASSELL ST,E PALMYRA AV,0,NA,Y,-,-,N,NA,NA,NA,NA,NA,NA,NA,NA,NA,Y,4,0,1,2,A,-,09,21802,A,N,-,-,A,-,-,-,-,-,0,NA,NA,Y,NA,Y,NA,A,01,0,0,1,0,0,0,0,0,1,-,-,NA,NA,ORANGE,ORANGE,-117.85311126708984,33.78422164916992
8638593,2018,2018-06-19,3009,2018-05-20,2202,4087,115,7,5,6,3009,0,0,0,NA,0,023,EUCLID ST,TRASK AV,25,N,N,A,-,N,NA,NA,NA,NA,NA,NA,NA,NA,NA,N,4,0,1,2,A,-,05,21650,NA,N,A,G,A,A,H,-,C,A,0,NA,Y,NA,NA,Y,NA,L,04,0,0,1,0,0,0,1,0,0,-,-,33.76694107055664,-117.9378662109375,ORANGE,GARDEN GROVE,-117.93787384033205,33.76700973510742
8638955,2018,2018-08-22,3010,2018-06-02,1545,1208,173,6,5,6,3010,0,0,0,NA,0,008,RT 1,WARNER,743,N,N,A,-,Y,ORA,12,1,-,-,30.03,H,-,S,Y,4,0,1,2,A,-,03,22350,NA,N,C,C,A,A,H,-,A,D,0,NA,NA,NA,NA,Y,NA,A,01,0,0,1,0,0,0,0,0,0,-,-,NA,NA,ORANGE,HUNTINGTON BEACH,-118.06465911865234,33.71293640136719
8640449,2018,2018-06-27,3010,2018-06-12,1542,1261,127,2,5,6,3010,0,0,0,NA,0,009,SKYLAB,SPRINGDALE,644,W,N,A,-,N,NA,NA,NA,NA,NA,NA,NA,NA,NA,Y,3,0,1,2,A,-,09,21804,A,N,D,C,A,A,H,-,A,D,0,NA,NA,NA,NA,Y,NA,A,01,0,1,0,0,0,0,0,0,0,-,-,NA,NA,ORANGE,HUNTINGTON BEACH,-118.0266571044922,33.74839401245117
8641183,2018,2018-07-03,3015,2018-05-29,2320,1595,46,2,5,6,3015,0,0,0,NA,0,123,N KATHLEEN LN,E LOMITA AV,56,N,N,B,-,N,NA,NA,NA,NA,NA,NA,NA,NA,NA,NA,3,0,1,2,A,-,10,21954,B,N,G,B,D,B,H,-,C,D,0,Y,NA,NA,NA,Y,NA,A,01,0,1,0,0,1,0,0,0,0,-,-,NA,NA,ORANGE,ORANGE,-117.82045745849608,33.80130386352539