CASE_ID,ACCIDENT_YEAR,PROC_DATE,JURIS,COLLISION_DATE,COLLISION_TIME,OFFICER_ID,REPORTING_DISTRICT,DAY_OF_WEEK,CHP_SHIFT,POPULATION,CNTY_CITY_LOC,SPECIAL_COND,BEAT_TYPE,CHP_BEAT_TYPE,CITY_DIVISION_LAPD,CHP_BEAT_CLASS,BEAT_NUMBER,PRIMARY_RD,SECONDARY_RD,DISTANCE,DIRECTION,INTERSECTION,WEATHER_1,WEATHER_2,STATE_HWY_IND,CALTRANS_COUNTY,CALTRANS_DISTRICT,STATE_ROUTE,ROUTE_SUFFIX,POSTMILE_PREFIX,POSTMILE,LOCATION_TYPE,RAMP_INTERSECTION,SIDE_OF_HWY,TOW_AWAY,COLLISION_SEVERITY,NUMBER_KILLED,NUMBER_INJURED,PARTY_COUNT,PRIMARY_COLL_FACTOR,PCF_CODE_OF_VIOL,PCF_VIOL_CATEGORY,PCF_VIOLATION,PCF_VIOL_SUBSECTION,HIT_AND_RUN,TYPE_OF_COLLISION,MVIW,PED_ACTION,ROAD_SURFACE,ROAD_COND_1,ROAD_COND_2,LIGHTING,CONTROL_DEVICE,CHP_ROAD_TYPE,PEDESTRIAN_ACCIDENT,BICYCLE_ACCIDENT,MOTORCYCLE_ACCIDENT,TRUCK_ACCIDENT,NOT_PRIVATE_PROPERTY,ALCOHOL_INVOLVED,STWD_VEHTYPE_AT_FAULT,CHP_VEHTYPE_AT_FAULT,COUNT_SEVERE_INJ,COUNT_VISIBLE_INJ,COUNT_COMPLAINT_PAIN,COUNT_PED_KILLED,COUNT_PED_INJURED,COUNT_BICYCLIST_KILLED,COUNT_BICYCLIST_INJURED,COUNT_MC_KILLED,COUNT_MC_INJURED,PRIMARY_RAMP,SECONDARY_RAMP,LATITUDE,LONGITUDE,COUNTY,CITY,POINT_X,POINT_Y
90233226,2016,2016-07-29,9675,2016-07-23,2310,019938,NA,6,3,7,3019,0,1,3,NA,2,552,SR-55 SOUTHBOUND,DYER RD,1300,S,N,A,-,Y,NA,NA,55,NA,NA,NA,NA,NA,S,Y,4,0,1,2,A,-,08,22107,NA,N,B,C,A,A,H,-,C,D,0,NA,NA,NA,NA,Y,NA,A,01,0,0,1,0,0,0,0,0,0,-,-,33.70545,-117.85517,ORANGE,SANTA ANA,-117.85503572,33.70531622
90233342,2016,2016-07-29,9670,2016-06-16,1552,017022,NA,4,2,5,3024,0,1,1,NA,2,430,INTERSTATE 405 SOUTHBOUND,BOLSA AVENUE OVERCROSSING,410,N,N,A,-,Y,NA,NA,405,NA,NA,NA,NA,NA,S,Y,4,0,1,2,A,-,07,21658,A,N,B,C,A,A,H,-,A,D,0,NA,NA,Y,NA,Y,NA,J,48,0,0,1,0,0,0,0,0,1,-,-,33.74546,-118.0059,ORANGE,WESTMINSTER,-118.00591731,33.74543928
90233350,2016,2016-07-29,9670,2016-06-16,1805,021139,NA,4,2,4,3020,0,1,1,NA,2,450,I-405 SOUTHBOUND,SR-22,1584,N,N,A,-,Y,NA,NA,405,NA,NA,NA,NA,NA,S,Y,4,0,1,3,A,-,03,22350,NA,N,C,C,A,A,H,-,A,D,0,NA,NA,NA,NA,Y,NA,A,01,0,0,1,0,0,0,0,0,0,-,-,33.7741,-118.052,ORANGE,SEAL BEACH,-118.05200075,33.77423201
90233553,2016,2016-07-29,9670,2016-06-18,0200,020809,NA,6,3,4,3020,0,1,1,NA,2,045,I-405 S/B (SAN DIEGO FREEWAY),SEAL BEACH BLVD,6336,S,N,A,-,Y,NA,NA,405,NA,NA,NA,NA,NA,S,Y,4,0,1,2,A,-,03,22350,NA,N,C,C,A,A,H,-,C,D,0,NA,NA,NA,NA,Y,NA,A,01,0,0,1,0,0,0,0,0,0,-,-,33.77408,-118.05404,ORANGE,SEAL BEACH,-118.05404,33.77422484
9023660,2019,2020-01-29,3001,2019-11-20,1446,A2187,NA,3,5,7,3001,0,0,0,NA,0,NA,BROOKHURST ST,LA PALMA AV,0,NA,Y,B,-,N,NA,NA,NA,NA,NA,NA,NA,NA,NA,N,4,0,3,2,A,-,12,21453,A,N,D,C,A,B,H,-,A,A,0,NA,NA,NA,NA,Y,NA,A,07,0,0,3,0,0,0,0,0,0,-,-,33.846351623535156,-117.95870971679688,ORANGE,ANAHEIM,-117.95913696289063,33.84695816040039
9023721,2020,2020-03-19,3010,2020-01-12,0701,2057,A51,7,5,6,3010,0,0,0,NA,0,004,YORKTOWN,MAIN,0,NA,Y,A,-,N,NA,NA,NA,NA,NA,NA,NA,NA,NA,Y,4,0,2,2,A,-,12,21453,A,N,D,C,A,A,H,-,A,A,0,NA,NA,NA,NA,Y,NA,A,01,0,0,2,0,0,0,0,0,0,-,-,NA,NA,ORANGE,HUNTINGTON BEACH,-118.00174713134766,33.6793212890625
90239768,2016,2016-09-01,9675,2016-07-21,2150,018187,NA,4,2,7,3019,0,1,3,NA,2,552,SR-55 N/B (COSTA MESA FWY),MACARTHUR BLVD,250,N,N,A,-,Y,NA,NA,NA,NA,NA,NA,NA,NA,NA,Y,3,0,3,3,A,-,03,22350,NA,N,C,C,A,A,H,-,C,D,0,NA,NA,NA,NA,Y,NA,A,01,0,1,2,0,0,0,0,0,0,-,-,33.68955,-117.86127,ORANGE,SANTA ANA,-117.8608046,33.69908967
90241543,2016,2016-08-10,9690,2016-07-29,1705,020469,NA,5,2,4,3018,0,1,1,NA,2,057,I-5 S/B (SAN DIEGO FRWY),JUNIPERO SERRA RD,300,N,N,A,-,Y,NA,NA,5,NA,NA,NA,NA,NA,S,N,4,0,1,1,C,-,18,NA,NA,N,E,I,A,A,H,-,A,D,0,NA,NA,NA,NA,Y,NA,-,-,0,0,1,0,0,0,0,0,0,-,-,33.52555,-117.66808,ORANGE,SAN JUAN CAPISTRANO,-117.66814323,33.52550899
90244816,2016,2016-08-15,9690,2016-08-07,1029,020637,NA,7,1,5,3017,0,1,1,NA,2,059,I-5 N/B (SAN DIEGO FRWY),AVENIDA MENDOCINO,270,N,N,A,-,Y,NA,NA,5,NA,NA,NA,NA,NA,N,Y,3,0,5,4,A,-,01,23152,A,N,C,C,A,A,H,-,A,D,0,NA,NA,NA,NA,Y,Y,A,01,0,2,3,0,0,0,0,0,0,-,-,33.41099,-117.60105,ORANGE,SAN CLEMENTE,-117.60099202,33.41101909
90245884,2016,2016-08-16,9675,2016-08-10,1700,018733,NA,3,2,6,3015,0,1,3,NA,2,222,SR-22 EASTBOUND,BRISTOL ST.,200,W,N,A,-,Y,NA,NA,22,NA,NA,NA,NA,NA,E,N,4,0,1,2,A,-,03,22350,NA,N,C,C,A,A,H,-,A,D,0,NA,NA,NA,NA,Y,NA,A,01,0,0,1,0,0,0,0,0,0,-,-,33.77879,-117.88526,ORANGE,ORANGE,-117.88525872,33.77895067
90248497,2016,2016-08-19,9675,2016-08-12,1251,019404,NA,5,1,6,3026,0,1,1,NA,2,504,I-5 NORTHBOUND,ALTON PKWY,5300,S,N,A,-,Y,NA,NA,5,NA,NA,NA,NA,NA,N,N,4,0,1,1,A,-,08,22107,NA,N,E,I,A,A,C,-,A,D,0,NA,NA,NA,NA,Y,NA,A,01,0,0,1,0,0,0,0,0,0,-,-,33.64341,-117.73359,ORANGE,IRVINE,-117.73378634,33.64324916
90249279,2016,2016-08-22,9675,2016-08-09,0555,021233,NA,2,3,6,3008,0,1,3,NA,2,570,SR-57 SOUTHBOUND,BASTANCHURY RD,1000,N,N,B,-,Y,NA,NA,57,NA,NA,NA,NA,NA,S,N,3,0,1,3,A,-,08,22107,NA,N,F,A,A,A,H,-,B,D,0,NA,NA,Y,NA,Y,NA,C,02,0,1,0,0,0,0,0,0,1,-,-,33.90009,-117.88099,ORANGE,FULLERTON,-117.88137287,33.9000831
90251905,2016,2016-08-24,9675,2016-08-18,1815,019407,NA,4,2,7,3019,0,1,3,NA,2,553,SR-55 NORTHBOUND,MACARTHUR BLVD,970,S,N,A,-,Y,NA,NA,55,NA,NA,NA,NA,NA,N,Y,3,0,1,3,A,-,03,22350,NA,N,C,C,A,A,H,-,A,D,0,NA,NA,Y,NA,Y,NA,C,02,0,1,0,0,0,0,0,0,1,-,-,33.69486,-117.86549,ORANGE,SANTA ANA,-117.86528114,33.69464894
90252018,2016,2016-08-24,9670,2016-07-27,1655,018212,NA,3,2,6,3009,0,1,3,NA,2,021,SR-22 W/B (GARDEN GROVE FREEWAY),GARDEN GROVE BLVD,1584,E,N,A,-,Y,NA,NA,22,NA,NA,NA,NA,NA,W,Y,3,0,1,3,A,-,03,22350,NA,N,C,C,A,A,H,-,A,D,0,NA,NA,NA,NA,Y,NA,A,01,0,1,0,0,0,0,0,0,0,-,-,33.77432,-118.0067,ORANGE,GARDEN GROVE,-118.0067383,33.77421039
90252555,2016,2016-08-25,9670,2016-07-29,1653,021207,NA,5,2,7,3001,0,1,1,NA,2,503,I-5 S/B,MAGNOLIA AVE,1584,S,N,A,-,Y,NA,NA,5,NA,NA,NA,NA,NA,S,Y,3,0,1,1,A,-,03,22350,NA,N,E,J,A,A,H,-,A,D,0,NA,NA,NA,NA,Y,NA,A,07,0,1,0,0,0,0,0,0,0,-,-,33.85111,-117.97056,ORANGE,ANAHEIM,-117.97053296,33.85115913
90252715,2016,2016-08-25,9670,2016-08-04,0600,012927,NA,4,1,7,3001,0,1,1,NA,2,503,I-5 S/B (SANTA ANA FWY),EUCLID ST,1056,S,N,B,-,Y,NA,NA,5,NA,NA,NA,NA,NA,S,N,3,0,1,2,A,-,07,21658,A,N,B,C,A,A,H,-,B,D,0,NA,NA,Y,NA,Y,NA,A,01,0,1,0,0,0,0,0,0,1,-,-,33.83425,-117.93682,ORANGE,ANAHEIM,-117.93682643,33.83422238
90254421,2016,2016-08-26,9690,2016-08-20,1400,018840,NA,6,2,5,3017,0,1,1,NA,2,059,I-5 N/B (SAN DIEGO FRWY),AVENIDA PICO,50,S,N,A,B,Y,NA,NA,5,NA,NA,NA,NA,NA,N,Y,4,0,1,3,A,-,01,23152,A,N,E,I,A,A,D,-,A,D,0,NA,NA,NA,NA,Y,Y,A,01,0,0,1,0,0,0,0,0,0,-,-,33.43881,-117.62181,ORANGE,SAN CLEMENTE,-117.62185749,33.43872507
90255741,2016,2016-08-29,9675,2016-08-18,1710,019942,NA,4,2,6,3004,0,1,1,NA,2,405,I-405 NORTHBOUND,HARBOR BLVD,2000,S,N,A,-,Y,NA,NA,405,NA,NA,NA,NA,NA,N,N,4,0,1,2,A,-,07,21658,A,N,B,C,A,A,H,-,A,A,0,NA,NA,Y,NA,Y,NA,A,01,0,0,1,0,0,0,0,0,1,-,-,33.68847,-117.91573,ORANGE,COSTA MESA,-117.91574904,33.68830768
90256448,2016,2016-08-30,9670,2016-08-09,1700,017858,NA,2,2,7,3001,0,1,S,NA,2,001,STATE ROUTE 91 W/B,STATE COLLEGE BOULEVARD,1600,W,N,A,-,Y,NA,NA,91,NA,NA,NA,NA,NA,W,N,4,0,5,3,A,-,03,22350,NA,N,C,C,A,A,H,-,A,D,0,NA,NA,NA,NA,Y,NA,A,01,0,0,5,0,0,0,0,0,0,-,-,33.85412,-117.89477,ORANGE,ANAHEIM,-117.89477178,33.85414375
90257454,2016,2016-08-31,9675,2016-08-30,0042,020746,NA,2,3,6,3015,0,1,3,NA,2,222,SR-22 EASTBOUND,BRISTOL ST,100,W,N,A,-,Y,NA,NA,22,NA,NA,NA,NA,NA,E,Y,3,0,2,2,A,-,01,23152,A,F,C,C,A,A,H,-,C,D,0,NA,NA,NA,NA,Y,Y,A,01,0,1,1,0,0,0,0,0,0,-,-,33.77882,-117.88508,ORANGE,ORANGE,-117.88507897,33.77894923
90259831,2016,2016-09-02,9670,2016-08-29,2255,021212,NA,1,3,7,3001,0,1,1,NA,2,502,I-5 N/B (SANTA ANA FREEWAY),HARBOR BLVD,528,S,N,A,-,Y,NA,NA,5,NA,NA,NA,NA,NA,N,Y,3,0,2,2,A,-,07,21658,A,F,E,J,A,A,H,-,D,D,0,NA,NA,NA,NA,Y,NA,-,99,0,1,1,0,0,0,0,0,0,-,-,33.813720000000004,-117.91328,ORANGE,ANAHEIM,-117.91329538,33.81370402
9026005,2019,2020-02-12,3026,2019-12-17,1056,548,CROSS,2,5,6,3026,0,0,0,NA,0,005,RESEARCH DR,BAKE PKWY,0,NA,Y,A,-,N,NA,NA,NA,NA,NA,NA,NA,NA,NA,Y,4,0,1,3,A,-,12,21453,A,N,D,C,A,A,H,-,A,A,0,NA,NA,NA,NA,Y,NA,D,22,0,0,1,0,0,0,0,0,0,-,-,33.637821197509766,-117.7368392944336,ORANGE,IRVINE,-117.73658752441406,33.639259338378906
90262497,2016,2016-09-07,9675,2016-08-31,1746,021377,NA,3,2,7,3001,0,1,3,NA,2,572,SR-57 N/B FROM BALL ROAD W/B,BALL RD,800,N,N,A,-,Y,NA,NA,57,NA,NA,NA,R,NA,N,N,4,0,3,2,A,-,03,22350,NA,N,C,C,A,A,H,-,A,A,0,NA,NA,NA,NA,Y,NA,D,22,0,0,3,0,0,0,0,0,0,-,-,33.82206,-117.87576,ORANGE,ANAHEIM,-117.87576,33.82206
90264553,2016,2016-09-09,9670,2016-08-23,0605,015927,NA,2,1,6,3009,0,1,3,NA,2,023,SR-22 W/B,MAGNOLIA STREET,1056,E,N,A,-,Y,NA,NA,22,NA,NA,NA,NA,NA,W,Y,3,0,2,3,A,-,21,22106,NA,N,B,C,A,A,H,-,A,D,0,NA,NA,NA,NA,Y,NA,-,99,0,1,1,0,0,0,0,0,0,-,-,33.76558,-117.96363,ORANGE,GARDEN GROVE,-117.96363289,33.7659682
90267063,2016,2016-09-13,9675,2016-09-06,0923,021322,NA,2,1,7,3001,0,1,3,NA,2,572,SR-57 NORTHBOUND,KATELLA AVE,68,N,N,A,-,Y,NA,NA,NA,NA,NA,NA,NA,NA,NA,Y,3,0,1,2,A,-,08,22107,NA,N,B,C,A,A,H,-,A,D,0,NA,NA,NA,Y,Y,NA,A,01,0,1,0,0,0,0,0,0,0,-,-,33.4835,-117.5244,ORANGE,ANAHEIM,-117.88011139,33.80626612
90270284,2016,2016-09-19,9675,2016-08-23,0915,013308,NA,2,1,7,3001,0,1,3,NA,2,095,SR-91 WESTBOUND TO SR-241 SOUTHBOUND,SR-91 EASTBOUND,200,S,N,A,-,Y,NA,NA,NA,NA,NA,NA,NA,NA,NA,Y,4,0,1,2,A,-,03,22350,NA,N,C,C,A,A,C,-,A,D,0,NA,NA,NA,NA,Y,NA,A,01,0,0,1,0,0,0,0,0,0,-,-,33.86224,-117.71694,ORANGE,ANAHEIM,-117.98564347,33.85648381
90272340,2016,2016-09-21,9670,2016-08-31,1032,021242,NA,3,1,5,3007,0,1,1,NA,2,040,I-405 N/B,WARNER AVE,100,S,N,A,-,Y,NA,NA,405,NA,NA,NA,NA,NA,N,Y,3,0,1,2,A,-,03,22350,NA,N,C,C,A,B,H,-,A,D,0,NA,NA,NA,NA,Y,NA,A,01,0,1,0,0,0,0,0,0,0,-,-,33.71615,-117.96696,ORANGE,FOUNTAIN VALLEY,-117.96701421,33.71608459
90273416,2016,2016-09-22,9675,2016-09-14,1840,021377,NA,3,2,7,3001,0,1,3,NA,2,572,SR-57 SOUTHBOUND,KATELLA AVE,1500,S,N,A,-,Y,NA,NA,57,NA,NA,NA,NA,NA,S,Y,4,0,3,3,A,-,03,22350,NA,N,C,C,A,A,H,-,A,D,0,NA,NA,NA,NA,Y,NA,A,01,0,0,3,0,0,0,0,0,0,-,-,33.801,-117.87878,ORANGE,ANAHEIM,-117.87868392,33.80105502
9027350,2020,2020-02-24,3010,2020-01-26,1508,1261,242,7,5,6,3010,0,0,0,NA,0,009,EDINGER,PARKSIDE,0,NA,Y,B,-,N,NA,NA,NA,NA,NA,NA,NA,NA,NA,N,4,0,1,2,A,-,12,21453,A,N,D,C,A,A,H,-,A,A,0,NA,NA,NA,NA,Y,NA,A,07,0,0,1,0,0,0,0,0,0,-,-,NA,NA,ORANGE,HUNTINGTON BEACH,-117.99166870117188,33.73025894165039
90274703,2016,2016-09-23,9670,2016-09-14,1500,018867,NA,3,2,5,3007,0,1,1,NA,2,040,I-405 N/B,EUCLID AVE,500,N,N,A,-,Y,NA,NA,405,NA,NA,NA,NA,NA,N,Y,4,0,1,2,A,-,03,22350,NA,N,C,C,A,A,H,-,A,D,0,NA,NA,NA,NA,Y,NA,A,01,0,0,1,0,0,0,0,0,0,-,-,33.69654,-117.93707,ORANGE,FOUNTAIN VALLEY,-117.93703407,33.69662293
9027543,2020,2020-02-28,3000,2020-01-27,1813,8715,797H2,1,5,4,3021,0,0,0,NA,0,321,LOWDEN ST,BOCK AV,4,S,N,A,-,N,NA,NA,NA,NA,NA,NA,NA,NA,NA,Y,4,0,1,1,A,-,08,22107,A,M,F,I,A,A,H,-,C,D,0,NA,NA,NA,NA,Y,NA,D,22,0,0,1,0,0,0,0,0,0,-,-,NA,NA,ORANGE,STANTON,-118.00568389892578,33.805965423583984
90276708,2016,2016-09-27,9670,2016-09-16,1800,018212,NA,5,2,4,3020,0,1,1,NA,2,450,I-405 S/B (SAN DIEGO FREEWAY),SR-22 E/B,3168,N,N,A,-,Y,NA,NA,405,NA,NA,NA,NA,NA,S,Y,4,0,1,6,A,-,03,22350,NA,N,C,C,A,A,H,-,A,D,0,NA,NA,NA,NA,Y,NA,A,07,0,0,1,0,0,0,0,0,0,-,-,33.77395,-118.05594,ORANGE,SEAL BEACH,-118.05594,33.77422484
9027765,2019,2020-01-31,3001,2019-11-14,1751,A2187,NA,4,5,7,3001,0,0,0,NA,0,0D2,ORANGETHORPE AV,RAYMOND AV,306,W,N,A,-,N,NA,NA,NA,NA,NA,NA,NA,NA,NA,Y,3,0,1,2,A,-,09,21804,A,N,A,C,A,A,H,-,C,D,0,NA,NA,NA,NA,Y,NA,D,22,0,1,0,0,0,0,0,0,0,-,-,33.85824966430664,-117.90611267089844,ORANGE,ANAHEIM,-117.90777587890624,33.859561920166016
9027769,2019,2020-02-01,3001,2019-11-03,1920,A1278,NA,7,5,7,3001,0,0,0,NA,0,0D3,BALL RD,STATE COLLEGE BL,193,E,N,A,-,N,NA,NA,NA,NA,NA,NA,NA,NA,NA,N,4,0,5,2,A,-,03,22350,NA,N,C,C,A,A,H,-,C,A,0,NA,NA,NA,NA,Y,NA,D,22,0,0,5,0,0,0,0,0,0,-,-,33.818111419677734,-117.8891372680664,ORANGE,ANAHEIM,-117.88875579833984,33.81809616088867
90278778,2016,2016-09-29,9675,2016-09-23,1727,016984,NA,5,2,6,3026,0,1,1,NA,2,406,I-405 SOUTHBOUND,MACARTHUR BLVD,1000,S,N,A,-,Y,NA,NA,NA,NA,NA,NA,NA,NA,NA,Y,3,0,1,2,A,-,07,21658,A,N,B,C,A,A,H,-,A,D,0,NA,NA,Y,NA,Y,NA,A,01,0,1,0,0,0,0,0,0,1,-,-,33.68042,-117.85705,ORANGE,IRVINE,-117.85704,33.68259
90279333,2016,2016-09-29,9675,2016-09-23,1855,019407,NA,5,2,7,3001,0,1,3,NA,2,093,SR-91 WESTBOUND,KRAEMER BLVD,690,W,N,A,-,Y,NA,NA,91,NA,NA,NA,NA,NA,W,Y,4,0,1,3,A,-,03,22350,NA,N,C,C,A,A,H,-,A,D,0,NA,NA,NA,Y,Y,NA,G,25,0,0,1,0,0,0,0,0,0,-,-,33.84674,-117.86033,ORANGE,ANAHEIM,-117.86035501,33.84684605
90280723,2016,2016-09-30,9675,2016-09-16,1840,021349,NA,5,2,5,3016,0,1,3,NA,2,570,YORBA LINDA BLVD,MCCORMACK LANE,30,W,N,A,-,N,NA,NA,NA,NA,NA,NA,NA,NA,NA,Y,4,0,1,3,A,-,03,22350,NA,N,C,C,A,A,H,-,C,A,0,NA,NA,NA,NA,Y,NA,A,01,0,0,1,0,0,0,0,0,0,-,-,33.88929,-117.84832,ORANGE,PLACENTIA,-117.8483886,33.88941847
90282517,2016,2016-10-03,9675,2016-09-23,1955,021297,NA,5,2,5,3022,0,1,1,NA,2,503,I-5 NORTHBOUND,RED HILL AVE,800,S,N,A,-,Y,NA,NA,5,NA,NA,NA,NA,NA,N,Y,4,0,2,2,A,-,03,22350,NA,N,C,C,A,A,H,-,C,D,0,NA,NA,NA,NA,Y,NA,A,01,0,0,2,0,0,0,0,0,0,-,-,33.72899,-117.8087,ORANGE,TUSTIN,-117.80866524,33.72903975
90282621,2016,2017-08-07,9675,2016-09-28,1429,021397,NA,3,2,6,3004,0,1,3,NA,2,553,SR-55 NORTHBOUND,I-405 NORTHBOUND,400,N,N,A,-,Y,NA,NA,55,NA,NA,NA,NA,NA,N,Y,4,0,3,2,A,-,07,21658,A,N,B,C,A,A,H,-,A,D,0,NA,NA,NA,NA,Y,NA,A,01,0,0,3,0,0,0,0,0,0,-,-,33.68874,-117.87079,ORANGE,COSTA MESA,-117.87086861,33.68881746
90285970,2016,2016-10-06,9670,2016-09-23,1340,021207,NA,5,1,7,3001,0,1,3,NA,2,094,SR-91 E/B (RIVERSIDE FREEWAY),ANAHEIM BLVD.,1584,W,N,A,-,Y,NA,NA,91,NA,NA,NA,NA,NA,E,N,4,0,1,3,A,-,03,22350,NA,N,C,C,A,A,H,-,A,D,0,NA,NA,NA,NA,Y,NA,D,22,0,0,1,0,0,0,0,0,0,-,-,33.85405,-117.92154,ORANGE,ANAHEIM,-117.92153657,33.85401115
90286623,2016,2016-10-07,9675,2016-10-03,1545,020627,NA,1,2,6,3008,0,1,3,NA,2,570,SR-57 SOUTHBOUND,ROLLING HILLS RD,300,S,N,A,-,Y,NA,NA,NA,NA,NA,NA,NA,NA,NA,Y,4,0,1,3,A,-,03,22350,NA,N,C,C,A,A,H,-,A,D,0,NA,NA,NA,NA,Y,NA,A,01,0,0,1,0,0,0,0,0,0,-,-,33.5411,-117.52519,ORANGE,FULLERTON,-117.88115882,33.90267993
90287378,2016,2016-10-10,9670,2016-09-23,1545,020325,NA,5,2,7,3001,0,1,1,NA,2,502,I-5 N/B,NORTH ROAD EDGE OF BALL RD.,120,S,N,A,-,Y,NA,NA,5,NA,NA,NA,NA,NA,N,Y,4,0,1,1,A,-,08,22107,NA,N,E,I,A,A,H,-,A,D,0,NA,NA,NA,NA,Y,NA,A,07,0,0,1,0,0,0,0,0,0,-,-,33.8181,-117.91789,ORANGE,ANAHEIM,-117.91786857,33.81812224
9029150,2019,2020-02-04,3000,2019-11-21,1555,2742,973A6,4,5,5,3017,0,0,0,NA,0,778,AVENIDA VISTA HERMOSA,AVENIDA LA PATA,0,NA,Y,A,-,N,NA,NA,NA,NA,NA,NA,NA,NA,NA,N,2,0,1,2,D,-,00,NA,NA,N,H,G,A,A,H,-,A,A,0,NA,Y,NA,NA,Y,NA,-,-,1,0,0,0,0,0,1,0,0,-,-,NA,NA,ORANGE,SAN CLEMENTE,-117.60475158691406,33.463890075683594
90294795,2016,2016-10-18,9675,2016-10-10,1420,018834,NA,1,2,6,3004,0,1,1,NA,2,405,I-405 NORTHBOUND,HARBOR BLVD,200,N,N,A,-,Y,NA,NA,405,NA,NA,NA,NA,NA,N,Y,4,0,4,5,A,-,03,22350,NA,N,C,C,A,A,H,-,A,D,0,NA,NA,NA,NA,Y,NA,A,07,0,0,4,0,0,0,0,0,0,-,-,33.68989,-117.92054,ORANGE,COSTA MESA,-117.92057058,33.68981563
90294881,2016,2016-10-18,9675,2016-10-11,1745,021349,NA,2,2,6,3026,0,1,1,NA,2,504,I-5 NORTHBOUND (TRUCK BYPASS),BAKE PKWY,300,N,N,A,-,Y,NA,NA,5,NA,NA,NA,NA,NA,N,N,4,0,1,3,A,-,03,22350,NA,N,C,C,A,A,H,-,A,D,0,NA,NA,NA,NA,Y,NA,D,22,0,0,1,0,0,0,0,0,0,-,-,33.64159,-117.73179,ORANGE,IRVINE,-117.73216257,33.64128225
90295480,2016,2016-10-19,9670,2016-10-09,1010,018757,NA,7,1,3,3013,0,1,1,NA,2,060,I-605 N/B,KATELLA AVE,3300,S,N,A,-,Y,NA,NA,605,NA,NA,NA,NA,NA,N,Y,2,0,1,1,A,-,03,22350,NA,N,F,I,A,A,H,-,A,D,0,NA,NA,Y,NA,Y,NA,C,02,1,0,0,0,0,0,0,0,1,-,-,33.79775,-118.08577,ORANGE,LOS ALAMITOS,-118.08576129,33.79774662
90296001,2016,2016-10-19,9670,2016-10-05,1600,015587,NA,3,2,5,3003,0,1,3,NA,2,092,SR-91 E/B (RIVERSIDE FREEWAY),VALLEY VIEW STREET,144,E,N,A,-,Y,NA,NA,91,NA,NA,NA,NA,NA,E,Y,3,0,2,3,A,-,03,22350,NA,N,C,C,A,A,H,-,A,D,0,NA,NA,NA,NA,Y,NA,A,07,0,2,0,0,0,0,0,0,0,-,-,33.85631,-118.02798,ORANGE,BUENA PARK,-118.0279478,33.85642772
9029746,2019,2020-02-12,3009,2019-12-22,1310,4282,065,7,5,6,3009,0,0,0,NA,0,1-1,NEWLAND ST,GARDEN GROVE BL,43,S,N,A,-,N,NA,NA,NA,NA,NA,NA,NA,NA,NA,N,4,0,1,2,A,-,08,22107,NA,N,B,C,A,A,H,-,A,A,0,NA,NA,NA,NA,Y,NA,D,22,0,0,1,0,0,0,0,0,0,-,-,NA,NA,ORANGE,GARDEN GROVE,-117.98119354248048,33.77382278442383
90297760,2016,2016-10-21,9675,2016-10-13,1930,018087,NA,4,2,5,3022,0,1,1,NA,2,503,I-5 N/B,JAMBOREE ROAD,580,N,N,A,-,Y,NA,NA,5,NA,NA,NA,NA,NA,N,Y,4,0,1,3,A,-,03,22350,NA,N,C,C,A,A,H,-,D,D,0,NA,NA,NA,NA,Y,NA,A,01,0,0,1,0,0,0,0,0,0,-,-,33.72097,-117.79654,ORANGE,TUSTIN,-117.79663425,33.72083249
90299920,2016,2016-10-25,9675,2016-10-17,0024,021394,NA,1,3,6,3015,0,1,3,NA,2,550,SR-55 SOUTHBOUND,WALNUT AVE,150,N,N,A,-,Y,NA,NA,55,NA,NA,NA,NA,NA,S,Y,4,0,1,2,A,-,07,21658,A,N,B,C,A,A,H,-,C,D,0,NA,NA,NA,NA,Y,NA,A,08,0,0,1,0,0,0,0,0,0,-,-,33.79491,-117.83114,ORANGE,ORANGE,-117.83107696,33.7949101
90299947,2016,2016-10-25,9675,2016-10-20,1720,021349,NA,4,2,7,3001,0,1,3,NA,2,093,SR-91 WESTBOUND,TUSTIN AVE,10,W,N,A,-,Y,NA,NA,91,NA,NA,NA,NA,NA,W,Y,4,0,1,2,A,-,03,22350,NA,N,C,C,A,A,H,-,A,D,0,NA,NA,Y,NA,Y,NA,C,02,0,0,1,0,0,0,0,0,1,-,-,33.85139,-117.8383,ORANGE,ANAHEIM,-117.83831386,33.85133714
90300010,2016,2016-10-25,9670,2016-10-04,0450,021212,NA,2,3,7,3001,0,1,1,NA,2,503,I-5 S/B,LINCOLN AVENUE,200,S,N,A,-,Y,NA,NA,5,NA,NA,NA,NA,NA,S,Y,3,0,2,5,A,-,03,22350,NA,N,C,C,A,A,H,-,D,D,0,NA,NA,NA,NA,Y,NA,A,01,0,1,1,0,0,0,0,0,0,-,-,33.83195,-117.93179,ORANGE,ANAHEIM,-117.93187042,33.8318578
90302533,2016,2016-10-27,9675,2016-09-28,0406,018102,NA,3,3,7,3001,0,1,3,NA,2,093,SR-91 WESTBOUND,LA PALMA AVENUE,460,W,N,A,-,Y,NA,NA,91,NA,NA,NA,NA,NA,W,Y,2,0,1,3,A,-,03,22350,NA,N,C,B,E,A,H,-,C,D,0,Y,NA,NA,Y,Y,NA,G,25,1,0,0,0,1,0,0,0,0,-,-,33.85035,-117.8769,ORANGE,ANAHEIM,-117.87688168,33.85038968
90305519,2016,2016-10-28,9670,2016-10-07,2035,021139,NA,5,2,7,3001,0,1,3,NA,2,193,SR-91 WESTBOUND,BROOKHURST STREET,394,E,N,A,-,Y,NA,NA,91,NA,NA,NA,NA,NA,W,Y,2,0,3,3,A,-,01,23152,A,N,C,B,E,A,C,-,D,D,0,Y,NA,NA,NA,Y,Y,A,08,3,0,0,0,1,0,0,0,0,-,-,33.85377,-117.95824,ORANGE,ANAHEIM,-117.95824434,33.85401053