CASE_ID,ACCIDENT_YEAR,PROC_DATE,JURIS,COLLISION_DATE,COLLISION_TIME,OFFICER_ID,REPORTING_DISTRICT,DAY_OF_WEEK,CHP_SHIFT,POPULATION,CNTY_CITY_LOC,SPECIAL_COND,BEAT_TYPE,CHP_BEAT_TYPE,CITY_DIVISION_LAPD,CHP_BEAT_CLASS,BEAT_NUMBER,PRIMARY_RD,SECONDARY_RD,DISTANCE,DIRECTION,INTERSECTION,WEATHER_1,WEATHER_2,STATE_HWY_IND,CALTRANS_COUNTY,CALTRANS_DISTRICT,STATE_ROUTE,ROUTE_SUFFIX,POSTMILE_PREFIX,POSTMILE,LOCATION_TYPE,RAMP_INTERSECTION,SIDE_OF_HWY,TOW_AWAY,COLLISION_SEVERITY,NUMBER_KILLED,NUMBER_INJURED,PARTY_COUNT,PRIMARY_COLL_FACTOR,PCF_CODE_OF_VIOL,PCF_VIOL_CATEGORY,PCF_VIOLATION,PCF_VIOL_SUBSECTION,HIT_AND_RUN,TYPE_OF_COLLISION,MVIW,PED_ACTION,ROAD_SURFACE,ROAD_COND_1,ROAD_COND_2,LIGHTING,CONTROL_DEVICE,CHP_ROAD_TYPE,PEDESTRIAN_ACCIDENT,BICYCLE_ACCIDENT,MOTORCYCLE_ACCIDENT,TRUCK_ACCIDENT,NOT_PRIVATE_PROPERTY,ALCOHOL_INVOLVED,STWD_VEHTYPE_AT_FAULT,CHP_VEHTYPE_AT_FAULT,COUNT_SEVERE_INJ,COUNT_VISIBLE_INJ,COUNT_COMPLAINT_PAIN,COUNT_PED_KILLED,COUNT_PED_INJURED,COUNT_BICYCLIST_KILLED,COUNT_BICYCLIST_INJURED,COUNT_MC_KILLED,COUNT_MC_INJURED,PRIMARY_RAMP,SECONDARY_RAMP,LATITUDE,LONGITUDE,COUNTY,CITY,POINT_X,POINT_Y
90625985,2017,2017-12-26,9675,2017-12-15,2135,018272,NA,5,2,6,3004,0,1,3,NA,2,553,SR-55 S/B (COSTA MESA FREEWAY),BAY ST.,1000,N,N,A,-,Y,NA,NA,55,NA,NA,NA,NA,NA,S,Y,4,0,1,3,A,-,03,22350,NA,N,C,C,A,A,H,-,D,D,0,NA,NA,NA,NA,Y,NA,A,01,0,0,1,0,0,0,0,0,0,-,-,33.64975,-117.91091,ORANGE,COSTA MESA,-117.91080397,33.64964579
90626431,2017,2017-12-26,9690,2017-12-14,0710,015109,NA,4,1,9,3000,0,1,3,NA,1,074,SR 74 W/B (ORTEGA HWY),NICHOLS INSTITUTE,440,W,N,A,-,Y,NA,NA,74,NA,NA,NA,NA,NA,W,Y,3,0,5,4,A,-,03,22350,NA,N,C,C,A,A,H,-,A,D,0,NA,NA,NA,NA,Y,NA,A,01,0,1,4,0,0,0,0,0,0,-,-,33.56168,-117.547,ORANGE,UNINCORPORATED,-117.54694194,33.5616521
9062752,2020,2020-07-07,3009,2020-02-15,0016,4498,154,6,5,6,3009,0,0,0,NA,0,2 2,HASTER ST,GARDEN GROVE BL,0,NA,Y,A,-,N,NA,NA,NA,NA,NA,NA,NA,NA,NA,Y,4,0,1,3,D,-,00,NA,NA,N,D,C,A,A,H,-,C,A,0,NA,NA,NA,NA,Y,NA,-,-,0,0,1,0,0,0,0,0,0,-,-,NA,NA,ORANGE,GARDEN GROVE,-117.9061279296875,33.77450942993164
9062772,2020,2020-09-30,3009,2020-02-25,1546,4720,004,2,5,6,3009,0,0,0,NA,0,011,VALLEY VIEW ST,RT 22,0,NA,Y,A,-,Y,ORA,12,22,-,R,1.202,R,4,W,Y,3,0,1,2,A,-,12,21453,A,N,F,C,A,A,H,-,A,A,0,NA,NA,NA,NA,Y,NA,A,01,0,1,0,0,0,0,0,0,0,-,WF,NA,NA,ORANGE,GARDEN GROVE,-118.03279876708984,33.77442932128906
90629893,2017,2017-12-29,9675,2017-12-23,1725,021690,NA,6,2,6,3004,0,1,3,NA,2,553,SR-55 SOUTHBOUND,MACARTHUR BLVD,800,S,N,A,-,Y,NA,NA,55,NA,NA,NA,NA,NA,S,N,4,0,4,2,A,-,03,22350,NA,N,C,C,A,A,H,-,C,D,0,NA,NA,NA,NA,Y,NA,A,01,0,0,4,0,0,0,0,0,0,-,-,33.69471,-117.86577,ORANGE,COSTA MESA,-117.8654976,33.69443474
90630241,2017,2018-01-01,9675,2017-12-15,1910,021297,NA,5,2,6,3015,0,1,3,NA,2,551,SR-55 SOUTHBOUND,SR-22 WESTBOUND,1000,N,N,A,-,Y,NA,NA,55,NA,NA,NA,NA,NA,S,N,4,0,2,2,A,-,03,22350,NA,F,C,C,A,A,H,-,C,D,0,NA,NA,NA,NA,Y,Y,-,99,0,0,2,0,0,0,0,0,0,-,-,33.78227,-117.8314,ORANGE,ORANGE,-117.83124567,33.78226963
90630247,2017,2018-05-11,9675,2017-12-17,2020,021690,NA,7,2,6,3026,0,1,1,NA,2,504,I-5 NORTHBOUND,BAKE PKWY,400,S,N,A,-,Y,NA,NA,5,NA,NA,NA,NA,NA,N,Y,4,0,1,5,A,-,03,22350,NA,N,C,C,A,A,H,-,C,D,0,NA,NA,NA,NA,Y,NA,A,01,0,0,1,0,0,0,0,0,0,-,-,33.63538,-117.72742,ORANGE,IRVINE,-117.72744913,33.63535632
9063027,2020,2020-05-22,3009,2020-01-25,2031,4498,116,6,5,6,3009,0,0,0,NA,0,023,WESTMINSTER,LAKE,150,W,N,A,-,N,NA,NA,NA,NA,NA,NA,NA,NA,NA,N,3,0,1,2,D,-,00,NA,NA,M,G,B,F,A,H,-,C,D,0,Y,NA,NA,NA,Y,NA,-,-,0,1,0,0,1,0,0,0,0,-,-,NA,NA,ORANGE,GARDEN GROVE,-117.94479370117188,33.75965881347656
90630380,2017,2018-01-01,9675,2017-12-25,1542,021716,NA,1,2,7,3001,0,1,3,NA,2,093,SR-91 EASTBOUND FROM GLASSEL ST. N/B,GLASSELL ST,520,E,N,A,-,Y,NA,NA,91,NA,NA,NA,R,NA,E,Y,4,0,2,2,A,-,03,22350,NA,N,C,C,A,A,H,-,B,A,0,NA,NA,NA,NA,Y,NA,A,01,0,0,2,0,0,0,0,0,0,-,-,33.84795,-117.85311,ORANGE,ANAHEIM,-117.85311,33.84795
90630414,2017,2018-01-01,9675,2017-12-27,1900,021716,NA,3,2,7,3001,0,1,3,NA,2,572,SR-57 NORTHBOUND,KATELLA AVE,2300,S,N,A,-,Y,NA,NA,57,NA,NA,NA,NA,NA,N,Y,4,0,4,3,A,-,03,22350,NA,N,C,C,A,A,H,-,C,D,0,NA,NA,NA,NA,Y,NA,A,07,0,0,4,0,0,0,0,0,0,-,-,33.80101,-117.87835,ORANGE,ANAHEIM,-117.87839112,33.80098405
90632035,2017,2018-01-03,9675,2017-12-22,1631,019942,NA,5,2,7,3001,0,1,3,NA,2,194,SR-91 WESTBOUND,IMPERIAL HWY.,1050,E,N,A,-,Y,NA,NA,91,NA,NA,NA,NA,NA,W,Y,2,0,3,2,A,-,03,22350,NA,N,D,C,A,A,H,-,A,D,0,NA,NA,NA,NA,Y,NA,A,01,1,0,2,0,0,0,0,0,0,-,-,33.85688,-117.78443,ORANGE,ANAHEIM,-117.78448518,33.85699137
90635891,2017,2018-01-09,9670,2017-07-09,2329,020597,NA,7,3,7,3001,0,1,1,NA,2,503,INTERSTATE 5 SOUTHBOUND,SANTA ANA STREET,186,S,N,A,-,Y,NA,NA,5,NA,NA,NA,NA,NA,S,Y,3,0,1,1,C,-,18,NA,NA,N,E,I,A,A,H,-,C,D,0,NA,NA,NA,NA,Y,NA,-,-,0,1,0,0,0,0,0,0,0,-,-,33.82728,-117.92673,ORANGE,ANAHEIM,-117.92689299,33.82712567
90637043,2017,2018-01-10,9670,2017-12-29,1846,021286,NA,5,2,4,3020,0,1,1,NA,2,044,I-405 NORTHBOUND (SAN DIEGO FWY),SR-22 W/B O/C,1584,S,N,B,-,Y,NA,NA,405,NA,NA,NA,NA,NA,N,Y,4,0,1,3,A,-,03,22350,NA,N,C,C,A,A,H,-,C,D,0,NA,NA,NA,NA,Y,NA,A,01,0,0,1,0,0,0,0,0,0,-,-,33.77413,-118.08218,ORANGE,SEAL BEACH,-118.08218,33.77453484
90637520,2018,2018-01-10,9675,2018-01-03,1940,021435,NA,3,2,7,3001,0,1,3,NA,2,572,SR-57 SOUTHBOUND,WAGNER AVE,1800,N,N,A,-,Y,NA,NA,57,NA,NA,NA,NA,NA,S,Y,2,0,1,1,A,-,08,22107,NA,N,E,I,A,A,H,-,C,D,0,NA,NA,NA,NA,Y,NA,A,01,1,0,0,0,0,0,0,0,0,-,-,33.83034133911133,-117.87638092041016,ORANGE,ANAHEIM,-117.87628173828124,33.83033752441406
9063812,2020,2020-03-19,3022,2020-02-17,1311,1362,NA,1,5,5,3022,0,0,0,NA,0,NA,NEWPORT AV,1ST ST,298,S,N,A,-,N,NA,NA,NA,NA,NA,NA,NA,NA,NA,N,4,0,2,2,A,-,09,21804,A,N,D,C,A,A,H,-,A,A,0,NA,NA,NA,NA,Y,NA,A,01,0,0,2,0,0,0,0,0,0,-,-,33.745601654052734,-117.81472778320313,ORANGE,TUSTIN,-117.81541442871094,33.74483871459961
9063948,2020,2020-03-16,3022,2020-02-06,1813,1355,NORTH,4,5,5,3022,0,0,0,NA,0,NA,1ST ST,PACIFIC ST,0,NA,Y,A,-,N,NA,NA,NA,NA,NA,NA,NA,NA,NA,N,4,0,1,2,D,-,00,NA,NA,N,G,B,B,A,H,-,C,A,0,Y,NA,NA,NA,Y,NA,-,-,0,0,1,0,1,0,0,0,0,-,-,33.7457389831543,-117.82968139648438,ORANGE,TUSTIN,-117.83000183105467,33.74563980102539
90641041,2018,2018-01-16,9690,2018-01-11,1915,017988,NA,4,2,9,3000,0,1,3,NA,1,074,SR 74 (ORTEGA HWY),GIBBY ROAD,2640,W,N,A,-,N,NA,NA,74,NA,NA,NA,NA,NA,NA,Y,4,0,1,2,A,-,05,21651,A,N,D,C,A,A,H,-,D,D,0,NA,NA,NA,NA,Y,NA,A,01,0,0,1,0,0,0,0,0,0,-,-,33.5146598815918,-117.58721160888672,ORANGE,UNINCORPORATED,-117.58721160888672,33.51465606689453
90646173,2018,2018-01-24,9670,2018-01-22,0805,021935,NA,1,1,5,3024,0,1,1,NA,2,043,I-405 S/B,EDWARDS ST,350,S,N,A,-,Y,NA,NA,405,NA,NA,NA,NA,NA,S,N,4,0,1,2,A,-,03,22350,NA,N,C,C,A,A,H,-,A,D,0,NA,NA,NA,NA,Y,NA,A,01,0,0,1,0,0,0,0,0,0,-,-,33.752891540527344,-118.01470947265624,ORANGE,WESTMINSTER,-118.01475524902344,33.752838134765625
90649805,2017,2018-01-29,9675,2017-12-02,0800,016748,NA,6,1,7,3001,0,1,3,NA,2,571,STATE ROUTE 57 SB TO STATE ROUTE 91 WB,MIRA LOMA STREET,880,S,N,A,-,Y,NA,NA,NA,NA,NA,NA,NA,NA,NA,Y,1,1,0,1,A,-,08,22107,NA,N,E,I,A,A,H,-,A,D,0,NA,NA,NA,NA,Y,NA,A,01,0,0,0,0,0,0,0,0,0,-,-,33.51054,-117.52368,ORANGE,ANAHEIM,NA,NA
90652975,2018,2018-02-01,9675,2018-01-26,1432,021691,NA,5,2,7,3001,0,1,3,NA,2,572,SR-57 SOUTHBOUND,ORANGEWOOD AVE,100,N,N,A,-,Y,NA,NA,57,NA,NA,NA,NA,NA,S,Y,4,0,1,4,A,-,08,22107,NA,N,B,C,A,A,H,-,A,D,0,NA,NA,NA,NA,Y,NA,A,07,0,0,1,0,0,0,0,0,0,-,-,33.796138763427734,-117.87785339355467,ORANGE,ANAHEIM,-117.87789154052734,33.79615020751953
90653269,2018,2018-02-01,9675,2018-01-27,1315,021690,NA,6,1,6,3026,0,1,1,NA,2,503,I-5 NORTHBOUND,YALE AVE,100,S,N,A,-,Y,NA,NA,5,NA,NA,NA,NA,NA,N,Y,4,0,1,3,A,-,03,22350,NA,N,C,C,A,A,H,-,A,D,0,NA,NA,NA,NA,Y,NA,A,07,0,0,1,0,0,0,0,0,0,-,-,33.70309066772461,-117.77661895751952,ORANGE,IRVINE,-117.77674102783205,33.70301055908203
90653484,2018,2018-02-01,9675,2018-01-31,1825,021322,NA,3,2,5,3016,0,1,3,NA,2,571,SR-57 NORTHBOUND,ORANGETHORPE AVE,600,N,N,A,-,Y,NA,NA,57,NA,NA,NA,NA,NA,N,Y,4,0,1,3,A,-,03,22350,NA,N,C,C,A,A,H,-,C,D,0,NA,NA,NA,NA,Y,NA,A,01,0,0,1,0,0,0,0,0,0,-,-,33.862308502197266,-117.87734222412108,ORANGE,PLACENTIA,-117.8774185180664,33.86228561401367
90653897,2018,2018-02-02,9670,2018-01-05,1735,018867,NA,5,2,6,3009,0,1,3,NA,2,025,SR-22 W/B,GARDEN GROVE BLVD,200,W,N,A,-,Y,NA,NA,22,NA,NA,NA,NA,NA,W,Y,4,0,1,4,A,-,03,22350,NA,N,C,C,A,A,H,-,D,D,0,NA,NA,NA,NA,Y,NA,A,07,0,0,1,0,0,0,0,0,0,-,-,33.77347183227539,-117.90766143798828,ORANGE,GARDEN GROVE,-117.9075164794922,33.7731819152832
90654670,2018,2018-02-05,9670,2018-01-26,1515,021900,NA,5,2,5,3024,0,1,1,NA,2,043,I-405 S/B,SPRINGDALE ST. O/C,600,N,N,A,-,Y,NA,NA,405,NA,NA,NA,NA,NA,S,Y,4,0,1,2,A,-,03,22350,NA,N,C,C,A,A,H,-,A,D,0,NA,NA,NA,NA,Y,NA,A,01,0,0,1,0,0,0,0,0,0,-,-,33.76226043701172,-118.02597045898438,ORANGE,WESTMINSTER,-118.02597045898438,33.76225662231445
90655367,2018,2018-02-05,9675,2018-02-01,0820,017773,NA,4,1,9,3000,0,3,5,NA,2,004,IRVINE AVE S/B,BAY VIEW TER,145,S,N,A,-,N,NA,NA,NA,NA,NA,NA,NA,NA,NA,Y,4,0,1,5,A,-,03,22350,NA,N,C,C,A,A,H,-,A,D,0,NA,NA,NA,NA,Y,NA,A,07,0,0,1,0,0,0,0,0,0,-,-,33.65412902832031,-117.88881683349608,ORANGE,UNINCORPORATED,-117.88884735107422,33.65409469604492
90655571,2018,2018-02-06,9675,2018-01-30,0556,021984,NA,2,3,7,3019,0,1,1,NA,2,502,I-5 SOUTHBOUND,1ST ST,50,N,N,A,-,Y,NA,NA,5,NA,NA,NA,NA,NA,S,Y,4,0,1,6,A,-,03,22350,NA,N,C,C,A,A,H,-,B,D,0,NA,NA,NA,NA,Y,NA,A,07,0,0,1,0,0,0,0,0,0,-,-,33.74557113647461,-117.84246063232422,ORANGE,SANTA ANA,-117.8425064086914,33.74554443359375
90656126,2018,2018-02-06,9690,2018-02-02,0805,017932,NA,5,1,5,3028,0,1,1,NA,2,056,I-5 N/B (SDF) FROM OSO PARKWAY,OSO PARKWAY,15,N,N,A,-,Y,NA,NA,NA,NA,NA,NA,NA,NA,NA,Y,4,0,1,2,A,-,03,22350,NA,N,C,C,A,A,H,-,A,A,0,NA,NA,NA,NA,Y,NA,A,01,0,0,1,0,0,0,0,0,0,-,-,33.34489822387695,-117.40090942382813,ORANGE,MISSION VIEJO,-117.67162322998048,33.5802116394043
90656215,2018,2018-02-06,9670,2018-02-05,0620,016194,NA,1,1,4,3020,0,1,1,NA,2,045,I-405 S/B,SEAL BEACH BLVD,1056,S,N,B,-,Y,NA,NA,405,NA,NA,NA,NA,NA,S,Y,4,0,1,3,A,-,03,22350,NA,N,C,C,A,A,H,-,C,D,0,NA,NA,NA,NA,Y,NA,A,01,0,0,1,0,0,0,0,0,0,-,-,33.7740592956543,-118.06925964355467,ORANGE,SEAL BEACH,-118.06925964355467,33.774234771728516
90656510,2018,2018-02-07,9670,2018-01-23,2020,021071,NA,2,2,5,3003,0,1,3,NA,2,092,SR-91 E/B,VALLEY VIEW ST,100,W,N,A,-,Y,NA,NA,91,NA,NA,NA,NA,NA,E,Y,4,0,1,2,A,-,03,22350,NA,N,C,C,A,A,H,-,C,D,0,NA,NA,NA,NA,Y,NA,A,01,0,0,1,0,0,0,0,0,0,-,-,33.85636901855469,-118.02764892578124,ORANGE,BUENA PARK,-118.02765655517578,33.856346130371094
90657016,2018,2018-02-07,9675,2018-01-30,0001,018039,NA,2,3,6,3015,0,1,3,NA,2,550,SR-55 N/B FROM SANTIAGO BLVD.,SANTIAGO BLVD,5,N,N,A,-,Y,NA,NA,55,NA,NA,NA,R,NA,N,Y,4,0,1,1,A,-,08,22107,NA,N,E,I,A,A,H,-,C,A,0,NA,NA,NA,NA,Y,NA,A,01,0,0,1,0,0,0,0,0,0,-,-,33.834190368652344,-117.83394622802734,ORANGE,ORANGE,-117.83394622802734,33.834190368652344
90657042,2018,2018-02-07,9670,2018-01-05,1600,018867,NA,5,2,6,3009,0,1,3,NA,2,025,SR-22 W/B,GARDEN GROVE BLVD,50,W,N,A,-,Y,NA,NA,22,NA,NA,NA,NA,NA,W,N,4,0,1,4,A,-,03,22350,NA,N,C,C,A,A,H,-,A,D,0,NA,NA,NA,NA,Y,NA,A,01,0,0,1,0,0,0,0,0,0,-,-,33.773529052734375,-117.90699768066406,ORANGE,GARDEN GROVE,-117.90696716308594,33.773460388183594
90657613,2018,2018-02-08,9690,2018-02-06,0730,016430,NA,2,1,5,3028,0,1,1,NA,2,055,I-5 N/B (SAN DIEGO FRWY),ALICIA PKWY,1584,S,N,A,-,Y,NA,NA,5,NA,NA,NA,NA,NA,N,Y,4,0,1,2,A,-,03,22350,NA,N,C,C,A,A,H,-,A,D,0,NA,NA,NA,NA,Y,NA,A,01,0,0,1,0,0,0,0,0,0,-,-,33.60142135620117,-117.68427276611328,ORANGE,MISSION VIEJO,-117.68426513671876,33.60143280029297
9066205,2020,2020-07-17,3015,2020-03-15,1725,1569,65W,7,5,6,3015,0,0,0,NA,0,332,SHAFFER ST,WILSON AV N,0,NA,Y,A,-,N,NA,NA,NA,NA,NA,NA,NA,NA,NA,Y,3,0,1,2,A,-,09,21802,A,N,D,C,A,A,H,-,A,D,0,NA,NA,Y,NA,Y,NA,A,01,0,1,0,0,0,0,0,0,1,-,-,33.80723190307617,-117.84879302978516,ORANGE,ORANGE,-117.84874725341795,33.807289123535156
9066214,2020,2020-07-17,3015,2020-03-15,2000,1652,RD35,7,5,6,3015,0,0,0,NA,0,721M,KATELLA AV,MAIN ST,234,E,N,B,-,N,NA,NA,NA,NA,NA,NA,NA,NA,NA,NA,4,0,1,2,A,-,09,21804,A,F,G,B,F,B,H,-,C,D,0,Y,NA,NA,NA,Y,NA,A,01,0,0,1,0,1,0,0,0,0,-,-,33.8089714050293,-117.8672103881836,ORANGE,ORANGE,-117.86631011962892,33.80902099609375
9066242,2020,2020-07-29,3001,2020-04-15,1436,A2187,D,3,5,7,3001,0,0,0,NA,0,0-3,HARBOR BL,SANTA ANA ST,150,S,N,A,-,N,NA,NA,NA,NA,NA,NA,NA,NA,NA,NA,4,0,1,2,A,-,07,21658,A,M,B,C,A,A,H,-,A,D,0,NA,NA,NA,NA,Y,NA,A,07,0,0,1,0,0,0,0,0,0,-,-,33.8297004699707,-117.91824340820313,ORANGE,ANAHEIM,-117.91804504394533,33.82935333251953
90663678,2018,2018-02-19,9675,2018-02-10,0845,021983,NA,6,1,6,3026,0,1,3,NA,2,130,SR-133 SOUTHBOUND,IRVINE BLVD,5000,S,N,B,-,Y,NA,NA,133,NA,NA,NA,NA,NA,S,Y,4,0,2,2,A,-,03,22350,NA,N,C,C,A,A,H,-,A,D,0,NA,NA,NA,NA,Y,NA,D,22,0,0,2,0,0,0,0,0,0,-,-,33.684120178222656,-117.7467803955078,ORANGE,IRVINE,-117.74673461914063,33.684085845947266
90665056,2018,2018-02-20,9690,2018-02-15,1552,014552,NA,4,2,4,3018,0,1,1,NA,2,057,I-5 S/B (SAN DIEGO FRWY),SAN JUAN CREEK ROAD,1056,N,N,A,-,Y,NA,NA,5,NA,NA,NA,NA,NA,S,N,3,0,1,2,A,-,03,22350,NA,N,C,C,A,A,H,-,A,D,0,NA,NA,NA,NA,Y,NA,A,01,0,1,0,0,0,0,0,0,0,-,-,33.494529724121094,-117.66024780273438,ORANGE,SAN JUAN CAPISTRANO,-117.6601104736328,33.49445724487305
90666879,2018,2018-02-22,9675,2018-02-15,1615,021349,NA,4,2,6,3026,0,1,1,NA,2,406,I-405 S/B,UNIVERSITY DR,3000,N,N,A,-,Y,NA,NA,405,NA,NA,NA,NA,NA,S,N,4,0,1,1,A,-,03,22350,NA,N,F,A,A,A,H,-,A,D,0,NA,NA,Y,NA,Y,NA,C,02,0,0,1,0,0,0,0,0,1,-,-,33.66508865356445,-117.808837890625,ORANGE,IRVINE,-117.8088150024414,33.66524887084961
90669351,2018,2018-02-26,9670,2018-02-17,2235,021207,NA,6,3,9,3000,0,3,5,NA,2,004,"HARRIET LANE, 9600 BLOCK",HEDLUND DR.,70,W,N,A,-,N,NA,NA,NA,NA,NA,NA,NA,NA,NA,Y,3,0,1,2,A,-,01,23152,A,N,B,C,A,A,H,-,C,D,0,NA,NA,NA,NA,Y,Y,A,01,0,1,0,0,0,0,0,0,0,-,-,33.81190872192383,-117.96427917480467,ORANGE,UNINCORPORATED,-117.96394348144533,33.811866760253906
90669356,2018,2018-02-26,9675,2018-02-15,1520,017993,NA,4,2,6,3015,0,1,3,NA,2,550,SR-55 NORTHBOUND,LINCOLN AVE,1200,S,N,A,-,Y,NA,NA,55,NA,NA,NA,NA,NA,N,N,4,0,1,2,A,-,03,22350,NA,N,C,C,A,A,H,-,A,D,0,NA,NA,NA,Y,Y,NA,G,26,0,0,1,0,0,0,0,0,0,-,-,33.833011627197266,-117.83512115478516,ORANGE,ORANGE,-117.83518981933594,33.83299255371094
90673064,2018,2018-03-01,9675,2018-02-22,0630,021982,NA,4,1,9,3000,0,2,4,NA,2,034,SANTIAGO CANYON RD. N/B,MODJESKA CYN RD,10,N,N,A,-,N,NA,NA,NA,NA,NA,NA,NA,NA,NA,Y,4,0,1,2,A,-,09,21801,A,N,B,C,A,A,H,-,A,D,0,NA,NA,NA,NA,Y,NA,D,22,0,0,1,0,0,0,0,0,0,-,-,33.717281341552734,-117.64627075195313,ORANGE,UNINCORPORATED,-117.64627075195313,33.71727752685547
9067355,2020,2020-03-19,3015,2020-02-18,1041,1090,16E,2,5,6,3015,0,0,0,NA,0,331,TUSTIN ST,ROSE AV,94,S,N,A,-,N,NA,NA,NA,NA,NA,NA,NA,NA,NA,Y,4,0,2,2,A,-,09,21804,A,N,C,C,A,A,H,-,A,D,0,NA,NA,NA,NA,Y,NA,D,22,0,0,2,0,0,0,0,0,0,-,-,33.79743957519531,-117.83561706542967,ORANGE,ORANGE,-117.8356704711914,33.79701232910156
90675039,2018,2018-03-05,9675,2018-02-22,1350,021941,NA,4,1,6,3026,0,1,1,NA,2,406,I-405 N/B FROM JAMBOREE RD.,JAMBOREE RD,200,S,N,A,-,Y,NA,NA,405,NA,NA,NA,R,NA,N,N,3,0,1,1,A,-,01,23152,A,N,E,I,A,A,H,-,A,A,0,NA,NA,NA,NA,Y,Y,A,01,0,1,0,0,0,0,0,0,0,-,-,33.67679977416992,-117.84326934814452,ORANGE,IRVINE,-117.84326934814452,33.67679977416992
90676474,2018,2018-03-07,9675,2018-02-24,0345,021206,NA,6,3,6,3026,0,1,1,NA,2,406,I-405 NORTHBOUND,JEFFREY RD,2120,N,N,A,-,Y,NA,NA,NA,NA,NA,NA,NA,NA,NA,Y,4,0,1,2,C,-,18,NA,NA,N,D,C,A,A,H,-,D,D,0,NA,NA,NA,NA,Y,NA,-,-,0,0,1,0,0,0,0,0,0,-,-,33.395240783691406,-117.48355102539063,ORANGE,IRVINE,-117.80165100097656,33.66455078125
90676640,2018,2018-03-07,9675,2018-02-24,1800,021691,NA,6,2,4,3002,0,1,3,NA,2,570,SR-57 NORTHBOUND TO TONNER CANYON RD.,TONNER CYN RD,1100,N,N,A,-,Y,NA,NA,NA,NA,NA,NA,NA,NA,NA,Y,3,0,1,1,A,-,08,22107,NA,N,E,I,A,A,H,-,D,D,0,NA,NA,NA,NA,Y,NA,A,01,0,1,0,0,0,0,0,0,0,-,-,33.940181732177734,-117.87444305419922,ORANGE,BREA,-117.87501525878906,33.941009521484375
9067707,2020,2020-05-09,3026,2020-01-14,1230,6352,UNIVE,2,5,6,3026,0,0,0,NA,0,00U,MAIN ST,VON KARMAN AV,44,W,N,A,-,N,NA,NA,NA,NA,NA,NA,NA,NA,NA,N,4,0,1,2,D,-,00,NA,NA,M,C,C,A,A,H,-,A,A,0,NA,NA,NA,NA,Y,NA,-,-,0,0,1,0,0,0,0,0,0,-,-,NA,NA,ORANGE,IRVINE,-117.84780120849608,33.68418502807617
90678750,2018,2018-03-09,9675,2018-03-01,0640,020091,NA,4,1,6,3015,0,1,3,NA,2,572,SR-57 SOUTHBOUND,ORANGEWOOD AVE,1320,N,N,A,-,Y,NA,NA,57,NA,NA,NA,NA,NA,S,N,4,0,1,2,A,-,03,22350,NA,N,C,C,A,A,H,-,A,D,0,NA,NA,NA,NA,Y,NA,A,01,0,0,1,0,0,0,0,0,0,-,-,33.79269027709961,-117.87946319580078,ORANGE,ORANGE,-117.87949371337892,33.79270553588867
90680701,2018,2018-03-13,9675,2018-03-06,1505,019407,NA,2,2,5,3022,0,1,1,NA,2,502,I-5 NORTHBOUND,SR-55 NORTHBOUND,350,S,N,A,-,Y,NA,NA,NA,NA,NA,NA,NA,NA,NA,N,4,0,1,2,A,-,03,22350,NA,N,C,C,A,A,H,-,A,D,0,NA,NA,NA,NA,Y,NA,A,07,0,0,1,0,0,0,0,0,0,-,-,33.40972137451172,-117.4573211669922,ORANGE,TUSTIN,-117.83374786376952,33.74079132080078
90681291,2018,2018-03-13,9690,2018-03-02,2030,020472,NA,5,2,4,3018,0,1,1,NA,2,057,I-5 N/B (SAN DIEGO FRWY),JUNIPERO SERRA RD,3960,N,N,B,C,Y,NA,NA,5,NA,NA,NA,NA,NA,N,Y,4,0,1,3,A,-,07,21658,A,F,B,C,A,B,H,-,C,D,0,NA,NA,NA,NA,Y,NA,-,99,0,0,1,0,0,0,0,0,0,-,-,33.52949142456055,-117.67221069335938,ORANGE,SAN JUAN CAPISTRANO,-117.67224884033205,33.5294303894043
90682643,2018,2018-03-15,9675,2018-03-08,1917,021914,NA,4,2,6,3004,0,1,3,NA,2,553,SR-55 NORTHBOUND,MESA DR,1700,N,N,A,-,Y,NA,NA,55,NA,NA,NA,NA,NA,N,N,4,0,1,2,A,-,03,22350,NA,N,C,C,A,A,H,-,C,D,0,NA,NA,NA,NA,Y,NA,A,01,0,0,1,0,0,0,0,0,0,-,-,33.66883087158203,-117.89141845703124,ORANGE,COSTA MESA,-117.89163208007813,33.669071197509766
90682681,2018,2018-03-15,9675,2018-03-10,1200,020627,NA,6,1,6,3026,0,1,1,NA,2,405,I-405 SOUTHBOUND,IRVINE CENTER DR,100,S,N,C,-,Y,NA,NA,405,NA,NA,NA,NA,NA,S,Y,4,0,1,2,A,-,07,21658,A,N,D,C,A,B,H,-,A,D,0,NA,NA,NA,NA,Y,NA,D,22,0,0,1,0,0,0,0,0,0,-,-,33.64762878417969,-117.7465591430664,ORANGE,IRVINE,-117.74652099609376,33.647769927978516