CASE_ID,ACCIDENT_YEAR,PROC_DATE,JURIS,COLLISION_DATE,COLLISION_TIME,OFFICER_ID,REPORTING_DISTRICT,DAY_OF_WEEK,CHP_SHIFT,POPULATION,CNTY_CITY_LOC,SPECIAL_COND,BEAT_TYPE,CHP_BEAT_TYPE,CITY_DIVISION_LAPD,CHP_BEAT_CLASS,BEAT_NUMBER,PRIMARY_RD,SECONDARY_RD,DISTANCE,DIRECTION,INTERSECTION,WEATHER_1,WEATHER_2,STATE_HWY_IND,CALTRANS_COUNTY,CALTRANS_DISTRICT,STATE_ROUTE,ROUTE_SUFFIX,POSTMILE_PREFIX,POSTMILE,LOCATION_TYPE,RAMP_INTERSECTION,SIDE_OF_HWY,TOW_AWAY,COLLISION_SEVERITY,NUMBER_KILLED,NUMBER_INJURED,PARTY_COUNT,PRIMARY_COLL_FACTOR,PCF_CODE_OF_VIOL,PCF_VIOL_CATEGORY,PCF_VIOLATION,PCF_VIOL_SUBSECTION,HIT_AND_RUN,TYPE_OF_COLLISION,MVIW,PED_ACTION,ROAD_SURFACE,ROAD_COND_1,ROAD_COND_2,LIGHTING,CONTROL_DEVICE,CHP_ROAD_TYPE,PEDESTRIAN_ACCIDENT,BICYCLE_ACCIDENT,MOTORCYCLE_ACCIDENT,TRUCK_ACCIDENT,NOT_PRIVATE_PROPERTY,ALCOHOL_INVOLVED,STWD_VEHTYPE_AT_FAULT,CHP_VEHTYPE_AT_FAULT,COUNT_SEVERE_INJ,COUNT_VISIBLE_INJ,COUNT_COMPLAINT_PAIN,COUNT_PED_KILLED,COUNT_PED_INJURED,COUNT_BICYCLIST_KILLED,COUNT_BICYCLIST_INJURED,COUNT_MC_KILLED,COUNT_MC_INJURED,PRIMARY_RAMP,SECONDARY_RAMP,LATITUDE,LONGITUDE,COUNTY,CITY,POINT_X,POINT_Y
90996699,2019,2019-05-28,9675,2019-04-13,2230,020699,NA,6,3,6,3026,0,1,1,NA,2,406,I-405 SOUTHBOUND,JEFFREY RD,1000,N,N,A,-,Y,NA,NA,405,NA,NA,NA,NA,NA,S,Y,4,0,1,2,A,-,03,22350,NA,F,C,C,A,A,H,-,C,D,0,NA,NA,NA,NA,Y,NA,A,01,0,0,1,0,0,0,0,0,0,-,-,33.664390563964844,-117.80339813232422,ORANGE,IRVINE,-117.80339050292967,33.664466857910156
90998367,2019,2019-05-29,9690,2019-05-20,1430,015035,NA,1,2,4,3018,0,1,1,NA,2,057,I-5 S/B (SAN DIEGO FRWY),CAMINO CAPISTRANO,528,S,N,A,-,Y,NA,NA,5,NA,NA,NA,NA,NA,S,Y,4,0,1,2,A,-,08,22107,NA,N,D,C,A,A,H,-,A,D,0,NA,NA,NA,NA,Y,NA,A,01,0,0,1,0,0,0,0,0,0,-,-,33.48706817626953,-117.66471099853516,ORANGE,SAN JUAN CAPISTRANO,-117.66519165039063,33.4874382019043
91001829,2019,2019-06-03,9670,2019-06-01,1145,021459,NA,6,1,6,3009,0,1,3,NA,2,024,SR-22 E/B,HARBOR BLVD,300,W,N,B,-,Y,NA,NA,22,NA,NA,NA,NA,NA,E,Y,4,0,1,2,A,-,03,22350,NA,N,C,C,A,A,C,-,A,D,0,NA,NA,NA,NA,Y,NA,A,01,0,0,1,0,0,0,0,0,0,-,-,33.76586151123047,-117.93213653564452,ORANGE,GARDEN GROVE,-117.93214416503906,33.76607131958008
91002355,2019,2019-06-03,9690,2019-05-11,2148,020537,NA,6,2,9,3000,0,2,4,NA,2,037,TRABUCO CANYON ROAD,O'NEILL REGIONAL PARK ENT,185,E,N,A,-,N,NA,NA,NA,NA,NA,NA,NA,NA,NA,Y,3,0,2,1,A,-,01,23152,A,N,F,A,A,A,H,-,C,D,0,NA,NA,NA,NA,Y,Y,D,22,0,2,0,0,0,0,0,0,0,-,-,33.65309143066406,-117.59884643554688,ORANGE,UNINCORPORATED,NA,NA
9100298,2020,2020-11-03,3005,2020-05-17,0119,8221,NA,7,5,4,3005,0,0,0,NA,0,001,LA HOMA ST,CRESCENT AVE,349,S,N,A,-,N,NA,NA,NA,NA,NA,NA,NA,NA,NA,Y,3,0,1,2,A,-,01,23152,A,N,C,E,A,A,H,-,D,D,0,NA,NA,NA,NA,Y,Y,A,01,0,1,0,0,0,0,0,0,0,-,-,NA,NA,ORANGE,CYPRESS,-118.03604125976563,33.83809280395508
91004963,2019,2019-06-06,9690,2019-06-04,1729,014765,NA,2,2,5,3050,0,1,1,NA,2,055,I-5 N/B (SAN DIEGO FRWY),LOS ALISOS,25,N,N,A,-,Y,NA,NA,NA,NA,NA,NA,NA,NA,NA,Y,4,0,1,3,A,-,03,22350,NA,N,C,C,A,A,H,-,A,D,0,NA,NA,NA,NA,Y,NA,D,22,0,0,1,0,0,0,0,0,0,-,-,33.36299133300781,-117.41520690917967,ORANGE,LAKE FOREST,-117.69765472412108,33.608341217041016
91005460,2019,2019-06-07,9670,2019-06-06,2058,021821,NA,4,2,5,3007,0,1,1,NA,2,040,I-405 N/B,WARNER AVE,500,N,N,B,-,Y,NA,NA,405,NA,NA,NA,NA,NA,N,N,4,0,1,1,A,-,08,22107,NA,N,E,I,A,A,D,E,C,D,0,NA,NA,NA,NA,Y,NA,A,01,0,0,1,0,0,0,0,0,0,-,-,33.7169303894043,-117.96798706054688,ORANGE,FOUNTAIN VALLEY,-117.96800994873048,33.7169075012207
9100757,2020,2020-11-13,3001,2020-05-06,1050,A1252,NA,3,5,7,3001,0,0,0,NA,0,D-2,ANAHEIM BL,ELLSWORTH AV,93,N,N,A,-,N,NA,NA,NA,NA,NA,NA,NA,NA,NA,Y,4,0,1,3,A,-,01,23152,F,N,C,E,A,A,H,-,A,D,0,NA,NA,NA,NA,Y,NA,A,01,0,0,1,0,0,0,0,0,0,-,-,33.8284912109375,-117.91185760498048,ORANGE,ANAHEIM,-117.91205596923828,33.8299674987793
91009368,2019,2019-06-13,9675,2019-06-06,1400,021690,NA,4,2,6,3004,0,1,3,NA,2,553,SR-55 S/B,PAULARINO AVE,40,S,N,A,-,Y,NA,NA,55,NA,NA,NA,NA,NA,S,Y,4,0,1,2,A,-,03,22350,NA,N,C,C,A,A,H,-,A,D,0,NA,NA,NA,NA,Y,NA,A,01,0,0,1,0,0,0,0,0,0,-,-,33.68185043334961,-117.87767028808594,ORANGE,COSTA MESA,-117.87760925292967,33.68178939819336
91009688,2019,2019-06-13,9670,2019-06-11,0650,015207,NA,2,1,3,3006,0,1,3,NA,2,092,SR-91 E/B,ORANGETHORPE AVE.,1056,W,N,A,-,Y,NA,NA,91,NA,NA,NA,NA,NA,E,Y,3,0,1,2,A,-,03,22350,NA,N,C,C,A,A,H,-,A,D,0,NA,NA,NA,NA,Y,NA,A,01,0,1,0,0,0,0,0,0,0,-,-,33.86090850830078,-118.04035186767578,ORANGE,LA PALMA,-118.04019927978516,33.86125564575195
91009948,2018,2019-06-14,9675,2018-11-05,0430,021322,NA,1,3,4,3002,0,1,3,NA,2,570,STATE ROUTE 57 SOUTHBOUND,LAMBERT ROAD,1050,N,N,A,-,Y,NA,NA,57,NA,NA,NA,NA,NA,S,Y,1,1,0,5,C,-,18,NA,NA,N,H,C,A,A,H,-,C,D,0,NA,NA,NA,Y,Y,NA,-,-,0,0,0,0,0,0,0,0,0,-,-,33.931060791015625,-117.8798599243164,ORANGE,BREA,-117.87985229492188,33.93105697631836
91011402,2019,2019-06-17,9675,2019-06-07,1310,022052,NA,5,1,7,3019,0,1,1,NA,2,502,I-5 SOUTHBOUND,4TH ST,1600,N,N,A,-,Y,NA,NA,5,NA,NA,NA,NA,NA,S,Y,4,0,2,3,A,-,03,22350,NA,N,C,C,A,A,H,-,A,D,0,NA,NA,NA,NA,Y,NA,A,01,0,0,2,0,0,0,0,0,0,-,-,33.75178909301758,-117.84649658203124,ORANGE,SANTA ANA,-117.84654235839844,33.75173568725586
91011897,2019,2019-06-18,9675,2019-06-08,0721,016748,NA,6,1,9,3000,0,1,3,NA,2,570,SR-57 SOUTHBOUND,LOS ANGELES COUNTY LINE,300,S,N,B,-,Y,NA,NA,NA,NA,NA,NA,NA,NA,NA,Y,3,0,1,3,A,-,08,22107,NA,N,B,E,A,A,H,-,A,D,0,NA,NA,NA,NA,Y,NA,A,07,0,1,0,0,0,0,0,0,0,-,-,33.564178466796875,-117.5212173461914,ORANGE,UNINCORPORATED,NA,NA
91012571,2019,2019-06-19,9670,2019-06-12,1450,019138,NA,3,2,6,3009,0,1,3,NA,2,025,SR-22 WB (GARDEN GROVE FREEWAY),GARDEN GROVE BLVD.,2000,W,N,A,-,Y,NA,NA,22,NA,NA,NA,NA,NA,W,N,4,0,1,2,A,-,03,22350,NA,N,C,C,A,A,H,-,A,D,0,NA,NA,NA,NA,Y,NA,A,01,0,0,1,0,0,0,0,0,0,-,-,33.771480560302734,-117.91103363037108,ORANGE,GARDEN GROVE,-117.9110107421875,33.77144241333008
91012878,2019,2019-06-19,9670,2019-06-17,1240,022081,NA,1,1,6,3010,0,1,1,NA,2,043,I-405 S/B,BEACH BOULEVARD,500,N,N,B,-,Y,NA,NA,405,NA,NA,NA,NA,NA,S,N,4,0,1,2,A,-,03,22350,NA,N,B,C,A,A,D,-,A,D,0,NA,NA,NA,NA,Y,NA,A,01,0,0,1,0,0,0,0,0,0,-,-,33.735008239746094,-117.99297332763672,ORANGE,HUNTINGTON BEACH,-117.99295043945313,33.73503494262695
91014692,2019,2019-06-21,9675,2019-06-12,1730,021960,NA,3,2,6,3015,0,1,1,NA,2,502,I5 S/B,CHAPMAN AVE,450,N,N,A,-,Y,NA,NA,NA,NA,NA,NA,NA,NA,NA,Y,3,0,2,2,A,-,03,22350,NA,N,C,C,A,A,H,-,A,D,0,NA,NA,NA,NA,Y,NA,A,01,0,1,1,0,0,0,0,0,0,-,-,33.7906608581543,-117.88912200927734,ORANGE,ORANGE,-117.88887786865234,33.79037857055664
91014743,2019,2019-06-21,9670,2019-06-14,2332,021900,NA,5,3,5,3007,0,1,1,NA,2,040,I-405 N/B,EUCLID ST. U/C,800,N,N,A,-,Y,NA,NA,405,NA,NA,NA,NA,NA,N,Y,3,0,1,2,A,-,03,22350,NA,N,C,C,A,A,D,E,C,D,0,NA,NA,NA,NA,Y,NA,A,01,0,1,0,0,0,0,0,0,0,-,-,33.69681167602539,-117.93743133544922,ORANGE,FOUNTAIN VALLEY,-117.93743896484376,33.69679641723633
91016162,2019,2019-07-26,9675,2019-06-14,1740,021690,NA,5,2,9,3000,0,3,5,NA,2,002,NEWPORT AVE N/B,SE SKYLINE DR.,0,NA,Y,A,-,N,NA,NA,NA,NA,NA,NA,NA,NA,NA,Y,4,0,3,2,A,-,09,21801,A,N,D,C,A,A,H,-,A,D,0,NA,NA,NA,NA,Y,NA,A,01,0,0,3,0,0,0,0,0,0,-,-,33.7576904296875,-117.80265045166016,ORANGE,UNINCORPORATED,-117.80271911621094,33.7578010559082
91016621,2019,2019-06-24,9675,2019-06-15,1210,019942,NA,6,1,6,3004,0,1,3,NA,2,553,SR-55 SOUTHBOUND,BRISTOL ST,1050,S,N,B,-,Y,NA,NA,55,NA,NA,NA,NA,NA,S,Y,3,0,2,5,A,-,04,21703,NA,N,C,C,A,A,H,-,A,D,0,NA,NA,NA,NA,Y,NA,D,22,0,1,1,0,0,0,0,0,0,-,-,33.67129898071289,-117.88919067382813,ORANGE,COSTA MESA,-117.88908386230467,33.671173095703125
91017944,2019,2019-06-26,9675,2019-06-20,0755,018039,NA,4,1,7,3001,0,1,3,NA,2,095,SR-91 WESTBOUND,COAL CYN RD,1385,E,N,A,-,Y,NA,NA,91,NA,NA,NA,NA,NA,W,Y,4,0,1,2,A,-,03,22350,NA,N,C,C,A,A,H,-,A,D,0,NA,NA,NA,NA,Y,NA,A,07,0,0,1,0,0,0,0,0,0,-,-,33.87133026123047,-117.68506622314452,ORANGE,ANAHEIM,-117.68504333496094,33.87138748168945
91019462,2019,2019-06-27,9690,2019-06-26,1755,014765,NA,3,2,5,3028,0,1,1,NA,2,056,I-5 S/B (SAN DIEGO FRWY),OSO CREEK,50,S,N,A,-,Y,NA,NA,NA,NA,NA,NA,NA,NA,NA,Y,4,0,1,2,A,-,03,22350,NA,N,C,C,A,A,H,-,A,D,0,NA,NA,NA,NA,Y,NA,A,07,0,0,1,0,0,0,0,0,0,-,-,33.34273910522461,-117.40193176269533,ORANGE,MISSION VIEJO,-117.67186737060548,33.58003234863281
91021216,2019,2019-06-28,9675,2019-06-21,0822,021691,NA,5,1,6,3004,0,1,3,NA,2,553,SR-55 NORTHBOUND,BAKER ST,2500,S,N,A,-,Y,NA,NA,NA,NA,NA,NA,NA,NA,NA,Y,4,0,1,2,A,-,08,22107,NA,N,C,C,A,A,H,-,A,D,0,NA,NA,NA,NA,Y,NA,A,07,0,0,1,0,0,0,0,0,0,-,-,33.64751052856445,-117.8845672607422,ORANGE,COSTA MESA,-117.88446044921876,33.67463684082031
91023319,2019,2019-07-02,9675,2019-06-26,1640,017313,NA,3,2,5,3022,0,1,3,NA,2,551,SR-55 NORTHBOUND,SEVENTEENTH STREET,425,S,N,A,-,Y,NA,NA,55,NA,NA,NA,NA,NA,N,N,4,0,1,2,A,-,03,22350,NA,F,C,C,A,A,H,-,A,D,0,NA,NA,NA,NA,Y,NA,-,99,0,0,1,0,0,0,0,0,0,-,-,33.75979995727539,-117.83099365234376,ORANGE,TUSTIN,-117.83094024658205,33.75979995727539
9102342,2020,2020-05-29,3026,2020-02-08,2358,NA,NA,6,5,6,3026,0,0,0,NA,0,NA,IRVINE CENTER DR,YALE AV,0,NA,Y,A,-,N,NA,NA,NA,NA,NA,NA,NA,NA,NA,Y,2,0,2,2,B,-,22,NA,NA,N,D,C,A,A,H,-,C,A,0,NA,NA,NA,NA,Y,NA,J,48,1,1,0,0,0,0,0,0,0,-,-,33.686100006103516,-117.78829193115234,ORANGE,IRVINE,-117.78840637207033,33.6861686706543
91024094,2019,2019-07-03,9675,2019-06-21,1945,021834,NA,5,2,7,3019,0,1,3,NA,2,552,SR-55 SOUTHBOUND,MACARTHUR BLVD,1500,N,N,A,-,Y,NA,NA,55,NA,NA,NA,NA,NA,S,Y,3,0,1,1,A,-,03,22350,NA,N,E,J,A,A,H,-,B,D,0,NA,NA,Y,NA,Y,NA,C,02,0,1,0,0,0,0,0,0,1,-,-,33.702171325683594,-117.85829925537108,ORANGE,SANTA ANA,-117.8582000732422,33.70207595825195
91024328,2019,2019-07-04,9675,2019-06-23,0303,021983,NA,7,3,7,3001,0,1,3,NA,2,195,SR-91 WESTBOUND,GYPSUM CYN ROAD,3300,E,N,A,-,Y,NA,NA,91,NA,NA,NA,NA,NA,W,Y,2,0,1,1,A,-,01,23152,A,N,E,I,A,A,H,-,D,D,0,NA,NA,NA,NA,Y,Y,A,01,1,0,0,0,0,0,0,0,0,-,-,33.871299743652344,-117.70188903808594,ORANGE,ANAHEIM,-117.7019500732422,33.871437072753906
91025675,2019,2019-07-08,9675,2019-06-29,1550,021694,NA,6,2,6,3004,0,1,3,NA,2,553,SR-55 SOUTHBOUND,WILSON ST,100,S,N,A,-,Y,NA,NA,55,NA,NA,NA,NA,NA,S,N,4,0,1,2,A,-,03,22350,NA,N,C,C,A,A,H,-,A,D,0,NA,NA,NA,NA,Y,NA,A,07,0,0,1,0,0,0,0,0,0,-,-,33.65604019165039,-117.90499877929688,ORANGE,COSTA MESA,-117.9048309326172,33.65587615966797
91026593,2019,2019-07-08,9675,2019-07-01,0630,017773,NA,1,1,6,3026,0,1,1,NA,2,504,I-5 S/B,LAKE FOREST DR,2112,N,N,A,-,Y,NA,NA,5,NA,NA,NA,NA,NA,S,Y,4,0,1,2,A,-,03,22350,NA,N,C,C,A,A,H,-,A,D,0,NA,NA,NA,NA,Y,NA,A,07,0,0,1,0,0,0,0,0,0,-,-,33.633399963378906,-117.7260971069336,ORANGE,IRVINE,-117.72621154785156,33.6332893371582
9102812,2020,2020-11-19,3011,2020-05-22,1525,31241,45,5,5,4,3011,0,0,0,NA,0,003,RT 1,CARDINAL DR,150,S,N,A,-,Y,ORA,12,1,-,-,7.27,H,-,N,Y,4,0,1,2,A,-,03,22350,NA,N,C,C,A,A,H,-,A,D,0,NA,NA,NA,NA,Y,NA,A,07,0,0,1,0,0,0,0,0,0,-,-,NA,NA,ORANGE,LAGUNA BEACH,-117.76060485839844,33.519813537597656
91028914,2019,2019-07-11,9675,2019-07-04,2240,021983,NA,4,3,6,3015,0,1,3,NA,2,550,SR-55 NORTHBOUND,LINCOLN AVE,1200,S,N,A,-,Y,NA,NA,55,NA,NA,NA,NA,NA,N,N,4,0,3,2,A,-,03,22350,NA,N,C,C,A,A,H,-,C,D,0,NA,NA,NA,NA,Y,NA,A,01,0,0,3,0,0,0,0,0,0,-,-,33.83081817626953,-117.83431243896484,ORANGE,ORANGE,-117.8342742919922,33.83083724975586
9102915,2020,2020-11-16,3015,2020-05-04,1630,1386,RD41,1,5,6,3015,0,0,0,NA,0,711M,STATE COLLEGE BL,ANAHEIM WY,0,NA,Y,A,-,Y,ORA,12,5,-,-,35.023,R,4,N,Y,4,0,1,2,A,-,12,21453,A,N,D,C,A,A,H,-,A,A,0,NA,NA,NA,NA,Y,NA,A,01,0,0,1,0,0,0,0,0,0,-,-,NA,NA,ORANGE,ORANGE,-117.88750457763672,33.78970718383789
9102926,2020,2020-11-14,3010,2020-05-08,0939,1015,452,5,5,6,3010,0,0,0,NA,0,002,INDIANAPOLIS AV,RT 39,0,NA,Y,A,-,Y,ORA,12,39,-,-,1.131,I,5,N,N,4,0,1,2,A,-,12,21453,A,N,D,G,A,A,H,-,A,A,0,NA,Y,NA,NA,Y,NA,L,04,0,0,1,0,0,0,1,0,0,-,-,NA,NA,ORANGE,HUNTINGTON BEACH,-117.98837280273438,33.664886474609375
91029536,2019,2019-07-12,9675,2019-07-06,1420,021960,NA,6,2,7,3019,0,1,1,NA,2,502,I-5 S/B,GRAND AVE,400,N,N,A,-,Y,NA,NA,5,NA,NA,NA,NA,NA,S,Y,4,0,3,3,A,-,03,22350,NA,N,C,C,A,A,H,-,A,D,0,NA,NA,NA,NA,Y,NA,A,01,0,0,3,0,0,0,0,0,0,-,-,33.7552490234375,-117.85328674316406,ORANGE,SANTA ANA,-117.85328674316406,33.75525665283203
91030502,2019,2019-07-15,9690,2019-07-05,2140,020194,NA,5,2,4,3045,0,1,1,NA,2,055,I-5 N/B (SAN DIEGO FRWY),LAKE FOREST DR,2300,S,N,A,-,Y,NA,NA,5,NA,NA,NA,NA,NA,N,Y,3,0,1,5,A,-,01,23152,A,N,C,C,A,A,H,-,C,D,0,NA,NA,NA,Y,Y,Y,A,07,0,1,0,0,0,0,0,0,0,-,-,33.623008728027344,-117.71550750732422,ORANGE,LAGUNA HILLS,-117.71542358398438,33.62309265136719
91032624,2019,2019-07-17,9670,2019-07-16,0950,021910,NA,2,1,5,3024,0,1,1,NA,2,043,I-405 S/B,GOLDENWEST ST,200,N,N,A,-,Y,NA,NA,405,NA,NA,NA,NA,NA,S,N,4,0,1,2,A,-,03,22350,NA,N,C,C,A,A,D,E,A,D,0,NA,NA,NA,NA,Y,NA,D,22,0,0,1,0,0,0,0,0,0,-,-,33.74824142456055,-118.00917816162108,ORANGE,WESTMINSTER,-118.0092315673828,33.7481803894043
91036026,2019,2019-07-23,9675,2019-07-14,0218,022073,NA,7,3,7,3001,0,1,3,NA,2,094,SR-91 EASTBOUND,WEIR CYN RD,500,W,N,A,-,Y,NA,NA,91,NA,NA,NA,NA,NA,E,N,4,0,2,2,A,-,03,22350,NA,N,C,C,A,A,H,-,C,D,0,NA,NA,NA,NA,Y,NA,A,01,0,0,2,0,0,0,0,0,0,-,-,33.869930267333984,-117.74635314941406,ORANGE,ANAHEIM,-117.7463607788086,33.87000274658203
91037827,2019,2019-07-25,9675,2019-07-19,1630,021438,NA,5,2,7,3001,0,1,3,NA,2,093,SR-91 E/B,TUSTIN AVE,1500,W,N,A,-,Y,NA,NA,91,NA,NA,NA,NA,NA,E,Y,4,0,1,2,A,-,03,22350,NA,N,C,C,A,A,H,-,A,D,0,NA,NA,NA,NA,Y,NA,A,01,0,0,1,0,0,0,0,0,0,-,-,33.8508186340332,-117.84378051757813,ORANGE,ANAHEIM,-117.84376525878906,33.850772857666016
9103828,2020,2020-08-06,3000,2020-04-23,1638,9129,922A6,4,5,4,3045,0,0,0,NA,0,146,CABOT RD,RAPID FALLS RD,19,S,N,A,-,N,NA,NA,NA,NA,NA,NA,NA,NA,NA,Y,2,0,1,1,A,-,01,23152,G,N,E,I,A,A,H,-,A,A,0,NA,NA,NA,NA,Y,NA,A,01,1,0,0,0,0,0,0,0,0,-,-,NA,NA,ORANGE,LAGUNA HILLS,-117.676513671875,33.56604766845703
91039354,2019,2019-07-26,9670,2019-07-18,1710,019138,NA,4,2,6,3009,0,1,3,NA,2,022,SR-22 EB (GARDEN GROVE FREEWAY),EUCLID ST,375,W,N,A,-,Y,NA,NA,22,NA,NA,NA,NA,NA,E,Y,4,0,2,3,A,-,03,22350,NA,F,C,C,A,A,H,-,A,D,0,NA,NA,NA,NA,Y,NA,-,99,0,0,2,0,0,0,0,0,0,-,-,33.76586151123047,-117.93926239013672,ORANGE,GARDEN GROVE,-117.93926239013672,33.766014099121094
9103944,2020,2020-11-05,3004,2020-05-11,1842,P549,20,1,5,6,3004,0,0,0,NA,0,010,W BAKER ST,COLLEGE AV,0,NA,Y,A,-,N,NA,NA,NA,NA,NA,NA,NA,NA,NA,Y,2,0,4,2,A,-,01,23152,A,N,D,C,A,A,H,-,A,A,0,NA,NA,NA,NA,Y,Y,A,01,1,1,2,0,0,0,0,0,0,-,-,33.68009948730469,-117.91680145263672,ORANGE,COSTA MESA,-117.91660308837892,33.680091857910156
91039646,2019,2019-07-26,9675,2019-07-18,1417,021633,NA,4,2,7,3019,0,1,1,NA,2,520,I-5 N/B,GRAND AVE,330,S,N,A,-,Y,NA,NA,5,NA,NA,NA,NA,NA,N,Y,4,0,3,2,A,-,03,22350,NA,N,C,C,A,A,H,-,A,D,0,NA,NA,NA,NA,Y,NA,A,01,0,0,3,0,0,0,0,0,0,-,-,33.75455856323242,-117.85070037841795,ORANGE,SANTA ANA,-117.85068511962892,33.754600524902344
91041571,2019,2019-07-30,9690,2019-07-25,1110,018526,NA,4,1,4,3045,0,1,1,NA,2,055,I-5 S/B (SAN DIEGO FRWY),ALICIA PKWY,150,N,N,B,-,Y,NA,NA,5,NA,NA,NA,NA,NA,S,Y,4,0,1,2,A,-,03,22350,NA,N,C,C,A,A,H,-,A,D,0,NA,NA,NA,NA,Y,NA,D,22,0,0,1,0,0,0,0,0,0,-,-,33.60403823852539,-117.69020080566406,ORANGE,LAGUNA HILLS,-117.69011688232422,33.604164123535156
91041626,2019,2019-07-30,9690,2019-07-27,1325,018432,NA,6,1,4,3029,0,1,1,NA,2,058,I-5 N/B (SAN DIEGO FRWY),CAMINO DE ESTRELLA,2500,N,N,A,-,Y,NA,NA,5,NA,NA,NA,NA,NA,N,N,4,0,3,2,A,-,03,22350,NA,N,C,C,A,A,H,-,A,D,0,NA,NA,NA,NA,Y,NA,A,01,0,0,3,0,0,0,0,0,0,-,-,33.46158981323242,-117.66098785400392,ORANGE,DANA POINT,-117.66110229492188,33.461421966552734
91042216,2019,2019-07-31,9670,2019-07-29,1100,013953,NA,1,1,6,3009,0,1,3,NA,2,025,SR-22 W/B (GARDEN GROVE FWY),PEARCE STREET PED O/C,250,E,N,A,-,Y,NA,NA,22,NA,NA,NA,NA,NA,W,Y,4,0,1,1,A,-,08,22107,NA,N,E,I,A,A,H,-,A,D,0,NA,NA,NA,NA,Y,NA,A,01,0,0,1,0,0,0,0,0,0,-,-,33.7705192565918,-117.9128875732422,ORANGE,GARDEN GROVE,-117.91291046142578,33.77058029174805
91043013,2019,2019-07-31,9690,2019-07-25,1515,016493,NA,4,2,4,3045,0,1,1,NA,2,055,I-5 S/B (SAN DIEGO FRWY),EL TORO RD,2000,N,N,A,-,Y,NA,NA,5,NA,NA,NA,NA,NA,S,Y,2,0,2,2,A,-,08,22107,NA,N,B,C,A,A,H,-,A,D,0,NA,NA,Y,NA,Y,NA,-,-,1,0,1,0,0,0,0,0,1,-,-,33.61814880371094,-117.71160888671876,ORANGE,LAGUNA HILLS,-117.71153259277344,33.61822509765625
91043838,2019,2019-08-01,9675,2019-07-30,1640,018102,NA,2,2,7,3001,0,1,3,NA,2,095,SR-91 EASTBOUND,GYPSUM CANYON ROAD,1000,W,N,A,-,Y,NA,NA,91,NA,NA,NA,NA,NA,E,N,4,0,1,2,A,-,03,22350,NA,N,C,C,A,A,H,-,A,D,0,NA,NA,NA,NA,Y,NA,D,22,0,0,1,0,0,0,0,0,0,-,-,33.86664962768555,-117.7218780517578,ORANGE,ANAHEIM,-117.72186279296876,33.86679458618164
91044903,2019,2019-08-05,9675,2019-07-24,1342,021377,NA,3,1,7,3001,0,1,3,NA,2,572,SR-57 NORTHBOUND,BALL RD,500,N,N,A,-,Y,NA,NA,57,NA,NA,NA,NA,NA,N,Y,4,0,1,2,A,-,08,22107,NA,N,B,C,A,A,H,-,A,D,0,NA,NA,NA,NA,Y,NA,A,01,0,0,1,0,0,0,0,0,0,-,-,33.81930160522461,-117.87590789794922,ORANGE,ANAHEIM,-117.87604522705078,33.819313049316406
91045219,2019,2019-08-05,9675,2019-07-26,0434,021716,NA,5,3,7,3019,0,1,3,NA,2,553,SR-55 SOUTHBOUND,MACARTHUR BLVD,1100,S,N,A,-,Y,NA,NA,55,NA,NA,NA,NA,NA,S,Y,4,0,1,3,A,-,03,22350,NA,N,C,C,A,A,H,-,C,D,0,NA,NA,NA,NA,Y,NA,A,07,0,0,1,0,0,0,0,0,0,-,-,33.6969108581543,-117.86427307128906,ORANGE,SANTA ANA,-117.86370849609376,33.69639205932617
9104579,2020,2020-10-28,3003,2020-05-16,1345,1093,NA,6,5,5,3003,0,0,0,NA,0,NA,WESTERN AV,WALNUT AV,245,S,N,A,-,N,NA,NA,NA,NA,NA,NA,NA,NA,NA,N,4,0,1,2,A,-,09,21804,A,N,D,C,A,A,H,-,A,D,0,NA,NA,NA,NA,Y,NA,A,01,0,0,1,0,0,0,0,0,0,-,-,33.51234817504883,-118.00080108642578,ORANGE,BUENA PARK,-118.00244140625,33.8565788269043
91048928,2019,2019-08-09,9675,2019-08-02,1125,020660,NA,5,1,7,3001,0,1,3,NA,2,094,SR-91 WESTBOUND,LAKEVIEW AVENUE,2100,E,N,A,-,Y,NA,NA,91,NA,NA,NA,NA,NA,W,N,3,0,1,2,A,-,03,22350,NA,N,C,C,A,A,H,-,A,D,0,NA,NA,NA,NA,Y,NA,A,01,0,1,0,0,0,0,0,0,0,-,-,33.8542594909668,-117.80889892578124,ORANGE,ANAHEIM,-117.80891418457033,33.85430908203125