CASE_ID,ACCIDENT_YEAR,PROC_DATE,JURIS,COLLISION_DATE,COLLISION_TIME,OFFICER_ID,REPORTING_DISTRICT,DAY_OF_WEEK,CHP_SHIFT,POPULATION,CNTY_CITY_LOC,SPECIAL_COND,BEAT_TYPE,CHP_BEAT_TYPE,CITY_DIVISION_LAPD,CHP_BEAT_CLASS,BEAT_NUMBER,PRIMARY_RD,SECONDARY_RD,DISTANCE,DIRECTION,INTERSECTION,WEATHER_1,WEATHER_2,STATE_HWY_IND,CALTRANS_COUNTY,CALTRANS_DISTRICT,STATE_ROUTE,ROUTE_SUFFIX,POSTMILE_PREFIX,POSTMILE,LOCATION_TYPE,RAMP_INTERSECTION,SIDE_OF_HWY,TOW_AWAY,COLLISION_SEVERITY,NUMBER_KILLED,NUMBER_INJURED,PARTY_COUNT,PRIMARY_COLL_FACTOR,PCF_CODE_OF_VIOL,PCF_VIOL_CATEGORY,PCF_VIOLATION,PCF_VIOL_SUBSECTION,HIT_AND_RUN,TYPE_OF_COLLISION,MVIW,PED_ACTION,ROAD_SURFACE,ROAD_COND_1,ROAD_COND_2,LIGHTING,CONTROL_DEVICE,CHP_ROAD_TYPE,PEDESTRIAN_ACCIDENT,BICYCLE_ACCIDENT,MOTORCYCLE_ACCIDENT,TRUCK_ACCIDENT,NOT_PRIVATE_PROPERTY,ALCOHOL_INVOLVED,STWD_VEHTYPE_AT_FAULT,CHP_VEHTYPE_AT_FAULT,COUNT_SEVERE_INJ,COUNT_VISIBLE_INJ,COUNT_COMPLAINT_PAIN,COUNT_PED_KILLED,COUNT_PED_INJURED,COUNT_BICYCLIST_KILLED,COUNT_BICYCLIST_INJURED,COUNT_MC_KILLED,COUNT_MC_INJURED,PRIMARY_RAMP,SECONDARY_RAMP,LATITUDE,LONGITUDE,COUNTY,CITY,POINT_X,POINT_Y
91049594,2019,2019-08-12,9670,2019-08-08,1255,016209,NA,4,1,7,3001,0,1,3,NA,2,093,SR-91 W/B (RIVERSIDE FREEWAY),BROOKHURST ST.,2640,W,N,A,-,Y,NA,NA,91,NA,NA,NA,NA,NA,W,Y,4,0,1,2,A,-,03,22350,NA,N,C,C,A,A,H,-,A,D,0,NA,NA,NA,Y,Y,NA,D,22,0,0,1,0,0,0,0,0,0,-,-,33.855098724365234,-117.96888732910156,ORANGE,ANAHEIM,-117.96890258789063,33.85505294799805
91051875,2019,2019-08-14,9675,2019-08-08,1558,020240,NA,4,2,6,3026,0,1,1,NA,2,503,I-5 SOUTHBOUND FROM CULVER DR. E/B,CULVER DR,963,S,N,A,-,Y,NA,NA,5,NA,NA,NA,R,NA,S,Y,4,0,1,2,A,-,03,22350,NA,N,C,C,A,A,H,-,A,A,0,NA,NA,NA,NA,Y,NA,A,01,0,0,1,0,0,0,0,0,0,-,-,33.70745849609375,-117.7805404663086,ORANGE,IRVINE,-117.7805404663086,33.70745849609375
91055892,2019,2019-08-20,9690,2019-08-19,1640,016493,NA,1,2,4,3045,0,1,1,NA,2,055,I-5 S/B (SAN DIEGO FRWY),EL TORO RD,1500,N,N,A,-,Y,NA,NA,5,NA,NA,NA,NA,NA,S,N,4,0,1,3,A,-,03,22350,NA,N,C,C,A,A,H,-,A,D,0,NA,NA,NA,NA,Y,NA,A,01,0,0,1,0,0,0,0,0,0,-,-,33.61783981323242,-117.71131896972656,ORANGE,LAGUNA HILLS,-117.71124267578124,33.6179084777832
91056138,2019,2019-08-21,9675,2019-08-13,1640,018102,NA,2,2,7,3019,0,1,3,NA,2,551,SR-55 SOUTHBOUND,FOURTH STREET,1500,N,N,A,-,Y,NA,NA,55,NA,NA,NA,NA,NA,S,Y,4,0,2,2,A,-,03,22350,NA,N,C,C,A,A,H,-,A,D,0,NA,NA,NA,NA,Y,NA,A,07,0,0,2,0,0,0,0,0,0,-,-,33.75482177734375,-117.83164215087892,ORANGE,SANTA ANA,-117.83163452148438,33.754817962646484
91056179,2019,2019-08-21,9675,2019-08-13,1641,020699,NA,2,2,6,3026,0,1,1,NA,2,504,I-5 SOUTHBOUND,LAKE FOREST DR,1000,N,N,A,-,Y,NA,NA,5,NA,NA,NA,NA,NA,S,N,4,0,1,2,A,-,03,22350,NA,N,C,C,A,A,H,-,A,D,0,NA,NA,NA,NA,Y,NA,A,01,0,0,1,0,0,0,0,0,0,-,-,33.63032913208008,-117.7227783203125,ORANGE,IRVINE,-117.72281646728516,33.63029098510742
91056528,2019,2019-08-21,9690,2019-08-21,0725,015275,NA,3,1,5,3028,0,3,5,NA,2,003,CROWN VALLEY PARKWAY W/B,CECIL PASTURE ROAD,20,E,N,A,-,N,NA,NA,NA,NA,NA,NA,NA,NA,NA,Y,4,0,2,2,A,-,03,22350,NA,N,C,C,A,A,H,-,A,A,0,NA,NA,NA,NA,Y,NA,A,01,0,0,2,0,0,0,0,0,0,-,-,33.563358306884766,-117.6481475830078,ORANGE,MISSION VIEJO,-117.64830780029295,33.56320571899414
91058191,2019,2019-08-23,9670,2019-08-07,1020,018757,NA,3,1,4,3020,0,1,1,NA,2,044,I-405 N/B,SEAL BEACH BLVD,5280,S,N,B,-,Y,NA,NA,405,NA,NA,NA,NA,NA,N,Y,3,0,1,1,A,-,08,22107,NA,N,E,I,A,A,D,E,A,D,0,NA,NA,NA,NA,Y,NA,A,08,0,1,0,0,0,0,0,0,0,-,-,33.77450180053711,-118.0615005493164,ORANGE,SEAL BEACH,-118.0615005493164,33.774505615234375
9105852,2020,2020-07-30,3001,2020-04-18,2142,2450,D3,6,5,7,3001,0,0,0,NA,0,033,EAST KATELLA AV,SOUTH HASTER ST,0,NA,Y,A,-,N,NA,NA,NA,NA,NA,NA,NA,NA,NA,Y,4,0,3,2,A,-,12,21453,A,N,D,C,A,A,H,-,C,A,0,NA,NA,NA,NA,Y,NA,A,07,0,0,3,0,0,0,0,0,0,-,-,NA,NA,ORANGE,ANAHEIM,-117.90659332275392,33.803260803222656
9105919,2020,2020-11-17,3001,2020-05-06,1437,A1252,NA,3,5,7,3001,0,0,0,NA,0,D-2,VIA BURTON,STATE COLLEGE BL,45,E,N,A,-,N,NA,NA,NA,NA,NA,NA,NA,NA,NA,NA,4,0,1,2,A,-,21,22106,NA,N,C,C,A,A,H,-,A,A,0,NA,NA,NA,Y,Y,NA,F,25,0,0,1,0,0,0,0,0,0,-,-,33.85639190673828,-117.88915252685548,ORANGE,ANAHEIM,-117.88922119140624,33.85628128051758
91059827,2019,2019-08-26,9675,2019-08-16,0255,022073,NA,5,3,4,3002,0,1,3,NA,2,570,SR-57 NORTHBOUND,IMPERIAL HIGHWAY,900,N,N,A,-,Y,NA,NA,57,NA,NA,NA,NA,NA,N,Y,4,0,2,1,A,-,08,22107,NA,N,E,I,A,A,H,-,D,D,0,NA,NA,NA,NA,Y,NA,A,01,0,0,2,0,0,0,0,0,0,-,-,33.91350173950195,-117.88337707519533,ORANGE,BREA,-117.88294219970705,33.91328811645508
91062578,2019,2019-08-29,9675,2019-07-05,0850,016923,NA,5,1,7,3001,0,1,3,NA,2,093,SR-91 E/B (RIVERSIDE FWY),RIVERDALE AVE,300,E,N,A,-,Y,NA,NA,91,NA,NA,NA,NA,NA,E,N,3,0,1,2,A,-,08,22107,NA,F,F,A,A,A,H,-,A,D,0,NA,NA,Y,NA,Y,NA,A,01,0,1,0,0,0,0,0,0,1,-,-,33.84653091430664,-117.83142852783205,ORANGE,ANAHEIM,-117.83142852783205,33.846534729003906
9106555,2020,2020-08-07,3008,2020-04-17,2009,1579,ZONE1,5,5,6,3008,0,0,0,NA,0,NA,BASTANCHURY RD,HARBOR BL,0,NA,Y,A,-,N,NA,NA,NA,NA,NA,NA,NA,NA,NA,Y,4,0,2,2,A,-,12,21453,A,N,D,C,A,-,H,-,C,A,0,NA,NA,NA,NA,Y,NA,A,01,0,0,2,0,0,0,0,0,0,-,-,NA,NA,ORANGE,FULLERTON,-117.92890167236328,33.8956184387207
91065629,2019,2019-09-03,9675,2019-08-25,1255,019979,NA,7,1,7,3019,0,1,3,NA,2,550,SR-55 NORTHBOUND,LINCOLN AVE,600,N,N,A,-,Y,NA,NA,NA,NA,NA,NA,NA,NA,NA,Y,4,0,6,1,A,-,08,22107,NA,N,E,I,A,A,H,-,A,D,0,NA,NA,NA,NA,Y,NA,A,08,0,0,6,0,0,0,0,0,0,-,-,33.84233093261719,-117.83036041259766,ORANGE,SANTA ANA,NA,NA
91067572,2019,2019-09-04,9675,2019-09-01,1638,021809,NA,7,2,4,3002,0,1,3,NA,2,571,SR-57 S/B,IMPERIAL HIGHWAY,200,N,N,A,-,Y,NA,NA,NA,NA,NA,NA,NA,NA,NA,Y,4,0,1,2,A,-,03,22350,NA,N,C,C,A,A,H,-,A,D,0,NA,NA,NA,NA,Y,NA,A,01,0,0,1,0,0,0,0,0,0,-,-,33.54399871826172,-117.53128051757813,ORANGE,BREA,-117.8837432861328,33.9113655090332
91067592,2019,2019-09-04,9690,2019-09-02,1805,014765,NA,1,2,4,3018,0,1,1,NA,2,057,I-5 N/B (SAN DIEGO FRWY),SR-73,2000,S,N,A,-,Y,NA,NA,NA,NA,NA,NA,NA,NA,NA,N,4,0,1,2,A,-,07,21658,A,N,B,C,A,A,H,-,A,D,0,NA,NA,NA,NA,Y,NA,A,08,0,0,1,0,0,0,0,0,0,-,-,33.321041107177734,-117.40287017822266,ORANGE,SAN JUAN CAPISTRANO,-117.59800720214844,33.40510177612305
91067625,2019,2019-12-20,9675,2019-08-27,1225,015041,NA,2,1,7,3001,0,1,3,NA,2,093,SR-91 WESTBOUND TO SR-55 SOUTHBOUND,SR-55 SOUTHBOUND,300,E,N,A,-,Y,NA,NA,91,NA,NA,NA,R,NA,W,Y,1,1,0,4,A,-,03,22350,NA,N,C,C,A,A,H,-,A,D,0,NA,NA,NA,NA,Y,NA,A,08,0,0,0,0,0,0,0,0,0,-,-,33.843868255615234,-117.82769775390624,ORANGE,ANAHEIM,-117.82769775390624,33.843868255615234
91067821,2019,2019-09-05,9670,2019-08-29,0401,022081,NA,4,3,7,3001,0,1,1,NA,2,503,I-5 S/B,DISNEYLAND DRIVE,100,N,N,A,-,Y,NA,NA,5,NA,NA,NA,NA,NA,S,Y,3,0,1,2,A,-,08,22107,NA,N,B,C,A,A,H,-,D,D,0,NA,NA,NA,NA,Y,NA,A,01,0,1,0,0,0,0,0,0,0,-,-,33.82265853881836,-117.92318725585938,ORANGE,ANAHEIM,-117.92315673828124,33.82269287109375
91068137,2019,2019-09-05,9690,2019-08-30,0540,017932,NA,5,3,4,3045,0,1,1,NA,2,055,I-5 S/B (SAN DIEGO FRWY),EL TORO ROAD,1100,S,N,B,-,Y,NA,NA,5,NA,NA,NA,NA,NA,S,Y,4,0,1,2,A,-,03,22350,NA,N,C,C,A,A,H,-,B,D,0,NA,NA,NA,NA,Y,NA,A,01,0,0,1,0,0,0,0,0,0,-,-,33.61235809326172,-117.70511627197266,ORANGE,LAGUNA HILLS,-117.7051239013672,33.61235427856445
9106836,2020,2020-11-19,3001,2020-05-29,0538,A2584,D2,5,5,7,3001,0,0,0,NA,0,0D2,LINCOLN AV,RT 57,35,W,N,A,-,Y,ORA,12,57,-,-,14.653,R,4,S,Y,3,0,1,2,A,-,03,22350,NA,N,C,C,A,A,H,-,B,A,0,NA,NA,NA,NA,Y,NA,A,01,0,1,0,0,0,0,0,0,0,-,SF,NA,NA,ORANGE,ANAHEIM,-117.8762435913086,33.83602523803711
91068850,2019,2019-09-06,9675,2019-08-29,1835,019938,NA,4,2,6,3026,0,1,1,NA,2,407,I-405 S/B FROM IRVINE CENTER DRIVE,IRVINE CENTER DR,135,N,N,A,-,Y,NA,NA,NA,NA,NA,NA,NA,NA,NA,Y,4,0,1,4,A,-,03,22350,NA,M,C,C,A,A,H,-,B,A,0,NA,NA,NA,NA,Y,NA,A,01,0,0,1,0,0,0,0,0,0,-,-,33.385169982910156,-117.44509887695313,ORANGE,IRVINE,-117.74736785888672,33.64799880981445
9106964,2020,2020-12-01,3010,2020-09-01,1813,1261,252,2,5,6,3010,0,0,0,NA,0,007,BEACH BL,HEIL AV,0,NA,Y,A,-,Y,ORA,12,39,-,-,5.141,I,5,N,NA,3,0,2,2,A,-,12,21453,A,N,D,G,A,A,H,-,A,A,0,NA,Y,Y,NA,Y,NA,L,04,0,1,1,0,0,0,1,0,1,-,-,33.72269821166992,-117.9893035888672,ORANGE,HUNTINGTON BEACH,-117.98911285400392,33.7230224609375
91070490,2019,2019-09-09,9670,2019-08-30,0108,022065,NA,5,3,7,3001,0,1,3,NA,2,094,STATE ROUTE 91 EASTBOUND,HARBOR BLVD,355,E,N,A,-,Y,NA,NA,91,NA,NA,NA,NA,NA,E,Y,2,0,1,1,A,-,01,23152,A,N,E,I,A,A,D,-,D,D,0,NA,NA,NA,NA,Y,Y,D,22,1,0,0,0,0,0,0,0,0,-,-,33.85383987426758,-117.92243957519533,ORANGE,ANAHEIM,-117.92244720458984,33.85393524169922
91070872,2019,2019-09-10,9675,2019-09-01,0211,021984,NA,7,3,6,3026,0,1,1,NA,2,406,I-405 S/B FROM JAMBOREE RD.,JAMBOREE ROAD,0,NA,N,A,-,Y,NA,NA,405,NA,NA,NA,R,NA,S,N,3,0,1,1,A,-,01,23152,A,N,F,A,A,A,H,-,C,D,0,NA,NA,Y,NA,Y,Y,C,02,0,1,0,0,0,0,0,0,1,-,-,33.676780700683594,-117.84430694580078,ORANGE,IRVINE,-117.84430694580078,33.676780700683594
91071713,2019,2019-09-10,9675,2019-09-03,1632,021438,NA,2,2,4,3002,0,1,3,NA,2,570,SR-57 S/B,IMPERIAL HIGHWAY,1700,N,N,A,-,Y,NA,NA,57,NA,NA,NA,NA,NA,S,Y,4,0,1,3,A,-,03,22350,NA,N,C,C,A,A,H,-,A,D,0,NA,NA,NA,NA,Y,NA,A,07,0,0,1,0,0,0,0,0,0,-,-,33.91529846191406,-117.88224792480467,ORANGE,BREA,-117.8823013305664,33.91532516479492
91071907,2019,2019-09-11,9675,2019-07-16,1511,020699,NA,2,2,7,3019,0,1,3,NA,2,552,SR-55 NORTHBOUND,MACARTHUR BLVD,200,N,N,A,-,Y,NA,NA,55,NA,NA,NA,NA,NA,N,N,3,0,1,3,A,-,03,22350,NA,M,B,C,A,A,H,-,A,D,0,NA,NA,Y,NA,Y,NA,C,02,0,1,0,0,0,0,0,0,1,-,-,33.699180603027344,-117.86083221435548,ORANGE,SANTA ANA,-117.86090850830078,33.699256896972656
91072456,2019,2019-09-11,9675,2019-09-04,1005,016748,NA,3,1,9,3000,0,1,3,NA,2,570,SR-57 SOUTHBOUND,TONNER CYN RD,1000,S,N,A,-,Y,NA,NA,NA,NA,NA,NA,NA,NA,NA,Y,4,0,1,3,A,-,03,22350,NA,N,C,C,A,A,H,-,A,D,0,NA,NA,NA,NA,Y,NA,A,01,0,0,1,0,0,0,0,0,0,-,-,33.5609016418457,-117.52416229248048,ORANGE,UNINCORPORATED,NA,NA
9107274,2020,2020-11-16,3010,2020-06-18,2103,1208,262,4,5,6,3010,0,0,0,NA,0,007,RT 39,TERRY,35,N,N,A,-,Y,ORA,12,39,-,-,4.89,H,-,S,N,4,0,1,2,A,-,07,21658,A,M,B,C,A,A,H,-,C,A,0,NA,NA,NA,NA,Y,NA,-,99,0,0,1,0,0,0,0,0,0,-,-,NA,NA,ORANGE,HUNTINGTON BEACH,-117.98928833007813,33.71942901611328
91073182,2019,2019-09-12,9670,2019-09-06,2240,019925,NA,5,3,5,3003,0,1,1,NA,2,500,I-5 N/B,ARTESIA BLVD.,150,S,N,A,-,Y,NA,NA,NA,NA,NA,NA,NA,NA,NA,N,4,0,2,2,A,-,03,22350,NA,N,C,C,A,A,H,-,C,D,0,NA,NA,NA,NA,Y,NA,A,01,0,0,2,0,0,0,0,0,0,-,-,33.872928619384766,-117.00908660888672,ORANGE,BUENA PARK,-118.00936889648438,33.873138427734375
91074178,2019,2019-09-13,9675,2019-09-10,0515,019652,NA,2,3,5,3022,0,1,3,NA,2,551,SR-55 SOUTHBOUND,17TH STREET,100,N,N,B,-,Y,NA,NA,55,NA,NA,NA,NA,NA,S,N,4,0,1,2,A,-,03,22350,NA,N,C,C,A,A,H,-,C,D,0,NA,NA,NA,NA,Y,NA,A,01,0,0,1,0,0,0,0,0,0,-,-,33.76021957397461,-117.83120727539063,ORANGE,TUSTIN,-117.83119201660156,33.76021957397461
91077186,2019,2019-09-18,9670,2019-09-16,0900,018757,NA,1,1,4,3020,0,1,1,NA,2,440,I-405 N/B,SEAL BEACH BLVD,200,N,N,B,-,Y,NA,NA,405,NA,NA,NA,NA,NA,N,Y,3,0,2,2,A,-,03,22350,NA,N,C,C,A,A,D,E,A,D,0,NA,NA,NA,NA,Y,NA,A,01,0,1,1,0,0,0,0,0,0,-,-,33.77450180053711,-118.07540130615234,ORANGE,SEAL BEACH,-118.07540130615234,33.77450180053711
91078338,2019,2019-09-19,9670,2019-09-18,0745,018687,NA,3,1,7,3001,0,1,1,NA,2,503,I-5 S/B,EUCLID ST,2112,N,N,B,-,Y,NA,NA,5,NA,NA,NA,NA,NA,S,N,4,0,1,2,A,-,03,22350,NA,N,C,C,A,A,H,-,A,D,0,NA,NA,NA,NA,Y,NA,A,01,0,0,1,0,0,0,0,0,0,-,-,33.83892822265625,-117.9477767944336,ORANGE,ANAHEIM,-117.94779205322266,33.83890151977539
91079292,2019,2019-09-20,9670,2019-09-19,0850,013953,NA,4,1,6,3009,0,1,3,NA,2,021,SR-22 W/B (GARDEN GROVE FWY),GARDEN GROVE BLVD,50,W,N,B,-,Y,NA,NA,22,NA,NA,NA,NA,NA,W,Y,3,0,2,2,A,-,07,21658,A,N,C,C,A,A,H,-,A,D,0,NA,NA,NA,NA,Y,NA,A,01,0,1,1,0,0,0,0,0,0,-,-,33.7735595703125,-118.00523376464844,ORANGE,GARDEN GROVE,-118.0052490234375,33.77351760864258
91080132,2019,2019-09-23,9675,2019-09-16,1700,021809,NA,1,2,5,3022,0,1,1,NA,2,503,I-5 S/B,TUSTIN RANCH RD,1000,N,N,A,-,Y,NA,NA,NA,NA,NA,NA,NA,NA,NA,N,4,0,1,2,A,-,03,22350,NA,N,C,C,A,A,H,-,A,D,0,NA,NA,NA,NA,Y,NA,A,01,0,0,1,0,0,0,0,0,0,-,-,33.43452072143555,-117.48346710205078,ORANGE,TUSTIN,-117.80669403076172,33.72730255126953
91080238,2019,2019-09-23,9670,2019-09-21,1105,016209,NA,6,1,5,3003,0,1,1,NA,2,501,I-5 S/B (SANTA ANA FREEWAY),WESTERN AVE.,350,S,N,A,-,Y,NA,NA,5,NA,NA,NA,NA,NA,S,Y,4,0,1,1,A,-,08,22107,NA,N,E,I,A,A,H,-,A,D,0,NA,NA,NA,NA,Y,NA,A,01,0,0,1,0,0,0,0,0,0,-,-,33.86777877807617,-118.00153350830078,ORANGE,BUENA PARK,-118.00146484375,33.867897033691406
91080486,2019,2019-09-23,9670,2019-09-19,1725,021733,NA,4,2,6,3010,0,1,1,NA,2,042,I-405 N/B,BEACH BLVD,1320,N,N,A,-,Y,NA,NA,405,NA,NA,NA,NA,NA,N,N,4,0,1,2,A,-,03,22350,NA,N,C,C,A,A,E,-,A,D,0,NA,NA,NA,NA,Y,NA,A,01,0,0,1,0,0,0,0,0,0,-,-,33.736488342285156,-117.99462890625,ORANGE,HUNTINGTON BEACH,-117.99462127685548,33.73649597167969
91081861,2019,2019-09-24,9675,2019-09-17,1140,018539,NA,2,1,6,3015,0,1,3,NA,2,572,SR-57 S/B,KATELLA AVE,1420,S,N,A,-,Y,NA,NA,57,NA,NA,NA,NA,NA,S,Y,4,0,2,2,A,-,03,22350,NA,N,C,C,A,A,H,-,A,D,0,NA,NA,NA,NA,Y,NA,A,01,0,0,2,0,0,0,0,0,0,-,-,33.802188873291016,-117.879150390625,ORANGE,ORANGE,-117.87928771972656,33.80210876464844
91084132,2019,2019-09-26,9690,2019-09-25,0629,014351,NA,3,1,9,3000,0,1,3,NA,1,074,SR-74 (ORTEGA HWY),ANTONIO PKWY,0,NA,Y,B,-,Y,NA,NA,74,NA,NA,NA,NA,NA,NA,Y,4,0,1,2,A,-,12,21453,A,N,A,C,A,A,H,-,A,A,0,NA,NA,NA,NA,Y,NA,A,07,0,0,1,0,0,0,0,0,0,-,-,33.51969909667969,-117.61990356445313,ORANGE,UNINCORPORATED,-117.61990356445313,33.519737243652344
91089737,2019,2019-10-03,9690,2019-10-02,1600,014953,NA,3,2,5,3028,0,1,1,NA,2,056,I-5 S/B (SAN DIEGO FRWY),METROLINK UNDERCROSSING,430,S,N,A,-,Y,NA,NA,5,NA,NA,NA,NA,NA,S,N,4,0,1,2,A,-,03,22350,NA,N,C,C,A,A,D,-,A,D,0,NA,NA,NA,NA,Y,NA,A,01,0,0,1,0,0,0,0,0,0,-,-,33.59498977661133,-117.67352294921876,ORANGE,MISSION VIEJO,-117.67347717285156,33.595027923583984
91090094,2019,2019-10-03,9675,2019-09-24,2215,021874,NA,2,3,7,3001,0,1,3,NA,2,093,SR-91 WESTBOUND FROM KRAEMER SOUTHBOUND,KRAEMER BLVD,375,W,N,A,-,Y,NA,NA,91,NA,NA,NA,R,NA,W,Y,4,0,1,1,A,-,08,22107,NA,N,E,I,A,A,H,-,D,D,0,NA,NA,NA,NA,Y,NA,A,01,0,0,1,0,0,0,0,0,0,-,-,33.84859848022461,-117.85691833496094,ORANGE,ANAHEIM,-117.85691833496094,33.84859848022461
91093147,2019,2019-10-08,9675,2019-09-30,2132,021691,NA,1,2,6,3026,0,1,1,NA,2,504,I-5 NORTHBOUND,SR-133 NORTHBOUND,1200,S,N,A,-,Y,NA,NA,5,NA,NA,NA,NA,NA,N,Y,3,0,1,3,A,-,03,22350,NA,N,C,C,A,A,H,-,C,D,0,NA,NA,NA,NA,Y,NA,A,01,0,1,0,0,0,0,0,0,0,-,-,33.664920806884766,-117.75096130371094,ORANGE,IRVINE,-117.75099182128906,33.664894104003906
91093360,2019,2019-10-09,9675,2019-09-29,1510,021690,NA,7,2,6,3026,0,1,1,NA,2,504,I-5 N/B,JEFFREY RD,800,S,N,A,-,Y,NA,NA,5,NA,NA,NA,NA,NA,N,Y,4,0,2,3,A,-,07,21658,A,N,B,C,A,A,H,-,A,D,0,NA,NA,NA,NA,Y,NA,A,01,0,0,2,0,0,0,0,0,0,-,-,33.68421936035156,-117.76457977294922,ORANGE,IRVINE,-117.76446533203124,33.68429946899414
91095262,2019,2019-10-11,9670,2019-10-08,1920,019304,NA,2,2,6,3009,0,1,3,NA,2,025,SR-22 W/B,HARBOR BLVD,900,W,N,A,-,Y,NA,NA,22,NA,NA,NA,NA,NA,W,Y,4,0,1,2,A,-,03,22350,NA,N,C,C,A,A,H,-,D,D,0,NA,NA,NA,NA,Y,NA,A,07,0,0,1,0,0,0,0,0,0,-,-,33.76694107055664,-117.92366027832033,ORANGE,GARDEN GROVE,-117.9236068725586,33.76678466796875
91097424,2019,2019-10-15,9675,2019-10-13,0352,020550,NA,7,3,6,3004,0,1,3,NA,2,553,SR-55 SOUTHBOUND,FAIR DR.,100,S,N,A,-,Y,NA,NA,55,NA,NA,NA,NA,NA,S,Y,4,0,2,4,A,-,01,23152,A,N,C,C,A,A,C,-,D,D,0,NA,NA,NA,NA,Y,Y,A,07,0,0,2,0,0,0,0,0,0,-,-,33.662960052490234,-117.8979263305664,ORANGE,COSTA MESA,-117.89787292480467,33.662899017333984
91097601,2019,2019-10-15,9675,2019-10-05,1750,021386,NA,6,2,7,3019,0,1,3,NA,2,222,STATE ROUTE 22 EASTBOUND,BRISTOL STREET,500,E,N,A,-,Y,NA,NA,22,NA,NA,NA,NA,NA,E,Y,4,0,1,2,A,-,03,22350,NA,N,C,C,A,A,H,-,A,D,0,NA,NA,NA,NA,Y,NA,A,01,0,0,1,0,0,0,0,0,0,-,-,33.77878189086914,-117.88223266601563,ORANGE,SANTA ANA,-117.88223266601563,33.7789306640625
91097955,2019,2019-10-15,9675,2019-09-21,1230,019652,NA,6,1,6,3004,0,1,3,NA,2,553,SR-55 SOUTHBOUND,19TH STREET,930,N,N,A,-,Y,NA,NA,55,NA,NA,NA,NA,NA,S,N,4,0,1,3,A,-,08,22107,NA,F,C,C,A,A,H,-,A,D,0,NA,NA,Y,NA,Y,NA,D,22,0,0,1,0,0,0,0,0,1,-,-,33.645328521728516,-117.91519927978516,ORANGE,COSTA MESA,-117.9150848388672,33.645233154296875
91098855,2019,2019-10-16,9675,2019-10-08,1727,019938,NA,2,2,6,3004,0,1,1,NA,2,405,I-405 NORTHBOUND TO SR-55 SOUTHBOUND,PAULARINO AVE,1358,N,N,A,-,Y,NA,NA,405,NA,NA,NA,R,NA,N,Y,4,0,1,3,A,-,03,22350,NA,N,C,C,A,A,H,-,A,D,0,NA,NA,Y,NA,Y,NA,C,02,0,0,1,0,0,0,0,0,1,-,-,33.68534851074219,-117.87522888183594,ORANGE,COSTA MESA,-117.87522888183594,33.68534851074219
9109932,2020,2020-08-21,3003,2020-06-12,1732,1243,23,5,5,5,3003,0,0,0,NA,0,003,ORANGETHORPE AV,KASS DR,0,NA,Y,A,-,N,NA,NA,NA,NA,NA,NA,NA,NA,NA,Y,2,0,1,2,A,-,08,22107,NA,F,D,C,A,A,H,-,A,A,0,NA,NA,Y,NA,Y,NA,A,01,1,0,0,0,0,0,0,0,1,-,-,33.858951568603516,-117.98834991455078,ORANGE,BUENA PARK,-117.98842620849608,33.85905075073242
91101745,2019,2019-10-21,9675,2019-10-11,1710,021397,NA,5,2,9,3000,0,1,3,NA,2,240,SR-241 NORTHBOUND,UPPER BLIND CANYON RD,2135,N,N,A,-,Y,NA,NA,241,NA,NA,NA,NA,NA,N,N,4,0,2,2,A,-,03,22350,NA,N,C,C,A,A,H,-,A,D,0,NA,NA,NA,NA,Y,NA,A,07,0,0,2,0,0,0,0,0,0,-,-,33.82337188720703,-117.71645355224608,ORANGE,UNINCORPORATED,-117.71646881103516,33.82337188720703
91105364,2019,2019-10-24,9675,2019-10-17,1921,019938,NA,4,2,6,3015,0,1,3,NA,2,222,SR-22 WESTBOUND,CAMBRIDGE ST,180,W,N,A,-,Y,NA,NA,22,NA,NA,NA,NA,NA,W,Y,4,0,2,3,A,-,03,22350,NA,N,C,C,A,A,H,-,C,D,0,NA,NA,NA,NA,Y,NA,A,01,0,0,2,0,0,0,0,0,0,-,-,33.77606964111328,-117.84512329101563,ORANGE,ORANGE,-117.84510803222656,33.7760124206543
9110665,2020,2020-10-21,3026,2020-05-23,2117,635,2,6,5,6,3026,0,0,0,NA,0,00U,MACARTHUR,RT 405,19,W,N,A,-,Y,ORA,12,405,-,-,7.624,R,4,S,Y,4,0,1,2,A,-,01,23153,A,N,D,C,A,A,H,-,C,A,0,NA,NA,NA,NA,Y,NA,A,01,0,0,1,0,0,0,0,0,0,-,SO,NA,NA,ORANGE,IRVINE,-117.85440826416016,33.68143844604492