CASE_ID,ACCIDENT_YEAR,PROC_DATE,JURIS,COLLISION_DATE,COLLISION_TIME,OFFICER_ID,REPORTING_DISTRICT,DAY_OF_WEEK,CHP_SHIFT,POPULATION,CNTY_CITY_LOC,SPECIAL_COND,BEAT_TYPE,CHP_BEAT_TYPE,CITY_DIVISION_LAPD,CHP_BEAT_CLASS,BEAT_NUMBER,PRIMARY_RD,SECONDARY_RD,DISTANCE,DIRECTION,INTERSECTION,WEATHER_1,WEATHER_2,STATE_HWY_IND,CALTRANS_COUNTY,CALTRANS_DISTRICT,STATE_ROUTE,ROUTE_SUFFIX,POSTMILE_PREFIX,POSTMILE,LOCATION_TYPE,RAMP_INTERSECTION,SIDE_OF_HWY,TOW_AWAY,COLLISION_SEVERITY,NUMBER_KILLED,NUMBER_INJURED,PARTY_COUNT,PRIMARY_COLL_FACTOR,PCF_CODE_OF_VIOL,PCF_VIOL_CATEGORY,PCF_VIOLATION,PCF_VIOL_SUBSECTION,HIT_AND_RUN,TYPE_OF_COLLISION,MVIW,PED_ACTION,ROAD_SURFACE,ROAD_COND_1,ROAD_COND_2,LIGHTING,CONTROL_DEVICE,CHP_ROAD_TYPE,PEDESTRIAN_ACCIDENT,BICYCLE_ACCIDENT,MOTORCYCLE_ACCIDENT,TRUCK_ACCIDENT,NOT_PRIVATE_PROPERTY,ALCOHOL_INVOLVED,STWD_VEHTYPE_AT_FAULT,CHP_VEHTYPE_AT_FAULT,COUNT_SEVERE_INJ,COUNT_VISIBLE_INJ,COUNT_COMPLAINT_PAIN,COUNT_PED_KILLED,COUNT_PED_INJURED,COUNT_BICYCLIST_KILLED,COUNT_BICYCLIST_INJURED,COUNT_MC_KILLED,COUNT_MC_INJURED,PRIMARY_RAMP,SECONDARY_RAMP,LATITUDE,LONGITUDE,COUNTY,CITY,POINT_X,POINT_Y
9116921,2020,2020-09-14,3010,2020-06-22,1029,1261,273,1,5,6,3010,0,0,0,NA,0,006,WARNER,MINORV,85,W,N,B,-,N,NA,NA,NA,NA,NA,NA,NA,NA,NA,Y,3,0,1,2,A,-,03,22350,NA,F,C,C,A,A,H,-,A,A,0,NA,NA,NA,NA,Y,NA,A,01,0,1,0,0,0,0,0,0,0,-,-,NA,NA,ORANGE,HUNTINGTON BEACH,-117.98252868652344,33.71564483642578
91169906,2020,2020-01-22,9675,2020-01-15,1510,019135,NA,3,2,5,3022,0,1,1,NA,2,503,I-5 NORTHBOUND,NEWPORT AVE,500,N,N,A,-,Y,NA,NA,5,NA,NA,NA,NA,NA,N,N,4,0,1,2,A,-,21,22106,NA,N,C,C,A,A,H,-,A,D,0,NA,NA,NA,NA,Y,NA,A,01,0,0,1,0,0,0,0,0,0,-,-,33.73802185058594,-117.82691955566406,ORANGE,TUSTIN,-117.82680511474608,33.7384033203125
91175431,2020,2020-01-28,9690,2020-01-27,1755,014765,NA,1,2,9,3000,0,2,4,NA,2,034,ANTONIO PKWY,DEERPATH,150,N,N,A,-,N,NA,NA,NA,NA,NA,NA,NA,NA,NA,Y,4,0,1,3,A,-,03,22350,NA,N,C,C,A,A,H,-,C,D,0,NA,NA,NA,NA,Y,NA,A,01,0,0,1,0,0,0,0,0,0,-,-,33.345340728759766,-117.37519073486328,ORANGE,UNINCORPORATED,-117.63121795654295,33.58156204223633
91178473,2020,2020-02-03,9670,2020-01-31,1355,021459,NA,5,1,5,3003,0,1,3,NA,2,091,SR-91 W/B,VALLEY VIEW ST,1500,E,N,A,-,Y,NA,NA,91,NA,NA,NA,NA,NA,W,N,4,0,1,3,A,-,03,22350,NA,N,C,C,A,A,H,-,A,D,0,NA,NA,NA,NA,Y,NA,A,01,0,0,1,0,0,0,0,0,0,-,-,33.85594177246094,-118.0226593017578,ORANGE,BUENA PARK,-118.0226593017578,33.8560676574707
91179546,2019,2020-02-04,9670,2019-12-13,2120,018664,NA,5,2,9,3000,0,3,5,NA,2,004,"BALL ROAD, 9600 BLOCK",YARDLEY STREET,49,W,N,A,-,N,NA,NA,NA,NA,NA,NA,NA,NA,NA,N,1,1,0,2,A,-,11,21954,A,N,G,B,D,A,H,-,C,D,0,Y,NA,NA,NA,Y,NA,N,60,0,0,0,1,0,0,0,0,0,-,-,33.8177604675293,-117.96527862548828,ORANGE,UNINCORPORATED,-117.96517944335938,33.81787872314453
91179892,2020,2020-02-04,9675,2020-01-29,1810,019938,NA,3,2,7,3019,0,1,3,NA,2,222,SR-22 WESTBOUND,LA VETA AVE,2100,E,N,A,G,Y,NA,NA,NA,NA,NA,NA,NA,NA,NA,Y,4,0,2,4,A,-,03,22350,NA,N,C,C,A,A,H,-,C,D,0,NA,NA,NA,NA,Y,NA,A,01,0,0,2,0,0,0,0,0,0,-,-,33.46445846557617,-117.52349090576172,ORANGE,SANTA ANA,-117.8787841796875,33.77888870239258
91181603,2020,2020-02-06,9675,2020-01-31,1521,021633,NA,5,2,7,3001,0,1,3,NA,2,093,SR-91 W/B,LA PALMA AVE,40,E,N,A,-,Y,NA,NA,91,NA,NA,NA,NA,NA,W,Y,4,0,2,3,A,-,03,22350,NA,N,C,C,A,A,H,-,A,D,0,NA,NA,NA,NA,Y,NA,D,22,0,0,2,0,0,0,0,0,0,-,-,33.84756851196289,-117.8707275390625,ORANGE,ANAHEIM,-117.87071228027344,33.84762954711914
91185777,2020,2020-02-13,9675,2020-02-02,1401,021809,NA,7,2,7,3019,0,1,1,NA,2,502,I-5 N/B,MAIN ST,1000,S,N,A,-,Y,NA,NA,NA,NA,NA,NA,NA,NA,NA,Y,4,0,1,2,A,-,03,22350,NA,N,C,C,A,A,H,-,A,D,0,NA,NA,NA,NA,Y,NA,D,22,0,0,1,0,0,0,0,0,0,-,-,33.458499908447266,-117.51908111572266,ORANGE,SANTA ANA,-117.8673095703125,33.768089294433594
91187991,2020,2020-02-18,9670,2020-02-06,0915,019502,NA,4,1,6,3009,0,1,3,NA,2,022,SR-22 E/B,BEACH BLVD,800,E,N,A,-,Y,NA,NA,22,NA,NA,NA,NA,NA,E,Y,4,0,3,4,A,-,03,22350,NA,N,C,C,A,A,H,-,A,D,0,NA,NA,NA,NA,Y,NA,A,01,0,0,3,0,0,0,0,0,0,-,-,33.77095031738281,-117.98755645751952,ORANGE,GARDEN GROVE,-117.9875717163086,33.77073287963867
91188519,2020,2020-02-18,9670,2020-02-09,1425,021894,NA,7,2,6,3009,0,1,3,NA,2,023,STATE ROUTE 22 W/B,EUCLID STREET,500,E,N,B,C,Y,NA,NA,22,NA,NA,NA,NA,NA,W,Y,3,0,1,6,A,-,03,22350,NA,N,C,C,A,B,H,-,A,D,0,NA,NA,NA,NA,Y,NA,A,01,0,1,0,0,0,0,0,0,0,-,-,33.76622009277344,-117.92633056640624,ORANGE,GARDEN GROVE,-117.92633056640624,33.76625442504883
91188867,2020,2020-02-19,9670,2020-02-17,1654,017022,NA,1,2,4,3020,0,1,1,NA,2,450,I-405 S/B,SR-22 E/B,3960,N,N,A,-,Y,NA,NA,405,NA,NA,NA,NA,NA,S,Y,4,0,1,2,A,-,03,22350,NA,N,C,C,A,A,D,-,A,D,0,NA,NA,NA,NA,Y,NA,A,07,0,0,1,0,0,0,0,0,0,-,-,33.774200439453125,-118.05538177490234,ORANGE,SEAL BEACH,-118.05538177490234,33.77422332763672
91190861,2020,2020-02-21,9690,2020-02-19,1238,014552,NA,3,1,5,3028,0,1,1,NA,2,057,I-5 N/B (SAN DIEGO FRWY),AVERY PARKWAY UC,1901,N,N,A,-,Y,NA,NA,5,NA,NA,NA,NA,NA,N,N,4,0,1,2,A,-,03,22350,NA,N,C,C,A,A,H,-,A,D,0,NA,NA,NA,NA,Y,NA,A,01,0,0,1,0,0,0,0,0,0,-,-,33.552581787109375,-117.6725616455078,ORANGE,MISSION VIEJO,-117.6727294921875,33.552574157714844
91190947,2020,2020-02-21,9675,2020-02-12,1850,019135,NA,3,2,6,3015,0,1,3,NA,2,572,SR-57 S/B TO SR-22 W/B,I-5 SOUTHBOUND,400,S,N,A,-,Y,NA,NA,57,NA,NA,NA,R,NA,S,Y,4,0,1,2,A,-,03,22350,NA,N,C,C,A,A,H,-,C,D,0,NA,NA,NA,NA,Y,NA,A,07,0,0,1,0,0,0,0,0,0,-,-,33.78070068359375,-117.88240814208984,ORANGE,ORANGE,-117.88240814208984,33.78070068359375
91191105,2020,2020-02-21,9670,2020-02-20,1015,017641,NA,4,1,4,3020,0,1,1,NA,2,044,I-405 N/B,SEAL BEACH BLVD.,500,N,N,A,-,Y,NA,NA,405,NA,NA,NA,NA,NA,N,N,4,0,1,2,A,-,03,22350,NA,N,C,C,A,A,D,E,A,D,0,NA,NA,NA,NA,Y,NA,A,07,0,0,1,0,0,0,0,0,0,-,-,33.774681091308594,-118.07982635498048,ORANGE,SEAL BEACH,-118.07982635498048,33.7745361328125
91191902,2020,2020-02-24,9690,2020-02-17,1615,020086,NA,1,2,4,3018,0,1,1,NA,2,056,I-5 N/B (SAN DIEGO FRWY),AVERY PKWY,1300,S,N,A,-,Y,NA,NA,5,NA,NA,NA,NA,NA,N,Y,4,0,4,3,A,-,03,22350,NA,N,C,C,A,A,H,-,A,D,0,NA,NA,NA,NA,Y,NA,A,01,0,0,4,0,0,0,0,0,0,-,-,33.543548583984375,-117.6733627319336,ORANGE,SAN JUAN CAPISTRANO,-117.67343139648438,33.54356384277344
91192604,2020,2020-02-24,9690,2020-02-22,0927,016128,NA,6,1,9,3000,0,2,4,NA,2,035,OSO PKWY,MORNING TRAIL,40,E,N,C,-,N,NA,NA,NA,NA,NA,NA,NA,NA,NA,Y,3,0,2,2,A,-,03,22350,NA,N,C,C,A,B,D,E,A,A,0,NA,NA,NA,NA,Y,NA,A,01,0,2,0,0,0,0,0,0,0,-,-,33.58427047729492,-117.62763214111328,ORANGE,UNINCORPORATED,-117.62763214111328,33.584293365478516
91193621,2020,2020-02-26,9675,2020-02-16,1350,021960,NA,7,1,6,3015,0,1,3,NA,2,572,SR-57 S/B TO LA VETA AVE.,LA VETA AVE,20,N,N,A,-,Y,NA,NA,NA,NA,NA,NA,NA,NA,NA,N,4,0,2,2,A,-,21,22106,NA,N,C,C,A,A,H,-,A,A,0,NA,NA,NA,NA,Y,NA,A,01,0,0,2,0,0,0,0,0,0,-,-,33.77962112426758,-117.88323974609376,ORANGE,ORANGE,NA,NA
91193834,2020,2020-02-26,9675,2020-02-17,1650,018985,NA,1,2,7,3019,0,1,3,NA,2,552,SR-55 N/B,WARNER AVE,150,S,N,A,-,Y,NA,NA,55,NA,NA,NA,NA,NA,N,Y,4,0,2,4,A,-,03,22350,NA,N,C,C,A,A,H,-,B,D,0,NA,NA,NA,NA,Y,NA,A,01,0,0,2,0,0,0,0,0,0,-,-,33.71514892578125,-117.84513092041016,ORANGE,SANTA ANA,-117.84523010253906,33.71525192260742
91194490,2020,2020-02-27,9670,2020-02-23,0338,021287,NA,7,3,6,3008,0,1,3,NA,2,094,SR-91 E/B,BROOKHURST ST,2640,E,N,A,-,Y,NA,NA,91,NA,NA,NA,NA,NA,E,Y,3,0,1,1,A,-,08,22107,NA,N,E,I,A,A,H,-,C,D,0,NA,NA,NA,NA,Y,NA,A,01,0,1,0,0,0,0,0,0,0,-,-,33.85456848144531,-117.96835327148438,ORANGE,FULLERTON,-117.96832275390624,33.85465621948242
91199409,2020,2020-03-02,9675,2020-02-05,1145,019652,NA,3,1,6,3008,0,1,3,NA,2,570,SR-57 SOUTHBOUND,YORBA LINDA BLVD,700,N,N,A,-,Y,NA,NA,57,NA,NA,NA,NA,NA,S,Y,2,0,1,3,A,-,03,22350,NA,F,F,A,A,A,H,-,A,D,0,NA,NA,NA,NA,Y,NA,-,99,1,0,0,0,0,0,0,0,0,-,-,33.89455032348633,-117.88086700439452,ORANGE,FULLERTON,-117.88092041015624,33.89454650878906
91201442,2020,2020-03-04,9675,2020-02-26,0550,019979,NA,3,3,6,3008,0,1,3,NA,2,570,SR-57 SOUTHBOUND,YORBA LINDA BLVD,1200,N,N,A,-,Y,NA,NA,57,NA,NA,NA,NA,NA,S,N,4,0,1,2,A,-,03,22350,NA,N,C,C,A,A,H,-,B,D,0,NA,NA,NA,NA,Y,NA,A,01,0,0,1,0,0,0,0,0,0,-,-,33.89707946777344,-117.881103515625,ORANGE,FULLERTON,-117.88113403320313,33.89707565307617
9120145,2020,2020-11-05,3010,2020-06-11,1132,3030,461,4,5,6,3010,0,0,0,NA,0,004,RT 1,MAIN ST,624,S,N,A,-,Y,ORA,12,1,-,-,24.6,H,-,S,N,4,0,1,2,A,-,09,21804,A,N,B,G,A,A,H,-,A,D,0,NA,Y,NA,NA,Y,NA,L,04,0,0,1,0,0,0,1,0,0,-,-,NA,NA,ORANGE,HUNTINGTON BEACH,-118.0003662109375,33.65587615966797
91201818,2020,2020-03-04,9675,2020-02-28,0920,016299,NA,5,1,7,3001,0,1,3,NA,2,094,STATE ROUTE 91 EASTBOUND,IMPERIAL HIGHWAY,1000,W,N,A,-,Y,NA,NA,91,NA,NA,NA,NA,NA,E,Y,4,0,1,2,A,-,03,22350,NA,N,C,C,A,A,H,-,A,D,0,NA,NA,NA,NA,Y,NA,A,01,0,0,1,0,0,0,0,0,0,-,-,33.853981018066406,-117.79355621337892,ORANGE,ANAHEIM,-117.79355621337892,33.85414123535156
91202465,2020,2020-03-05,9675,2020-02-29,1020,019979,NA,6,1,6,3004,0,1,3,NA,2,553,SR-55 SOUTHBOUND,MACARTHUR BLVD,1200,S,N,A,-,Y,NA,NA,55,NA,NA,NA,NA,NA,S,Y,4,0,1,2,A,-,03,22350,NA,N,C,C,A,A,H,-,A,D,0,NA,NA,NA,NA,Y,NA,D,22,0,0,1,0,0,0,0,0,0,-,-,33.68986892700195,-117.86998748779295,ORANGE,COSTA MESA,-117.86991119384766,33.68979263305664
91203360,2020,2020-03-06,9675,2020-03-05,0735,017043,NA,4,1,6,3026,0,1,1,NA,2,407,I-405 N/B,LAGUNA CANYON RD,200,N,N,A,B,Y,NA,NA,405,NA,NA,NA,NA,NA,N,N,4,0,1,2,A,-,03,22350,NA,N,C,C,A,A,H,-,A,D,0,NA,NA,NA,NA,Y,NA,A,01,0,0,1,0,0,0,0,0,0,-,-,33.65497970581055,-117.77249908447266,ORANGE,IRVINE,-117.77259063720705,33.65480422973633
9120733,2020,2020-08-27,3001,2020-06-21,0907,A2382,NA,7,5,7,3001,0,0,0,NA,0,D 2,EUCLID ST,GLENOAKS AV,56,N,N,B,-,N,NA,NA,NA,NA,NA,NA,NA,NA,NA,Y,3,0,5,3,A,-,03,22350,NA,N,C,C,A,A,H,-,A,D,0,NA,NA,NA,NA,Y,NA,A,01,0,5,0,0,0,0,0,0,0,-,-,33.843238830566406,-117.941650390625,ORANGE,ANAHEIM,-117.94161224365234,33.84310531616211
91210032,2020,2020-03-25,9690,2020-03-12,1315,014329,NA,4,1,4,3045,0,1,1,NA,2,055,I-5 N/B (SAN DIEGO FRWY),ALICIA PKWY,2000,N,N,B,C,Y,NA,NA,5,NA,NA,NA,NA,NA,N,Y,4,0,1,2,A,-,03,22350,NA,N,D,C,A,B,H,-,A,D,0,NA,NA,NA,NA,Y,NA,A,07,0,0,1,0,0,0,0,0,0,-,-,33.607398986816406,-117.69548034667967,ORANGE,LAGUNA HILLS,-117.69547271728516,33.607418060302734
91210242,2020,2020-03-17,9675,2020-03-12,1453,021633,NA,4,2,7,3001,0,1,3,NA,2,093,SR-91 E/B,SR-55,170,E,N,C,-,Y,NA,NA,91,NA,NA,NA,NA,NA,E,Y,4,0,1,3,A,-,08,22107,NA,N,E,I,A,B,H,-,A,D,0,NA,NA,NA,NA,Y,NA,A,01,0,0,1,0,0,0,0,0,0,-,-,33.84455108642578,-117.82460784912108,ORANGE,ANAHEIM,-117.82463836669922,33.844627380371094
91210694,2020,2020-03-18,9675,2020-03-09,0117,022052,NA,1,3,7,3001,0,1,3,NA,2,093,SR-91 WESTBOUND,STATE COLLEGE BLVD,700,E,N,A,-,Y,NA,NA,91,NA,NA,NA,NA,NA,W,Y,4,0,2,2,A,-,08,22107,NA,F,B,C,A,A,H,-,D,D,0,NA,NA,NA,NA,Y,NA,-,99,0,0,2,0,0,0,0,0,0,-,-,33.854190826416016,-117.88677978515624,ORANGE,ANAHEIM,-117.88677978515624,33.85419845581055
91210934,2020,2020-03-18,9670,2020-03-09,1545,019138,NA,1,2,6,3009,0,1,3,NA,2,024,SR-22 EB (GARDEN GROVE FREEWAY),GARDEN GROVE BLVD,1000,W,N,A,-,Y,NA,NA,NA,NA,NA,NA,NA,NA,NA,Y,2,0,1,5,A,-,03,22350,NA,N,C,C,A,A,H,-,A,D,0,NA,NA,NA,NA,Y,NA,A,01,1,0,0,0,0,0,0,0,0,-,-,33.77262878417969,-117.90157318115234,ORANGE,GARDEN GROVE,-118.00911712646484,33.7745246887207
91211528,2020,2020-03-19,9670,2020-03-17,1230,016209,NA,2,1,9,3000,0,3,5,NA,2,004,GILBERT ST. 600 BLOCK,ORANGE AVE.,80,S,N,A,-,N,NA,NA,NA,NA,NA,NA,NA,NA,NA,N,4,0,1,3,A,-,03,22350,NA,F,C,C,A,A,H,-,A,D,0,NA,NA,NA,NA,Y,NA,A,01,0,0,1,0,0,0,0,0,0,-,-,33.82469940185547,-117.96761322021484,ORANGE,UNINCORPORATED,-117.96759796142578,33.82474136352539
91212965,2020,2020-03-20,9675,2020-03-17,0948,018539,NA,2,1,7,3001,0,1,3,NA,2,093,SR-91 E/B,KRAEMER BLVD,1335,W,N,A,-,Y,NA,NA,91,NA,NA,NA,NA,NA,E,Y,3,0,1,1,A,-,08,22107,NA,N,E,I,A,A,H,-,A,D,0,NA,NA,NA,NA,Y,NA,A,01,0,1,0,0,0,0,0,0,0,-,-,33.84674835205078,-117.85971069335938,ORANGE,ANAHEIM,-117.85971832275392,33.846778869628906
91213058,2020,2020-03-20,9675,2020-03-17,0526,018834,NA,2,3,7,3019,0,1,1,NA,2,502,I-5 SOUTHBOUND,17TH ST,400,S,N,B,C,Y,NA,NA,5,NA,NA,NA,NA,NA,S,Y,3,0,1,2,A,-,07,21658,A,N,B,C,A,B,H,-,C,D,0,NA,NA,NA,NA,Y,NA,A,01,0,1,0,0,0,0,0,0,0,-,-,33.75835037231445,-117.86012268066406,ORANGE,SANTA ANA,-117.86009979248048,33.75839614868164
91215446,2020,2020-03-25,9675,2020-03-18,0130,021694,NA,3,3,9,3000,0,3,5,NA,2,001,FAIRLYNN BLVD,ESPERANZA RD,28,N,N,A,-,N,NA,NA,NA,NA,NA,NA,NA,NA,NA,Y,3,0,1,1,A,-,01,23152,A,N,E,I,A,A,H,-,C,D,0,NA,NA,NA,NA,Y,Y,A,07,0,1,0,0,0,0,0,0,0,-,-,33.86283874511719,-117.78636932373048,ORANGE,UNINCORPORATED,-117.78627014160156,33.86280822753906
9121603,2020,2020-09-18,3015,2020-06-12,1419,1240,RD37,5,5,6,3015,0,0,0,NA,0,723M,GLASSELL ST,FLETCHER AV,0,NA,Y,A,-,N,NA,NA,NA,NA,NA,NA,NA,NA,NA,Y,3,0,1,2,A,-,12,21453,A,N,D,C,A,A,H,-,A,A,0,NA,NA,NA,Y,Y,NA,F,26,0,1,0,0,0,0,0,0,0,-,-,33.82865905761719,-117.85228729248048,ORANGE,ORANGE,-117.8530731201172,33.82925033569336
9121928,2020,2020-09-21,3008,2020-07-01,1557,1295,ZONE1,3,5,6,3008,0,0,0,NA,0,NA,GILBERT ST,STERN GOODMAN ST,42,N,N,A,-,N,NA,NA,NA,NA,NA,NA,NA,NA,NA,Y,2,0,2,1,A,-,01,23152,A,N,E,I,A,A,H,-,A,A,0,NA,NA,NA,NA,Y,Y,D,22,1,1,0,0,0,0,0,0,0,-,-,NA,NA,ORANGE,FULLERTON,-117.96631622314452,33.879459381103516
91219590,2020,2020-04-01,9675,2020-03-28,1857,020091,NA,6,2,6,3026,0,1,1,NA,2,407,I-405 N/B FROM IRVINE CENTER DR. W/B,IRVINE CENTER DR,300,S,N,A,-,Y,NA,NA,405,NA,NA,NA,R,NA,N,Y,3,0,4,1,A,-,08,22107,NA,N,E,I,A,A,H,-,B,D,0,NA,NA,NA,NA,Y,NA,A,07,0,4,0,0,0,0,0,0,0,-,-,33.64921188354492,-117.74964904785156,ORANGE,IRVINE,-117.74964904785156,33.64921188354492
91225200,2020,2020-04-14,9675,2020-04-09,1715,020033,NA,4,2,4,3002,0,1,3,NA,2,570,SR-57 N/B,LAMBERT RD,1320,S,N,C,-,Y,NA,NA,57,NA,NA,NA,NA,NA,N,Y,3,0,1,1,A,-,08,22107,NA,N,E,I,A,B,D,-,A,A,0,NA,NA,NA,NA,Y,NA,A,07,0,1,0,0,0,0,0,0,0,-,-,33.92161178588867,-117.87986755371094,ORANGE,BREA,-117.88006591796876,33.92162322998047
91227398,2020,2020-04-20,9675,2020-04-09,0955,018539,NA,4,1,7,3001,0,1,3,NA,2,571,SR-57 S/B,SR-91,1140,S,N,C,-,Y,NA,NA,57,NA,NA,NA,NA,NA,S,Y,3,0,3,3,A,-,03,22350,NA,N,B,C,A,B,H,-,A,D,0,NA,NA,NA,NA,Y,NA,D,22,0,1,2,0,0,0,0,0,0,-,-,33.846351623535156,-117.87615203857422,ORANGE,ANAHEIM,-117.8761749267578,33.846351623535156
9122770,2020,2020-09-30,3001,2020-07-09,1308,A2367,D2,4,5,7,3001,0,0,0,NA,0,0D2,ANAHEIM BL,SOUTH ST,0,NA,Y,A,-,N,NA,NA,NA,NA,NA,NA,NA,NA,NA,Y,3,0,2,2,A,-,12,21453,A,N,D,C,A,A,H,-,A,A,0,NA,NA,NA,NA,Y,NA,A,01,0,1,1,0,0,0,0,0,0,-,-,33.82548904418945,-117.91097259521484,ORANGE,ANAHEIM,-117.91098785400392,33.82672882080078
9122829,2020,2020-09-10,3004,2020-06-28,1002,P677,13,7,5,6,3004,0,0,0,NA,0,012,VICTORIA PL,NEWPORT BL,350,W,N,B,-,N,NA,NA,NA,NA,NA,NA,NA,NA,NA,Y,3,0,1,2,A,-,07,21658,A,F,H,A,A,A,H,-,A,D,0,NA,NA,NA,NA,Y,NA,A,01,0,1,0,0,0,0,0,0,0,-,-,33.65250015258789,-117.91000366210938,ORANGE,COSTA MESA,-117.90980529785156,33.652565002441406
91234047,2020,2020-05-05,9670,2020-05-01,1245,015207,NA,5,1,6,3009,0,1,3,NA,2,024,SR-22 E/B,HARBOR BLVD,100,W,N,A,-,Y,NA,NA,22,NA,NA,NA,NA,NA,E,Y,3,0,1,2,A,-,07,21658,A,N,E,I,A,A,H,-,A,D,0,NA,NA,NA,NA,Y,NA,A,01,0,1,0,0,0,0,0,0,0,-,-,33.767208099365234,-117.92185974121094,ORANGE,GARDEN GROVE,-117.921875,33.767250061035156
91236630,2020,2020-05-12,9675,2020-05-08,1646,022038,NA,5,2,6,3004,0,1,1,NA,2,405,I-405 N/B TO SOUTH COAST DR,BEAR ST.,350,S,N,A,-,Y,NA,NA,405,NA,NA,NA,R,NA,N,Y,4,0,1,1,A,-,03,22350,NA,N,E,I,A,A,H,-,A,D,0,NA,NA,NA,NA,Y,NA,A,01,0,0,1,0,0,0,0,0,0,-,-,33.687278747558594,-117.8909912109375,ORANGE,COSTA MESA,-117.8909912109375,33.687278747558594
91237402,2020,2020-05-13,9690,2020-05-02,2010,021875,NA,6,2,9,3000,0,3,5,NA,2,004,CAMBRIDGE ROAD,COVENANT HILLS DR,600,W,N,A,-,N,NA,NA,NA,NA,NA,NA,NA,NA,NA,Y,3,0,1,1,A,-,01,23152,A,N,E,I,A,A,H,-,D,D,0,NA,NA,NA,NA,Y,Y,A,01,0,1,0,0,0,0,0,0,0,-,-,33.536460876464844,-117.6422119140625,ORANGE,UNINCORPORATED,-117.641845703125,33.53642272949219
91239656,2020,2020-05-19,9675,2020-05-14,0810,015914,NA,4,1,6,3026,0,1,1,NA,2,407,I-405 NORTHBOUND TO SAND CANYON AVE.,SAND CANYON AVE,185,S,N,A,-,Y,NA,NA,405,NA,NA,NA,R,NA,N,N,4,0,1,1,A,-,08,22107,NA,N,E,I,A,A,H,-,A,D,0,NA,NA,NA,NA,Y,NA,A,01,0,0,1,0,0,0,0,0,0,-,-,33.65850067138672,-117.77629852294922,ORANGE,IRVINE,-117.77629852294922,33.65850067138672
91246552,2020,2020-06-02,9675,2020-06-01,0920,020240,NA,1,1,5,3022,0,1,3,NA,2,552,SR-55 N/B TO 17TH ST.,17TH ST.,300,S,N,A,-,Y,NA,NA,NA,NA,NA,NA,NA,NA,NA,Y,4,0,1,1,A,-,08,22107,NA,N,E,I,A,A,H,-,A,D,0,NA,NA,NA,NA,Y,NA,A,01,0,0,1,0,0,0,0,0,0,-,-,33.45320129394531,-117.49490356445313,ORANGE,TUSTIN,-117.83099365234376,33.7589111328125
91249091,2020,2020-06-08,9675,2020-06-03,1655,020027,NA,3,2,6,3004,0,1,1,NA,2,405,I-405 NORTHBOUND,BRISTOL ST,125,S,N,A,-,Y,NA,NA,405,NA,NA,NA,NA,NA,N,Y,4,0,1,3,A,-,07,21658,A,N,B,C,A,A,H,-,A,D,0,NA,NA,NA,NA,Y,NA,A,01,0,0,1,0,0,0,0,0,0,-,-,33.68762969970703,-117.88562774658205,ORANGE,COSTA MESA,-117.88562774658205,33.68751525878906
91250608,2020,2020-06-11,9670,2020-04-26,0406,022081,NA,7,3,4,3020,0,1,1,NA,2,044,INTERSTATE 405 NORTHBOUND,STATE ROUTE 22 WESTBOUND,1640,N,N,B,E,Y,NA,NA,405,NA,NA,NA,NA,NA,N,Y,1,1,0,2,C,-,18,NA,NA,F,G,B,E,A,C,-,D,D,0,Y,NA,NA,NA,Y,NA,-,-,0,0,0,1,0,0,0,0,0,-,-,33.77919006347656,-118.08975982666016,ORANGE,SEAL BEACH,-118.08977508544922,33.7791862487793
91252345,2020,2020-06-16,9675,2020-06-11,1800,021960,NA,4,2,7,3001,0,1,3,NA,2,094,SR-91 E/B,IMPERIAL HIGHWAY,3696,E,N,A,-,Y,NA,NA,91,NA,NA,NA,NA,NA,E,Y,4,0,1,2,A,-,03,22350,NA,N,C,C,A,A,H,-,A,D,0,NA,NA,NA,NA,Y,NA,A,01,0,0,1,0,0,0,0,0,0,-,-,33.85900115966797,-117.77979278564452,ORANGE,ANAHEIM,-117.77980041503906,33.85901641845703
91253757,2020,2020-06-18,9690,2020-06-17,1400,021875,NA,3,2,9,3000,0,3,5,NA,2,003,COW CAMP RD.,ANTONIO PKWY,2000,E,N,A,-,N,NA,NA,NA,NA,NA,NA,NA,NA,NA,Y,4,0,2,2,A,-,03,22350,NA,N,C,C,A,A,H,-,A,D,0,NA,NA,NA,NA,Y,NA,A,01,0,0,2,0,0,0,0,0,0,-,-,33.527889251708984,-117.6125717163086,ORANGE,UNINCORPORATED,-117.61290740966795,33.527687072753906